product_id,sku,url,კატეგორია,სახელი_ახლა,სახელი_ახალი,page_title_ახლა,page_title_ახალი,meta_description_ახლა,meta_description_ახალი,seo_name_ახალი,მიზეზი,შემოწმებულია
3889,S45635,https://superi.ge/midea-mf-cy75c-7-l/,aerogrilebi,აერო გრილი MIDEA MF-CY75C (7 L),,აერო გრილი MIDEA MF-CY75C (7 L) | Superi.ge,,"აერო გრილი MIDEA MF-CY75C (7 L) — მოცულობა 7 ლ, სიმძლავრე 1300–1450 W და მართვის ტიპი Touch Screen. ფასი და ხელმისაწვდომობა იხილეთ Superi.ge-ზე.","აერო გრილი MIDEA MF-CY75C (7 L): პროდუქტის ტიპი აეროგრილი, სიმძლავრე 1300-1450W, ვოლტაჟი 220-240V, მოცულობა 7 ლ.",,meta description: შაბლონური/გაბმული სიტყვები,არა
2949,00-00012496,https://superi.ge/arzum-ar2062-g-4l/,aerogrilebi,აეროგრილი ARZUM AR2062-G (4L),,აეროგრილი ARZUM AR2062-G (4L),,"აეროგრილი ARZUM AR2062-G (4L) — მოცულობა 4 ლ, სიმძლავრე 1350 W და მექანიკური მართვა. დეტალური მახასიათებლები, ფასი და ხელმისაწვდომობა იხილეთ Superi.ge-ზე.","აეროგრილი ARZUM AR2062-G (4L): სიმძლავრე 1350 W, მოცულობა 4 ლ, რეგულირებადი ტემპერატურა 80-200ºC, მართვის ტიპი მექანიკური.",,meta description: შაბლონური/გაბმული სიტყვები,არა
2948,S20262,https://superi.ge/arzum-ar2076-s-7-5l/,aerogrilebi,აეროგრილი ARZUM AR2076-S (7.5L),,აეროგრილი ARZUM AR2076-S (7.5L),,"აეროგრილი ARZUM AR2076-S (7.5L) — ტევადობა 7,5 ლ და სიმძლავრე 1750 W. დეტალური მახასიათებლები, ფასი და ხელმისაწვდომობა იხილეთ Superi.ge-ზე.","აეროგრილი ARZUM AR2076-S (7.5L): პროდუქტის ტიპი აეროგრილი, სიმძლავრე 1750 W, ტევადობა 7.5 ლ, პროგრამების რაოდენობა 7.",,meta description: შაბლონური/გაბმული სიტყვები,არა
3789,SA0000009577,https://superi.ge/beko-frl-2242-b/,aerogrilebi,აეროგრილი BEKO FRL 2242 B,,აეროგრილი BEKO FRL 2242 B | Superi.ge,,"აეროგრილი BEKO FRL 2242 B — მოცულობა 3,9 ლ და სიმძლავრე 1500 W. დეტალური მახასიათებლები, ფასი და ხელმისაწვდომობა იხილეთ Superi.ge-ზე.","აეროგრილი BEKO FRL 2242 B: პროდუქტის ტიპი აეროგრილი, სიმძლავრე 1500 W, მოცულობა (ლიტრი) 3.9, კონტროლი მექანიკური.",,meta description: შაბლონური/გაბმული სიტყვები,არა
3788,SA0000009578,https://superi.ge/beko-frl-2244-b/,aerogrilebi,აეროგრილი BEKO FRL 2244 B,,აეროგრილი BEKO FRL 2244 B | Superi.ge,,"აეროგრილი BEKO FRL 2244 B — მოცულობა 3,9 ლ და სიმძლავრე 1500 W. დეტალური მახასიათებლები, ფასი და ხელმისაწვდომობა იხილეთ Superi.ge-ზე.","აეროგრილი BEKO FRL 2244 B: პროდუქტის ტიპი აეროგრილი, სიმძლავრე 1500 W, მოცულობა (ლიტრი) 3.9, კონტროლი სენსორული.",,meta description: შაბლონური/გაბმული სიტყვები,არა
3975,00-00013722,https://superi.ge/beko-frl-3374-b-7-6-l/,aerogrilebi,აეროგრილი BEKO FRL 3374 B (7.6 L),,აეროგრილი BEKO FRL 3374 B (7.6 L) | Superi.ge,,"აეროგრილი BEKO FRL 3374 B (7.6 L) — მოცულობა 7,6 ლ და სიმძლავრე 1750 W. დეტალური მახასიათებლები, ფასი და ხელმისაწვდომობა იხილეთ Superi.ge-ზე.","აეროგრილი BEKO FRL 3374 B (7.6 L): სიმძლავრე 1750 W, მოცულობა 7,6 ლ, ტემპერატურა/სიმძლავრე 200 °C - მდე, ავტომატური მომზადების პროგრამა 9.",,meta description: შაბლონური/გაბმული სიტყვები,არა
2880,S70623,https://superi.ge/beko-frl-5388b-air-fryer/,aerogrilebi,აეროგრილი BEKO FRL 5388B AIR FRYER,,აეროგრილი BEKO FRL 5388B AIR FRYER,,"აეროგრილი BEKO FRL 5388B AIR FRYER — მოცულობა 8,5 ლ და სიმძლავრე 2000–2400 W. დეტალური მახასიათებლები, ფასი და ხელმისაწვდომობა იხილეთ Superi.ge-ზე.","აეროგრილი BEKO FRL 5388B AIR FRYER: პროდუქტის ტიპი აეროგრილი, სიმძლავრე 2000-2400 W, მოცულობა (ლიტრი) 8.5, კონტროლი ციფრული.",,meta description: შაბლონური/გაბმული სიტყვები,არა
12860,S89969,https://superi.ge/bosch-maf462b0-6-1/,aerogrilebi,აეროგრილი BOSCH MAF462B0 (6.1ლ),,აეროგრილი BOSCH MAF462B0 (6.1ლ) | Superi.ge,,"აეროგრილი BOSCH MAF462B0 (6.1ლ) — მოცულობა 6,1 ლ, სიმძლავრე 2050 W და მართვის ტიპი სენსორული ძირითადი. ფასი და ხელმისაწვდომობა იხილეთ Superi.ge-ზე.","აეროგრილი BOSCH MAF462B0 (6.1ლ): მართვის ტიპი სენსორული, სიმძლავრე 2050 W, კალათის მოცულობა 6.1 ლ, კალათების რაოდენობა 1.",,meta description: შაბლონური/გაბმული სიტყვები,არა
2696,237765,https://superi.ge/franko-faf-1217/,aerogrilebi,აეროგრილი FRANKO FAF-1217,,აეროგრილი FRANKO FAF-1217,,"აეროგრილი FRANKO FAF-1217 — მოცულობა 3,2 ლ, სიმძლავრე 1300 W და ტემპერატურული დიაპაზონი 80°C–200°C. ფასი და ხელმისაწვდომობა იხილეთ Superi.ge-ზე.","აეროგრილი FRANKO FAF-1217: სიმძლავრე 1300 W, მოცულობა 3.2 ლ, ტემპერატურული დიაპაზონი 80°C - 200°C, მართვის ტიპი მექანიკური.",,meta description: შაბლონური/გაბმული სიტყვები,არა
2874,I90332,https://superi.ge/franko-faf-1218/,aerogrilebi,აეროგრილი FRANKO FAF-1218,,აეროგრილი FRANKO FAF-1218,,"აეროგრილი FRANKO FAF-1218 — მოცულობა 5,5 ლ, სიმძლავრე 1500 W და ტემპერატურული დიაპაზონი 80°C–200°C. ფასი და ხელმისაწვდომობა იხილეთ Superi.ge-ზე.","აეროგრილი FRANKO FAF-1218: სიმძლავრე 1500 W, მოცულობა 5,5 ლ, ტემპერატურული დიაპაზონი 80°C - 200°C, მართვის ტიპი მექანიკური.",,meta description: შაბლონური/გაბმული სიტყვები,არა
2909,FIG-9002,https://superi.ge/franko-fig-9002/,aerogrilebi,აეროგრილი FRANKO FIG-9002,,აეროგრილი FRANKO FIG-9002,,"აეროგრილი FRANKO FIG-9002 — მოცულობა 6,6 ლიტრი. დეტალური მახასიათებლები, ფასი და ხელმისაწვდომობა იხილეთ Superi.ge-ზე. შეუკვეთეთ ონლაინ.","აეროგრილი FRANKO FIG-9002: ჭკვიანი გრილის 4 პარამეტრი დაბალი, მედიუმი, მაღალი, მაქს, სიმძლავრე 220-240V 50/60Hz 1500-1750W.",,meta description: შაბლონური/გაბმული სიტყვები,არა
3416,6291071270452,https://superi.ge/nikai-naf209a-1-8/,aerogrilebi,აეროგრილი NIKAI NAF209A (1.8ლ),,აეროგრილი NIKAI NAF209A (1.8ლ) | Superi.ge,,"აეროგრილი NIKAI NAF209A (1.8ლ) — მოცულობა 1,8 ლ და სიმძლავრე 1000 W. დეტალური მახასიათებლები, ფასი და ხელმისაწვდომობა იხილეთ Superi.ge-ზე.","აეროგრილი NIKAI NAF209A (1.8ლ): სიმძლავრე 1000 W, მოცულობა 1.8 ლ, მართვის ტიპი მექანიკური, ტემპერატურის დიაპაზონი 80°C - 200°C.",,meta description: შაბლონური/გაბმული სიტყვები,არა
2810,I75191,https://superi.ge/ninja-af100eu/,aerogrilebi,აეროგრილი NINJA AF100EU,,აეროგრილი NINJA AF100EU,,"აეროგრილი NINJA AF100EU — მოცულობა 3,8 ლ და სიმძლავრე 1550 W. დეტალური მახასიათებლები, ფასი და ხელმისაწვდომობა იხილეთ Superi.ge-ზე.","აეროგრილი NINJA AF100EU: სიმძლავრე 1550 W, მოცულობა 3.8 ლ, ტემპერატურის დიაპაზონი 40°C - 210°C, პორციები 4 პორცია (900 გრ ფრი).",,meta description: შაბლონური/გაბმული სიტყვები,არა
2809,I90995,https://superi.ge/ninja-af160eu/,aerogrilebi,აეროგრილი NINJA AF160EU,,აეროგრილი NINJA AF160EU,,"აეროგრილი NINJA AF160EU — მოცულობა 5,2 ლ, სიმძლავრე 1750 W და ტემპერატურული დიაპაზონი 40°C–230°C. ფასი და ხელმისაწვდომობა იხილეთ Superi.ge-ზე.","აეროგრილი NINJA AF160EU: სიმძლავრე 1750 W, მოცულობა 5.2 ლ, ტემპერატურული დიაპაზონი 40°C - 230°C, მართვის ტიპი ღილაკი (ელექტრონული).",,meta description: შაბლონური/გაბმული სიტყვები,არა
3986,S14165,https://superi.ge/ninja-af451eu-9-5-l/,aerogrilebi,აეროგრილი NINJA AF451EU (9.5 L),,აეროგრილი NINJA AF451EU (9.5 L) | Superi.ge,,"აეროგრილი NINJA AF451EU (9.5 L) — მოცულობა 9,5 ლ, სიმძლავრე 2470 W და ტემპერატურული დიაპაზონი 40°C–240°C. ფასი და ხელმისაწვდომობა იხილეთ Superi.ge-ზე.","აეროგრილი NINJA AF451EU (9.5 L): მოცულობა 9.5 ლ, ტემპერატურული დიაპაზონი 40°C - 240°C, მართვის ტიპი ღილაკი/LCD ეკრანი, მასალა პლასტმასი.",,meta description: შაბლონური/გაბმული სიტყვები,არა
3988,S99662,https://superi.ge/ninja-sl400euwh-9-5-l/,aerogrilebi,აეროგრილი NINJA SL400EUWH (9.5 L),,აეროგრილი NINJA SL400EUWH (9.5 L) | Superi.ge,,"აეროგრილი NINJA SL400EUWH (9.5 L) — მოცულობა 9,5 ლ თითო 4,75 ლ და ტემპერატურული დიაპაზონი 40°C–240°C. ფასი და ხელმისაწვდომობა იხილეთ Superi.ge-ზე.","აეროგრილი NINJA SL400EUWH (9.5 L): მოცულობა 9.5 ლ (თითო 4.75 ლ), ტემპერატურული დიაპაზონი 40°C - 240°C, მართვის ტიპი ღილაკი/LCD ეკრანი, მასალა პლასტმასი.",,meta description: შაბლონური/გაბმული სიტყვები,არა
3978,S70946,https://superi.ge/nutribullet-nba081b-8-l/,aerogrilebi,აეროგრილი NUTRIBULLET NBA081B (8 L),,აეროგრილი NUTRIBULLET NBA081B (8 L) | Superi.ge,,"აეროგრილი NUTRIBULLET NBA081B (8 L) — მოცულობა 8 ლ 4 X 2 და სიმძლავრე 2850 W. დეტალური მახასიათებლები, ფასი და ხელმისაწვდომობა იხილეთ Superi.ge-ზე.","აეროგრილი NUTRIBULLET NBA081B (8 L): სიმძლავრე 2850 W, მოცულობა 8 ლ (4 X 2), შეწვის რეჟიმების რაოდენობა 8, კონტროლის ტიპი სენსორული.",,meta description: შაბლონური/გაბმული სიტყვები,არა
2681,S68969,https://superi.ge/ninja-af400eu/,aerogrilebi,აეროგრილი Ninja AF400EU,,აეროგრილი Ninja AF400EU,,"აეროგრილი Ninja AF400EU — მოცულობა 9,5 ლ, სიმძლავრე 2470 W და ტემპერატურული დიაპაზონი 40°C–240°C. ფასი და ხელმისაწვდომობა იხილეთ Superi.ge-ზე.","აეროგრილი Ninja AF400EU: სიმძლავრე 2470 W, მოცულობა 9.5 ლ, ტემპერატურული დიაპაზონი 40°C - 240°C, მართვის ტიპი ელექტრონული.",,meta description: შაბლონური/გაბმული სიტყვები,არა
4033,HD9252/90,https://superi.ge/philips-hd9252-90-4-1-l/,aerogrilebi,აეროგრილი PHILIPS HD9252/90 (4.1 L),,აეროგრილი PHILIPS HD9252/90 (4.1 L) | Superi.ge,,"აეროგრილი PHILIPS HD9252/90 (4.1 L) — მოცულობა 4,1 ლ და სიმძლავრე 1400 W. დეტალური მახასიათებლები, ფასი და ხელმისაწვდომობა იხილეთ Superi.ge-ზე.","აეროგრილი PHILIPS HD9252/90 (4.1 L): სიმძლავრე 1400 W, მოცულობა 4.1 ლ, მართვის ტიპი ელექტრონული, ტემპერატურის დიაპაზონი 80°C - 200°C ფუნქცია და.",,meta description: შაბლონური/გაბმული სიტყვები,არა
4031,HD9870/20,https://superi.ge/philips-hd9870-20-white/,aerogrilebi,აეროგრილი PHILIPS HD9870/20 WHITE,,აეროგრილი PHILIPS HD9870/20 WHITE | Superi.ge,,"აეროგრილი PHILIPS HD9870/20 WHITE — მოცულობა 7,3 ლ და სიმძლავრე 2225 W. დეტალური მახასიათებლები, ფასი და ხელმისაწვდომობა იხილეთ Superi.ge-ზე.","აეროგრილი PHILIPS HD9870/20 WHITE: სიმძლავრე 2225 W, მოცულობა 7.3 ლ, მასალა პლასტმასი, წონა 8 კგ. ✓ ოფიციალური გარანტია ✓ განვადება ✓ მიწოდება საქართველოში.",,meta description: შაბლონური/გაბმული სიტყვები,არა
3154,I94162,https://superi.ge/tefal-ey501d15-4-2/,aerogrilebi,აეროგრილი TEFAL EY501D15 (4.2ლ),,აეროგრილი TEFAL EY501D15 (4.2ლ),,"აეროგრილი TEFAL EY501D15 (4.2ლ) — სიმძლავრე 1550 W და მასალა მეტალი/პლასტმასი. დეტალური მახასიათებლები, ფასი და ხელმისაწვდომობა იხილეთ Superi.ge-ზე.","აეროგრილი TEFAL EY501D15 (4.2ლ): პროდუქტის ტიპი აეროგრილი, კონტროლი მექანიკური, ზედაპირის მასალა მეტალი/პლასტმასი, ეკრანის ტიპი LED.",,meta description: შაბლონური/გაბმული სიტყვები,არა
2878,DEM-KZ130W,https://superi.ge/xiaomi-deerma-dem-kz130w/,aerogrilebi,აეროგრილი XIAOMI DEERMA DEM-KZ130W,,აეროგრილი XIAOMI DEERMA DEM-KZ130W,,"აეროგრილი XIAOMI DEERMA DEM-KZ130W — მოცულობა 5,5 ლ და სიმძლავრე 1300 W. დეტალური მახასიათებლები, ფასი და ხელმისაწვდომობა იხილეთ Superi.ge-ზე.","აეროგრილი XIAOMI DEERMA DEM-KZ130W: პროდუქტის ტიპი აეროგრილი, კონტროლის ტიპი Touch, პროგრამების რაოდენობა 8, მოცულობა 5.5 ლ.",,meta description: შაბლონური/გაბმული სიტყვები,არა
3976,00-00012838,https://superi.ge/zilan-zln9984-5-l/,aerogrilebi,აეროგრილი ZILAN ZLN9984 (5 L),,აეროგრილი ZILAN ZLN9984 (5 L) | Superi.ge,,"აეროგრილი ZILAN ZLN9984 (5 L) — მოცულობა 5 ლ და სიმძლავრე 1500 W. დეტალური მახასიათებლები, ფასი და ხელმისაწვდომობა იხილეთ Superi.ge-ზე.","აეროგრილი ZILAN ZLN9984 (5 L): სიმძლავრე 1500 W, მოცულობა 5 ლ, ტემპერატურა/სიმძლავრე 80-200 °C - მდე, ავტომატური მომზადების პროგრამა 12.",,meta description: შაბლონური/გაბმული სიტყვები,არა
3968,AG551EU,https://superi.ge/ninja-ag551eu-2in1/,aerogrilebi,აეროგრილი-გრილი NINJA AG551EU 2IN1,,აეროგრილი-გრილი NINJA AG551EU 2IN1 | Superi.ge,,"აეროგრილი-გრილი NINJA AG551EU 2IN1 — მოცულობა 3,8 ლ/3,8 ლ და სიმძლავრე 2460 W. დეტალური მახასიათებლები, ფასი და ხელმისაწვდომობა იხილეთ Superi.ge-ზე.","აეროგრილი-გრილი NINJA AG551EU 2IN1: სიმძლავრე 2460 W, ტემპერატურის დიაპაზონი 40°C - 260°C, მოცულობა 3.8 ლ / 3.8 ლ, რეჟიმების რაოდენობა 6.",,meta description: შაბლონური/გაბმული სიტყვები,არა
1808,172341,https://superi.ge/autopower-a74-l3-r-plus-74-a-h/,akumulatorebi,ავტომობილის აკუმულატორი AUTOPOWER A74-L3 R PLUS 74 A/H,,ავტომობილის აკუმულატორი AUTOPOWER A74-L3 R PLUS 74 A/H,,"ავტომობილის აკუმულატორი AUTOPOWER A74-L3 R PLUS 74 A/H — მოცულობა 74 Ah. დეტალური მახასიათებლები, ფასი და ხელმისაწვდომობა იხილეთ Superi.ge-ზე.","ავტომობილის აკუმულატორი AUTOPOWER A74-L3 R PLUS 74 A/H: დანიშნულება საავტომობილო მსუბუქი, მოცულობა 74 Ah, ძაბვა 12 V, სასტარტო სიმძლავრე 680 A.",,meta description: შაბლონური/გაბმული სიტყვები,არა
793,153412,https://superi.ge/varta-blue-60-ah-d-24/,akumulatorebi,ავტომობილის აკუმულატორი VARTA BLUE 60 A\H D-24,,ავტომობილის აკუმულატორი VARTA BLUE 60 A\H D-24,,"ავტომობილის აკუმულატორი VARTA BLUE 60 A\H D-24 — მოცულობა 60 Ah და სიმძლავრე 540 А. დეტალური მახასიათებლები, ფასი და ხელმისაწვდომობა იხილეთ Superi.ge-ზე.","ავტომობილის აკუმულატორი VARTA BLUE 60 A\H D-24: დანიშნულება საავტომობილო მსუბუქი, მოცულობა 60 Ah, ძაბვა 12 V, სასტარტო სიმძლავრე 540 A.",,meta description: შაბლონური/გაბმული სიტყვები,არა
2043,208824,https://superi.ge/goodyear-ch4a-4680218076170/,akumulatorebi,დამტენი აკუმულატორისთვის GOODYEAR CH4A (4680218076170),,დამტენი აკუმულატორისთვის GOODYEAR CH4A (4680218076170),,დამტენი აკუმულატორისთვის GOODYEAR CH4A (4680218076170) — სიმძლავრე 3 ა/სთ 120 ა/სთ მახასიათ. ფასი და ხელმისაწვდომობა იხილეთ Superi.ge-ზე.,"დამტენი აკუმულატორისთვის GOODYEAR CH4A (4680218076170): დასამუხტი აკუმულატორის ძაბვა 6/12 V, აკუმლიატორის ტიპი WET, MF, GEL, AGM, ძაბვა 220 - 240 V.",,meta description: შაბლონური/გაბმული სიტყვები,არა
8327,163902,https://superi.ge/all-in-one-lenovo-thinkcentre-neo-50a-24-gen-5-luna-gray/,all-in-one,ALL IN ONE Lenovo ThinkCentre neo 50a 24 Gen 5 Luna Gray,მონობლოკი Lenovo ThinkCentre neo 50a 24 Gen 5 Luna Gray,ALL IN ONE Lenovo ThinkCentre neo 50a 24 Gen 5 Luna Gray | Superi.ge,მონობლოკი Lenovo ThinkCentre neo 50a 24 Gen 5 Luna Gray,"Lenovo ThinkCentre neo 50a 24 Gen 5 არის თანამედროვე All-in-One კომპიუტერი Intel Core i5 პროცესორით, 16GB DDR5 ოპერატიული მეხსიერებითა და IPS Full HD ეკრანით — ოპტიმალური არჩევანი საოფისედ ან სახლისთვის",,,ქართული ტიპი დაემატა,არა
2876,DQ.BJPMC.002,https://superi.ge/all-in-one-acer-aspire-c22-1700-dq-bjpmc-002/,all-in-one,ALL IN ONE კომპიუტერი ACER ASPIRE C22-1700 (DQ.BJPMC.002),,ALL IN ONE კომპიუტერი ACER ASPIRE C22-1700 (DQ.BJPMC.002),,"ALL IN ONE კომპიუტერი ACER ASPIRE C22-1700 (DQ.BJPMC.002) — ეკრანის ზომა 21,5 ″. დეტალური მახასიათებლები, ფასი და ხელმისაწვდომობა იხილეთ Superi.ge-ზე.","ALL IN ONE კომპიუტერი ACER ASPIRE C22-1700 (DQ.BJPMC.002): პროდუქტის ტიპი All In One კომპიუტერი, ეკრანის ზომა 21.5″, ეკრანის რეზოლუცია 1920 x 1080 FHD.",,meta description: შაბლონური/გაბმული სიტყვები,არა
1153,124948,https://superi.ge/lenovo-ideacentre-aio-3-22itl6-f0g500alrk-white/,all-in-one,მონობლოკი LENOVO IDEACENTRE AIO 3 22ITL6 (F0G500ALRK) WHITE,,მონობლოკი LENOVO IDEACENTRE AIO 3 22ITL6 (F0G500ALRK) WHITE,,"შეიძინეთ მონობლოკი LENOVO IDEACENTRE AIO 3 22ITL6 (F0G500ALRK) WHITE — დეტალური მახასიათებლები, ფასი და ხელმისაწვდომობა იხილეთ Superi.ge-ზე.","მონობლოკი LENOVO IDEACENTRE AIO 3 22ITL6 (F0G500ALRK) WHITE: დიაგონალი 21.5'', გაფართოება 1920 x 1080, ტექნოლოგია IPS, ფორმატი 16 : 9.",,meta description: შაბლონური/გაბმული სიტყვები,არა
2011,177589,https://superi.ge/bestway-56950/,auzebi,აუზი BESTWAY (56950) 427 x 107 სმ,,აუზი BESTWAY 56950,,"აუზი BESTWAY (56950) 427 x 107 სმ — მოცულობა 13030 ლ. დეტალური მახასიათებლები, ფასი და ხელმისაწვდომობა იხილეთ Superi.ge-ზე.","აუზი BESTWAY (56950) 427 x 107 სმ: მოცულობა 13030 ლ, ფორმა მრგვალი, წყლის ფილტრაცია 3028ლ/სთ, კარკასის მასალა უჟანგავი ლითონი.",,meta description: შაბლონური/გაბმული სიტყვები,არა
2010,177652,https://superi.ge/bestway-56404-300x201x66/,auzebi,აუზი BESTWAY 56404 (300x201x66 სმ),,აუზი BESTWAY 56404 (300x201x66 სმ),,"აუზი BESTWAY 56404 (300x201x66 სმ) — მოცულობა 3300 ლ და მასალა უჟანგავი ლით. დეტალური მახასიათებლები, ფასი და ხელმისაწვდომობა იხილეთ Superi.ge-ზე.","აუზი BESTWAY 56404 (300x201x66 სმ): მოცულობა 3300 ლ, ფორმა ოთხკუთხედი, კარკასის მასალა უჟანგავი ლითონი, წონა 20 კგ.",,meta description: შაბლონური/გაბმული სიტყვები,არა
2015,148213,https://superi.ge/bestway-56406-305-x-76/,auzebi,აუზი BESTWAY 56406 (305 X 76 სმ),,აუზი BESTWAY 56406 (305 X 76 სმ),,"აუზი BESTWAY 56406 (305 X 76 სმ) — მოცულობა 4678 ლიტრი და მასალა PVC. დეტალური მახასიათებლები, ფასი და ხელმისაწვდომობა იხილეთ Superi.ge-ზე.","აუზი BESTWAY 56406 (305 X 76 სმ): მოცულობა 4678 ლიტრი, წყლის დამცლელი სარქველი კი კომპლექტაცია, მასალა PVC, ზომები 305 x 76 სმ.",,meta description: შაბლონური/გაბმული სიტყვები,არა
1316,189230,https://superi.ge/bestway-56677/,auzebi,აუზი BESTWAY 56677,,აუზი BESTWAY 56677,,"აუზი BESTWAY 56677 — მოცულობა 4678 ლ. დეტალური მახასიათებლები, ფასი და ხელმისაწვდომობა იხილეთ Superi.ge-ზე. შეუკვეთეთ ონლაინ.","აუზი BESTWAY 56677: მოცულობა 4678 ლ, მონტაჟის დრო 30 წთ, დიამეტრი 305 სმ, სიმაღლე 76 სმ. ✓ ოფიციალური გარანტია ✓ განვადება ✓ მიწოდება საქართველოში.",,meta description: შაბლონური/გაბმული სიტყვები,არა
2065,210432,https://superi.ge/bestway-57458-305-x-66/,auzebi,აუზი BESTWAY 57458 (305 X 66 სმ),,აუზი BESTWAY 57458 (305 X 66 სმ),,"აუზი BESTWAY 57458 (305 X 66 სმ) — მოცულობა 3200 ლ. დეტალური მახასიათებლები, ფასი და ხელმისაწვდომობა იხილეთ Superi.ge-ზე.","აუზი BESTWAY 57458 (305 X 66 სმ): მოცულობა 3200 ლ, ფორმა მრგვალი, კატრიჯული ფილტრი 1249 ლ/სთ, ზომა 305 x 66 სმ.",,meta description: შაბლონური/გაბმული სიტყვები,არა
1312,213206,https://superi.ge/hecht-3690-bluesea/,auzebi,აუზი HECHT 3690 BLUESEA,,აუზი HECHT 3690 BLUESEA|Superi.ge,,"აუზი HECHT 3690 BLUESEA — მოცულობა 6125 ლ. დეტალური მახასიათებლები, ფასი და ხელმისაწვდომობა იხილეთ Superi.ge-ზე. შეუკვეთეთ ონლაინ.","აუზი HECHT 3690 BLUESEA: მოცულობა 6125 ლ, დიამეტრი 360 სმ, სიმაღლე 76 სმ, წონა 22,4 კგ. ✓ ოფიციალური გარანტია ✓ განვადება ✓ მიწოდება საქართველოში.",,meta description: შაბლონური/გაბმული სიტყვები,არა
2031,6941057414249,https://superi.ge/intex-26700-305-x-76/,auzebi,აუზი INTEX 26700 (305 x 76 სმ),,აუზი INTEX 26700 (305 x 76 სმ),,"აუზი INTEX 26700 (305 x 76 სმ) — მოცულობა 4485 ლ და მასალა უჟანგავი ლითონი. დეტალური მახასიათებლები, ფასი და ხელმისაწვდომობა იხილეთ Superi.ge-ზე.","აუზი INTEX 26700 (305 x 76 სმ): მოცულობა 4485 ლ, ფორმა მრგვალი, კარკასის მასალა უჟანგავი ლითონი, ზომები 305 x 76 სმ.",,meta description: შაბლონური/გაბმული სიტყვები,არა
2063,209186,https://superi.ge/intex-26726-457h122/,auzebi,აუზი INTEX 26726 (457х122 სმ),აუზი INTEX 26726 (457x122 სმ),აუზი INTEX 26726 (457х122 სმ)|Superi.ge,აუზი INTEX 26726 (457x122 სმ) | Superi.ge,"აუზი INTEX 26726 (457х122 სმ) — მოცულობა 16805 ლ. დეტალური მახასიათებლები, ფასი და ხელმისაწვდომობა იხილეთ Superi.ge-ზე. შეუკვეთეთ ონლაინ.","აუზი INTEX 26726 (457x122 სმ): მოცულობა 16805 ლ, ფორმა მრგვალი, ზომა 457x122 სმ, წონა შეფუთვაში 73,4 კგ.",,კირილიცა → ლათინური; meta description: შაბლონური/გაბმული სიტყვები,არა
2070,213943,https://superi.ge/intex-26790-400x200x122/,auzebi,აუზი INTEX 26790 (400X200X122 სმ),,აუზი INTEX 26790 (400X200X122 სმ),,"აუზი INTEX 26790 (400X200X122 სმ) — მოცულობა 8418 ლ. დეტალური მახასიათებლები, ფასი და ხელმისაწვდომობა იხილეთ Superi.ge-ზე.","აუზი INTEX 26790 (400X200X122 სმ): მოცულობა 8418 ლ, ფორმა მრგვალი, ფილტრის ტუმბო წყლის ფილტრაციისთვის 2006 ლ, წონა 86.4 კგ.",,meta description: შაბლონური/გაბმული სიტყვები,არა
1317,6941057420530,https://superi.ge/intex-28118/,auzebi,აუზი INTEX 28118 ფილტრით,,აუზი INTEX 28118 ფილტრით|Superi.ge,,"აუზი INTEX 28118 ფილტრით — მოცულობა 3077 ლ. დეტალური მახასიათებლები, ფასი და ხელმისაწვდომობა იხილეთ Superi.ge-ზე. შეუკვეთეთ ონლაინ.","აუზი INTEX 28118 ფილტრით: მოცულობა 3077 ლ, კარტრიჯის ტუმბოს ფილტრი 1250 ლ/სთ, ფორმა მრგვალი ფიზიკური პარამეტრები, ზომები (სიმაღლე/დიამეტრი) 61 x 305 სმ.",,meta description: შაბლონური/გაბმული სიტყვები,არა
2057,6941057400099,https://superi.ge/intex-28120-easy-set-76-x-305/,auzebi,აუზი INTEX 28120 EASY SET 76 x 305 სმ,,აუზი INTEX 28120 EASY SET 76 x 305 სმ,,"აუზი INTEX 28120 EASY SET 76 x 305 სმ — მოცულობა 3853 ლიტრი. დეტალური მახასიათებლები, ფასი და ხელმისაწვდომობა იხილეთ Superi.ge-ზე.","აუზი INTEX 28120 EASY SET 76 x 305 სმ: მოცულობა 3853 ლიტრი, მონტაჟის დრო 10 წთ, ზომები (სიმაღლე/დიამეტრი) 76 x 305 სმ, კედლების მასალა PVC.",,meta description: შაბლონური/გაბმული სიტყვები,არა
1977,148522,https://superi.ge/intex-28130-easy-set/,auzebi,აუზი INTEX 28130 EASY SET,,აუზი INTEX 28130 EASY SET|Superi.ge,,"ტიპი: გასაბერი აუზი (ყელი ბერვადი, კორპუსი იბერება წყლით) მოცულობა: 5621 ლიტრი მასალა: ვინილი მონტაჟის დრო: 10 წთ ზომები: 76 x 366 სმ ფერი: ლურჯი","აუზი INTEX 28130 EASY SET: მოცულობა 5621 ლიტრი, მონტაჟის დრო 10 წთ, მასალა ვინილი, ზომები (სიმაღლე/დიამეტრი) 76 x 366 სმ.",,meta description: სპეციფიკაციების ჩამონათვალი,არა
2059,189359,https://superi.ge/intex-28142-84-x-396/,auzebi,აუზი INTEX 28142 (84 x 396 სმ),,აუზი INTEX 28142 (84 x 396 სმ),,"აუზი INTEX 28142 (84 x 396 სმ) — მოცულობა 7260 ლ. დეტალური მახასიათებლები, ფასი და ხელმისაწვდომობა იხილეთ Superi.ge-ზე. შეუკვეთეთ ონლაინ.","აუზი INTEX 28142 (84 x 396 სმ): მოცულობა 7260 ლ, კარტრიჯის ტუმბოს ფილტრი 2006 ლ/სთ, რგოლის დიამეტრი 330 სმ, ფორმა მრგვალი ფიზიკური პარამეტრები.",,meta description: შაბლონური/გაბმული სიტყვები,არა
1314,210326,https://superi.ge/intex-28202/,auzebi,აუზი INTEX 28202 ფილტრით,,აუზი INTEX 28202 ფილტრით|Superi.ge,,"აუზი INTEX 28202 ფილტრით — მოცულობა 4485 ლ. დეტალური მახასიათებლები, ფასი და ხელმისაწვდომობა იხილეთ Superi.ge-ზე. შეუკვეთეთ ონლაინ.","აუზი INTEX 28202 ფილტრით: მოცულობა 4485 ლ, ფორმა მრგვალი, კატრიჯული ფილტრი 1250 ლ/სთ, ზომა 305 x 76 სმ.",,meta description: შაბლონური/გაბმული სიტყვები,არა
1239,148537,https://superi.ge/intex-28273/,auzebi,აუზი INTEX 28273,,კარკასული აუზი INTEX 28273|Superi.ge,,"აუზი INTEX 28273 — მოცულობა 7127 ლიტრი. დეტალური მახასიათებლები, ფასი და ხელმისაწვდომობა იხილეთ Superi.ge-ზე. შეუკვეთეთ ონლაინ.","აუზი INTEX 28273: მოცულობა 7127 ლიტრი, ზომები 450 x 220 x84 სმ, წონა 39 კგ. ✓ ოფიციალური გარანტია ✓ განვადება ✓ მიწოდება საქართველოში.",,meta description: შაბლონური/გაბმული სიტყვები,არა
1569,178282,https://superi.ge/intex-candy-57149/,auzebi,აუზი INTEX CANDY 57149,,აუზი INTEX CANDY 57149|Superi.ge,,"აუზი INTEX CANDY 57149 — მოცულობა 374 ლ. დეტალური მახასიათებლები, ფასი და ხელმისაწვდომობა იხილეთ Superi.ge-ზე. შეუკვეთეთ ონლაინ.","აუზი INTEX CANDY 57149: მოცულობა 374 ლ, ასაკი 2 წლიდან. ✓ ოფიციალური გარანტია ✓ განვადება ✓ მიწოდება საქართველოში.",,meta description: შაბლონური/გაბმული სიტყვები,არა
1543,178281,https://superi.ge/intex-rainbow-57453/,auzebi,აუზი INTEX RAINBOW 57453,,აუზი INTEX RAINBOW 57453|Superi.ge,,"აუზი INTEX RAINBOW 57453 — მოცულობა 227+201 ლ და მაქსიმალური დატვირთვა 81 კგ. დეტალური მახასიათებლები, ფასი და ხელმისაწვდომობა იხილეთ Superi.ge-ზე.","აუზი INTEX RAINBOW 57453: მოცულობა 227+201 ლ, მაქსიმალური დატვირთვა 81 კგ, ასაკი 2 წლიდან, გვერდების სიმაღლე 25/17 სმ.",,meta description: შაბლონური/გაბმული სიტყვები,არა
1541,148727,https://superi.ge/bestway-54005/,auzebi,გასაბერი აუზი BESTWAY 54005,,გასაბერი აუზი BESTWAY 54005 | Superi.ge,,"გასაბერი აუზი BESTWAY 54005 — მოცულობა 506 ლ და მასალა ვინილი. დეტალური მახასიათებლები, ფასი და ხელმისაწვდომობა იხილეთ Superi.ge-ზე.","გასაბერი აუზი BESTWAY 54005: მოცულობა 506 ლ, მასალა ვინილი, წონა 10.4 კგ. ✓ ოფიციალური გარანტია ✓ მიწოდება საქართველოში.",,meta description: შაბლონური/გაბმული სიტყვები,არა
2018,177638,https://superi.ge/bestway-57274/,auzebi,გასაბერი აუზი BESTWAY 57274 (5377 ლტ),,გასაბერი აუზი BESTWAY 57274 (5377 ლტ) | Superi.ge,,"გასაბერი აუზი BESTWAY 57274 (5377 ლტ) — მოცულობა 5377 ლ და მასალა მყარი ვინი. დეტალური მახასიათებლები, ფასი და ხელმისაწვდომობა იხილეთ Superi.ge-ზე.","გასაბერი აუზი BESTWAY 57274 (5377 ლტ): მოცულობა 5377 ლ, ფორმა მრგვალი, მასალა მყარი ვინილი, ზომა 366 x 76 სმ.",,meta description: შაბლონური/გაბმული სიტყვები,არა
1818,210686,https://superi.ge/bestway-57448/,auzebi,გასაბერი აუზი BESTWAY 57448 (2300L),,გასაბერი აუზი BESTWAY 57448 (2300L) | Superi.ge,,"გასაბერი აუზი BESTWAY 57448 (2300L) — მოცულობა 2300 ლ. დეტალური მახასიათებლები, ფასი და ხელმისაწვდომობა იხილეთ Superi.ge-ზე.","გასაბერი აუზი BESTWAY 57448 (2300L): მოცულობა 2300 ლ, ფორმა მრგვალი, ზომა 244 x 61 სმ, წონა შეფუთვით 5.49 კგ. ✓ ოფიციალური გარანტია ✓ მიწოდება საქართველოში.",,meta description: შაბლონური/გაბმული სიტყვები,არა
1759,148554,https://superi.ge/intex-56493/,auzebi,გასაბერი აუზი INTEX 56493 (723L),,გასაბერი აუზი INTEX 56493 (723L) | Superi.ge,,"გასაბერი აუზი INTEX 56493 (723L) — მოცულობა 723 ლ. დეტალური მახასიათებლები, ფასი და ხელმისაწვდომობა იხილეთ Superi.ge-ზე.","გასაბერი აუზი INTEX 56493 (723L): მოცულობა 723 ლ, ასაკი 6 წლიდან, წონა 5.2 კგ. ✓ ოფიციალური გარანტია ✓ მიწოდება საქართველოში.",,meta description: შაბლონური/გაბმული სიტყვები,არა
2033,189425,https://superi.ge/intex-57158/,auzebi,გასაბერი აუზი INTEX 57158 (აკვაპარკი),,გასაბერი აუზი INTEX 57158 (აკვაპარკი) | Superi.ge,,"გასაბერი აუზი INTEX 57158 (აკვაპარკი) — მოცულობა 493 ლ და მაქსიმალური დატვირთვა 81 კგ. დეტალური მახასიათებლები, ფასი და ხელმისაწვდომობა იხილეთ Superi.ge-ზე.","გასაბერი აუზი INTEX 57158 (აკვაპარკი): მოცულობა 493 ლ, მაქსიმალური დატვირთვა 81 კგ, ტუმბო ფეხით, ელექტრო, ასაკი 2+.",,meta description: შაბლონური/გაბმული სიტყვები,არა
2039,209284,https://superi.ge/bestway-15428/,auzebi,კარკასული აუზი BESTWAY 15428 (11440 ლტ),,კარკასული აუზი BESTWAY 15428 (11440 ლტ) | Superi.ge,,კარკასული აუზი BESTWAY 15428 (11440 ლტ) — მოცულობა 11440 ლ და მასალა სამფენიანი PVC პოლივინილქლორიდი. ფასი და ხელმისაწვდომობა იხილეთ Superi.ge-ზე.,"კარკასული აუზი BESTWAY 15428 (11440 ლტ): მოცულობა 11440 ლ, ფორმა მრგვალი, კარკასის მასალა უჟანგავი ფოლადი, აუზის ზომა 3.66 x 1.33 მ.",,meta description: შაბლონური/გაბმული სიტყვები,არა
1315,189485,https://superi.ge/bestway-56401/,auzebi,კარკასული აუზი BESTWAY 56401,,კარკასული აუზი BESTWAY 56401 | Superi.ge,,"კარკასული აუზი BESTWAY 56401 — მოცულობა 1200 ლ და მასალა ვინილი/PVC/უჟანგავი ლითონი. დეტალური მახასიათებლები, ფასი და ხელმისაწვდომობა იხილეთ Superi.ge-ზე.","კარკასული აუზი BESTWAY 56401: მოცულობა 1200 ლ, მასალა ვინილი/ PVC / უჟანგავი ლითონი, ზომა 221 x 150 სმ, სიმაღლე 43 სმ.",,meta description: შაბლონური/გაბმული სიტყვები,არა
2021,157972,https://superi.ge/bestway-56403/,auzebi,კარკასული აუზი BESTWAY 56403 (2300 ლტ),,კარკასული აუზი BESTWAY 56403 (2300 ლტ) | Superi.ge,,"კარკასული აუზი BESTWAY 56403 (2300 ლტ) — მოცულობა 2300 ლიტრი და მასალა PVC. დეტალური მახასიათებლები, ფასი და ხელმისაწვდომობა იხილეთ Superi.ge-ზე.","კარკასული აუზი BESTWAY 56403 (2300 ლტ): მოცულობა 2300 ლიტრი, მასალა PVC, წონა 16.05 კგ. ✓ ოფიციალური გარანტია ✓ განვადება ✓ მიწოდება საქართველოში.",,meta description: შაბლონური/გაბმული სიტყვები,არა
2005,148222,https://superi.ge/bestway-56405/,auzebi,კარკასული აუზი BESTWAY 56405 (5700 ლტ),,კარკასული აუზი BESTWAY 56405 (5700 ლტ) | Superi.ge,,"კარკასული აუზი BESTWAY 56405 (5700 ლტ) — მოცულობა 5700 ლ და მასალა უჟანგავი ლით. დეტალური მახასიათებლები, ფასი და ხელმისაწვდომობა იხილეთ Superi.ge-ზე.","კარკასული აუზი BESTWAY 56405 (5700 ლტ): მოცულობა 5700 ლ, ფორმა ოთხკუთხედი, კარკასის მასალა უჟანგავი ლითონი, წონა 33 კგ.",,meta description: შაბლონური/გაბმული სიტყვები,არა
2009,177595,https://superi.ge/bestway-56408/,auzebi,კარკასული აუზი BESTWAY 56408 (4678 ლტ),,კარკასული აუზი BESTWAY 56408 (4678 ლტ) | Superi.ge,,"კარკასული აუზი BESTWAY 56408 (4678 ლტ) — მოცულობა 4678 ლ. დეტალური მახასიათებლები, ფასი და ხელმისაწვდომობა იხილეთ Superi.ge-ზე.","კარკასული აუზი BESTWAY 56408 (4678 ლტ): მოცულობა 4678 ლ, ფორმა მრგვალი, კარკასის მასალა უჟანგავი ლითონი, ზომები 305 x 76 სმ.",,meta description: შაბლონური/გაბმული სიტყვები,არა
2049,162417,https://superi.ge/bestway-56416/,auzebi,კარკასული აუზი BESTWAY 56416 (6473 ლტ),,კარკასული აუზი BESTWAY 56416 (6473 ლტ) | Superi.ge,,"კარკასული აუზი BESTWAY 56416 (6473 ლტ) — მოცულობა 6473 ლ და მასალა PVC. დეტალური მახასიათებლები, ფასი და ხელმისაწვდომობა იხილეთ Superi.ge-ზე.","კარკასული აუზი BESTWAY 56416 (6473 ლტ): მოცულობა 6473 ლ, ფორმა მრგვალი, მასალა PVC, კარკასის მასალა უჟანგავი ლითონი.",,meta description: შაბლონური/გაბმული სიტყვები,არა
2008,177593,https://superi.ge/bestway-56418/,auzebi,კარკასული აუზი BESTWAY 56418 (9150 ლტ),,კარკასული აუზი BESTWAY 56418 (9150 ლტ) | Superi.ge,,"კარკასული აუზი BESTWAY 56418 (9150 ლტ) — მოცულობა 9150 ლ. დეტალური მახასიათებლები, ფასი და ხელმისაწვდომობა იხილეთ Superi.ge-ზე.","კარკასული აუზი BESTWAY 56418 (9150 ლტ): მოცულობა 9150 ლ, ფორმა მრგვალი, კარკასის მასალა უჟანგავი ლითონი, ზომები 366 x 100 სმ.",,meta description: შაბლონური/გაბმული სიტყვები,არა
2032,171098,https://superi.ge/bestway-56424/,auzebi,კარკასული აუზი BESTWAY 56424 (5700 ლტ),,კარკასული აუზი BESTWAY 56424 (5700 ლტ) | Superi.ge,,"კარკასული აუზი BESTWAY 56424 (5700 ლტ) — მოცულობა 5700 ლ დამატებითი მახ ასიათებლები. დეტალური მახასიათებლები, ფასი და ხელმისაწვდომობა იხილეთ Superi.ge-ზე.","კარკასული აუზი BESTWAY 56424 (5700 ლტ): ფორმა მართკუთხედი, კარკასის მასალა უჟანგავი ლითო ნი. ✓ ოფიციალური გარანტია ✓ განვადება ✓ მიწოდება საქართველოში.",,meta description: შაბლონური/გაბმული სიტყვები,არა
2001,178456,https://superi.ge/bestway-56706/,auzebi,კარკასული აუზი BESTWAY 56706 (6473 ლტ),,კარკასული აუზი BESTWAY 56706 (6473 ლტ) | Superi.ge,,"კარკასული აუზი BESTWAY 56706 (6473 ლტ) — მოცულობა 6473 ლ და მასალა უჟანგავი ლითონი. დეტალური მახასიათებლები, ფასი და ხელმისაწვდომობა იხილეთ Superi.ge-ზე.","კარკასული აუზი BESTWAY 56706 (6473 ლტ): მოცულობა 6473 ლ, ფორმა მრგვალი, კარკასის მასალა უჟანგავი ლითონი, ზომები 366 x 76 სმ.",,meta description: შაბლონური/გაბმული სიტყვები,არა
2052,189223,https://superi.ge/bestway-56721/,auzebi,კარკასული აუზი BESTWAY 56721 (6478 ლტ),,კარკასული აუზი BESTWAY 56721 (6478 ლტ) | Superi.ge,,"კარკასული აუზი BESTWAY 56721 (6478 ლტ) — მოცულობა 6478 ლ. დეტალური მახასიათებლები, ფასი და ხელმისაწვდომობა იხილეთ Superi.ge-ზე.","კარკასული აუზი BESTWAY 56721 (6478 ლტ): მოცულობა 6478 ლ, წონა 60 კგ. ✓ ოფიციალური გარანტია ✓ განვადება ✓ მიწოდება საქართველოში.",,meta description: შაბლონური/გაბმული სიტყვები,არა
2034,177597,https://superi.ge/bestway-56985/,auzebi,კარკასული აუზი BESTWAY 56985 (4062 ლტ),,კარკასული აუზი BESTWAY 56985 (4062 ლტ) | Superi.ge,,"კარკასული აუზი BESTWAY 56985 (4062 ლტ) — მოცულობა 4062 ლ და მასალა უჟანგავი ლითონი. დეტალური მახასიათებლები, ფასი და ხელმისაწვდომობა იხილეთ Superi.ge-ზე.","კარკასული აუზი BESTWAY 56985 (4062 ლტ): მოცულობა 4062 ლ, ფორმა მრგვალი, კარკასის მასალა უჟანგავი ლითონი, ზომები 305 x 66 სმ.",,meta description: შაბლონური/გაბმული სიტყვები,არა
1313,189362,https://superi.ge/intex-26710/,auzebi,კარკასული აუზი INTEX 26710,,კარკასული აუზი INTEX 26710 | Superi.ge,,"კარკასული აუზი INTEX 26710 — მოცულობა 6503 ლ. დეტალური მახასიათებლები, ფასი და ხელმისაწვდომობა იხილეთ Superi.ge-ზე.","კარკასული აუზი INTEX 26710: მოცულობა 6503 ლ, ჩარჩო ფოლადის მილები, ფორმა მრგვალი ფიზიკური პარამეტრები, ზომები (სიმაღლე/დიამეტრი) 76 x 366 სმ.",,meta description: შაბლონური/გაბმული სიტყვები,არა
2050,178515,https://superi.ge/intex-26716/,auzebi,კარკასული აუზი INTEX 26716 (8592 ლტ),,კარკასული აუზი INTEX 26716 (8592 ლტ) | Superi.ge,,"კარკასული აუზი INTEX 26716 (8592 ლტ) — მოცულობა 8592 ლ. დეტალური მახასიათებლები, ფასი და ხელმისაწვდომობა იხილეთ Superi.ge-ზე.","კარკასული აუზი INTEX 26716 (8592 ლტ): მოცულობა 8592 ლ, ფორმა მრგვალი, ზომები 366 x 99 სმ. ✓ ოფიციალური გარანტია ✓ განვადება ✓ მიწოდება საქართველოში.",,meta description: შაბლონური/გაბმული სიტყვები,არა
2036,6941057400297,https://superi.ge/intex-28200/,auzebi,კარკასული აუზი INTEX 28200 (4485 ლტ),,კარკასული აუზი INTEX 28200 (4485 ლტ) | Superi.ge,,"კარკასული აუზი INTEX 28200 (4485 ლტ) — მოცულობა 4485 ლიტრი. დეტალური მახასიათებლები, ფასი და ხელმისაწვდომობა იხილეთ Superi.ge-ზე.","კარკასული აუზი INTEX 28200 (4485 ლტ): მოცულობა 4485 ლიტრი, დიამეტრი 305 სმ, სიმაღლე 76 სმ, მონტაჟის დრო 30 წთ.",,meta description: შაბლონური/გაბმული სიტყვები,არა
1993,189360,https://superi.ge/intex-28205/,auzebi,კარკასული აუზი INTEX 28205,,კარკასული აუზი INTEX 28205 (1828ლტ) | Superi.ge,,"კარკასული აუზი INTEX 28205 — მოცულობა 1828 ლ და მასალა PVC. დეტალური მახასიათებლები, ფასი და ხელმისაწვდომობა იხილეთ Superi.ge-ზე.","კარკასული აუზი INTEX 28205: მოცულობა 1828 ლ, ფორმა მრგვალი ფიზიკური პარამეტრები, ზომები (სიმაღლე/დიამეტრი) 51 x 244 სმ, მასალა PVC.",,meta description: შაბლონური/გაბმული სიტყვები,არა
2007,148559,https://superi.ge/intex-28210/,auzebi,კარკასული აუზი INTEX 28210 (6503 ლტ),,კარკასული აუზი INTEX 28210 (6503 ლტ) | Superi.ge,,"კარკასული აუზი INTEX 28210 (6503 ლტ) — მოცულობა 6503 ლიტრი და მასალა ლითონის. დეტალური მახასიათებლები, ფასი და ხელმისაწვდომობა იხილეთ Superi.ge-ზე.","კარკასული აუზი INTEX 28210 (6503 ლტ): მოცულობა 6503 ლიტრი, ჩარჩოს მასალა ლითონის, დიამეტრი 366 სმ, სიმაღლე 76 სმ.",,meta description: შაბლონური/გაბმული სიტყვები,არა
2014,148532,https://superi.ge/intex-28270/,auzebi,კარკასული აუზი INTEX 28270 (1662 ლტ),,კარკასული აუზი INTEX 28270 (1662 ლტ) | Superi.ge,,"კარკასული აუზი INTEX 28270 (1662 ლტ) — მოცულობა 1662 ლიტრი. დეტალური მახასიათებლები, ფასი და ხელმისაწვდომობა იხილეთ Superi.ge-ზე.","კარკასული აუზი INTEX 28270 (1662 ლტ): მოცულობა 1662 ლიტრი, ზომები 220-150-60 სმ, წონა 16 კგ. ✓ ოფიციალური გარანტია ✓ განვადება ✓ მიწოდება საქართველოში.",,meta description: შაბლონური/გაბმული სიტყვები,არა
2013,148534,https://superi.ge/intex-28271/,auzebi,კარკასული აუზი INTEX 28271 (2282 ლტ),,კარკასული აუზი INTEX 28271 (2282 ლტ) | Superi.ge,,"კარკასული აუზი INTEX 28271 (2282 ლტ) — მოცულობა 2282 ლიტრი. დეტალური მახასიათებლები, ფასი და ხელმისაწვდომობა იხილეთ Superi.ge-ზე.","კარკასული აუზი INTEX 28271 (2282 ლტ): მოცულობა 2282 ლიტრი, წონა 18 კგ. ✓ ოფიციალური გარანტია ✓ განვადება ✓ მიწოდება საქართველოში.",,meta description: შაბლონური/გაბმული სიტყვები,არა
2038,148591,https://superi.ge/intex-57135/,auzebi,მინი აკვაპარკი INTEX 57135,,მინი აკვაპარკი INTEX 57135|Superi.ge,,"მინი აკვაპარკი INTEX 57135 — მოცულობა 280 ლ. დეტალური მახასიათებლები, ფასი და ხელმისაწვდომობა იხილეთ Superi.ge-ზე. შეუკვეთეთ ონლაინ.","მინი აკვაპარკი INTEX 57135: მოცულობა 280 ლ, ასაკი 3 წლის ბავშვებისთვის, წონა 8.5 კგ. ✓ ოფიციალური გარანტია ✓ განვადება ✓ მიწოდება საქართველოში.",,meta description: შაბლონური/გაბმული სიტყვები,არა
2017,157134,https://superi.ge/intex-57444/,auzebi,მინი აკვაპარკი INTEX 57444,,მინი აკვაპარკი INTEX 57444|Superi.ge,,"მინი აკვაპარკი INTEX 57444 — მოცულობა 216 ლ და მასალა PVC. დეტალური მახასიათებლები, ფასი და ხელმისაწვდომობა იხილეთ Superi.ge-ზე.","მინი აკვაპარკი INTEX 57444: მოცულობა 216 ლ, ზომა 249x191x109 სმ, მასალა PVC, წონა 5.126 კგ. ✓ ოფიციალური გარანტია ✓ განვადება ✓ მიწოდება საქართველოში.",,meta description: შაბლონური/გაბმული სიტყვები,არა
1566,177625,https://superi.ge/bestway-53052/,auzebi,საბავშვო აუზი BESTWAY 53052,,საბავშვო აუზი BESTWAY 53052 (აკვაპარკი) | Superi.ge,,"საბავშვო აუზი BESTWAY 53052 — მოცულობა 308 ლ და მასალა pvc. დეტალური მახასიათებლები, ფასი და ხელმისაწვდომობა იხილეთ Superi.ge-ზე.","საბავშვო აუზი BESTWAY 53052: მოცულობა 308 ლ, მასალა pvc. ✓ ოფიციალური გარანტია ✓ განვადება ✓ მიწოდება საქართველოში.",,meta description: შაბლონური/გაბმული სიტყვები,არა
2054,177648,https://superi.ge/bestway-57392/,auzebi,საბავშვო გასაბერი აუზი BESTWAY 57392,,საბავშვო გასაბერი აუზი BESTWAY 57392 | Superi.ge,,"საბავშვო გასაბერი აუზი BESTWAY 57392 — მოცულობა 940 ლ და მასალა მყარი ვინილი. დეტალური მახასიათებლები, ფასი და ხელმისაწვდომობა იხილეთ Superi.ge-ზე.","საბავშვო გასაბერი აუზი BESTWAY 57392: მოცულობა 940 ლ, ფორმა მრგვალი, მასალა მყარი ვინილი, ზომები 183 x 51 სმ. ✓ ოფიციალური გარანტია ✓ მიწოდება საქართველოში.",,meta description: შაბლონური/გაბმული სიტყვები,არა
2029,157132,https://superi.ge/intex-57433/,auzebi,საბავშვო გასაბერი აუზი INTEX 57433,,საბავშვო გასაბერი აუზი INTEX 57433 | Superi.ge,,"საბავშვო გასაბერი აუზი INTEX 57433 — მოცულობა 159 ლ. დეტალური მახასიათებლები, ფასი და ხელმისაწვდომობა იხილეთ Superi.ge-ზე.",საბავშვო გასაბერი აუზი INTEX 57433: მოცულობა 159 ლ. ✓ ოფიციალური გარანტია ✓ მიწოდება საქართველოში.,,meta description: შაბლონური/გაბმული სიტყვები,არა
6432,56574,https://superi.ge/bestway-56574-360h120/,auzebi,ფოლადის კარკასული აუზი BESTWAY (56574) 360х120სმ,ფოლადის კარკასული აუზი BESTWAY (56574) 360x120სმ,ფოლადის კარკასული აუზი BESTWAY (56574) 360х120სმ | Superi.ge,ფოლადის კარკასული აუზი BESTWAY (56574) 360x120სმ | Superi.ge,"ფოლადის კარკასული აუზი BESTWAY (56574) 360x120 სმ – ტევადობა 10,990 ლ, გოფრირებული ფოლადის კედლები და უჟანგავი ლითონის კარკასი. კომპლექტში შედის ქვიშის ფილტრი (2006 ლ/სთ) და 122 სმ-იანი 4-საფეხურიანი კიბე",,bestway-56574-360x120,კირილიცა → ლათინური,არა
557,214396,https://superi.ge/bofigo-60x90-29/,aveji,მაგიდა BOFIGO 60X90 (29),,მაგიდა BOFIGO 60X90 (29)|Superi.ge,,"მაგიდა BOFIGO 60X90 (29) — მასალა ლითონი მ. დეტალური მახასიათებლები, ფასი და ხელმისაწვდომობა იხილეთ Superi.ge-ზე. შეუკვეთეთ ონლაინ.","მაგიდა BOFIGO 60X90 (29): მაგიდის ფორმა მართკუთხა, მასალა ლითონი, მელამინი, სიგრძე 90 სმ, სიმაღლე 75 სმ. ✓ ოფიციალური გარანტია ✓ მიწოდება საქართველოში.",,meta description: შაბლონური/გაბმული სიტყვები,არა
2359,214391,https://superi.ge/bofigo-65-5x60-23/,aveji,მაგიდა BOFIGO 65.5X60 (23),,მაგიდა BOFIGO 65.5X60 (23),,"მაგიდა BOFIGO 65.5X60 (23) — მასალა ლითონი მელ. დეტალური მახასიათებლები, ფასი და ხელმისაწვდომობა იხილეთ Superi.ge-ზე. შეუკვეთეთ ონლაინ.","მაგიდა BOFIGO 65.5X60 (23): მაგიდის ფორმა მართკუთხა, მასალა ლითონი, მელამინი, სიგრძე 60 სმ, სიმაღლე 65.5 სმ. ✓ ოფიციალური გარანტია ✓ მიწოდება საქართველოში.",,meta description: შაბლონური/გაბმული სიტყვები,არა
1951,S24776,https://superi.ge/samzareulos-skami-tetri-07020919/,aveji,სამზარეულოს სკამი თეთრი,,სამზარეულოს სკამი თეთრი (07020919),,"სამზარეულოს სკამი თეთრი — მასალა ხე და მასალა პოლიპროპილენი + ეკოტყავი. დეტალური მახასიათებლები, ფასი და ხელმისაწვდომობა იხილეთ Superi.ge-ზე.","სამზარეულოს სკამი თეთრი: ფეხების მასალა ხე, დასაჯდმობის მასალა პოლიპროპილენი + ეკოტყავი, სიღრმე 55 სმ, სიგანე 48 სმ.",,meta description: შაბლონური/გაბმული სიტყვები,არა
2071,234137,https://superi.ge/13547-brown/,aveji,სკამი მეტალის 13547 BROWN,,სკამი მეტალის 13547 BROWN|Superi.ge,,"სკამი მეტალის 13547 BROWN — მასალა მეტალი. დეტალური მახასიათებლები, ფასი და ხელმისაწვდომობა იხილეთ Superi.ge-ზე. შეუკვეთეთ ონლაინ.","სკამი მეტალის 13547 BROWN: მოხმარების არეალი შიდა/გარე, მასალა მეტალი. ✓ ოფიციალური გარანტია ✓ მიწოდება საქართველოში.",,meta description: შაბლონური/გაბმული სიტყვები,არა
8925,S88610,https://superi.ge/avejis-kompleqti-dasaketsi-90x66x70-sm/,bagis-aveji,ავეჯის კომპლექტი დასაკეცი 90x66x70 სმ,,ავეჯის კომპლექტი დასაკეცი 90x66x70 სმ | Superi.ge,,"შეიძინეთ ავეჯის კომპლექტი დასაკეცი 90x66x70 სმ — მახასიათებლები, ფასი და ხელმისაწვდომობა იხილეთ Superi.ge-ზე და შეარჩიეთ სასურველი მოდელი ონლაინ.","ავეჯის კომპლექტი დასაკეცი 90x66x70 სმ: ზომა 90x66x70 სმ, ფორმა მართკუთხა. ✓ ოფიციალური გარანტია ✓ განვადება ✓ მიწოდება საქართველოში.",,meta description: შაბლონური/გაბმული სიტყვები,არა
8928,S35057,https://superi.ge/baghis-avejis-kompleqti-106-6x74-sm-4-skami-73-5x59-8x108-sm-jm-ps-t720/,bagis-aveji,ბაღის ავეჯის კომპლექტი 106.6x74 სმ 4 სკამი 73.5x59.8x108 სმ JM-PS-T720,,ბაღის ავეჯის კომპლექტი 106.6x74 სმ 4 სკამი 73.5x59.8x108 სმ JM-PS-T720 | Superi.ge,,"ბაღის ავეჯის კომპლექტი 106.6x74 სმ 4 სკამი 73.5x59.8x108 სმ JM-PS-T720 — დეტალური მახასიათებლები, ფასი და ხელმისაწვდომობა იხილეთ Superi.ge-ზე.","ბაღის ავეჯის კომპლექტი 106.6x74 სმ 4 სკამი 73.5x59.8x108 სმ JM-PS-T720: მაგიდის ზომა 106.6x74სმ, სკამის ზომა 73.5x59.8x108სმ, მასალა ლითონი, ალუმინი.",,meta description: შაბლონური/გაბმული სიტყვები,არა
8927,17051616,https://superi.ge/baghis-avejis-kompleqti-137x72x63-5-sm-magida-65x65x37-5-sm/,bagis-aveji,ბაღის ავეჯის კომპლექტი 137x72x63.5 სმ მაგიდა 65x65x37.5 სმ,,ბაღის ავეჯის კომპლექტი 137x72x63.5 სმ მაგიდა 65x65x37.5 სმ | Superi.ge,,"შეიძინეთ ბაღის ავეჯის კომპლექტი 137x72x63.5 სმ მაგიდა 65x65x37.5 სმ — დეტალური მახასიათებლები, ფასი და ხელმისაწვდომობა იხილეთ Superi.ge-ზე.","ბაღის ავეჯის კომპლექტი 137x72x63.5 სმ მაგიდა 65x65x37.5 სმ: მასალა როტანგი, მაგიდის მასალა ალუმინი, დივნის ზომა 137x72x63.5 სმ.",,meta description: შაბლონური/გაბმული სიტყვები,არა
8802,S90053,https://superi.ge/allibert-rosario-graphite/,bagis-aveji,ბაღის ავეჯის კომპლექტი Allibert Rosario graphite,,ბაღის ავეჯის კომპლექტი Allibert Rosario graphite | Superi.ge,,"ბაღის ავეჯის კომპლექტი Allibert Rosario graphite — მახასიათებლები, ფასი და ხელმისაწვდომობა იხილეთ Superi.ge-ზე და შეარჩიეთ სასურველი მოდელი ონლაინ.","ბაღის ავეჯის კომპლექტი Allibert Rosario graphite: სავარძელი 2 ც, მაგიდა 1 ც. ფიზიკური პარამეტრები, მასალა რატანი (ხელოვნური), სავარძლების ზომა 62x60x89 სმ.",,meta description: შაბლონური/გაბმული სიტყვები,არა
8898,S23959,https://superi.ge/iowa-balcony-grap-cus-cl-gr-008-std/,bagis-aveji,ბაღის ავეჯის კომპლექტი Iowa balcony grap + cus cl gr 008 std,,ბაღის ავეჯის კომპლექტი Iowa balcony grap + cus cl gr 008 std | Superi.ge,,"შეიძინეთ ბაღის ავეჯის კომპლექტი Iowa balcony grap + cus cl gr 008 std — დეტალური მახასიათებლები, ფასი და ხელმისაწვდომობა იხილეთ Superi.ge-ზე.",ბაღის ავეჯის კომპლექტი Iowa balcony grap + cus cl gr 008 std: მაგიდის ზომები 39x39x42 სმ. ✓ ოფიციალური გარანტია ✓ განვადება ✓ მიწოდება საქართველოში.,,meta description: შაბლონური/გაბმული სიტყვები,არა
8900,17051394,https://superi.ge/koopman-042280180-2/,bagis-aveji,ბაღის ავეჯის კომპლექტი Koopman 042280180 მაგიდა და 2 სკამი,,ბაღის ავეჯის კომპლექტი Koopman 042280180 მაგიდა და 2 სკამი | Superi.ge,,"შეიძინეთ ბაღის ავეჯის კომპლექტი Koopman 042280180 მაგიდა და 2 სკამი — დეტალური მახასიათებლები, ფასი და ხელმისაწვდომობა იხილეთ Superi.ge-ზე.","ბაღის ავეჯის კომპლექტი Koopman 042280180 მაგიდა და 2 სკამი: სავარძლის ზომა 60x58x89 სმ, მაგიდის ზომა 59x46x40 სმ, მასალა პოლიპროპილენი.",,meta description: შაბლონური/გაბმული სიტყვები,არა
8903,S37522,https://superi.ge/trenton-balcony-capc-nw-oat-008-std/,bagis-aveji,ბაღის ავეჯის კომპლექტი Trenton balcony capc + NW oat 008 std,,ბაღის ავეჯის კომპლექტი Trenton balcony capc + NW oat 008 std | Superi.ge,,"შეიძინეთ ბაღის ავეჯის კომპლექტი Trenton balcony capc + NW oat 008 std — დეტალური მახასიათებლები, ფასი და ხელმისაწვდომობა იხილეთ Superi.ge-ზე.",ბაღის ავეჯის კომპლექტი Trenton balcony capc + NW oat 008 std: მაგიდის ზომები 39x39x42 სმ. ✓ ოფიციალური გარანტია ✓ განვადება ✓ მიწოდება საქართველოში.,,meta description: შაბლონური/გაბმული სიტყვები,არა
8931,17051628,https://superi.ge/173x102x75-6-60x62x91-jm-ps-t726/,bagis-aveji,ბაღის ავეჯის კომპლექტი მაგიდა 173x102x75 სმ 6 სკამი 60x62x91 სმ JM-PS-T726,,ბაღის ავეჯის კომპლექტი მაგიდა 173x102x75 სმ 6 სკამი 60x62x91 სმ JM-PS-T726 | Superi.ge,,"ბაღის ავეჯის კომპლექტი მაგიდა 173x102x75 სმ 6 სკამი 60x62x91 სმ JM-PS-T726 — დეტალური მახასიათებლები, ფასი და ხელმისაწვდომობა იხილეთ Superi.ge-ზე.","ბაღის ავეჯის კომპლექტი მაგიდა 173x102x75 სმ 6 სკამი 60x62x91 სმ JM-PS-T726: მაგიდის ზომა 173x102x75 სმ, სკამის ზომა 60x62x91 სმ, მასალა ლითონი, ალუმინი.",,meta description: შაბლონური/გაბმული სიტყვები,არა
8919,S66187,https://superi.ge/baghis-avejis-kompleqti-magida-80x70-sm-4-skami-53x58x74-sm/,bagis-aveji,ბაღის ავეჯის კომპლექტი მაგიდა 80x70 სმ 4 სკამი 53x58x74 სმ,,ბაღის ავეჯის კომპლექტი მაგიდა 80x70 სმ 4 სკამი 53x58x74 სმ | Superi.ge,,"შეიძინეთ ბაღის ავეჯის კომპლექტი მაგიდა 80x70 სმ 4 სკამი 53x58x74 სმ — დეტალური მახასიათებლები, ფასი და ხელმისაწვდომობა იხილეთ Superi.ge-ზე.","ბაღის ავეჯის კომპლექტი მაგიდა 80x70 სმ 4 სკამი 53x58x74 სმ: მაგიდის ზომა 80x70 სმ, სკამის ზომა 53x58x74 სმ, ქოლგა 160x160x210 სმ, მასალა ლითონი, მინა.",,meta description: შაბლონური/გაბმული სიტყვები,არა
8921,17051602,https://superi.ge/baghis-avejis-kompleqti-magida-da-2-savardzeli-17051602/,bagis-aveji,ბაღის ავეჯის კომპლექტი მაგიდა და 2 სავარძელი,,ბაღის ავეჯის კომპლექტი მაგიდა და 2 სავარძელი | Superi.ge,,"ბაღის ავეჯის კომპლექტი მაგიდა და 2 სავარძელი — მახასიათებლები, ფასი და ხელმისაწვდომობა იხილეთ Superi.ge-ზე და შეარჩიეთ სასურველი მოდელი ონლაინ.","ბაღის ავეჯის კომპლექტი მაგიდა და 2 სავარძელი: სავარძელი 2 ც ფიზიკური პარამეტრები, მაგიდის ზომა 55x50 სმ, სკამების ზომა 65x92x81 სმ.",,meta description: შაბლონური/გაბმული სიტყვები,არა
8905,17051472,https://superi.ge/4-jha-1075/,bagis-aveji,ბაღის ავეჯის კომპლექტი მაგიდა და 4 სკამი JHA-1075,,ბაღის ავეჯის კომპლექტი მაგიდა და 4 სკამი JHA-1075 | Superi.ge,,"ბაღის ავეჯის კომპლექტი მაგიდა და 4 სკამი JHA-1075 — მახასიათებლები, ფასი და ხელმისაწვდომობა იხილეთ Superi.ge-ზე და შეარჩიეთ სასურველი მოდელი ონლაინ.",ბაღის ავეჯის კომპლექტი მაგიდა და 4 სკამი JHA-1075: სკამის ზომა 72x65x85 სმ. ✓ ოფიციალური გარანტია ✓ განვადება ✓ მიწოდება საქართველოში.,,meta description: შაბლონური/გაბმული სიტყვები,არა
8895,17051320,https://superi.ge/baghis-avejis-kompleqti-magida-da-6-skami-hy-009/,bagis-aveji,ბაღის ავეჯის კომპლექტი მაგიდა და 6 სკამი HY-009,,ბაღის ავეჯის კომპლექტი მაგიდა და 6 სკამი HY-009 | Superi.ge,,"ბაღის ავეჯის კომპლექტი მაგიდა და 6 სკამი HY-009 — მახასიათებლები, ფასი და ხელმისაწვდომობა იხილეთ Superi.ge-ზე და შეარჩიეთ სასურველი მოდელი ონლაინ.","ბაღის ავეჯის კომპლექტი მაგიდა და 6 სკამი HY-009: მასალა ლითონი,პოლიესტერი,შუშა, მაგიდის ზომა 150x90x72 სმ.",,meta description: შაბლონური/გაბმული სიტყვები,არა
8930,17051598,https://superi.ge/baghis-avejis-kompleqti-magida-da-6-skami-sl-003/,bagis-aveji,ბაღის ავეჯის კომპლექტი მაგიდა და 6 სკამი SL-003,,ბაღის ავეჯის კომპლექტი მაგიდა და 6 სკამი SL-003 | Superi.ge,,"ბაღის ავეჯის კომპლექტი მაგიდა და 6 სკამი SL-003 — მახასიათებლები, ფასი და ხელმისაწვდომობა იხილეთ Superi.ge-ზე და შეარჩიეთ სასურველი მოდელი ონლაინ.","ბაღის ავეჯის კომპლექტი მაგიდა და 6 სკამი SL-003: მაგიდის ზომა 160x90x73 სმ, სკამის ზომა 56x64x89 სმ. ✓ ოფიციალური გარანტია ✓ განვადება ✓ მიწოდება საქართველოში.",,meta description: შაბლონური/გაბმული სიტყვები,არა
8909,17051526,https://superi.ge/baghis-avejis-kompleqti-magida-divani-da-2-savardzeli-17051526/,bagis-aveji,ბაღის ავეჯის კომპლექტი მაგიდა დივანი და 2 სავარძელი,,ბაღის ავეჯის კომპლექტი მაგიდა დივანი და 2 სავარძელი | Superi.ge,,"ბაღის ავეჯის კომპლექტი მაგიდა დივანი და 2 სავარძელი — მახასიათებლები, ფასი და ხელმისაწვდომობა იხილეთ Superi.ge-ზე და შეარჩიეთ სასურველი მოდელი ონლაინ.","ბაღის ავეჯის კომპლექტი მაგიდა დივანი და 2 სავარძელი: მასალა ლითონი, მინა, ბადისებრი ნაჭერი, მაგიდის ზომა 75x44.5x41 სმ, სავარძლის ზომა 56.5x74x75 სმ.",,meta description: შაბლონური/გაბმული სიტყვები,არა
8901,S39586,https://superi.ge/2-jha-16010/,bagis-aveji,კომპლექტი ბაღის ავეჯის მაგიდა 2 სავარძელი და დივანი JHA-16010,,კომპლექტი ბაღის ავეჯის მაგიდა 2 სავარძელი და დივანი JHA-16010 | Superi.ge,,"შეიძინეთ კომპლექტი ბაღის ავეჯის მაგიდა 2 სავარძელი და დივანი JHA-16010 — დეტალური მახასიათებლები, ფასი და ხელმისაწვდომობა იხილეთ Superi.ge-ზე.","კომპლექტი ბაღის ავეჯის მაგიდა 2 სავარძელი და დივანი JHA-16010: მაგიდის ზომა 90x45x43 სმ, დივანის ზომა 145x63x72 სმ.",,meta description: შაბლონური/გაბმული სიტყვები,არა
8926,17051619,https://superi.ge/kompleqti-baghis-avejis-magida-61x61x72-sm-skami-57x70x65-sm/,bagis-aveji,კომპლექტი ბაღის ავეჯის მაგიდა 61x61x72 სმ სკამი 57x70x65 სმ,,კომპლექტი ბაღის ავეჯის მაგიდა 61x61x72 სმ სკამი 57x70x65 სმ | Superi.ge,,"შეიძინეთ კომპლექტი ბაღის ავეჯის მაგიდა 61x61x72 სმ სკამი 57x70x65 სმ — დეტალური მახასიათებლები, ფასი და ხელმისაწვდომობა იხილეთ Superi.ge-ზე.","კომპლექტი ბაღის ავეჯის მაგიდა 61x61x72 სმ სკამი 57x70x65 სმ: მაგიდის ზომა 61x61x72 სმ, სკამის ზომა 57x70x65 სმ.",,meta description: შაბლონური/გაბმული სიტყვები,არა
1266,206533,https://superi.ge/dia1-4m-4-5ft-red/,batutebi,ბატუტი DIA1.4M 4.5FT RED,,ბატუტი DIA1.4M 4.5FT RED|Superi.ge,,"ბატუტი DIA1.4M 4.5FT RED — მაქსიმალური დატვირთვა 45 კგ. დეტალური მახასიათებლები, ფასი და ხელმისაწვდომობა იხილეთ Superi.ge-ზე.","ბატუტი DIA1.4M 4.5FT RED: ბატუტის ტიპი ასაწყობი, გამოყენება შიდა/გარე მოხმარებისთვის, მაქსიმალური დატვირთვა 45 კგ, სადგამი ფეხის რაოდენობა 6.",,meta description: შაბლონური/გაბმული სიტყვები,არა
1805,193270,https://superi.ge/arnica-ih39010/,blenderebi,ბლენდერი ARNICA IH39010,,ბლენდერი ARNICA IH39010|Superi.ge,,"ბლენდერი ARNICA IH39010 — მოცულობა 1,5 ლ, სიმძლავრე 500 W და მექანიკური მართვა. დეტალური მახასიათებლები, ფასი და ხელმისაწვდომობა იხილეთ Superi.ge-ზე.","ბლენდერი ARNICA IH39010: სიმძლავრე 500 W, მოცულობა 1.5 ლ, მართვის ტიპი მექანიკური, კვების ტიპი ქსელის.",,meta description: შაბლონური/გაბმული სიტყვები,არა
1806,S50479,https://superi.ge/beko-tbn-62608-w/,blenderebi,ბლენდერი BEKO TBN 62608 W,,ბლენდერი BEKO TBN 62608 W|Superi.ge,,"ბლენდერი BEKO TBN 62608 W — მოცულობა 1,5 ლ, სიმძლავრე 600 W და AC ძრავა. დეტალური მახასიათებლები, ფასი და ხელმისაწვდომობა იხილეთ Superi.ge-ზე.","ბლენდერი BEKO TBN 62608 W: სიმძლავრე 600 W, მოცულობა 1.5 ლ, რეგულირებადი სიჩქარის პარამეტრები 2, დანების რაოდენობა 4.",,meta description: შაბლონური/გაბმული სიტყვები,არა
3791,S56454,https://superi.ge/beko-tbn-81808-bx/,blenderebi,ბლენდერი BEKO TBN 81808 BX,,ბლენდერი BEKO TBN 81808 BX | Superi.ge,,"ბლენდერი BEKO TBN 81808 BX — მოცულობა 1,8 ლ, სიმძლავრე 800 W და მექანიკური მართვა. დეტალური მახასიათებლები, ფასი და ხელმისაწვდომობა იხილეთ Superi.ge-ზე.","ბლენდერი BEKO TBN 81808 BX: სიმძლავრე 800 W, მოცულობა 1.8 ლ, რეგულირებადი სიჩქარის დონეების რაოდენობა 6, დანების რაოდენობა 4.",,meta description: შაბლონური/გაბმული სიტყვები,არა
2828,S16187,https://superi.ge/bosch-mmb6141b/,blenderebi,ბლენდერი BOSCH MMB6141B,,ბლენდერი BOSCH MMB6141B,,"ბლენდერი BOSCH MMB6141B — მოცულობა 1,5 ლ, სიმძლავრე 1200 W და მექანიკური მართვა. დეტალური მახასიათებლები, ფასი და ხელმისაწვდომობა იხილეთ Superi.ge-ზე.","ბლენდერი BOSCH MMB6141B: სიმძლავრე 1200 W, მოცულობა 1.5 ლ, მართვის ტიპი მექანიკური, კვების ტიპი ქსელის.",,meta description: შაბლონური/გაბმული სიტყვები,არა
3160,I72938,https://superi.ge/bosch-mmbh6p6b/,blenderebi,ბლენდერი BOSCH MMBH6P6B,,ბლენდერი BOSCH MMBH6P6B,,"ბლენდერი BOSCH MMBH6P6B — მოცულობა 2 ლ, სიმძლავრე 1600 W და ხმაურის დონე 89 dB A ფუნქციები და მახასიათებლე. ფასი და ხელმისაწვდომობა იხილეთ Superi.ge-ზე.","ბლენდერი BOSCH MMBH6P6B: სიმძლავრე 1600 W, ჯამის მოცულობა 2 ლ, ბრუნვის სიჩქარე 45 000 ბრ/წთ, კვების ტიპი ქსელის.",,meta description: შაბლონური/გაბმული სიტყვები,არა
2081,143676,https://superi.ge/braun-mq535/,blenderebi,ბლენდერი BRAUN MQ535,,ბლენდერი BRAUN MQ535|Superi.ge,,"ბლენდერი BRAUN MQ535 — სიმძლავრე 600 W და მაქსიმალური სიჩქარე 12500 ბრ/წთ. დეტალური მახასიათებლები, ფასი და ხელმისაწვდომობა იხილეთ Superi.ge-ზე.","ბლენდერი BRAUN MQ535: სიმძლავრე 600 W, სიჩქარეთა რაოდენობა 2, ბრუნვის მაქსიმალური სიჩქარე 12500 ბრ/წთ, ბლენდერის საცმების რაოდენობა 3.",,meta description: შაბლონური/გაბმული სიტყვები,არა
2343,S20355,https://superi.ge/midea-mj-bh1001w/,blenderebi,ბლენდერი MIDEA MJ-BH1001W,,ბლენდერი MIDEA MJ-BH1001W,,"ბლენდერი MIDEA MJ-BH1001W — მოცულობა 500 მლ და სიმძლავრე 1000 W. დეტალური მახასიათებლები, ფასი და ხელმისაწვდომობა იხილეთ Superi.ge-ზე.","ბლენდერი MIDEA MJ-BH1001W: სიმძლავრე 1000 W, ჩოპერის კონტეინერის მოცულობა 500 მლ, ჭიქის მოცულობა 500 მლ, სიჩქარეების რეოდენობა 5.",,meta description: შაბლონური/გაბმული სიტყვები,არა
2732,S53411,https://superi.ge/midea-mj-bh4001w/,blenderebi,ბლენდერი MIDEA MJ-BH4001W,,ბლენდერი MIDEA MJ-BH4001W,,"ბლენდერი MIDEA MJ-BH4001W — მოცულობა 500 მლ და სიმძლავრე 400–1200 W. დეტალური მახასიათებლები, ფასი და ხელმისაწვდომობა იხილეთ Superi.ge-ზე.","ბლენდერი MIDEA MJ-BH4001W: სიმძლავრე 400-1200 W, ჩოპერის კონტეინერის მოცულობა 500 მლ, ჭიქის მოცულობა 600 მლ, დანის მასალა უჟანგავი ფოლადი.",,meta description: შაბლონური/გაბმული სიტყვები,არა
2419,S42757,https://superi.ge/midea-mj-bl6006w/,blenderebi,ბლენდერი MIDEA MJ-BL6006W,,ბლენდერი MIDEA MJ-BL6006W,,"ბლენდერი MIDEA MJ-BL6006W — მოცულობა 1,5 ლ და სიმძლავრე 600 W. დეტალური მახასიათებლები, ფასი და ხელმისაწვდომობა იხილეთ Superi.ge-ზე.","ბლენდერი MIDEA MJ-BL6006W: სიმძლავრე 600 W, კონტროლის ტიპი მექანიკური, სიჩქარის რეჟიმები 2, დანის რაოდენობა 4. ✓ ოფიციალური გარანტია ✓ მიწოდება საქართველოში.",,meta description: შაბლონური/გაბმული სიტყვები,არა
2973,S58120,https://superi.ge/ninja-bn750eu/,blenderebi,ბლენდერი NINJA BN750EU,,ბლენდერი NINJA BN750EU,,"ბლენდერი NINJA BN750EU — მოცულობა 2,1 ლ და სიმძლავრე 1200 W. დეტალური მახასიათებლები, ფასი და ხელმისაწვდომობა იხილეთ Superi.ge-ზე.","ბლენდერი NINJA BN750EU: სიმძლავრე 1200 W, ჯამის მოცულობა 2.1 ლ, ბრუნების რაოდენობა 20000 ბრ/წთ, კვების ტიპი ქსელის.",,meta description: შაბლონური/გაბმული სიტყვები,არა
1721,S97067,https://superi.ge/sencor-sbu-7878bk/,blenderebi,ბლენდერი SENCOR SBU 7878BK,,ბლენდერი SENCOR SBU 7878BK|Superi.ge,,"ბლენდერი SENCOR SBU 7878BK — მოცულობა 1,5 ლ და სიმძლავრე 1500 W. დეტალური მახასიათებლები, ფასი და ხელმისაწვდომობა იხილეთ Superi.ge-ზე.","ბლენდერი SENCOR SBU 7878BK: სიმძლავრე 1500 W, ჯამის მოცულობა 1.5 ლ, დასაქუცმაცებლის მოცულობა 0.7 ლ, ბრუნვის სიჩქარე 28000 ბრ/წთ.",,meta description: შაბლონური/გაბმული სიტყვები,არა
2382,I62735,https://superi.ge/bosch-hbf113br0q/,chasashenebeli-ghumelebi,ღუმელი BOSCH HBF113BR0Q,,ღუმელი BOSCH HBF113BR0Q,,"ღუმელი BOSCH HBF113BR0Q — საერთო მოცულობა 67 ლ და სიმძლავრე 3300 W. დეტალური მახასიათებლები, ფასი და ხელმისაწვდომობა იხილეთ Superi.ge-ზე.","ღუმელი BOSCH HBF113BR0Q: ღუმელის ტიპი ელექტრო, საერთო სასარგებლო მოცულობა 67 ლ, სიმძლავრე 3300 W, ენერგოეფექტურობის კლასი A.",,meta description: შაბლონური/გაბმული სიტყვები,არა
3733,RS1237,https://superi.ge/evii-rk-1237-retro-black/,chasashenebeli-ghumelebi,ღუმელი EVII RK 1237 RETRO BLACK,,ღუმელი EVII RK 1237 RETRO BLACK | Superi.ge,,"ღუმელი EVII RK 1237 RETRO BLACK — რეჟიმების რაოდენობა 6 + 1 და მექანიკური მართვა. დეტალური მახასიათებლები, ფასი და ხელმისაწვდომობა იხილეთ Superi.ge-ზე.","ღუმელი EVII RK 1237 RETRO BLACK: რეჟიმების რაოდენობა 6 + 1, მართვის ტიპი მექანიკური, სამართავი პანელი შუშის ჩასამალი სახელურებით.",,meta description: შაბლონური/გაბმული სიტყვები,არა
1924,S95567,https://superi.ge/gorenje-bos6747a01x/,chasashenebeli-ghumelebi,ღუმელი GORENJE BOS6747A01X,,ღუმელი GORENJE BOS6747A01X|Superi.ge,,"ღუმელი GORENJE BOS6747A01X — საერთო მოცულობა 77 ლ და მართვის ტიპი მექანიკური/სენსორული. დეტალური მახასიათებლები, ფასი და ხელმისაწვდომობა იხილეთ Superi.ge-ზე.","ღუმელი GORENJE BOS6747A01X: ჩასაშენებელი ღუმელი ელექტრო, მართვის ტიპი მექანიკური/სენსორული, ღუმელის საერთო სასარგებლო მოცულობა 77 ლ.",,meta description: შაბლონური/გაბმული სიტყვები,არა
3899,S79841,https://superi.ge/midea-mo69110gb/,chasashenebeli-ghumelebi,ჩასაშენებელი ელექტრო ღუმელი MIDEA MO69110GB,,ჩასაშენებელი ელექტრო ღუმელი MIDEA MO69110GB | Superi.ge,,"ჩასაშენებელი ელექტრო ღუმელი MIDEA MO69110GB — მოცულობა 70 ლ და სიმძლავრე 3000 W. დეტალური მახასიათებლები, ფასი და ხელმისაწვდომობა იხილეთ Superi.ge-ზე.","ჩასაშენებელი ელექტრო ღუმელი MIDEA MO69110GB: პროდუქტის ტიპი ჩასაშენებელი ელექტრო ღუმელი, მოცულობა 70 ლ, ენერგოეფექტურობის კლასი A, სიმძლავრე 3000 W.",,meta description: შაბლონური/გაბმული სიტყვები,არა
1477,I74927,https://superi.ge/bosch-hbg536hb0r/,chasashenebeli-ghumelebi,ჩასაშენებელი ღუმელები BOSCH HBG536HB0R,,ჩასაშენებელი ღუმელები BOSCH HBG536HB0R,,"ჩასაშენებელი ღუმელები BOSCH HBG536HB0R — საერთო მოცულობა 71 ლ და მექანიკური მართვა. დეტალური მახასიათებლები, ფასი და ხელმისაწვდომობა იხილეთ Superi.ge-ზე.","ჩასაშენებელი ღუმელები BOSCH HBG536HB0R: ღუმელის საერთო სასარგებლო მოცულობა 71 ლ, რეჟიმების რაოდენობა 7, ენერგოეფექტურობის კლასი A ფუნქციები და თავისებურებები.",,meta description: შაბლონური/გაბმული სიტყვები,არა
1362,188109,https://superi.ge/beko-bbim12300xm/,chasashenebeli-ghumelebi,ჩასაშენებელი ღუმელი BEKO BBIM12300XM,,ჩასაშენებელი ღუმელი BEKO BBIM12300XM,,"ჩასაშენებელი ღუმელი BEKO BBIM12300XM — მოცულობა 72 ლ. დეტალური მახასიათებლები, ფასი და ხელმისაწვდომობა იხილეთ Superi.ge-ზე.","ჩასაშენებელი ღუმელი BEKO BBIM12300XM: ღუმელის ტიპი ელექტრო, ენერგომოხმარების ტიპი A, ღუმელის მოცულობა 72 ლ, რეჟიმების რაოდენობა 8.",,meta description: შაბლონური/გაბმული სიტყვები,არა
1367,S87311,https://superi.ge/beko-bbim13300xm-superia/,chasashenebeli-ghumelebi,ჩასაშენებელი ღუმელი BEKO BBIM13300XM SUPERIA,,ჩასაშენებელი ღუმელი BEKO BBIM13300XM SUPERIA,,"ჩასაშენებელი ღუმელი BEKO BBIM13300XM SUPERIA — საერთო მოცულობა 72 ლ. დეტალური მახასიათებლები, ფასი და ხელმისაწვდომობა იხილეთ Superi.ge-ზე.","ჩასაშენებელი ღუმელი BEKO BBIM13300XM SUPERIA: ჩასაშენებელი ღუმელი ელექტრო, ღუმელის საერთო სასარგებლო მოცულობა 72 ლ, რეჟიმების რაოდენობა 8.",,meta description: შაბლონური/გაბმული სიტყვები,არა
1361,128926,https://superi.ge/beko-oim-27201-a/,chasashenebeli-ghumelebi,ჩასაშენებელი ღუმელი BEKO OIM 27201 A,,ჩასაშენებელი ღუმელი BEKO OIM 27201 A,,"ჩასაშენებელი ღუმელი BEKO OIM 27201 A — მოცულობა 65ლ. დეტალური მახასიათებლები, ფასი და ხელმისაწვდომობა იხილეთ Superi.ge-ზე.","ჩასაშენებელი ღუმელი BEKO OIM 27201 A: ღუმელის მოცულობა 65ლ, ენერგომოხმარების კლასი A მომზადების რეჟიმები, რეჟიმების რაოდენობა 8.",,meta description: შაბლონური/გაბმული სიტყვები,არა
3166,I77953,https://superi.ge/bosch-hbf011br0q/,chasashenebeli-ghumelebi,ჩასაშენებელი ღუმელი BOSCH HBF011BR0Q,,ჩასაშენებელი ღუმელი BOSCH HBF011BR0Q,,"ჩასაშენებელი ღუმელი BOSCH HBF011BR0Q — მოცულობა 66 ლ და მექანიკური მართვა. დეტალური მახასიათებლები, ფასი და ხელმისაწვდომობა იხილეთ Superi.ge-ზე.","ჩასაშენებელი ღუმელი BOSCH HBF011BR0Q: ღუმელის ტიპი ელექტრო, მოცულობა 66 ლ, მართვის ტიპი მექანიკური, ენერგომოხმარების კლასი A+++.",,meta description: შაბლონური/გაბმული სიტყვები,არა
3991,I87671,https://superi.ge/bosch-hbf011bv0q/,chasashenebeli-ghumelebi,ჩასაშენებელი ღუმელი BOSCH HBF011BV0Q,,ჩასაშენებელი ღუმელი BOSCH HBF011BV0Q | Superi.ge,,"ჩასაშენებელი ღუმელი BOSCH HBF011BV0Q — საერთო მოცულობა 66 ლ. დეტალური მახასიათებლები, ფასი და ხელმისაწვდომობა იხილეთ Superi.ge-ზე.","ჩასაშენებელი ღუმელი BOSCH HBF011BV0Q: ღუმელის საერთო სასარგებლო მოცულობა 66 ლ, პროგრამების რაოდენობა 5, ენერგოეფექტურობის კლასი A.",,meta description: შაბლონური/გაბმული სიტყვები,არა
1482,I62734,https://superi.ge/bosch-hbf113ba0q/,chasashenebeli-ghumelebi,ჩასაშენებელი ღუმელი BOSCH HBF113BA0Q,,ჩასაშენებელი ღუმელი BOSCH HBF113BA0Q,,"ჩასაშენებელი ღუმელი BOSCH HBF113BA0Q — საერთო მოცულობა 66 ლ და სიმძლავრე 3300 W. დეტალური მახასიათებლები, ფასი და ხელმისაწვდომობა იხილეთ Superi.ge-ზე.","ჩასაშენებელი ღუმელი BOSCH HBF113BA0Q: ღუმელის საერთო სასარგებლო მოცულობა 66 ლ, სიმძლავრე 3300 W, პროგრამების რაოდენობა 5, ენერგოეფექტურობის კლასი A.",,meta description: შაბლონური/გაბმული სიტყვები,არა
1484,I59033,https://superi.ge/bosch-hbf534eb0q/,chasashenebeli-ghumelebi,ჩასაშენებელი ღუმელი BOSCH HBF534EB0Q,,ჩასაშენებელი ღუმელი BOSCH HBF534EB0Q,,"ჩასაშენებელი ღუმელი BOSCH HBF534EB0Q — მოცულობა 66 ლ და მექანიკური მართვა. დეტალური მახასიათებლები, ფასი და ხელმისაწვდომობა იხილეთ Superi.ge-ზე.","ჩასაშენებელი ღუმელი BOSCH HBF534EB0Q: ღუმელის ტიპი ჩასაშენებელი, მართვის ტიპი მექანიკური, მოცულობა 66 ლ, მაქსიმალური ტემპერატურა 275°C.",,meta description: შაბლონური/გაბმული სიტყვები,არა
1485,I57386,https://superi.ge/bosch-hbf534es0q/,chasashenebeli-ghumelebi,ჩასაშენებელი ღუმელი BOSCH HBF534ES0Q,,ჩასაშენებელი ღუმელი BOSCH HBF534ES0Q,,"ჩასაშენებელი ღუმელი BOSCH HBF534ES0Q — საერთო მოცულობა 66 ლ და სიმძლავრე 3300 W. დეტალური მახასიათებლები, ფასი და ხელმისაწვდომობა იხილეთ Superi.ge-ზე.","ჩასაშენებელი ღუმელი BOSCH HBF534ES0Q: ღუმელის საერთო სასარგებლო მოცულობა 66 ლ, სიმძლავრე 3300 W, პროგრამების რაოდენობა 8, ენერგოეფექტურობის კლასი A.",,meta description: შაბლონური/გაბმული სიტყვები,არა
3167,I59050,https://superi.ge/bosch-hbf534ew0q/,chasashenebeli-ghumelebi,ჩასაშენებელი ღუმელი BOSCH HBF534EW0Q,,ჩასაშენებელი ღუმელი BOSCH HBF534EW0Q,,"ჩასაშენებელი ღუმელი BOSCH HBF534EW0Q — მოცულობა 66 ლ და მართვის ტიპი ავტომატური. დეტალური მახასიათებლები, ფასი და ხელმისაწვდომობა იხილეთ Superi.ge-ზე.","ჩასაშენებელი ღუმელი BOSCH HBF534EW0Q: ღუმელის ტიპი ელექტრო, მართვის ტიპი ავტომატური, მოცულობა 66 ლ, მაქსიმალური ტემპერატურა 50-275 °C.",,meta description: შაბლონური/გაბმული სიტყვები,არა
3165,I89255,https://superi.ge/bosch-hbg517eb1r/,chasashenebeli-ghumelebi,ჩასაშენებელი ღუმელი BOSCH HBG517EB1R,,ჩასაშენებელი ღუმელი BOSCH HBG517EB1R,,ჩასაშენებელი ღუმელი BOSCH HBG517EB1R — საერთო მოცულობა 71 ლ და პროგრამების რაოდენობა 10. ფასი და ხელმისაწვდომობა იხილეთ Superi.ge-ზე.,"ჩასაშენებელი ღუმელი BOSCH HBG517EB1R: ჩასაშენებელი ღუმელი ელექტრო, მართვის ტიპი მექანიკური/სენსორული, ღუმელის საერთო სასარგებლო მოცულობა 71 ლ.",,meta description: შაბლონური/გაბმული სიტყვები,არა
3129,I74871,https://superi.ge/bosch-hbg517es0r/,chasashenebeli-ghumelebi,ჩასაშენებელი ღუმელი BOSCH HBG517ES0R,,ჩასაშენებელი ღუმელი BOSCH HBG517ES0R,,"ჩასაშენებელი ღუმელი BOSCH HBG517ES0R — მოცულობა 71 ლ და მექანიკური მართვა. დეტალური მახასიათებლები, ფასი და ხელმისაწვდომობა იხილეთ Superi.ge-ზე.","ჩასაშენებელი ღუმელი BOSCH HBG517ES0R: ღუმელის ტიპი ელექტრო, მართვის ტიპი მექანიკური, მოცულობა 71 ლ, მაქსიმალური ტემპერატურა 275°C.",,meta description: შაბლონური/გაბმული სიტყვები,არა
3257,I75160,https://superi.ge/bosch-hbg536hw0r/,chasashenebeli-ghumelebi,ჩასაშენებელი ღუმელი BOSCH HBG536HW0R,,ჩასაშენებელი ღუმელი BOSCH HBG536HW0R | Superi.ge,,ჩასაშენებელი ღუმელი BOSCH HBG536HW0R — საერთო მოცულობა 71 ლ და მართვის ტიპი მექანიკური/სენსორული. ფასი და ხელმისაწვდომობა იხილეთ Superi.ge-ზე.,"ჩასაშენებელი ღუმელი BOSCH HBG536HW0R: სერია 6, ღუმელის საერთო სასარგებლო მოცულობა 71 ლ, რეჟიმების რაოდენობა 7, ენერგოეფექტურობის კლასი A.",,meta description: შაბლონური/გაბმული სიტყვები,არა
3217,I88745,https://superi.ge/bosch-hbg8764c1/,chasashenebeli-ghumelebi,ჩასაშენებელი ღუმელი BOSCH HBG8764C1,,ჩასაშენებელი ღუმელი BOSCH HBG8764C1,,"ჩასაშენებელი ღუმელი BOSCH HBG8764C1 — მოცულობა 71 ლ და სენსორული მართვა. დეტალური მახასიათებლები, ფასი და ხელმისაწვდომობა იხილეთ Superi.ge-ზე.","ჩასაშენებელი ღუმელი BOSCH HBG8764C1: ღუმელის ტიპი ელექტრო, სერია 8, მართვის ტიპი სენსორული, მოცულობა 71 ლ.",,meta description: შაბლონური/გაბმული სიტყვები,არა
3254,S54975,https://superi.ge/bosch-hbg974lb1/,chasashenebeli-ghumelebi,ჩასაშენებელი ღუმელი BOSCH HBG974LB1,,ჩასაშენებელი ღუმელი BOSCH HBG974LB1 | Superi.ge,,"ჩასაშენებელი ღუმელი BOSCH HBG974LB1 — მოცულობა 71 ლ და სენსორული მართვა. დეტალური მახასიათებლები, ფასი და ხელმისაწვდომობა იხილეთ Superi.ge-ზე.","ჩასაშენებელი ღუმელი BOSCH HBG974LB1: ღუმელის ტიპი ელექტრო, სერია Serie | 8, მართვის ტიპი სენსორული, მოცულობა 71 ლ.",,meta description: შაბლონური/გაბმული სიტყვები,არა
3161,I94713,https://superi.ge/bosch-hbj558ys3q/,chasashenebeli-ghumelebi,ჩასაშენებელი ღუმელი BOSCH HBJ558YS3Q,,ჩასაშენებელი ღუმელი BOSCH HBJ558YS3Q,,"ჩასაშენებელი ღუმელი BOSCH HBJ558YS3Q — საერთო მოცულობა 66 ლ. დეტალური მახასიათებლები, ფასი და ხელმისაწვდომობა იხილეთ Superi.ge-ზე.","ჩასაშენებელი ღუმელი BOSCH HBJ558YS3Q: ღუმელის საერთო სასარგებლო მოცულობა 66 ლ, პროგრამების რაოდენობა 5, ენერგოეფექტურობის კლასი A.",,meta description: შაბლონური/გაბმული სიტყვები,არა
3170,I74865,https://superi.ge/bosch-hij517yb0r/,chasashenebeli-ghumelebi,ჩასაშენებელი ღუმელი BOSCH HIJ517YB0R,,ჩასაშენებელი ღუმელი BOSCH HIJ517YB0R,,"ჩასაშენებელი ღუმელი BOSCH HIJ517YB0R — მოცულობა 66 ლ და მექანიკური მართვა. დეტალური მახასიათებლები, ფასი და ხელმისაწვდომობა იხილეთ Superi.ge-ზე.","ჩასაშენებელი ღუმელი BOSCH HIJ517YB0R: ღუმელის ტიპი ელექტრო, სერია 6, მართვის ტიპი მექანიკური, მოცულობა 66 ლ.",,meta description: შაბლონური/გაბმული სიტყვები,არა
3169,S90210,https://superi.ge/gorenje-bos6727syb/,chasashenebeli-ghumelebi,ჩასაშენებელი ღუმელი GORENJE BOS6727SYB,,ჩასაშენებელი ღუმელი GORENJE BOS6727SYB,,"ჩასაშენებელი ღუმელი GORENJE BOS6727SYB — მოცულობა 71 ლ და მექანიკური მართვა. დეტალური მახასიათებლები, ფასი და ხელმისაწვდომობა იხილეთ Superi.ge-ზე.","ჩასაშენებელი ღუმელი GORENJE BOS6727SYB: ღუმელის ტიპი ელექტრო, მართვის ტიპი მექანიკური, მოცულობა 71 ლ, ენერგოეფექტურობის კლასი A+ ფუნქციები.",,meta description: შაბლონური/გაბმული სიტყვები,არა
3191,S64385,https://superi.ge/gorenje-bos67372cli/,chasashenebeli-ghumelebi,ჩასაშენებელი ღუმელი GORENJE BOS67372CLI,,ჩასაშენებელი ღუმელი GORENJE BOS67372CLI,,"ჩასაშენებელი ღუმელი GORENJE BOS67372CLI — მოცულობა 77 ლ მაქსიმალური ტემპერატურა 300 °С და სიმძლავრე 3,5 KW. ფასი და ხელმისაწვდომობა იხილეთ Superi.ge-ზე.","ჩასაშენებელი ღუმელი GORENJE BOS67372CLI: ღუმელის ტიპი ელექტრო, მართვის ტიპი მექანიკური, სიმძლავრე 3.5 KW, ენერგომოხმარების კლასი A ფუნქციები.",,meta description: შაბლონური/გაბმული სიტყვები,არა
3143,I76740,https://superi.ge/gorenje-bosb6737e03x/,chasashenebeli-ghumelebi,ჩასაშენებელი ღუმელი GORENJE BOSB6737E03X,,ჩასაშენებელი ღუმელი GORENJE BOSB6737E03X,,ჩასაშენებელი ღუმელი GORENJE BOSB6737E03X — მოცულობა 77 ლ და მართვის ტიპი ელექტრონული/სენსორული. ფასი და ხელმისაწვდომობა იხილეთ Superi.ge-ზე.,"ჩასაშენებელი ღუმელი GORENJE BOSB6737E03X: ღუმელის ტიპი ელექტრო, მართვის ტიპი ელექტრონული / სენსორული, მოცულობა 77 ლ, მაქსიმალური ტემპერატურა 300°C.",,meta description: შაბლონური/გაბმული სიტყვები,არა
3127,S47671,https://superi.ge/graetz-bo6504s01/,chasashenebeli-ghumelebi,ჩასაშენებელი ღუმელი GRAETZ BO6504S01,,ჩასაშენებელი ღუმელი GRAETZ BO6504S01,,ჩასაშენებელი ღუმელი GRAETZ BO6504S01 — მოცულობა 72 ლ და მართვის ტიპი სენსორული/მბრუნავი რეგულატორი. ფასი და ხელმისაწვდომობა იხილეთ Superi.ge-ზე.,"ჩასაშენებელი ღუმელი GRAETZ BO6504S01: ღუმელის ტიპი ელექტრო, მოცულობა 72 ლ, თვითწმენდა კატალიტიკური, ენერგომოხმარების კლასი A.",,meta description: შაბლონური/გაბმული სიტყვები,არა
817,S26640,https://superi.ge/midea-mo-37001-gb/,chasashenebeli-ghumelebi,ჩასაშენებელი ღუმელი MIDEA MO 37001 GB,,ჩასაშენებელი ღუმელი MIDEA MO 37001 GB,,"ჩასაშენებელი ღუმელი MIDEA MO 37001 GB — მოცულობა 65 ლ, სიმძლავრე გრილი 2038 W და მექანიკური მართვა. ფასი და ხელმისაწვდომობა იხილეთ Superi.ge-ზე.","ჩასაშენებელი ღუმელი MIDEA MO 37001 GB: ღუმელის ტიპი ელექტრო, მოცულობა 65 ლ, მართვის ტიპი მექანიკური, ენერგომოხმარების კლასი A.",,meta description: შაბლონური/გაბმული სიტყვები,არა
1360,S79549,https://superi.ge/midea-mo58100rgb-b/,chasashenebeli-ghumelebi,ჩასაშენებელი ღუმელი MIDEA MO58100RGB-B,,ჩასაშენებელი ღუმელი MIDEA MO58100RGB-B,,"ჩასაშენებელი ღუმელი MIDEA MO58100RGB-B — მოცულობა 70 ლ, სიმძლავრე ქვედა ცხობა 1138 W და მექანიკური მართვა. ფასი და ხელმისაწვდომობა იხილეთ Superi.ge-ზე.","ჩასაშენებელი ღუმელი MIDEA MO58100RGB-B: ღუმელის ტიპი ელექტრო, მოცულობა 70 ლ, მართვის ტიპი მექანიკური, ენერგომოხმარების კლასი A.",,meta description: შაბლონური/გაბმული სიტყვები,არა
819,S94709,https://superi.ge/midea-mo78100cgbx/,chasashenebeli-ghumelebi,ჩასაშენებელი ღუმელი MIDEA MO78100CGBX,,ჩასაშენებელი ღუმელი MIDEA MO78100CGBX,,ტიპი: ჩასაშენებელი ღუმელის ტიპი: ელექტრო მოცულობა: 70 ლ ცხობის რეჟიმები: 9 მართვის ტიპი: მექანიკური ენერგომოხმარების კლასი: A ფერი: უჟანგავი ფოლადი,"ჩასაშენებელი ღუმელი MIDEA MO78100CGBX: ღუმელის ტიპი ელექტრო, მოცულობა 70 ლ, მართვის ტიპი მექანიკური, ენერგომოხმარების კლასი A.",,meta description: სპეციფიკაციების ჩამონათვალი,არა
3980,S70045,https://superi.ge/midea-mo78101cgw/,chasashenebeli-ghumelebi,ჩასაშენებელი ღუმელი MIDEA MO78101CGW,,ჩასაშენებელი ღუმელი MIDEA MO78101CGW | Superi.ge,,"ჩასაშენებელი ღუმელი MIDEA MO78101CGW — მოცულობა 70 ლ და სიმძლავრე 3000 W. დეტალური მახასიათებლები, ფასი და ხელმისაწვდომობა იხილეთ Superi.ge-ზე.","ჩასაშენებელი ღუმელი MIDEA MO78101CGW: მართვის ტიპი ციფრული / ღილაკები, სიმძლავრე 3000W, მოცულობა 70 ლ, მომზადების მაქსიმალური ტემპერატურა 250°C.",,meta description: შაბლონური/გაბმული სიტყვები,არა
3985,S11963,https://superi.ge/midea-mo82170gb/,chasashenebeli-ghumelebi,ჩასაშენებელი ღუმელი MIDEA MO82170GB,,ჩასაშენებელი ღუმელი MIDEA MO82170GB | Superi.ge,,ჩასაშენებელი ღუმელი MIDEA MO82170GB — მოცულობა 72 ლ და მართვის ტიპი მექანიკური & სენსორული ღილაკები. ფასი და ხელმისაწვდომობა იხილეთ Superi.ge-ზე.,"ჩასაშენებელი ღუმელი MIDEA MO82170GB: ღუმელის ტიპი ელექტრო, მოცულობა 72 ლ, მაქსიმალური ტემპერატურა 50-250°C, ენერგომოხმარების კლასი A+.",,meta description: შაბლონური/გაბმული სიტყვები,არა
2450,S58394,https://superi.ge/samsung-bespoke-nv7b5645tak/,chasashenebeli-ghumelebi,ჩასაშენებელი ღუმელი SAMSUNG BESPOKE NV7B5645TAK,,ჩასაშენებელი ღუმელი SAMSUNG BESPOKE NV7B5645TAK,,"ჩასაშენებელი ღუმელი SAMSUNG BESPOKE NV7B5645TAK — საერთო მოცულობა 76 ლ. დეტალური მახასიათებლები, ფასი და ხელმისაწვდომობა იხილეთ Superi.ge-ზე.","ჩასაშენებელი ღუმელი SAMSUNG BESPOKE NV7B5645TAK: ღუმელის ტიპი ელექტრო, მართვის ტიპი მექანიკური/სენსორული, ღუმელის საერთო სასარგებლო მოცულობა 76 ლ.",,meta description: შაბლონური/გაბმული სიტყვები,არა
1366,191865,https://superi.ge/vestel-bo-8786b/,chasashenebeli-ghumelebi,ჩასაშენებელი ღუმელი VESTEL BO-8786B,,ჩასაშენებელი ღუმელი VESTEL BO-8786B,,"ჩასაშენებელი ღუმელი VESTEL BO-8786B — მოცულობა 75 ლ და სენსორული მართვა. დეტალური მახასიათებლები, ფასი და ხელმისაწვდომობა იხილეთ Superi.ge-ზე.","ჩასაშენებელი ღუმელი VESTEL BO-8786B: მოცულობა 75 ლ, მართვის ტიპი სენსორული, ენერგოეფექტურობის კლასი A, პროგრამების რაოდენობა 8.",,meta description: შაბლონური/გაბმული სიტყვები,არა
1365,209900,https://superi.ge/vox-ebb6505/,chasashenebeli-ghumelebi,ჩასაშენებელი ღუმელი VOX EBB6505,,ჩასაშენებელი ღუმელი VOX EBB6505,,"ჩასაშენებელი ღუმელი VOX EBB6505 — საერთო მოცულობა 69 ლ. დეტალური მახასიათებლები, ფასი და ხელმისაწვდომობა იხილეთ Superi.ge-ზე.","ჩასაშენებელი ღუმელი VOX EBB6505: ჩასაშენებელი ღუმელი ელექტრო, ღუმელის საერთო სასარგებლო მოცულობა 69 ლ, ენერგიის მაქსიმალური მოხმარება 3100 W.",,meta description: შაბლონური/გაბმული სიტყვები,არა
1940,230040,https://superi.ge/luminarc-carine-19/,churcheli,თეფში LUMINARC CARINE 19 სმ,,თეფში LUMINARC CARINE 19 სმ|Superi.ge,,"თეფში LUMINARC CARINE 19 სმ — მასალა მინა. დეტალური მახასიათებლები, ფასი და ხელმისაწვდომობა იხილეთ Superi.ge-ზე. შეუკვეთეთ ონლაინ.","თეფში LUMINARC CARINE 19 სმ: მასალა მინა, დიამეტრი 19 სმ, წონა 0.3 გრ. ✓ ოფიციალური გარანტია ✓ მიწოდება საქართველოში.",,meta description: შაბლონური/გაბმული სიტყვები,არა
2952,I93344,https://superi.ge/bosch-spv4hmx55q/,churchelis-sarecxhi-manqanebi,ჩასაშენებელი ჭურჭლის სარეცხი BOSCH SPV4HMX55Q,,ჩასაშენებელი ჭურჭლის სარეცხი BOSCH SPV4HMX55Q,,"ჩასაშენებელი ჭურჭლის სარეცხი BOSCH SPV4HMX55Q — მახასიათებლები, ფასი და ხელმისაწვდომობა იხილეთ Superi.ge-ზე და შეარჩიეთ სასურველი მოდელი ონლაინ.","ჩასაშენებელი ჭურჭლის სარეცხი BOSCH SPV4HMX55Q: პროდუქტის ტიპი ჭურჭლის სარეცხი მანქანა, სერია Serie| 4, ეკრანი LED, მართვა სენსორული.",,meta description: შაბლონური/გაბმული სიტყვები,არა
8370,I93599,https://superi.ge/bosch-smi4iks50t-13pcs/,churchelis-sarecxhi-manqanebi,ჩასაშენებელი ჭურჭლის სარეცხი მანქანა BOSCH SMI4IKS50T (13PCS),,ჩასაშენებელი ჭურჭლის სარეცხი მანქანა BOSCH SMI4IKS50T (13PCS) | Superi.ge,,"შეიძინეთ ჩასაშენებელი ჭურჭლის სარეცხი მანქანა BOSCH SMI4IKS50T (13PCS) — დეტალური მახასიათებლები, ფასი და ხელმისაწვდომობა იხილეთ Superi.ge-ზე.","ჩასაშენებელი ჭურჭლის სარეცხი მანქანა BOSCH SMI4IKS50T (13PCS): პერსონის რაოდენობა 13, კალათების რაოდენობა 3, წყლის ხარჯი ციკლზე 9.5 ლ.",,meta description: შაბლონური/გაბმული სიტყვები,არა
3993,I98577,https://superi.ge/bosch-spv6emx76q/,churchelis-sarecxhi-manqanebi,ჩასაშენებელი ჭურჭლის სარეცხი მანქანა BOSCH SPV6EMX76Q,,ჩასაშენებელი ჭურჭლის სარეცხი მანქანა BOSCH SPV6EMX76Q | Superi.ge,,"ჩასაშენებელი ჭურჭლის სარეცხი მანქანა BOSCH SPV6EMX76Q — წყლის მოხმარება ერთი ციკლისას 8,7 L. ფასი და ხელმისაწვდომობა იხილეთ Superi.ge-ზე.","ჩასაშენებელი ჭურჭლის სარეცხი მანქანა BOSCH SPV6EMX76Q: კონსტრუქციის ტიპი ჩასაშენებელი, კონტროლის ტიპი სენსორი, პერსონის რაოდენობა 10.",,meta description: შაბლონური/გაბმული სიტყვები,არა
2911,EEA913100L,https://superi.ge/electrolux-eea913100l/,churchelis-sarecxhi-manqanebi,ჩასაშენებელი ჭურჭლის სარეცხი მანქანა ELECTROLUX EEA913100L,,ჩასაშენებელი ჭურჭლის სარეცხი მანქანა ELECTROLUX EEA913100L,,ჩასაშენებელი ჭურჭლის სარეცხი მანქანა ELECTROLUX EEA913100L — ტევადობა 10 კომპლექტი და სიმძლავრე 1950 W. ფასი და ხელმისაწვდომობა იხილეთ Superi.ge-ზე.,"ჩასაშენებელი ჭურჭლის სარეცხი მანქანა ELECTROLUX EEA913100L: ძრავის ტიპი ინვერტორული, მართვის ტიპი ელექტრონული, სიმძლავრე 1950 W, ტევადობა 10 კომპლექტი.",,meta description: შაბლონური/გაბმული სიტყვები,არა
3142,I76093,https://superi.ge/gorenje-gv561d10/,churchelis-sarecxhi-manqanebi,ჩასაშენებელი ჭურჭლის სარეცხი მანქანა GORENJE GV561D10,,ჩასაშენებელი ჭურჭლის სარეცხი მანქანა GORENJE GV561D10,,"ჩასაშენებელი ჭურჭლის სარეცხი მანქანა GORENJE GV561D10 — ტევადობა 11 კომპლექტი. დეტალური მახასიათებლები, ფასი და ხელმისაწვდომობა იხილეთ Superi.ge-ზე.","ჩასაშენებელი ჭურჭლის სარეცხი მანქანა GORENJE GV561D10: ტევადობა 11 კომპლექტი, მართვის ტიპი ელექტრონული, ენერგომოხმარების კლასი A+++, რეცხვის კლასი A.",,meta description: შაბლონური/გაბმული სიტყვები,არა
3028,I88804,https://superi.ge/gorenje-gv663d60/,churchelis-sarecxhi-manqanebi,ჩასაშენებელი ჭურჭლის სარეცხი მანქანა GORENJE GV663D60,,ჩასაშენებელი ჭურჭლის სარეცხი მანქანა GORENJE GV663D60,,ჩასაშენებელი ჭურჭლის სარეცხი მანქანა GORENJE GV663D60 — ტევადობა 16 კომპლექტი და წყლის მოხმარება 11 ლ. ფასი და ხელმისაწვდომობა იხილეთ Superi.ge-ზე.,"ჩასაშენებელი ჭურჭლის სარეცხი მანქანა GORENJE GV663D60: მართვის ტიპი ელექტრონული / სენსორული, ტევადობა 16 კომპლექტი, წყლის მოხმარება 11 ლ, რეცხვის კლასი A.",,meta description: შაბლონური/გაბმული სიტყვები,არა
1026,215643,https://superi.ge/beko-bdfn26430xc/,churchelis-sarecxhi-manqanebi,ჭურჭლის სარეცხი მანქანა BEKO BDFN26430XC,,ჭურჭლის სარეცხი მანქანა BEKO BDFN26430XC,,"ჭურჭლის სარეცხი მანქანა BEKO BDFN26430XC — ტევადობა 14 კომპლექტი. დეტალური მახასიათებლები, ფასი და ხელმისაწვდომობა იხილეთ Superi.ge-ზე.","ჭურჭლის სარეცხი მანქანა BEKO BDFN26430XC: ძრავის ტიპი ინვერტორული, ტევადობა 14 კომპლექტი, წყლის მოხმარება 9.5 ლ, ენერგოეფექტურობის კლასი D.",,meta description: შაბლონური/გაბმული სიტყვები,არა
3792,WE0000003584,https://superi.ge/beko-dvn05320s/,churchelis-sarecxhi-manqanebi,ჭურჭლის სარეცხი მანქანა BEKO DVN05320S,,ჭურჭლის სარეცხი მანქანა BEKO DVN05320S | Superi.ge,,"ჭურჭლის სარეცხი მანქანა BEKO DVN05320S — ტევადობა 13 კომპლექტი და წყლის მოხმარება 12,9 ლ. ფასი და ხელმისაწვდომობა იხილეთ Superi.ge-ზე.","ჭურჭლის სარეცხი მანქანა BEKO DVN05320S: მართვის ტიპი მექანიკური, ტევადობა 13 კომპლექტი, წლიური ენერგომოხმარება 262 kW, წყლის მოხმარება 12.9 ლ.",,meta description: შაბლონური/გაბმული სიტყვები,არა
1441,S37343,https://superi.ge/beko-dvn05320w/,churchelis-sarecxhi-manqanebi,ჭურჭლის სარეცხი მანქანა BEKO DVN05320W,,ჭურჭლის სარეცხი მანქანა BEKO DVN05320W,,"ჭურჭლის სარეცხი მანქანა BEKO DVN05320W — ტევადობა 13 კომპლექტი, წყლის მოხმარება 12,9 ლ და ხმაურის დონე 49 dBA. ფასი და ხელმისაწვდომობა იხილეთ Superi.ge-ზე.","ჭურჭლის სარეცხი მანქანა BEKO DVN05320W: მართვის ტიპი მექანიკური, ტევადობა 13 კომპლექტი, წლიური ენერგომოხმარება 262 kW, წყლის მოხმარება 12.9 ლ.",,meta description: შაბლონური/გაბმული სიტყვები,არა
858,S80181,https://superi.ge/beko-dvn05321b/,churchelis-sarecxhi-manqanebi,ჭურჭლის სარეცხი მანქანა BEKO DVN05321B,,ჭურჭლის სარეცხი მანქანა BEKO DVN05321B,,"ჭურჭლის სარეცხი მანქანა BEKO DVN05321B — ტევადობა 10 კომპლექტი და ხმაურის დონე 49 dB. დეტალური მახასიათებლები, ფასი და ხელმისაწვდომობა იხილეთ Superi.ge-ზე.","ჭურჭლის სარეცხი მანქანა BEKO DVN05321B: მანქანის ტიპი დასადგამი, ენერგომოხმარების კლასი A++, ტევადობა 10 კომპლექტი, ხმაურის დონე 49 dB.",,meta description: შაბლონური/გაბმული სიტყვები,არა
2834,I50612,https://superi.ge/bosch-smi46ks00t/,churchelis-sarecxhi-manqanebi,ჭურჭლის სარეცხი მანქანა BOSCH SMI46KS00T,,ჭურჭლის სარეცხი მანქანა BOSCH SMI46KS00T,,"ჭურჭლის სარეცხი მანქანა BOSCH SMI46KS00T — ტევადობა 13 კომპლექტი. დეტალური მახასიათებლები, ფასი და ხელმისაწვდომობა იხილეთ Superi.ge-ზე.","ჭურჭლის სარეცხი მანქანა BOSCH SMI46KS00T: ენერგომოხმარების კლასი A+, ტევადობა 13 კომპლექტი, მართვის ტიპი ელექტრონული.",,meta description: შაბლონური/გაბმული სიტყვები,არა
1472,I46341,https://superi.ge/bosch-smi50d05tr/,churchelis-sarecxhi-manqanebi,ჭურჭლის სარეცხი მანქანა BOSCH SMI50D05TR,,ჭურჭლის სარეცხი მანქანა BOSCH SMI50D05TR,,"ჭურჭლის სარეცხი მანქანა BOSCH SMI50D05TR — ტევადობა 12 კომპლექტი. დეტალური მახასიათებლები, ფასი და ხელმისაწვდომობა იხილეთ Superi.ge-ზე.","ჭურჭლის სარეცხი მანქანა BOSCH SMI50D05TR: ელექტროენერგიის მოხმარების კლასი A+, რეცხვის ეფექტურობის კლასი A, გაშრობის ეფექტურობის კლასი A.",,meta description: შაბლონური/გაბმული სიტყვები,არა
3994,I75484,https://superi.ge/bosch-sms2htw72e/,churchelis-sarecxhi-manqanebi,ჭურჭლის სარეცხი მანქანა BOSCH SMS2HTW72E,,ჭურჭლის სარეცხი მანქანა BOSCH SMS2HTW72E | Superi.ge,,"ჭურჭლის სარეცხი მანქანა BOSCH SMS2HTW72E — ტევადობა 12 კომპლექტი. დეტალური მახასიათებლები, ფასი და ხელმისაწვდომობა იხილეთ Superi.ge-ზე.","ჭურჭლის სარეცხი მანქანა BOSCH SMS2HTW72E: მართვის ტიპი ელექტრონული/სენსორული, ტევადობა 12 კომპლექტი, ენერგოეფექტურობის კლასი C, წყლის მოხმარება 9,5 ლ.",,meta description: შაბლონური/გაბმული სიტყვები,არა
2818,I33811,https://superi.ge/bosch-sms43d02me/,churchelis-sarecxhi-manqanebi,ჭურჭლის სარეცხი მანქანა BOSCH SMS43D02ME,,ჭურჭლის სარეცხი მანქანა BOSCH SMS43D02ME,,"ჭურჭლის სარეცხი მანქანა BOSCH SMS43D02ME — ტევადობა 12 კომპლექტი. დეტალური მახასიათებლები, ფასი და ხელმისაწვდომობა იხილეთ Superi.ge-ზე.","ჭურჭლის სარეცხი მანქანა BOSCH SMS43D02ME: ელექტრომოხმარების კლასი A+, ტევადობა 12 კომპლექტი, ტეპერატურის რეჟიმი 4, ხმაურის დონე 48 dB პროგრამები.",,meta description: შაბლონური/გაბმული სიტყვები,არა
1763,I33176,https://superi.ge/bosch-sms43d08me/,churchelis-sarecxhi-manqanebi,ჭურჭლის სარეცხი მანქანა BOSCH SMS43D08ME,,ჭურჭლის სარეცხი მანქანა BOSCH SMS43D08ME,,"ჭურჭლის სარეცხი მანქანა BOSCH SMS43D08ME — ტევადობა 12 კომპლექტი. დეტალური მახასიათებლები, ფასი და ხელმისაწვდომობა იხილეთ Superi.ge-ზე.","ჭურჭლის სარეცხი მანქანა BOSCH SMS43D08ME: ელექტროენერგიის მოხმარების კლასი A+, რეცხვის ეფექტურობის კლასი A, გაშრობის ეფექტურობის კლასი A.",,meta description: შაბლონური/გაბმული სიტყვები,არა
2833,S82942,https://superi.ge/bosch-sms44dw01t/,churchelis-sarecxhi-manqanebi,ჭურჭლის სარეცხი მანქანა BOSCH SMS44DW01T,,ჭურჭლის სარეცხი მანქანა BOSCH SMS44DW01T,,"ჭურჭლის სარეცხი მანქანა BOSCH SMS44DW01T — ტევადობა 13 კომპლექტი. დეტალური მახასიათებლები, ფასი და ხელმისაწვდომობა იხილეთ Superi.ge-ზე.","ჭურჭლის სარეცხი მანქანა BOSCH SMS44DW01T: მართვის ტიპი ელექტრონული, ტევადობა 13 კომპლექტი, ენერგოეფექტურობის კლასი D, წყლის მოხმარება 9,5 ლ.",,meta description: შაბლონური/გაბმული სიტყვები,არა
2180,I66304,https://superi.ge/bosch-sms45di10q/,churchelis-sarecxhi-manqanebi,ჭურჭლის სარეცხი მანქანა BOSCH SMS45DI10Q,,ჭურჭლის სარეცხი მანქანა BOSCH SMS45DI10Q,,"ჭურჭლის სარეცხი მანქანა BOSCH SMS45DI10Q — ტევადობა 12 კომპლექტი და წყლის მოხმარება ეკო რეჟიმზე 9,5 ლ. ფასი და ხელმისაწვდომობა იხილეთ Superi.ge-ზე.","ჭურჭლის სარეცხი მანქანა BOSCH SMS45DI10Q: ენერგომოხმარების კლასი A+, ტევადობა 12 კომპლექტი, მართვის ტიპი ელექტრონული, წყლის მოხმარება ეკო რეჟიმზე 9,5 ლ.",,meta description: შაბლონური/გაბმული სიტყვები,არა
1483,S73460,https://superi.ge/bosch-sms45dw10q/,churchelis-sarecxhi-manqanebi,ჭურჭლის სარეცხი მანქანა BOSCH SMS45DW10Q,,ჭურჭლის სარეცხი მანქანა BOSCH SMS45DW10Q,,"ჭურჭლის სარეცხი მანქანა BOSCH SMS45DW10Q — ტევადობა 12 კომპლექტი. დეტალური მახასიათებლები, ფასი და ხელმისაწვდომობა იხილეთ Superi.ge-ზე.","ჭურჭლის სარეცხი მანქანა BOSCH SMS45DW10Q: ენერგომოხმარების კლასი A+, ტევადობა 12 კომპლექტი, მართვის ტიპი ელექტრონული.",,meta description: შაბლონური/გაბმული სიტყვები,არა
3069,I46702,https://superi.ge/bosch-sms46ii10q-13/,churchelis-sarecxhi-manqanebi,ჭურჭლის სარეცხი მანქანა BOSCH SMS46II10Q (13კომპლექტი),,ჭურჭლის სარეცხი მანქანა BOSCH SMS46II10Q (13კომპლექტი),,✔️ coSilence Drive™: მაღალი ეფექტურობის და დაბალი ხმაურის მქონე ძრავა. ✔️​ ActiveWater™: წყლის ეფექტური გამოყენება და დაზოგვა. ✔️ AquaStop®: წყლის გაჟონვისგან სრული დაცვა. ✔️ VarioFlex™ კალათა: რეგულირებადი კალათები სხვადასხვა ზომის ჭურჭლისთვის,"ჭურჭლის სარეცხი მანქანა BOSCH SMS46II10Q (13კომპლექტი): ენერგომოხმარების კლასი A+, ტევადობა 13 კომპლექტი, მართვის ტიპი ელექტრონული.",,meta description: სპეციფიკაციების ჩამონათვალი,არა
2447,I90200,https://superi.ge/bosch-sms4hmb62t/,churchelis-sarecxhi-manqanebi,ჭურჭლის სარეცხი მანქანა BOSCH SMS4HMB62T,,ჭურჭლის სარეცხი მანქანა BOSCH SMS4HMB62T,,ჭურჭლის სარეცხი მანქანა BOSCH SMS4HMB62T — ენერგოეფექტურობის კლასი D პროგრამები და ელექტრონული მართვა. ფასი და ხელმისაწვდომობა იხილეთ Superi.ge-ზე.,"ჭურჭლის სარეცხი მანქანა BOSCH SMS4HMB62T: მართვის ტიპი ელექტრონული, პერსონა 13, ენერგოეფექტურობის კლასი D პროგრამები, პროგრამების რაოდენობა 7.",,meta description: შაბლონური/გაბმული სიტყვები,არა
3171,S51050,https://superi.ge/bosch-sms4hmc65q/,churchelis-sarecxhi-manqanebi,ჭურჭლის სარეცხი მანქანა BOSCH SMS4HMC65Q,,ჭურჭლის სარეცხი მანქანა BOSCH SMS4HMC65Q,,"ჭურჭლის სარეცხი მანქანა BOSCH SMS4HMC65Q — ტევადობა 13 კომპლექტი და წყლის მოხმარება ეკო რეჟიმზე 9,5 ლ. ფასი და ხელმისაწვდომობა იხილეთ Superi.ge-ზე.","ჭურჭლის სარეცხი მანქანა BOSCH SMS4HMC65Q: ენერგომოხმარების კლასი A+, ტევადობა 13 კომპლექტი, მართვის ტიპი ელექტრონული, წყლის მოხმარება ეკო რეჟიმზე 9,5 ლ.",,meta description: შაბლონური/გაბმული სიტყვები,არა
1470,I75502,https://superi.ge/bosch-smv25bx02r/,churchelis-sarecxhi-manqanebi,ჭურჭლის სარეცხი მანქანა BOSCH SMV25BX02R,,ჭურჭლის სარეცხი მანქანა BOSCH SMV25BX02R,,"ჭურჭლის სარეცხი მანქანა BOSCH SMV25BX02R — ტევადობა 12 კომპლექტი და წყლის მოხმარება 10,5 ლ. ფასი და ხელმისაწვდომობა იხილეთ Superi.ge-ზე.","ჭურჭლის სარეცხი მანქანა BOSCH SMV25BX02R: ენერგომოხმარების კლასი A, მართვის ტიპი მექანიკური, ტევადობა 12 კომპლექტი, წყლის მოხმარება 10.5 ლ.",,meta description: შაბლონური/გაბმული სიტყვები,არა
2832,S30825,https://superi.ge/bosch-smv25cx10q/,churchelis-sarecxhi-manqanebi,ჭურჭლის სარეცხი მანქანა BOSCH SMV25CX10Q,,ჭურჭლის სარეცხი მანქანა BOSCH SMV25CX10Q,,"ჭურჭლის სარეცხი მანქანა BOSCH SMV25CX10Q — ტევადობა 12 კომპლექტი. დეტალური მახასიათებლები, ფასი და ხელმისაწვდომობა იხილეთ Superi.ge-ზე.","ჭურჭლის სარეცხი მანქანა BOSCH SMV25CX10Q: ენერგომოხმარების კლასი A+, ტევადობა 12 კომპლექტი, ხმაურის დონე 44 dB, პროგრამების რაოდენობა 5.",,meta description: შაბლონური/გაბმული სიტყვები,არა
2822,I74146,https://superi.ge/bosch-smv6ecx51e/,churchelis-sarecxhi-manqanebi,ჭურჭლის სარეცხი მანქანა BOSCH SMV6ECX51E,,ჭურჭლის სარეცხი მანქანა BOSCH SMV6ECX51E,,"ჭურჭლის სარეცხი მანქანა BOSCH SMV6ECX51E — ტევადობა 13 კომპლექტი. დეტალური მახასიათებლები, ფასი და ხელმისაწვდომობა იხილეთ Superi.ge-ზე.","ჭურჭლის სარეცხი მანქანა BOSCH SMV6ECX51E: მართვის ტიპი სენსორული, ტევადობა 13 კომპლექტი, წყლის მოხმარება 9.5 ლ, ხმაურის დონე 44 dB(A) პროგრამები.",,meta description: შაბლონური/გაბმული სიტყვები,არა
2824,S13541,https://superi.ge/gorenje-gi520e15x/,churchelis-sarecxhi-manqanebi,ჭურჭლის სარეცხი მანქანა GORENJE GI520E15X,,ჭურჭლის სარეცხი მანქანა GORENJE GI520E15X,,ჭურჭლის სარეცხი მანქანა GORENJE GI520E15X — ტევადობა 9 კომპლექტი და წყლის მოხმარება ეკო პროგრამაში 9 ლ. ფასი და ხელმისაწვდომობა იხილეთ Superi.ge-ზე.,"ჭურჭლის სარეცხი მანქანა GORENJE GI520E15X: ტევადობა 9 კომპლექტი, მართვის ტიპი ელექტრონული, ენერგომოხმარების კლასი A++, რეცხვის კლასი A.",,meta description: შაბლონური/გაბმული სიტყვები,არა
2825,S45705,https://superi.ge/gorenje-gs520e15w/,churchelis-sarecxhi-manqanebi,ჭურჭლის სარეცხი მანქანა GORENJE GS520E15W,,ჭურჭლის სარეცხი მანქანა GORENJE GS520E15W,,"ჭურჭლის სარეცხი მანქანა GORENJE GS520E15W — ტევადობა 9 კომპლექტი, წყლის მოხმარება 9 ლ და ხმაურის დონე 47 dB. ფასი და ხელმისაწვდომობა იხილეთ Superi.ge-ზე.","ჭურჭლის სარეცხი მანქანა GORENJE GS520E15W: მართვის ტიპი მექანიკური, ტევადობა 9 კომპლექტი, ელექტროენერგიის მოხმარება 100 ციკლზე 70 კვტ/სთ, წყლის მოხმარება 9 ლ.",,meta description: შაბლონური/გაბმული სიტყვები,არა
2820,S43476,https://superi.ge/gorenje-gs541d10w/,churchelis-sarecxhi-manqanebi,ჭურჭლის სარეცხი მანქანა GORENJE GS541D10W,,ჭურჭლის სარეცხი მანქანა GORENJE GS541D10W,,"ჭურჭლის სარეცხი მანქანა GORENJE GS541D10W — ტევადობა 11 კომპლექტი. დეტალური მახასიათებლები, ფასი და ხელმისაწვდომობა იხილეთ Superi.ge-ზე.","ჭურჭლის სარეცხი მანქანა GORENJE GS541D10W: ენერგომოხმარების კლასი A++, მართვის ტიპი მექანიკური, ტევადობა 11 კომპლექტი, წყლის მოხმარება 9.5 ლ.",,meta description: შაბლონური/გაბმული სიტყვები,არა
851,S37533,https://superi.ge/gorenje-gs541d10x/,churchelis-sarecxhi-manqanebi,ჭურჭლის სარეცხი მანქანა GORENJE GS541D10X,,ჭურჭლის სარეცხი მანქანა GORENJE GS541D10X,,"ჭურჭლის სარეცხი მანქანა GORENJE GS541D10X — ტევადობა 11 კომპლექტი. დეტალური მახასიათებლები, ფასი და ხელმისაწვდომობა იხილეთ Superi.ge-ზე.","ჭურჭლის სარეცხი მანქანა GORENJE GS541D10X: ენერგომოხმარების კლასი A+++ (A-30%), მართვის ტიპი ელექტრონული, ტევადობა 11 კომპლექტი, წყლის მოხმარება 9,5 ლ.",,meta description: შაბლონური/გაბმული სიტყვები,არა
1030,221665,https://superi.ge/gorenje-gs62040w/,churchelis-sarecxhi-manqanebi,ჭურჭლის სარეცხი მანქანა GORENJE GS62040W,,ჭურჭლის სარეცხი მანქანა GORENJE GS62040W,,"ჭურჭლის სარეცხი მანქანა GORENJE GS62040W — ტევადობა 13 კომპლექტი, წყლის მოხმარება 11 ლ და ელექტრონული მართვა. ფასი და ხელმისაწვდომობა იხილეთ Superi.ge-ზე.","ჭურჭლის სარეცხი მანქანა GORENJE GS62040W: ენერგომოხმარების კლასი A++, მართვის ტიპი ელექტრონული, ტევადობა 13 კომპლექტი, წყლის მოხმარება 11 ლ.",,meta description: შაბლონური/გაბმული სიტყვები,არა
2835,I73616,https://superi.ge/gorenje-gv531e10/,churchelis-sarecxhi-manqanebi,ჭურჭლის სარეცხი მანქანა GORENJE GV531E10,,ჭურჭლის სარეცხი მანქანა GORENJE GV531E10,,"ჭურჭლის სარეცხი მანქანა GORENJE GV531E10 — ტევადობა 9 კომპლექტი, წყლის მოხმარება 9 ლ და მექანიკური მართვა. ფასი და ხელმისაწვდომობა იხილეთ Superi.ge-ზე.","ჭურჭლის სარეცხი მანქანა GORENJE GV531E10: ენერგომოხმარების კლასი A++, მართვის ტიპი მექანიკური, ტევადობა 9 კომპლექტი, წყლის მოხმარება 9 ლ.",,meta description: შაბლონური/გაბმული სიტყვები,არა
2819,I71685,https://superi.ge/gorenje-gv62040/,churchelis-sarecxhi-manqanebi,ჭურჭლის სარეცხი მანქანა GORENJE GV62040,,ჭურჭლის სარეცხი მანქანა GORENJE GV62040,,ჭურჭლის სარეცხი მანქანა GORENJE GV62040 — ტევადობა 13 კომპლექტი და წყლის მოხმარება წელიწადში 2800 ლ. ფასი და ხელმისაწვდომობა იხილეთ Superi.ge-ზე.,"ჭურჭლის სარეცხი მანქანა GORENJE GV62040: ენერგომოხმარების კლასი A++, ტევადობა 13 კომპლექტი, მართვის პანელი LED, მართვის ტიპი ელექტრონული.",,meta description: შაბლონური/გაბმული სიტყვები,არა
8373,I93987,https://superi.ge/lg-dfb325hm-abmpara-14pcs/,churchelis-sarecxhi-manqanebi,ჭურჭლის სარეცხი მანქანა LG DFB325HM.ABMPARA (14PCS),,ჭურჭლის სარეცხი მანქანა LG DFB325HM.ABMPARA (14PCS) | Superi.ge,,"ჭურჭლის სარეცხი მანქანა LG DFB325HM.ABMPARA (14PCS) — მახასიათებლები, ფასი და ხელმისაწვდომობა იხილეთ Superi.ge-ზე და შეარჩიეთ სასურველი მოდელი ონლაინ.","ჭურჭლის სარეცხი მანქანა LG DFB325HM.ABMPARA (14PCS): კონსტრუქციის ტიპი ცალკე მდგომი, კონტროლის ტიპი ელექტრო / ღილაკები, ძრავის ტიპი ინვერტორული.",,meta description: შაბლონური/გაბმული სიტყვები,არა
1532,179316,https://superi.ge/toshiba-dw-14f1cis-w/,churchelis-sarecxhi-manqanebi,ჭურჭლის სარეცხი მანქანა TOSHIBA DW-14F1CIS (W),,ჭურჭლის სარეცხი მანქანა TOSHIBA DW-14F1CIS (W),,"ჭურჭლის სარეცხი მანქანა TOSHIBA DW-14F1CIS (W) — ტევადობა 14 კომპლექტი. დეტალური მახასიათებლები, ფასი და ხელმისაწვდომობა იხილეთ Superi.ge-ზე.","ჭურჭლის სარეცხი მანქანა TOSHIBA DW-14F1CIS (W): ენერგომოხმარების კლასი A++, ტევადობა 14 კომპლექტი, პროგრამების რაოდენობა 8, რეცხვის კლასი A.",,meta description: შაბლონური/გაბმული სიტყვები,არა
1469,207923,https://superi.ge/vestel-dwa1b3bow/,churchelis-sarecxhi-manqanebi,ჭურჭლის სარეცხი მანქანა VESTEL DWA1B3BOW,,ჭურჭლის სარეცხი მანქანა VESTEL DWA1B3BOW,,ჭურჭლის სარეცხი მანქანა VESTEL DWA1B3BOW — ტევადობა 12 კომპლექტი და წყლის მოხმარება ლ/წელი 3360. ფასი და ხელმისაწვდომობა იხილეთ Superi.ge-ზე.,"ჭურჭლის სარეცხი მანქანა VESTEL DWA1B3BOW: ტევადობა 12 კომპლექტი, წლიური წყლის მოხმარება (ლ/წელი) 3360, წლიური ენერგომოხმარება (kwh/წელი) 258.",,meta description: შაბლონური/გაბმული სიტყვები,არა
1253,183843,https://superi.ge/vestfrost-vfa2dsfs60/,churchelis-sarecxhi-manqanebi,ჭურჭლის სარეცხი მანქანა VESTFROST VFA2DSFS60,,ჭურჭლის სარეცხი მანქანა VESTFROST VFA2DSFS60,,ტიპი: ცალკე მდგომი ენერგომოხმარების კლასი: A++ ტევადობა: 13 კომპლექტი პროგრამების რაოდენობა: 8 შრობის სისტემა: Mini-Active Drying ზომა: 850 × 600 x 600 მმ / ფერი: ვერცხლისფერი,"ჭურჭლის სარეცხი მანქანა VESTFROST VFA2DSFS60: ენერგომოხმარების კლასი A++, ტევადობა 13 კომპლექტი, წყლის მოხმარება ციკლზე 11 ლ, მართვის ტიპი ელექტრონული.",,meta description: სპეციფიკაციების ჩამონათვალი,არა
1252,183844,https://superi.ge/vestfrost-vfa2wfs60d/,churchelis-sarecxhi-manqanebi,ჭურჭლის სარეცხი მანქანა VESTFROST VFA2WFS60D,,ჭურჭლის სარეცხი მანქანა VESTFROST VFA2WFS60D,,ტიპი: ცალკე მდგომი ენერგომოხმარების კლასი: A++ ტევადობა: 13 კომპლექტი პროგრამების რაოდენობა: 8 ECO რეჟიმი ზომა: 850 × 600 x 600 მმ / ფერი: თეთრი,"ჭურჭლის სარეცხი მანქანა VESTFROST VFA2WFS60D: ენერგომოხმარების კლასი A++, ტევადობა 13 კომპლექტი, წყლის მოხმარება ციკლზე 11 ლ, მართვის ტიპი ელექტრონული.",,meta description: სპეციფიკაციების ჩამონათვალი,არა
2897,127399,https://superi.ge/vestfrost-vfa2wfs60sd6/,churchelis-sarecxhi-manqanebi,ჭურჭლის სარეცხი მანქანა VESTFROST VFA2WFS60SD6,,ჭურჭლის სარეცხი მანქანა VESTFROST VFA2WFS60SD6,,"ჭურჭლის სარეცხი მანქანა VESTFROST VFA2WFS60SD6 — ტევადობა 13 კომპლექტი. დეტალური მახასიათებლები, ფასი და ხელმისაწვდომობა იხილეთ Superi.ge-ზე.","ჭურჭლის სარეცხი მანქანა VESTFROST VFA2WFS60SD6: ტევადობა 13 კომპლექტი, წყლის მოხმარება (თითო ციკლზე) 11 ლ, ენერგომოხმარების კლასი A++ პროგრამები.",,meta description: შაბლონური/გაბმული სიტყვები,არა
2938,01400,https://superi.ge/alneo-ylr2-88b/,dispenserebi,დისპენსერი ALNEO YLR2-88B (მაცივრით),,დისპენსერი ALNEO YLR2-88B (მაცივრით),,"დისპენსერი ALNEO YLR2-88B (მაცივრით) — სიმძლავრე 150 W და ავზის მოცულობა 2,0 ლ/სთ. დეტალური მახასიათებლები, ფასი და ხელმისაწვდომობა იხილეთ Superi.ge-ზე.","დისპენსერი ALNEO YLR2-88B (მაცივრით): გაგრილების სიმძლავრე 150 W, ცივი წყლის ავზის მოცულობა 2.0 ლ/სთ, ცივი წყლის ტემპერატურა ≤10℃, გაცხელების სიმძლავრე 600 W.",,meta description: შაბლონური/გაბმული სიტყვები,არა
3793,S92509,https://superi.ge/beko-bss-2201-tt/,dispenserebi,დისპენსერი BEKO BSS 2201 TT,,დისპენსერი BEKO BSS 2201 TT | Superi.ge,,"დისპენსერი BEKO BSS 2201 TT — სიმძლავრე 88 W და მექანიკური მართვა. დეტალური მახასიათებლები, ფასი და ხელმისაწვდომობა იხილეთ Superi.ge-ზე.","დისპენსერი BEKO BSS 2201 TT: მართვის ტიპი მექანიკური, გაგრილების სიმძლავრე 88 W, გაცხელების სიმძლავრე 550 W, ცივი წყლის ავზის მოცულობა 3.2 ლ.",,meta description: შაბლონური/გაბმული სიტყვები,არა
1896,SA0000000184,https://superi.ge/beko-bss-2210-set/,dispenserebi,დისპენსერი BEKO BSS 2210 SET,,დისპენსერი BEKO BSS 2210 SET,,"დისპენსერი BEKO BSS 2210 SET — სიმძლავრე 88 W და მექანიკური მართვა. დეტალური მახასიათებლები, ფასი და ხელმისაწვდომობა იხილეთ Superi.ge-ზე.","დისპენსერი BEKO BSS 2210 SET: მართვის ტიპი მექანიკური, ცხელი წყლის მაქსიმალური ტემპერატურა 85 - 95 ℃, ცივი წყლის ტემპერატურის დიაპაზონი 5-10 °C.",,meta description: შაბლონური/გაბმული სიტყვები,არა
1890,CT0000004969,https://superi.ge/beko-bss-4600-tt-set/,dispenserebi,დისპენსერი BEKO BSS 4600 TT SET,,დისპენსერი BEKO BSS 4600 TT SET,,"დისპენსერი BEKO BSS 4600 TT SET — მოცულობა 1,1 ლ და მექანიკური მართვა. დეტალური მახასიათებლები, ფასი და ხელმისაწვდომობა იხილეთ Superi.ge-ზე.","დისპენსერი BEKO BSS 4600 TT SET: მართვის ტიპი მექანიკური, მუშაობის პრინციპი წყლის გაციება/გაცხელება, ცხელი წყლის ავზი მოცულობა 1.1 ლ.",,meta description: შაბლონური/გაბმული სიტყვები,არა
2252,S48770,https://superi.ge/bosch-rdw1276/,dispenserebi,დისპენსერი BOSCH RDW1276,,დისპენსერი BOSCH RDW1276,,"დისპენსერი BOSCH RDW1276 — მექანიკური მართვა და ავზის მოცულობა 2 ლ. დეტალური მახასიათებლები, ფასი და ხელმისაწვდომობა იხილეთ Superi.ge-ზე.","დისპენსერი BOSCH RDW1276: მართვის ტიპი მექანიკური, ცივი წყლის ავზის მოცულობა 2 ლ, ცივი წყლის ნაკადის სიჩქარე 1.2 ლ/წთ, ცივი წყლის ტემპერატურა 10.0 °C.",,meta description: შაბლონური/გაბმული სიტყვები,არა
1897,S75448,https://superi.ge/bosch-rdw1571/,dispenserebi,დისპენსერი BOSCH RDW1571,,დისპენსერი BOSCH RDW1571|Superi.ge,,"დისპენსერი BOSCH RDW1571 — მექანიკური მართვა და ავზის მოცულობა 2,5 ლ. დეტალური მახასიათებლები, ფასი და ხელმისაწვდომობა იხილეთ Superi.ge-ზე.","დისპენსერი BOSCH RDW1571: მართვის ტიპი მექანიკური, გაცხელების მეთოდი შიდა ელემენტით, ცივი წყლის ავზის მოცულობა 2.5 ლ, ცხელი წყლის ავზის მოცულობა 4 ლ.",,meta description: შაბლონური/გაბმული სიტყვები,არა
2480,S43583,https://superi.ge/bosch-rdw1576/,dispenserebi,დისპენსერი BOSCH RDW1576,,დისპენსერი BOSCH RDW1576,,"დისპენსერი BOSCH RDW1576 — ელექტრონული მართვა და ავზის მოცულობა 4,0 ლ. დეტალური მახასიათებლები, ფასი და ხელმისაწვდომობა იხილეთ Superi.ge-ზე.","დისპენსერი BOSCH RDW1576: მართვის ტიპი ელექტრონული, ავზის ტიპი შიდა (დამალული), ცივი წყლის ავზის მოცულობა 4.0 ლ, ცივი წყლის ნაკადის სიჩქარე 1.2 ლ/წთ.",,meta description: შაბლონური/გაბმული სიტყვები,არა
1888,228768,https://superi.ge/dixi-byz1171/,dispenserebi,დისპენსერი DIXI BYZ1171,,დისპენსერი DIXI BYZ1171|Superi.ge,,"დისპენსერი DIXI BYZ1171 — სიმძლავრე 85 W და ელექტრონული მართვა. დეტალური მახასიათებლები, ფასი და ხელმისაწვდომობა იხილეთ Superi.ge-ზე.","დისპენსერი DIXI BYZ1171: მართვის ტიპი ელექტრონული, გაგრილების სიმძლავრე 85W, გაცხელების სიმძლავრე 500W, წყლის გამაცხელებელი სიმძლავრე 5ლ/სთ.",,meta description: შაბლონური/გაბმული სიტყვები,არა
1894,219713,https://superi.ge/millen-ty-lwyr87w/,dispenserebi,დისპენსერი MILLEN TY-LWYR87W,,დისპენსერი MILLEN TY-LWYR87W|Superi.ge,,"დისპენსერი MILLEN TY-LWYR87W — მექანიკური მართვა. დეტალური მახასიათებლები, ფასი და ხელმისაწვდომობა იხილეთ Superi.ge-ზე. შეუკვეთეთ ონლაინ.","დისპენსერი MILLEN TY-LWYR87W: მართვის ტიპი მექანიკური, გაცხელების მეთოდი შიდა ელემენტით, ძაბვა 220-240 V / 50 Hz, კორპუსის მასალა პლასტმასი.",,meta description: შაბლონური/გაბმული სიტყვები,არა
2978,SA0000008228,https://superi.ge/millen-ty-lyr801w/,dispenserebi,დისპენსერი MILLEN TY-LYR801W,,დისპენსერი MILLEN TY-LYR801W,,"დისპენსერი MILLEN TY-LYR801W — მექანიკური მართვა. დეტალური მახასიათებლები, ფასი და ხელმისაწვდომობა იხილეთ Superi.ge-ზე. შეუკვეთეთ ონლაინ.","დისპენსერი MILLEN TY-LYR801W: მართვის ტიპი მექანიკური, გაცხელების მეთოდი შიდა ელემენტით, ძაბვა 220-240 V / 50 Hz, კორპუსის მასალა პლასტმასი.",,meta description: შაბლონური/გაბმული სიტყვები,არა
1892,215942,https://superi.ge/toshiba-rwf-w1766tge-w/,dispenserebi,დისპენსერი TOSHIBA RWF-W1766TGE(W),,დისპენსერი TOSHIBA RWF-W1766TGE(W),,"დისპენსერი TOSHIBA RWF-W1766TGE(W) — მექანიკური მართვა და ავზის მოცულობა 4 ლ. დეტალური მახასიათებლები, ფასი და ხელმისაწვდომობა იხილეთ Superi.ge-ზე.","დისპენსერი TOSHIBA RWF-W1766TGE(W): მართვის ტიპი მექანიკური, გაცხელების მეთოდი შიდა ელემენტით, ცივი წყლის ავზის მოცულობა 4 ლ, ცხელი წყლის ავზის მოცულობა 4 ლ.",,meta description: შაბლონური/გაბმული სიტყვები,არა
2037,185529,https://superi.ge/dixi-byb110-3-silver/,dispenserebi,წყლის დისპენსერი Dixi BYB110-3 silver,,წყლის დისპენსერი Dixi BYB110-3 silver,,"წყლის დისპენსერი Dixi BYB110-3 silver — სიმძლავრე 500 W და მექანიკური მართვა. დეტალური მახასიათებლები, ფასი და ხელმისაწვდომობა იხილეთ Superi.ge-ზე.","წყლის დისპენსერი Dixi BYB110-3 silver: მართვის ტიპი მექანიკური, გაცხელების სიმძლავრე 500 W, გაციების სიმძლავრე 100 W, გაცხელება 5 ლ/სთ.",,meta description: შაბლონური/გაბმული სიტყვები,არა
8325,Z-036148,https://superi.ge/dji-air-3s-fly-more-combo-dji-rc-2-grey/,droni,DJI Air 3S FLY More Combo DJI RC 2 Grey,დრონი DJI Air 3S FLY More Combo DJI RC 2 Grey,DJI Air 3S FLY More Combo DJI RC 2 Grey | Superi.ge,დრონი DJI Air 3S FLY More Combo DJI RC 2 Grey | Superi.ge,"DJI Air 3S Fly More Combo (DJI RC 2) Grey – მძლავრი და კომპაქტური დრონი 48MP კამერით, 4K 120fps ვიდეოგადაღებით, 3-ღერძიანი სტაბილიზაციით, 45-წუთიანი ფრენის დროით, GPS-ით, 42GB შიდა მეხსიერებით და USB-C დატენვით",,,ქართული ტიპი დაემატა,არა
9841,S32275,https://superi.ge/dji-mini-5-pro-combo-plus-with-rc-2-grey/,droni,DJI Mini 5 Pro Combo Plus With RC 2 Grey,დრონი DJI Mini 5 Pro Combo Plus With RC 2 Grey,DJI Mini 5 Pro Combo Plus With RC 2 Grey | Superi.ge,დრონი DJI Mini 5 Pro Combo Plus With RC 2 Grey | Superi.ge,"DJI Mini 5 Pro Combo Plus 50MP CMOS კამერით, 4K 120fps ვიდეოთ, 52 წუთამდე ფრენის დროით, 3-axis გიმბალით, 42GB შიდა მეხსიერებით, GPS მხარდაჭერითა და RC 2 პულტის კომპლექტით გთავაზობთ პროფესიონალურ სტაბილურობასა და გაფართოებულ შესაძლებლობებს",,,ქართული ტიპი დაემატა,არა
3420,6291071150266,https://superi.ge/nikai-nkt1730s1/,eleqtro-chaidnebi,ელექტრო ჩაიდანი + ჩაის დასაყენებელი NIKAI NKT1730S1,,ელექტრო ჩაიდანი + ჩაის დასაყენებელი NIKAI NKT1730S1 | Superi.ge,,"ელექტრო ჩაიდანი + ჩაის დასაყენებელი NIKAI NKT1730S1 — მოცულობა 1,7 ლ. დეტალური მახასიათებლები, ფასი და ხელმისაწვდომობა იხილეთ Superi.ge-ზე.","ელექტრო ჩაიდანი + ჩაის დასაყენებელი NIKAI NKT1730S1: სიმძლავრე 1800-2200 W, ჩაიდნის მოცულობა 1.7 ლ, ჩაის დასაყენებელის მოცულობა 1 ლ, მართვის ტიპი მექანიკური.",,meta description: შაბლონური/გაბმული სიტყვები,არა
2218,EKL-X53E,https://superi.ge/ardesto-ekl-x53e/,eleqtro-chaidnebi,ელექტრო ჩაიდანი ARDESTO EKL-X53E,,ელექტრო ჩაიდანი ARDESTO EKL-X53E,,"ელექტრო ჩაიდანი ARDESTO EKL-X53E — მოცულობა 1,7 ლ და სიმძლავრე 1800–2200 W. დეტალური მახასიათებლები, ფასი და ხელმისაწვდომობა იხილეთ Superi.ge-ზე.","ელექტრო ჩაიდანი ARDESTO EKL-X53E: სიმძლავრე 1800-2200 W, მოცულობა 1.7 ლ, მართვის ტიპი ელექტრონული / სენსორული, ტემპერატურის შენარჩუნების ფუნქცია 30 წთ.",,meta description: შაბლონური/გაბმული სიტყვები,არა
3224,S66783,https://superi.ge/bosch-twk3p420-2400w-red/,eleqtro-chaidnebi,ელექტრო ჩაიდანი BOSCH TWK3P420 (2400W),,ელექტრო ჩაიდანი BOSCH TWK3P420 (2400W) RED,,სიმძლავრე: 2400 W მოცულობა: 1.7 ლ მართვის ტიპი: მექანიკური წყლის დონის მაჩვენებელი სადგამის 360°-ით ბრუნვა მუშაობის ინდიკატორ ზომა: 275 x 216 x 150 მმ / ფერი: ინოქსი,"ელექტრო ჩაიდანი BOSCH TWK3P420 (2400W): სიმძლავრე 2400 W, მოცულობა 1.7 ლ, მართვის ტიპი მექანიკური, ძაბვა 220-240 V.",,meta description: სპეციფიკაციების ჩამონათვალი,არა
3158,S28586,https://superi.ge/bosch-twk3p423/,eleqtro-chaidnebi,ელექტრო ჩაიდანი BOSCH TWK3P423,,ელექტრო ჩაიდანი BOSCH TWK3P423,,"ელექტრო ჩაიდანი BOSCH TWK3P423 — მოცულობა 1,7 ლ და სიმძლავრე 2400 W. დეტალური მახასიათებლები, ფასი და ხელმისაწვდომობა იხილეთ Superi.ge-ზე.","ელექტრო ჩაიდანი BOSCH TWK3P423: სიმძლავრე 2400 W, მოცულობა 1.7 ლ, მართვის ტიპი მექანიკური, გამაცხელებელი ელემენტის ტიპი დახურული.",,meta description: შაბლონური/გაბმული სიტყვები,არა
2829,S62958,https://superi.ge/bosch-twk3p424/,eleqtro-chaidnebi,ელექტრო ჩაიდანი BOSCH TWK3P424,,ელექტრო ჩაიდანი BOSCH TWK3P424,,"ელექტრო ჩაიდანი BOSCH TWK3P424 — მოცულობა 1,70 ლ და სიმძლავრე 2400 W. დეტალური მახასიათებლები, ფასი და ხელმისაწვდომობა იხილეთ Superi.ge-ზე.","ელექტრო ჩაიდანი BOSCH TWK3P424: სიმძლავრე 2400 W, მოცულობა 1.70 ლ, მართვის ტიპი მექანიკური, გამაცხელებელი ელემენტის ტიპი დახურული.",,meta description: შაბლონური/გაბმული სიტყვები,არა
3231,S41307,https://superi.ge/bosch-twk4p440/,eleqtro-chaidnebi,ელექტრო ჩაიდანი BOSCH TWK4P440,,ელექტრო ჩაიდანი BOSCH TWK4P440 | Superi.ge,,ტიპი: სტანდარტული სიმძლავრე: 2400 W მოცულობა: 1.70 ლ მაქსიმალური წყლის ტემპერატურა: 100 °C მართვის ტიპი: მექანიკური მასალა: უჟანგავი ფოლადი ფერი: ინოქსი,"ელექტრო ჩაიდანი BOSCH TWK4P440: სიმძლავრე 2400 W, მოცულობა 1.70 ლ, მაქსიმალური წყლის ტემპერატურა 100 °C, მართვის ტიპი მექანიკური.",,meta description: სპეციფიკაციების ჩამონათვალი,არა
3031,S93094,https://superi.ge/bosch-twk8611p/,eleqtro-chaidnebi,ელექტრო ჩაიდანი BOSCH TWK8611P,,ელექტრო ჩაიდანი BOSCH TWK8611P,,"ელექტრო ჩაიდანი BOSCH TWK8611P — მოცულობა 1,5 ლ, სიმძლავრე 2400 W და მართვის ტიპი მექანიკური/ელექტრონული. ფასი და ხელმისაწვდომობა იხილეთ Superi.ge-ზე.","ელექტრო ჩაიდანი BOSCH TWK8611P: სიმძლავრე 2400 W, მოცულობა 1.5 ლ, მართვის ტიპი მექანიკური/ელექტრონული, გამაცხელებელი ელემენტის ტიპი დახურული.",,meta description: შაბლონური/გაბმული სიტყვები,არა
1475,S49806,https://superi.ge/bosch-twk8613p/,eleqtro-chaidnebi,ელექტრო ჩაიდანი BOSCH TWK8613P,,ელექტრო ჩაიდანი BOSCH TWK8613P,,"ელექტრო ჩაიდანი BOSCH TWK8613P — მოცულობა 1,5 ლ, სიმძლავრე 2400 W და მართვის ტიპი მექანიკური/ელექტრონული. ფასი და ხელმისაწვდომობა იხილეთ Superi.ge-ზე.","ელექტრო ჩაიდანი BOSCH TWK8613P: სიმძლავრე 2400 W, მოცულობა 1.5 ლ, მართვის ტიპი მექანიკური/ელექტრონული, ტემპერატურის შერჩევა 70°C, 80°C, 90°C.",,meta description: შაბლონური/გაბმული სიტყვები,არა
1522,143662,https://superi.ge/braun-wk300-white/,eleqtro-chaidnebi,ელექტრო ჩაიდანი BRAUN WK300 WHITE,,ელექტრო ჩაიდანი BRAUN WK300 WHITE,,"ელექტრო ჩაიდანი BRAUN WK300 WHITE — მოცულობა 1,7 ლ და სიმძლავრე 2200 W. დეტალური მახასიათებლები, ფასი და ხელმისაწვდომობა იხილეთ Superi.ge-ზე.","ელექტრო ჩაიდანი BRAUN WK300 WHITE: სიმძლავრე 2200 W, მოცულობა 1,7 ლ, გამაცხელებელი ელემენტი დაფარული, დისკი, სწრაფი ადუღება 45 წმ (200 მლ).",,meta description: შაბლონური/გაბმული სიტყვები,არა
141,S12727,https://superi.ge/braun-wk5100bk/,eleqtro-chaidnebi,ელექტრო ჩაიდანი BRAUN WK5100BK,,ელექტრო ჩაიდანი BRAUN WK5100BK,,"ელექტრო ჩაიდანი BRAUN WK5100BK — მოცულობა 1,7 ლ და სიმძლავრე 2200 W. დეტალური მახასიათებლები, ფასი და ხელმისაწვდომობა იხილეთ Superi.ge-ზე.","ელექტრო ჩაიდანი BRAUN WK5100BK: სიმძლავრე 2200 W, მოცულობა 1.7 ლ, კორპუსი უჟანგავი ფოლადი. ✓ ოფიციალური გარანტია ✓ განვადება ✓ მიწოდება საქართველოში.",,meta description: შაბლონური/გაბმული სიტყვები,არა
2889,I90254,https://superi.ge/braun-wk5115bk/,eleqtro-chaidnebi,ელექტრო ჩაიდანი BRAUN WK5115BK,,ელექტრო ჩაიდანი BRAUN WK5115BK,,"ელექტრო ჩაიდანი BRAUN WK5115BK — მოცულობა 1,7 ლ და სიმძლავრე 3000 W. დეტალური მახასიათებლები, ფასი და ხელმისაწვდომობა იხილეთ Superi.ge-ზე.","ელექტრო ჩაიდანი BRAUN WK5115BK: სიმძლავრე 3000 W, მოცულობა 1.7 ლ, კორპუსი უჟანგავი ფოლადი. ✓ ოფიციალური გარანტია ✓ განვადება ✓ მიწოდება საქართველოში.",,meta description: შაბლონური/გაბმული სიტყვები,არა
2888,S54943,https://superi.ge/delonghi-kbov2001-bk/,eleqtro-chaidnebi,ელექტრო ჩაიდანი DELONGHI KBOV2001.BK,,ელექტრო ჩაიდანი DELONGHI KBOV2001.BK,,"შეიძინეთ ელექტრო ჩაიდანი DELONGHI KBOV2001.BK — მახასიათებლები, ფასი და ხელმისაწვდომობა იხილეთ Superi.ge-ზე და შეარჩიეთ სასურველი მოდელი ონლაინ.","ელექტრო ჩაიდანი DELONGHI KBOV2001.BK: პროდუქტის ტიპი ელექტრო ჩაიდანი, წყლის კონტეინერის მოცულობა 1.7 ლ, კორპუსის მასალა უჟანგავი ფოლადისგან, სიმძლავრე 2000 W.",,meta description: შაბლონური/გაბმული სიტყვები,არა
3078,I89400,https://superi.ge/gorenje-k15dws/,eleqtro-chaidnebi,ელექტრო ჩაიდანი GORENJE K15DWS,,ელექტრო ჩაიდანი GORENJE K15DWS,,"ელექტრო ჩაიდანი GORENJE K15DWS — მოცულობა 1,5 ლ და სიმძლავრე 1850–2200 W. დეტალური მახასიათებლები, ფასი და ხელმისაწვდომობა იხილეთ Superi.ge-ზე.","ელექტრო ჩაიდანი GORENJE K15DWS: სიმძლავრე 1850-2200 W, მოცულობა 1.5 ლ, მართვის ტიპი მექანიკური, ძაბვა 220-240 V. ✓ ოფიციალური გარანტია ✓ მიწოდება საქართველოში.",,meta description: შაბლონური/გაბმული სიტყვები,არა
2830,I89402,https://superi.ge/gorenje-k17dwd/,eleqtro-chaidnebi,ელექტრო ჩაიდანი GORENJE K17DWD,,ელექტრო ჩაიდანი GORENJE K17DWD,,"ელექტრო ჩაიდანი GORENJE K17DWD — მოცულობა 1,70 ლ და სიმძლავრე 2200 W. დეტალური მახასიათებლები, ფასი და ხელმისაწვდომობა იხილეთ Superi.ge-ზე.","ელექტრო ჩაიდანი GORENJE K17DWD: სიმძლავრე 2200 W, მოცულობა 1.70 ლ, მართვის ტიპი სენსორული, გამაცხელებელი ელემენტის ტიპი დახურული.",,meta description: შაბლონური/გაბმული სიტყვები,არა
2831,I88635,https://superi.ge/gorenje-k17gpd/,eleqtro-chaidnebi,ელექტრო ჩაიდანი GORENJE K17GPD,,ელექტრო ჩაიდანი GORENJE K17GPD,,"ელექტრო ჩაიდანი GORENJE K17GPD — მოცულობა 1,7 ლ და სიმძლავრე 2200 W. დეტალური მახასიათებლები, ფასი და ხელმისაწვდომობა იხილეთ Superi.ge-ზე.","ელექტრო ჩაიდანი GORENJE K17GPD: სიმძლავრე 2200 W, მოცულობა 1.7 ლ, მართვის ტიპი მექანიკური, მასალა მინა.",,meta description: შაბლონური/გაბმული სიტყვები,არა
2890,I94267,https://superi.ge/kenwood-zjm810rd/,eleqtro-chaidnebi,ელექტრო ჩაიდანი KENWOOD ZJM810RD,,ელექტრო ჩაიდანი KENWOOD ZJM810RD,,"ელექტრო ჩაიდანი KENWOOD ZJM810RD — მოცულობა 1,6 ლ და სიმძლავრე 2200 w. დეტალური მახასიათებლები, ფასი და ხელმისაწვდომობა იხილეთ Superi.ge-ზე.","ელექტრო ჩაიდანი KENWOOD ZJM810RD: პროდუქტის ტიპი ელექტრო ჩაიდანი, მოცულობა 1.6 ლ, სიმძლავრე 2200 w, სიგანე 18.",,meta description: შაბლონური/გაბმული სიტყვები,არა
3974,S58018,https://superi.ge/midea-17d19a2-black/,eleqtro-chaidnebi,ელექტრო ჩაიდანი MIDEA 17D19A2 BLACK,,ელექტრო ჩაიდანი MIDEA 17D19A2 BLACK | Superi.ge,,"ელექტრო ჩაიდანი MIDEA 17D19A2 BLACK — მოცულობა 1,7 ლ და სიმძლავრე 1850–2200 W. დეტალური მახასიათებლები, ფასი და ხელმისაწვდომობა იხილეთ Superi.ge-ზე.","ელექტრო ჩაიდანი MIDEA 17D19A2 BLACK: მოცულობა 1.7 ლ, სიმძლავრე 1850 - 2200 W, მართვის ტიპი მექანიკური, ძაბვა 220-240 V.",,meta description: შაბლონური/გაბმული სიტყვები,არა
2096,175188,https://superi.ge/sencor-swk-1775rs/,eleqtro-chaidnebi,ელექტრო ჩაიდანი SENCOR SWK 1775RS,,ელექტრო ჩაიდანი SENCOR SWK 1775RS,,ტიპი: სტანდარტული სიმძლავრე: 2150 W მოცულობა: 1.7 ლ მოხსნადი ფილტრი სადგამის ბრუნვა 360 გრადუსით კორპუსი: უჟანგავი ფოლადი ფერი: ვარდისფერი / წონა: 725 გრ,"ელექტრო ჩაიდანი SENCOR SWK 1775RS: სიმძლავრე 2150 W, მოცულობა 1.7 ლ, გამაცხელებელი ელემენტის ტიპი დახურული, ძაბვა 220-240V, 50Hz.",,meta description: სპეციფიკაციების ჩამონათვალი,არა
3004,S73634,https://superi.ge/smeg-klf03bleu-black/,eleqtro-chaidnebi,ელექტრო ჩაიდანი SMEG KLF03BLEU BLACK,,ელექტრო ჩაიდანი SMEG KLF03BLEU BLACK,,"ელექტრო ჩაიდანი SMEG KLF03BLEU BLACK — მოცულობა 1,7 ლ და სიმძლავრე 2400 W. დეტალური მახასიათებლები, ფასი და ხელმისაწვდომობა იხილეთ Superi.ge-ზე.","ელექტრო ჩაიდანი SMEG KLF03BLEU BLACK: სიმძლავრე 2400 W, მოცულობა 1.7 ლ, მართვის ტიპი მექანიკური/ელექტრონული, გამაცხელებელი ელემენტის ტიპი დახურული.",,meta description: შაბლონური/გაბმული სიტყვები,არა
2892,I96468,https://superi.ge/smeg-klf03rdeu-red/,eleqtro-chaidnebi,ელექტრო ჩაიდანი SMEG KLF03RDEU RED,,ელექტრო ჩაიდანი SMEG KLF03RDEU RED,,"ელექტრო ჩაიდანი SMEG KLF03RDEU RED — მოცულობა 1,7 ლ და სიმძლავრე 2400 W. დეტალური მახასიათებლები, ფასი და ხელმისაწვდომობა იხილეთ Superi.ge-ზე.","ელექტრო ჩაიდანი SMEG KLF03RDEU RED: სიმძლავრე 2400 W, მოცულობა 1.7 ლ, მართვის ტიპი მექანიკური/ელექტრონული, გამაცხელებელი ელემენტის ტიპი დახურული.",,meta description: შაბლონური/გაბმული სიტყვები,არა
1770,S70483,https://superi.ge/zilan-zln1001/,eleqtro-chaidnebi,ელექტრო ჩაიდანი ZILAN ZLN1001,,ელექტრო ჩაიდანი ZILAN ZLN1001|Superi.ge,,"ელექტრო ჩაიდანი ZILAN ZLN1001 — მოცულობა 1,7 ლ და სიმძლავრე 1850–2200 W. დეტალური მახასიათებლები, ფასი და ხელმისაწვდომობა იხილეთ Superi.ge-ზე.","ელექტრო ჩაიდანი ZILAN ZLN1001: სიმძლავრე 1850-2200 W, ძაბვა 220-240, მოცულობა 1.7 ლ, მართვის ტიპი მექანიკური. ✓ ოფიციალური გარანტია ✓ მიწოდება საქართველოში.",,meta description: შაბლონური/გაბმული სიტყვები,არა
1957,S44373,https://superi.ge/zilan-zln7033/,eleqtro-chaidnebi,ელექტრო ჩაიდანი ZILAN ZLN7033,,ელექტრო ჩაიდანი ZILAN ZLN7033|Superi.ge,,"ტიპი: სტანდარტული სიმძლავრე: 1850 - 2200W მოცულობა: 1.7 ლ გამაცხელებელი ელემენტის ტიპი: დახურული კორპუსის მასალა: პლასტმასი, უჟანგავი ფოლადი","ელექტრო ჩაიდანი ZILAN ZLN7033: სტილი რეტრო, სიმძლავრე 1850 - 2200W, მოცულობა 1.7 ლ, მართვის ტიპი მექანიკური. ✓ ოფიციალური გარანტია ✓ მიწოდება საქართველოში.",,meta description: სპეციფიკაციების ჩამონათვალი,არა
14967,S80942,https://superi.ge/zilan-zln1963-11-fins/,eleqtro-gamatboblebi,Zilan ZLN1963 11 Fins,ელექტრო გამათბობელი Zilan ZLN1963 11 Fins,Zilan ZLN1963 11 Fins | Superi.ge,ელექტრო გამათბობელი Zilan ZLN1963 11 Fins | Superi.ge,"Zilan ZLN1963 ზეთით რადიატორი 11 სექციით, 2500 W სიმძლავრით, გათბობის 3 რეჟიმით, რეგულირებადი თერმოსტატით, 400 W PTC ტურბო ვენტილატორითა და გადახურებისგან დაცვით.",,,ქართული ტიპი დაემატა,არა
2464,165525,https://superi.ge/kumtel-mh-1800/,eleqtro-gamatboblebi,გამათბობელი KUMTEL MH-1800,,გამათბობელი KUMTEL MH-1800,,"გამათბობელი KUMTEL MH-1800 — მაქსიმალური სიმძლავრე 1800 W და გასათბობი ფართი 15–20 მ². დეტალური მახასიათებლები, ფასი და ხელმისაწვდომობა იხილეთ Superi.ge-ზე.","გამათბობელი KUMTEL MH-1800: მაქსიმალური სიმძლავრე 1800 W, გასათბობი ფართი 15–20 მ², ფუნქციები თერმოსტატი, სიმძლავრის რეგულირება 900/1800 W.",,meta description: შაბლონური/გაბმული სიტყვები,არა
12127,S23437,https://superi.ge/midea-ndk20-21af/,eleqtro-gamatboblebi,ელექტრო გამათბობელი / კონვექტორი MIDEA NDK20-21AF,,ელექტრო გამათბობელი / კონვექტორი MIDEA NDK20-21AF | Superi.ge,,"ელექტრო გამათბობელი / კონვექტორი MIDEA NDK20-21AF — მახასიათებლები, ფასი და ხელმისაწვდომობა იხილეთ Superi.ge-ზე და შეარჩიეთ სასურველი მოდელი ონლაინ.","ელექტრო გამათბობელი / კონვექტორი MIDEA NDK20-21AF: მართვის ტიპი მექანიკური, მაქსიმალური სიმძლავრე 2000 W, რეკომენდებული ფართობი 20 მ²-მდე.",,meta description: შაბლონური/გაბმული სიტყვები,არა
2430,165523,https://superi.ge/kumtel-lx-2830-m-black/,eleqtro-gamatboblebi,ელექტრო გამათბობელი KUMTEL LX-2830 M BLACK,,ელექტრო გამათბობელი KUMTEL LX-2830 M BLACK,,"ელექტრო გამათბობელი KUMTEL LX-2830 M BLACK — მაქსიმალური სიმძლავრე 1800 W. დეტალური მახასიათებლები, ფასი და ხელმისაწვდომობა იხილეთ Superi.ge-ზე.","ელექტრო გამათბობელი KUMTEL LX-2830 M BLACK: გამაცხელებელი ელემენტის ტიპი კვარცის, მაქსიმალური სიმძლავრე 1800 W, გასათბობი ფართი 15-20 მ², დაყენება იატაკი.",,meta description: შაბლონური/გაბმული სიტყვები,არა
404,S84907,https://superi.ge/midea-ndk20-21a/,eleqtro-gamatboblebi,ელექტრო გამათბობელი MIDEA NDK20-21A,,ელექტრო გამათბობელი MIDEA NDK20-21A,,"ელექტრო გამათბობელი MIDEA NDK20-21A — მაქსიმალური სიმძლავრე 750–2000 W. დეტალური მახასიათებლები, ფასი და ხელმისაწვდომობა იხილეთ Superi.ge-ზე.","ელექტრო გამათბობელი MIDEA NDK20-21A: მაქსიმალური სიმძლავრე 750 - 2000 W, სიმძლავრის რაოდენობა 3, მართვის ტიპი მექანიკური.",,meta description: შაბლონური/გაბმული სიტყვები,არა
2426,S53730,https://superi.ge/sencor-scf-2101bk/,eleqtro-gamatboblebi,ელექტრო გამათბობელი SENCOR SCF 2101BK,,ელექტრო გამათბობელი SENCOR SCF 2101BK,,"ელექტრო გამათბობელი SENCOR SCF 2101BK — სიმძლავრე 2000 W და მექანიკური მართვა. დეტალური მახასიათებლები, ფასი და ხელმისაწვდომობა იხილეთ Superi.ge-ზე.","ელექტრო გამათბობელი SENCOR SCF 2101BK: მართვის ტიპი მექანიკური, პარამეტრების რაოდენობა 3, სიმძლავრე 2000W, დიზაინი იატაკზე დასადგამი.",,meta description: შაბლონური/გაბმული სიტყვები,არა
826,SA0000007360,https://superi.ge/zilan-zln2069/,eleqtro-gamatboblebi,ელექტრო გამათბობელი ZILAN ZLN2069,,ელექტრო გამათბობელი ZILAN ZLN2069,,"ელექტრო გამათბობელი ZILAN ZLN2069 — სიმძლავრე 2000 W. დეტალური მახასიათებლები, ფასი და ხელმისაწვდომობა იხილეთ Superi.ge-ზე.","ელექტრო გამათბობელი ZILAN ZLN2069: სიმძლავრე 2000 W, რეჟიმების რაოდენობა 4, სიმძლავრეების რაოდენობა 2, მართვის ტიპი სენსორული.",,meta description: შაბლონური/გაბმული სიტყვები,არა
825,S63019,https://superi.ge/zilan-zln2083/,eleqtro-gamatboblebi,ელექტრო გამათბობელი ZILAN ZLN2083,,ელექტრო გამათბობელი ZILAN ZLN2083,,ტიპი: ელექტრო სიმძლავრე: 1000W /2000W სიჩქარის დონე: 2 LED დისფლეი მართვის ტიპი: ელექტრონული წყალგაუმტარი კორპუსი: IP21 დისტანციური მართვა ზომა:ზომა: 16 x 45 x 65 სმ / ფერი: თეთრი,"ელექტრო გამათბობელი ZILAN ZLN2083: სიმძლავრე 1000W /2000W, სიჩქარის დონე 2, მართვის ტიპი ელექტრონული, ტემპერატურის რეგულირება 10-დან 49 °C-მდე.",,meta description: სპეციფიკაციების ჩამონათვალი,არა
3125,S82133,https://superi.ge/zilan-zln2823/,eleqtro-gamatboblebi,ელექტრო გამათბობელი ZILAN ZLN2823,,ელექტრო გამათბობელი ZILAN ZLN2823,,ელექტრო გამათბობელი ZILAN ZLN2823 — მაქსიმალური სიმძლავრე 2000 W და გასათბობი ფართი 15–20 მ². ფასი და ხელმისაწვდომობა იხილეთ Superi.ge-ზე.,"ელექტრო გამათბობელი ZILAN ZLN2823: მაქსიმალური სიმძლავრე 2000 W, გასათბობი ფართი 15–20 მ², დაყენება იატაკი / კედელი, მართვის ტიპი ელექტრონული.",,meta description: შაბლონური/გაბმული სიტყვები,არა
399,SA0000008282,https://superi.ge/zilan-zln6258/,eleqtro-gamatboblebi,ელექტრო გამათბობელი ZILAN ZLN6258,,ელექტრო გამათბობელი ZILAN ZLN6258,,"ელექტრო გამათბობელი ZILAN ZLN6258 — სიმძლავრე 2000 W და მექანიკური მართვა. დეტალური მახასიათებლები, ფასი და ხელმისაწვდომობა იხილეთ Superi.ge-ზე.","ელექტრო გამათბობელი ZILAN ZLN6258: სიმძლავრე 2000 W, მართვის ტიპი მექანიკური, ძაბვა 220-240 V ~ 50 Hz. ✓ ოფიციალური გარანტია ✓ მიწოდება საქართველოში.",,meta description: შაბლონური/გაბმული სიტყვები,არა
398,OFH-09X1,https://superi.ge/ardesto-ofh-09x1/,eleqtro-gamatboblebi,ზეთის გამათბობელი ARDESTO OFH-09X1,,ზეთის გამათბობელი ARDESTO OFH-09X1,,"ზეთის გამათბობელი ARDESTO OFH-09X1 — სიმძლავრე 2000 W. დეტალური მახასიათებლები, ფასი და ხელმისაწვდომობა იხილეთ Superi.ge-ზე.","ზეთის გამათბობელი ARDESTO OFH-09X1: სიმძლავრე 2000 W, განყოფილებების რაოდენობა 9, გათბობის ფართობი 20 მ², წონა 8,2 კგ.",,meta description: შაბლონური/გაბმული სიტყვები,არა
3425,S27739,https://superi.ge/beko-rho-8323-bt/,eleqtro-gamatboblebi,ზეთის გამათბობელი BEKO RHO 8323 BT,,ზეთის გამათბობელი BEKO RHO 8323 BT | Superi.ge,,ზეთის გამათბობელი BEKO RHO 8323 BT — სიმძლავრე 2300 W და მართვის ტიპი მექანიკური/დისტანციური. ფასი და ხელმისაწვდომობა იხილეთ Superi.ge-ზე.,"ზეთის გამათბობელი BEKO RHO 8323 BT: სიმძლავრე 2300 W, სექციების რაოდენობა 11, მართვის ტიპი მექანიკური / დისტანციური, წონა 9.5 კგ.",,meta description: შაბლონური/გაბმული სიტყვები,არა
3423,S60416,https://superi.ge/beko-rho6320b/,eleqtro-gamatboblebi,ზეთის გამათბობელი BEKO RHO6320B,,ზეთის გამათბობელი BEKO RHO6320B | Superi.ge,,"ზეთის გამათბობელი BEKO RHO6320B — სიმძლავრე 2000 W. დეტალური მახასიათებლები, ფასი და ხელმისაწვდომობა იხილეთ Superi.ge-ზე.","ზეთის გამათბობელი BEKO RHO6320B: სიმძლავრე 2000 W, განყოფილებების რაოდენობა 9, გათბობის ფართობი 20 მ2, წონა 7,7 კგ.",,meta description: შაბლონური/გაბმული სიტყვები,არა
163,2000000054667,https://superi.ge/midea-ny2311-20m/,eleqtro-gamatboblebi,ზეთის გამათბობელი MIDEA NY2311-20M,,ზეთის გამათბობელი MIDEA NY2311-20M,,რეკომენდირებული ფართი: 15 - 20 მ2 სიმძლავრე: 2300 W სექციების რაოდენობა: 11 სიმძლავრის რაოდენობა: 3 მაქსიმალური ენერგიის მოხმარება: 2.3 კვტ/სთ ფერი: თეთრი,"ზეთის გამათბობელი MIDEA NY2311-20M: რეკომენდირებული ფართი 15 - 20 მ2, სიმძლავრე 2300 W, სექციების რაოდენობა 11, სიმძლავრის რაოდენობა 3.",,meta description: სპეციფიკაციების ჩამონათვალი,არა
3418,6291071121037,https://superi.ge/nikai-noh946a/,eleqtro-gamatboblebi,ზეთის გამათბობელი NIKAI NOH946A,,ზეთის გამათბობელი NIKAI NOH946A | Superi.ge,,"ზეთის გამათბობელი NIKAI NOH946A — სიმძლავრე 3200 W. დეტალური მახასიათებლები, ფასი და ხელმისაწვდომობა იხილეთ Superi.ge-ზე.","ზეთის გამათბობელი NIKAI NOH946A: სიმძლავრე 3200 W, განყოფილებების რაოდენობა 13, ტემპერატურის რეჟიმები 3, გათბობის ფართობი 20 მ2.",,meta description: შაბლონური/გაბმული სიტყვები,არა
3422,123317,https://superi.ge/sencor-soh-3209wh-oil-heater/,eleqtro-gamatboblebi,ზეთის გამათბობელი SENCOR SOH 3209WH OIL HEATER,,ზეთის გამათბობელი SENCOR SOH 3209WH OIL HEATER | Superi.ge,,"ზეთის გამათბობელი SENCOR SOH 3209WH OIL HEATER — სიმძლავრე 2000 W. დეტალური მახასიათებლები, ფასი და ხელმისაწვდომობა იხილეთ Superi.ge-ზე.","ზეთის გამათბობელი SENCOR SOH 3209WH OIL HEATER: სიმძლავრე 2000 W, განყოფილებების რაოდენობა 9, გათბობის ფართობი 20 მ2, წონა 7,7 კგ.",,meta description: შაბლონური/გაბმული სიტყვები,არა
2425,145153,https://superi.ge/sencor-soh-3309bk/,eleqtro-gamatboblebi,ზეთის გამათბობელი SENCOR SOH 3309BK,,ზეთის გამათბობელი SENCOR SOH 3309BK,,"ზეთის გამათბობელი SENCOR SOH 3309BK — სიმძლავრე 2000 W და მექანიკური მართვა. დეტალური მახასიათებლები, ფასი და ხელმისაწვდომობა იხილეთ Superi.ge-ზე.","ზეთის გამათბობელი SENCOR SOH 3309BK: სიმძლავრე 2000 W, სექციების რაოდენობა 9, სიმძლავრის რაოდენობა 3, მართვის ტიპი მექანიკური.",,meta description: შაბლონური/გაბმული სიტყვები,არა
3424,S61691,https://superi.ge/zilan-zln8443/,eleqtro-gamatboblebi,ზეთის გამათბობელი ZILAN ZLN8443,,ზეთის გამათბობელი ZILAN ZLN8443 | Superi.ge,,"ზეთის გამათბობელი ZILAN ZLN8443 — სიმძლავრე 2000 W და მექანიკური მართვა. დეტალური მახასიათებლები, ფასი და ხელმისაწვდომობა იხილეთ Superi.ge-ზე.","ზეთის გამათბობელი ZILAN ZLN8443: სიმძლავრე 2000 W, სექციების რაოდენობა 9, მართვის ტიპი მექანიკური. ✓ ოფიციალური გარანტია ✓ განვადება ✓ მიწოდება საქართველოში.",,meta description: შაბლონური/გაბმული სიტყვები,არა
2431,194481,https://superi.ge/kumtel-ks-2760/,eleqtro-gamatboblebi,ინფრაწითელი გამათბობელი KUMTEL KS-2760,,ინფრაწითელი გამათბობელი KUMTEL KS-2760,,ინფრაწითელი გამათბობელი KUMTEL KS-2760 — მაქსიმალური სიმძლავრე 2200 W და რეკომენდებული ფართი 20–25 მ². ფასი და ხელმისაწვდომობა იხილეთ Superi.ge-ზე.,"ინფრაწითელი გამათბობელი KUMTEL KS-2760: მაქსიმალური სიმძლავრე 2200 W, რეკომენდირებული ფართი 20-25 მ², სპირალის რაოდენობა 4, მართვის ტიპი მექანიკური.",,meta description: შაბლონური/გაბმული სიტყვები,არა
1443,155459,https://superi.ge/franko-fco-1091/,eleqtro-gumelebi,ელექტრო ღუმელი FRANKO FCO-1091,,ელექტრო ღუმელი FRANKO FCO-1091,,"ელექტრო ღუმელი FRANKO FCO-1091 — მოცულობა 52 ლ, მაქსიმალური სიმძლავრე 1500 W და მექანიკური მართვა. ფასი და ხელმისაწვდომობა იხილეთ Superi.ge-ზე.","ელექტრო ღუმელი FRANKO FCO-1091: მართვის ტიპი მექანიკური, მაქსიმალური სიმძლავრე 1500 W, მოცულობა 52 ლ, თერმოსტატი 80 - 320°C.",,meta description: შაბლონური/გაბმული სიტყვები,არა
1693,195510,https://superi.ge/itimat-i-09/,eleqtro-gumelebi,ელექტრო ღუმელი ITIMAT I-09,,ელექტრო ღუმელი ITIMAT I-09|Superi.ge,,"ელექტრო ღუმელი ITIMAT I-09 — მოცულობა 35 ლ და მექანიკური მართვა. დეტალური მახასიათებლები, ფასი და ხელმისაწვდომობა იხილეთ Superi.ge-ზე.","ელექტრო ღუმელი ITIMAT I-09: მართვის ტიპი მექანიკური, მოცულობა 35 ლ, დანიშნულება გამოცხობა, შებრაწვა. ✓ ოფიციალური გარანტია ✓ განვადება ✓ მიწოდება საქართველოში.",,meta description: შაბლონური/გაბმული სიტყვები,არა
3419,6291071230746,https://superi.ge/nikai-nt5501r1/,eleqtro-gumelebi,ელექტრო ღუმელი NIKAI NT5501R1,,ელექტრო ღუმელი NIKAI NT5501R1 | Superi.ge,,"ელექტრო ღუმელი NIKAI NT5501R1 — მოცულობა 55 ლ და სიმძლავრე 1800 W. დეტალური მახასიათებლები, ფასი და ხელმისაწვდომობა იხილეთ Superi.ge-ზე.","ელექტრო ღუმელი NIKAI NT5501R1: მართვის ტიპი მექანიკური, მოცულობა 55 ლ, სიმძლავრე 1800 W, ტემპერატურის დიაპაზონი 100-250 C.",,meta description: შაბლონური/გაბმული სიტყვები,არა
3970,S63735,https://superi.ge/ninja-oo101eu-8in1/,eleqtro-gumelebi,ელექტრო ღუმელი NINJA OO101EU 8IN1,,ელექტრო ღუმელი NINJA OO101EU 8IN1 | Superi.ge,,"ელექტრო ღუმელი NINJA OO101EU 8IN1 — სიმძლავრე 2400 W. დეტალური მახასიათებლები, ფასი და ხელმისაწვდომობა იხილეთ Superi.ge-ზე.","ელექტრო ღუმელი NINJA OO101EU 8IN1: სიმძლავრე 2400 W, კონტროლის ტიპი ელექტრონული, პარამეტრების რაოდენობა 9, ენერგიის წყარო ქსელი.",,meta description: შაბლონური/გაბმული სიტყვები,არა
1996,232858,https://superi.ge/aston-martin-5db11/,eleqtro-manqanebi,ელექტრო მანქანა ASTON MARTIN 5DB11,,ელექტრო მანქანა ASTON MARTIN 5DB11,,"ელექტრო მანქანა ASTON MARTIN 5DB11 — მაქსიმალური დატვირთვა 30 კგ. დეტალური მახასიათებლები, ფასი და ხელმისაწვდომობა იხილეთ Superi.ge-ზე.","ელექტრო მანქანა ASTON MARTIN 5DB11: ადგილების რაოდენობა 1, მაქსიმალური დატვირთვა 30 კგ, სიჩქარეების რაოდენობ 4,5 კმ/სთ, დატენვის დრო 8-12 საათი.",,meta description: შაბლონური/გაბმული სიტყვები,არა
1997,232962,https://superi.ge/bmw-5ft-968/,eleqtro-manqanebi,ელექტრო მანქანა BMW 5FT-968,,ელექტრო მანქანა BMW 5FT-968|Superi.ge,,ელექტრო მანქანა BMW 5FT-968 — მაქსიმალური დატვირთვა 30 კგ და სიჩქარეების რაოდენობა 3 ავტომატური. ფასი და ხელმისაწვდომობა იხილეთ Superi.ge-ზე.,"ელექტრო მანქანა BMW 5FT-968: ადგილების რაოდენობა 1, მაქსიმალური დატვირთვა 30 კგ, სიჩქარეების რაოდენობა 3, ავტომატური, ძრავების რაოდენობა 2.",,meta description: შაბლონური/გაბმული სიტყვები,არა
2100,184547,https://superi.ge/canon-eos-4000d-blacklens-ef-s-18-55-dc-iii-3011c004aa/,fotoaparatebi,ფოტოაპარატი CANON EOS 4000D BLACK+LENS EF-S 18-55 DC III (3011C004AA),,ფოტოაპარატი CANON EOS 4000D BLACK+LENS EF-S 18-55 DC III,,ფოტოაპარატი CANON EOS 4000D BLACK+LENS EF-S 18-55 DC III (3011C004AA) — პროცესორი DIGIC 4+ კამერის. ფასი და ხელმისაწვდომობა იხილეთ Superi.ge-ზე.,"ფოტოაპარატი CANON EOS 4000D BLACK+LENS EF-S 18-55 DC III (3011C004AA): ეფექტური პიქსელების რაოდენობა 18.0 MP, საერთო პიქსელების რაოდენობა 18.7 MP.",,meta description: შაბლონური/გაბმული სიტყვები,არა
2537,Z-030319,https://superi.ge/canon-eos-r10-rf-s-18-45mm-is-stm-5331c047aa-black/,fotoaparatebi,ფოტოაპარატი CANON EOS R10 RF-S 18-45MM IS STM 5331C047AA BLACK,,ფოტოაპარატი CANON EOS R10 RF-S 18-45MM IS STM 5331C047AA BLACK,,ფოტოაპარატი CANON EOS R10 RF-S 18-45MM IS STM 5331C047AA BLACK — პროცესორი DIGIC X გამოსახულება. ფასი და ხელმისაწვდომობა იხილეთ Superi.ge-ზე.,"ფოტოაპარატი CANON EOS R10 RF-S 18-45MM IS STM 5331C047AA BLACK: ეფექტური პიქსელების რაოდენობა 24.2 MP, პროცესორი DIGIC X გამოსახულება.",,meta description: შაბლონური/გაბმული სიტყვები,არა
356,187507,https://superi.ge/fujifilm-instax-mini-11-ice-white/,fotoaparatebi,ფოტოაპარატი FUJIFILM INSTAX MINI 11 ICE WHITE,,ფოტოაპარატი FUJIFILM INSTAX MINI 11 ICE WHITE,,კამერის ტიპი: კომპაქტური მომენტალური ბეჭდვა მაქსიმალური დიაფრაგმა: 12.7 ხედვის ტიპი: ოპტიკური გამოსახულების ზომა: 62 x 46 მმ ზომა: 107.6 x 121.2 x 67.3მმ წონა: 293 გრ,"ფოტოაპარატი FUJIFILM INSTAX MINI 11 ICE WHITE: კამერის ტიპი კომპაქტური ობიექტივი, ფოკალური სიგრძე 60 მმ, მაკრო ფოკუსის დიაპაზონი 30 სმ.",,meta description: სპეციფიკაციების ჩამონათვალი,არა
358,187809,https://superi.ge/fujifilm-instax-mini-11-sky-blue/,fotoaparatebi,ფოტოაპარატი FUJIFILM INSTAX MINI 11 SKY BLUE,,ფოტოაპარატი FUJIFILM INSTAX MINI 11 SKY BLUE,,"კამერის ტიპი: კომპაქტური მომენტალური ბეჭდვა ფოკალური სიგრძე: 60 მმ Flash დიაპაზონი: 0,3-დან 2,7 მ-მდე ზომა: 107.6 x 121.2 x 67.3მმ წონა: 293 გრ / ფერი: ლურჯი","ფოტოაპარატი FUJIFILM INSTAX MINI 11 SKY BLUE: კამერის ტიპი კომპაქტური ობიექტივი, ფოკალური სიგრძე 60 მმ, მაკრო ფოკუსის დიაპაზონი 30 სმ.",,meta description: სპეციფიკაციების ჩამონათვალი,არა
9674,GSC-R50-CPASBB-01,https://superi.ge/gsc-gr500-thermaltake-racing-simulator-cockpit-steelaluminumblack-gsc-r50-cpasbb-01/,gaming,"GSC GR500, ThermalTake, racing simulator cockpit, Steel+AluminumBlack, GSC-R50-CPASBB-01","სარბოლო სიმულატორის კარკასი Thermaltake GSC GR500, შავი (GSC-R50-CPASBB-01)","GSC GR500, ThermalTake, racing simulator cockpit, Steel+AluminumBlack, GSC-R50-CPASBB-01 | Superi.ge","სარბოლო სიმულატორის კარკასი Thermaltake GSC GR500, შავი","ThermalTake GSC-R50 racing simulator cockpit – გამძლე ალუმინისა და ფოლადის კონსტრუქცია, კომფორტული მინა-ბოჭკოვანი სავარძელი, რეგულირებადი პედლები და საჭე, RGB განათება და შესანიშნავი სტაბილურობა რეალისტური მართვისთვის.",,,ქართული ტიპი დაემატა,არა
2964,367502,https://superi.ge/hyperx-367502-blast/,gaming,გეიმერული სავარძელი HyperX 367502 BLAST,,გეიმერული სავარძელი HyperX 367502 BLAST,,"გეიმერული სავარძელი HyperX 367502 BLAST — მაქსიმალური დატვირთვა 150 კგ. დეტალური მახასიათებლები, ფასი და ხელმისაწვდომობა იხილეთ Superi.ge-ზე.","გეიმერული სავარძელი HyperX 367502 BLAST: პროდუქტის ტიპი გეიმერული სავარძელი, მაქსიმალური დატვირთვა 150 კგ, მაქსიმალური სიმაღლე 2 მ, მექანიზმი მრავალფუნქციური.",,meta description: შაბლონური/გაბმული სიტყვები,არა
2963,367522,https://superi.ge/hyperx-367522-ruby/,gaming,გეიმერული სავარძელი HyperX 367522 RUBY,,გეიმერული სავარძელი HyperX 367522 RUBY,,"გეიმერული სავარძელი HyperX 367522 RUBY — მასალა ეკო ტყავი. დეტალური მახასიათებლები, ფასი და ხელმისაწვდომობა იხილეთ Superi.ge-ზე.","გეიმერული სავარძელი HyperX 367522 RUBY: პროდუქტის ტიპი Gaming სავარძელი რეგულირება, მასალა ეკო ტყავი, 4d gas lift მე-4 კლასი, მაქსიმალური დატვირთვა 150 კგ.",,meta description: შაბლონური/გაბმული სიტყვები,არა
2872,137096,https://superi.ge/yenkee-ygc-100rd-sabotage/,gaming,გეიმერული სავარძელი YENKEE YGC 100RD SABOTAGE,,გეიმერული სავარძელი YENKEE YGC 100RD SABOTAGE,,"გეიმერული სავარძელი YENKEE YGC 100RD SABOTAGE — მახასიათებლები, ფასი და ხელმისაწვდომობა იხილეთ Superi.ge-ზე და შეარჩიეთ სასურველი მოდელი ონლაინ.","გეიმერული სავარძელი YENKEE YGC 100RD SABOTAGE: სავარძლის სიღრმე 40 სმ, სავარძლის სიგანე 48 სმ, სავარძლის სიმაღლე 47 - 54 cm, საზურგის რეგულირება 90° - 180°.",,meta description: შაბლონური/გაბმული სიტყვები,არა
14325,S32820,https://superi.ge/bhcb66641bbbhs-b300/,gamtsovi,BHCB66641BBBHS b300,გამწოვი BHCB66641BBBHS b300,BHCB66641BBBHS b300 | Superi.ge,გამწოვი BHCB66641BBBHS b300 | Superi.ge,"BHCB66641BBBHS b300 — ენერგოეფექტურობის კლასი A, მინიმალური ხმაურის დონე 43 დბ, Booster რეჟიმში ხმაურის დონე 71 დბ, Booster ფუნქცია. ✓ ნაწილ-ნაწილ გადახდა",,,ქართული ტიპი დაემატა,არა
1630,S49039,https://superi.ge/beko-adv-5160-ran/,gamtsovi,გამწოვი BEKO ADV 5160 RAN,,გამწოვი BEKO ADV 5160 RAN|Superi.ge,,"გამწოვი BEKO ADV 5160 RAN — ხმაურის დონე 69 dB და მექანიკური მართვა. დეტალური მახასიათებლები, ფასი და ხელმისაწვდომობა იხილეთ Superi.ge-ზე.","გამწოვი BEKO ADV 5160 RAN: გამწოვის ტიპი გუმბათოვანი, წარმადობა 450 მ³/სთ, მართვის ტიპი მექანიკური, სიჩქარეების რაოდენობა 3.",,meta description: შაბლონური/გაბმული სიტყვები,არა
1604,S37422,https://superi.ge/bosch-dft63ca60q/,gamtsovi,გამწოვი BOSCH DFT63CA60Q,,გამწოვი BOSCH DFT63CA60Q|Superi.ge,,"გამწოვი BOSCH DFT63CA60Q — სიმძლავრე 125 W და მექანიკური მართვა. დეტალური მახასიათებლები, ფასი და ხელმისაწვდომობა იხილეთ Superi.ge-ზე.","გამწოვი BOSCH DFT63CA60Q: სამუშაო რეჟიმი კონვერტირებადი, მართვის ტიპი მექანიკური, წარმადობა 300 მ³/სთ, ძრავების სიმძლავრე 125 W.",,meta description: შაბლონური/გაბმული სიტყვები,არა
3996,I60244,https://superi.ge/bosch-dwb64bc52/,gamtsovi,გამწოვი BOSCH DWB64BC52,,გამწოვი BOSCH DWB64BC52 | Superi.ge,,"გამწოვი BOSCH DWB64BC52 — ხმაურის დონე 65 dB და მართვის ტიპი მექანი. დეტალური მახასიათებლები, ფასი და ხელმისაწვდომობა იხილეთ Superi.ge-ზე.","გამწოვი BOSCH DWB64BC52: გამწოვის ტიპი გუმბათოვანი, მონტაჟი კედელზე დასაკიდი, წარმადობა 365 მ³/სთ, სიჩქარეების რაოდენობა 3.",,meta description: შაბლონური/გაბმული სიტყვები,არა
3222,I75047,https://superi.ge/bosch-dwf65aj60t-649/,gamtsovi,გამწოვი BOSCH DWF65AJ60T (649 მ³/სთ),,გამწოვი BOSCH DWF65AJ60T (649 მ³/სთ) BLACK,,"გამწოვი BOSCH DWF65AJ60T (649 მ³/სთ) — სიმძლავრე 165 W წარმადობა: 649 მ³/სთ. დეტალური მახასიათებლები, ფასი და ხელმისაწვდომობა იხილეთ Superi.ge-ზე.","გამწოვი BOSCH DWF65AJ60T (649 მ³/სთ): სერია 4, სიმძლავრე 165 W, წარმადობა 649 მ³/სთ, სიჩქარეების რაოდენობა 3.",,meta description: შაბლონური/გაბმული სიტყვები,არა
1625,I85853,https://superi.ge/bosch-dwf95aj60t/,gamtsovi,გამწოვი BOSCH DWF95AJ60T,,გამწოვი BOSCH DWF95AJ60T|Superi.ge,,"გამწოვი BOSCH DWF95AJ60T — ხმაურის დონე 76 dB და მართვის ტიპი ელექტრ. დეტალური მახასიათებლები, ფასი და ხელმისაწვდომობა იხილეთ Superi.ge-ზე.","გამწოვი BOSCH DWF95AJ60T: გამწოვის ტიპი გუმბათოვანი, მონტაჟი კედელზე დასაკიდი, წარმადობა 649 მ³/სთ, სიჩქარეების რაოდენობა 3.",,meta description: შაბლონური/გაბმული სიტყვები,არა
3225,S18699,https://superi.ge/bosch-dwk64pj60t/,gamtsovi,გამწოვი BOSCH DWK64PJ60T,,გამწოვი BOSCH DWK64PJ60T | Superi.ge | ონლაინ მაღაზია,,გამწოვის ტიპი: გუმბათოვანი სერია: Serie | 2 მონტაჟი: კედელზე დასაკიდი წარმადობა: 400 მ³/სთ სიჩქარეების რაოდენობა: 3 ხმაურის დონე: 69 dB რეცირკულაციის ხმაურის დონე: 73 dB სიგანე: 60 სმ /ფერი: შავი,"გამწოვი BOSCH DWK64PJ60T: გამწოვის ტიპი გუმბათოვანი, სერია Serie | 2, მონტაჟი კედელზე დასაკიდი, წარმადობა 400 მ³/სთ.",,meta description: სპეციფიკაციების ჩამონათვალი,არა
2957,S48895,https://superi.ge/bosch-dwk65ad30r/,gamtsovi,გამწოვი BOSCH DWK65AD30R,,გამწოვი BOSCH DWK65AD30R,,"გამწოვი BOSCH DWK65AD30R — ხმაურის დონე 66 dB და მართვის ტიპი ელექტრონული/სენსორული. დეტალური მახასიათებლები, ფასი და ხელმისაწვდომობა იხილეთ Superi.ge-ზე.","გამწოვი BOSCH DWK65AD30R: გამწოვის ტიპი გუმბათოვანი, მონტაჟი კედელზე დასაკიდი, წარმადობა 331 მ³/სთ, ხმაურის დონე 66 dB.",,meta description: შაბლონური/გაბმული სიტყვები,არა
3198,S15660,https://superi.ge/bosch-dwk65aj80r/,gamtsovi,გამწოვი BOSCH DWK65AJ80R,,გამწოვი BOSCH DWK65AJ80R,,"გამწოვი BOSCH DWK65AJ80R — სიმძლავრე 216 W. დეტალური მახასიათებლები, ფასი და ხელმისაწვდომობა იხილეთ Superi.ge-ზე. შეუკვეთეთ ონლაინ.","გამწოვი BOSCH DWK65AJ80R: გამწოვის ტიპი გუმბათოვანი, მონტაჟი კედელზე დასამონტაჟებელი, სიმძლავრე 216 W, წარმადობა 530 მ³/სთ.",,meta description: შაბლონური/გაბმული სიტყვები,არა
1603,183008,https://superi.ge/bosch-dwk65aj90r/,gamtsovi,გამწოვი BOSCH DWK65AJ90R,,გამწოვი BOSCH DWK65AJ90R|Superi.ge,,"გამწოვი BOSCH DWK65AJ90R — სიმძლავრე 216 W. დეტალური მახასიათებლები, ფასი და ხელმისაწვდომობა იხილეთ Superi.ge-ზე. შეუკვეთეთ ონლაინ.","გამწოვი BOSCH DWK65AJ90R: გამწოვის ტიპი გუმბათოვანი, მონტაჟი კედელზე დასამონტაჟებელი, სიმძლავრე 216 W, წარმადობა 530 მ³/სთ.",,meta description: შაბლონური/გაბმული სიტყვები,არა
3997,I95791,https://superi.ge/bosch-dwk66pj20t/,gamtsovi,გამწოვი BOSCH DWK66PJ20T,,გამწოვი BOSCH DWK66PJ20T | Superi.ge,,"გამწოვი BOSCH DWK66PJ20T — ხმაურის დონე 59 dB და ენერგოეფექტურობის კლასი A მახასიათე. დეტალური მახასიათებლები, ფასი და ხელმისაწვდომობა იხილეთ Superi.ge-ზე.","გამწოვი BOSCH DWK66PJ20T: გამწოვის ტიპი გუმბათოვანი, მონტაჟი კედელზე დასაკიდი, წარმადობა 700მ³/სთ, სიჩქარეების რაოდენობა 3.",,meta description: შაბლონური/გაბმული სიტყვები,არა
3998,I73439,https://superi.ge/bosch-dwk67cm20/,gamtsovi,გამწოვი BOSCH DWK67CM20,,გამწოვი BOSCH DWK67CM20 | Superi.ge,,"გამწოვი BOSCH DWK67CM20 — სიმძლავრე 263 W. დეტალური მახასიათებლები, ფასი და ხელმისაწვდომობა იხილეთ Superi.ge-ზე. შეუკვეთეთ ონლაინ.","გამწოვი BOSCH DWK67CM20: წარმადობა 700 მ3/სთ, სიმძლავრე 263 W, სიჩქარეების რაოდენობა 3, ენერგოეფექტურობის კლასი B.",,meta description: შაბლონური/გაბმული სიტყვები,არა
3155,I69413,https://superi.ge/bosch-dwk67cm60/,gamtsovi,გამწოვი BOSCH DWK67CM60,,გამწოვი BOSCH DWK67CM60,,"გამწოვი BOSCH DWK67CM60 — ხმაურის დონე 58–74 dB და ხმაურის დონე 73 d. დეტალური მახასიათებლები, ფასი და ხელმისაწვდომობა იხილეთ Superi.ge-ზე.","გამწოვი BOSCH DWK67CM60: გამწოვის ტიპი გუმბათოვანი, მონტაჟი კედელზე დასაკიდი, წარმადობა 416 მ³/სთ, სიჩქარეების რაოდენობა 3.",,meta description: შაბლონური/გაბმული სიტყვები,არა
3351,S80918,https://superi.ge/bosch-dwp64cc20t/,gamtsovi,გამწოვი BOSCH DWP64CC20T,,გამწოვი BOSCH DWP64CC20T | Superi.ge,,"გამწოვი BOSCH DWP64CC20T — სიმძლავრე 125 W და ხმაურის დონე 64 dBA. დეტალური მახასიათებლები, ფასი და ხელმისაწვდომობა იხილეთ Superi.ge-ზე.","გამწოვი BOSCH DWP64CC20T: წარმადობა 380 მ3/სთ, სიმძლავრე 125 W, ხმაურის დონე 64 dBA, ენერგოეფექტურობის კლასი D.",,meta description: შაბლონური/გაბმული სიტყვები,არა
1628,S52558,https://superi.ge/electrolux-efc226r/,gamtsovi,გამწოვი ELECTROLUX EFC226R,,გამწოვი ELECTROLUX EFC226R,,"გამწოვი ELECTROLUX EFC226R — მართვის ტიპი ღილაკით. დეტალური მახასიათებლები, ფასი და ხელმისაწვდომობა იხილეთ Superi.ge-ზე.","გამწოვი ELECTROLUX EFC226R: წარმადობა 420 მ³/სთ, მართვის ტიპი ღილაკით, სიჩქარეების რაოდენობა 3, ხმაურის დონა 66 dB.",,meta description: შაბლონური/გაბმული სიტყვები,არა
1627,S84041,https://superi.ge/gorenje-whc63clb/,gamtsovi,გამწოვი GORENJE WHC63CLB,,გამწოვი GORENJE WHC63CLB | Superi.ge,,ტიპი: გუმბათოვანი მონტაჟი: კედელზე დასაკიდი წარმადობა: 650 მ³/სთ მართვის ტიპი: მექანიკური / ღილაკებით ფერი: მუქი ნაცრისფერი (ანტრაციტი),"გამწოვი GORENJE WHC63CLB: გამწოვის ტიპი გუმბათოვანი, მონტაჟი კედელზე დასაკიდი, მართვის ტიპი მექანიკური / ღილაკებით, წარმადობა 650 მ³/სთ.",,meta description: სპეციფიკაციების ჩამონათვალი,არა
1629,S34277,https://superi.ge/graetz-3420-pb-black/,gamtsovi,გამწოვი GRAETZ 3420 PB BLACK,,გამწოვი GRAETZ 3420 PB BLACK|Superi.ge,,"გამწოვი GRAETZ 3420 PB BLACK — ხმაურის დონე 70 dB და ელექტრონული მართვა. დეტალური მახასიათებლები, ფასი და ხელმისაწვდომობა იხილეთ Superi.ge-ზე.","გამწოვი GRAETZ 3420 PB BLACK: მართვის ტიპი ელექტრონული, წარმადობა 800 მ³/სთ, ხმაურის დონე 70 dB, ზომა (სიგანე/სიღრმე) 60 x 40 სმ.",,meta description: შაბლონური/გაბმული სიტყვები,არა
2646,S51927,https://superi.ge/graetz-3461-60-black/,gamtsovi,გამწოვი GRAETZ 3461.60 BLACK,,გამწოვი GRAETZ 3461.60 BLACK,,"გამწოვი GRAETZ 3461.60 BLACK — მართვის ტიპი მექანიკური/ღილაკებით. დეტალური მახასიათებლები, ფასი და ხელმისაწვდომობა იხილეთ Superi.ge-ზე.","გამწოვი GRAETZ 3461.60 BLACK: გამწოვის ტიპი გუმბათოვანი, მონტაჟი კედელზე დასაკიდი, წარმადობა 1000 მ³/სთ, მართვის ტიპი მექანიკური / ღილაკებით.",,meta description: შაბლონური/გაბმული სიტყვები,არა
1626,223529,https://superi.ge/luxell-da6-865-w/,gamtsovi,გამწოვი LUXELL DA6-865 W,,გამწოვი LUXELL DA6-865 W|Superi.ge,,"გამწოვი LUXELL DA6-865 W — ხმაურის დონე 59–70 dB მახასიათებლე. დეტალური მახასიათებლები, ფასი და ხელმისაწვდომობა იხილეთ Superi.ge-ზე.","გამწოვი LUXELL DA6-865 W: გამწოვის ტიპი გუმბათოვანი, მონტაჟი კედელზე დასაკიდი, წარმადობა 850 მ³/სთ, სიჩქარეების რაოდენობა 3.",,meta description: შაბლონური/გაბმული სიტყვები,არა
2744,S83357,https://superi.ge/midea-60j72/,gamtsovi,გამწოვი MIDEA 60J72,,გამწოვი MIDEA 60J72,,"გამწოვი MIDEA 60J72 — ძრავის სიმძლავრე 210 W და ხმაურის დონე 52–62 dB A. დეტალური მახასიათებლები, ფასი და ხელმისაწვდომობა იხილეთ Superi.ge-ზე.","გამწოვი MIDEA 60J72: ძრავის სიმძლავრე 210 W, სიჩქარეების რაოდენობა 3, ძრავის რაოდენობა 1, ჰაერის ნაკადი 600 მ3/სთ.",,meta description: შაბლონური/გაბმული სიტყვები,არა
2743,S37981,https://superi.ge/midea-60m77/,gamtsovi,გამწოვი MIDEA 60M77,,გამწოვი MIDEA 60M77,,"გამწოვი MIDEA 60M77 — ძრავის სიმძლავრე 210 W და ხმაურის დონე 55–66 dB A. დეტალური მახასიათებლები, ფასი და ხელმისაწვდომობა იხილეთ Superi.ge-ზე.","გამწოვი MIDEA 60M77: ძრავის სიმძლავრე 210 W, სიჩქარეების რაოდენობა 3, ძრავის რაოდენობა 1, ჰაერის ნაკადი 600 მ3/სთ.",,meta description: შაბლონური/გაბმული სიტყვები,არა
3960,S85354,https://superi.ge/midea-mh60an895gb/,gamtsovi,გამწოვი MIDEA MH60AN895GB,,გამწოვი MIDEA MH60AN895GB | Superi.ge,,"გამწოვი MIDEA MH60AN895GB — ძრავის სიმძლავრე 250 W და სენსორული მართვა. დეტალური მახასიათებლები, ფასი და ხელმისაწვდომობა იხილეთ Superi.ge-ზე.","გამწოვი MIDEA MH60AN895GB: ძრავის სიმძლავრე 250 W, მართვის ტიპი სენსორული, სიჩქარეების რაოდენობა 4, ძრავის რაოდენობა 1.",,meta description: შაბლონური/გაბმული სიტყვები,არა
2742,S24163,https://superi.ge/midea-mh60c355rb/,gamtsovi,გამწოვი MIDEA MH60C355RB,,გამწოვი MIDEA MH60C355RB,,"გამწოვი MIDEA MH60C355RB — ძრავის სიმძლავრე 290 W და ხმაურის დონე 62–72 dB A. დეტალური მახასიათებლები, ფასი და ხელმისაწვდომობა იხილეთ Superi.ge-ზე.","გამწოვი MIDEA MH60C355RB: ძრავის სიმძლავრე 290 W, სიჩქარეების რაოდენობა 3, ძრავის რაოდენობა 1, ჰაერის ნაკადი 800 მ3/სთ.",,meta description: შაბლონური/გაბმული სიტყვები,არა
2717,S96520,https://superi.ge/midea-mh60c785x/,gamtsovi,გამწოვი MIDEA MH60C785X,,გამწოვი MIDEA MH60C785X,,"გამწოვი MIDEA MH60C785X — ძრავის სიმძლავრე 215 W და ხმაურის დონე 66 dB A. დეტალური მახასიათებლები, ფასი და ხელმისაწვდომობა იხილეთ Superi.ge-ზე.","გამწოვი MIDEA MH60C785X: ძრავის სიმძლავრე 215 W, სიჩქარეების რაოდენობა 3, ძრავის რაოდენობა 1, ჰაერის ნაკადი 630/900 მ3/სთ.",,meta description: შაბლონური/გაბმული სიტყვები,არა
3276,S73190,https://superi.ge/samsung-nk24m3050ps-u1/,gamtsovi,გამწოვი SAMSUNG NK24M3050PS/U1,,გამწოვი SAMSUNG NK24M3050PS/U1 | Superi.ge,,"გამწოვი SAMSUNG NK24M3050PS/U1 — მართვის ტიპი მექანიკური ღილაკებით. დეტალური მახასიათებლები, ფასი და ხელმისაწვდომობა იხილეთ Superi.ge-ზე.","გამწოვი SAMSUNG NK24M3050PS/U1: დაყენების ტიპი კედლის, მართვის ტიპი მექანიკური (ღილაკებით), წარმადობა 512 მ³/სთ, სიჩქარეების რაოდენობა 3.",,meta description: შაბლონური/გაბმული სიტყვები,არა
3220,17071168,https://superi.ge/intex-64122/,gasaberi-aveji,გასაბერი ლეიბი INTEX 64122,,გასაბერი ლეიბი INTEX 64122 | Superi.ge | ონლაინ მაღაზია,,ტიპი: გასაბერი მწარმოებელი: Intex მოდელი: 64122 მასალა: პოლივინილქლორიდი მაქსიმალური დატვირთვა: 130 კგ დამზადებულია Fiber-Tech ტექნოლოგიით ზომა: 42 х 99 х 191 სმ,"გასაბერი ლეიბი INTEX 64122: მასალა პოლივინილქლორიდი, ადგილების რაოდენობა 1, მაქსიმალური დატვირთვა 130 კგ, ზედა და გვერდითი კედლების მასალის სისქე 0,53 მმ.",,meta description: სპეციფიკაციების ჩამონათვალი,არა
2144,S66706,https://superi.ge/akog-100-sp-110-grafite-sit/,gazis-gamatboblebi,გაზის გამათბობელი AKOG 100 SP (110 მ²) GRAFITE SIT,,გაზის გამათბობელი AKOG 100 SP (110 მ²) GRAFITE SIT,,"გაზის გამათბობელი AKOG 100 SP (110 მ²) GRAFITE SIT — სიმძლავრე 8,5 kW. დეტალური მახასიათებლები, ფასი და ხელმისაწვდომობა იხილეთ Superi.ge-ზე.","გაზის გამათბობელი AKOG 100 SP (110 მ²) GRAFITE SIT: მონტაჟის ტიპი კედლის, რეკომინდებული ფართი 110 მ², სიმძლავრე 8.5 kW, წვის კამერის ტიპი დახურული.",,meta description: შაბლონური/გაბმული სიტყვები,არა
3096,S39990,https://superi.ge/akog-2-sp-25-beige/,gazis-gamatboblebi,გაზის გამათბობელი AKOG 2 SP (25მ²) BEIGE,,გაზის გამათბობელი AKOG 2 SP (25მ²) BEIGE,,"გაზის გამათბობელი AKOG 2 SP (25მ²) BEIGE — მაქსიმალური სიმძლავრე 2,3 kW და რეკომენდებული ფართი 25 მ². ფასი და ხელმისაწვდომობა იხილეთ Superi.ge-ზე.","გაზის გამათბობელი AKOG 2 SP (25მ²) BEIGE: მოხმარებადი აირის ტიპი ბუნებრივი აირი, თხევადი გაზი, რეკომენდირებული ფართი 25 მ², წვის კამერის ტიპი დახურული.",,meta description: შაბლონური/გაბმული სიტყვები,არა
2093,S51844,https://superi.ge/akog-2h-20-graphite/,gazis-gamatboblebi,გაზის გამათბობელი AKOG 2H (20 მ²) GRAPHITE,,გაზის გამათბობელი AKOG 2H (20 მ²) GRAPHITE,,"გაზის გამათბობელი AKOG 2H (20 მ²) GRAPHITE — სიმძლავრე 2,3 kW. დეტალური მახასიათებლები, ფასი და ხელმისაწვდომობა იხილეთ Superi.ge-ზე.","გაზის გამათბობელი AKOG 2H (20 მ²) GRAPHITE: მონტაჟის ტიპი კედლის, რეკომინდებული ფართი 20 მ², სიმძლავრე 2.3 kW, წვის კამერის ტიპი დახურული.",,meta description: შაბლონური/გაბმული სიტყვები,არა
152,S75216,https://superi.ge/akog-2sp-25-black/,gazis-gamatboblebi,გაზის გამათბობელი AKOG 2SP (25 მ²) BLACK,,გაზის გამათბობელი AKOG 2SP (25 მ²) BLACK,,"გაზის გამათბობელი AKOG 2SP (25 მ²) BLACK — სიმძლავრე 2,3 kW და მასალა ფოლადი. დეტალური მახასიათებლები, ფასი და ხელმისაწვდომობა იხილეთ Superi.ge-ზე.","გაზის გამათბობელი AKOG 2SP (25 მ²) BLACK: რეკომინდებული ფართი 25 მ², სიმძლავრე 2,3 kW, წვის კამერის ტიპი დახურული, ანთება პიეზო სანთებელა.",,meta description: შაბლონური/გაბმული სიტყვები,არა
3099,CT0000005496,https://superi.ge/akog-3-h-sit-35-beige/,gazis-gamatboblebi,გაზის გამათბობელი AKOG 3 (H) SIT (35მ²) BEIGE,,გაზის გამათბობელი AKOG 3 (H) SIT (35მ²) BEIGE,,"გაზის გამათბობელი AKOG 3 (H) SIT (35მ²) BEIGE — სიმძლავრე 3 kW. დეტალური მახასიათებლები, ფასი და ხელმისაწვდომობა იხილეთ Superi.ge-ზე.","გაზის გამათბობელი AKOG 3 (H) SIT (35მ²) BEIGE: მონტაჟის ტიპი კედლის, რეკომინდებული ფართი 35 მ², სიმძლავრე 3 kW, წვის კამერის ტიპი დახურული.",,meta description: შაბლონური/გაბმული სიტყვები,არა
2140,S69118,https://superi.ge/akog-3-sp-35-graphite/,gazis-gamatboblebi,გაზის გამათბობელი AKOG 3 SP (35მ²) GRAPHITE,,გაზის გამათბობელი AKOG 3 SP (35მ²) GRAPHITE,,"გაზის გამათბობელი AKOG 3 SP (35მ²) GRAPHITE — სიმძლავრე 3 kW. დეტალური მახასიათებლები, ფასი და ხელმისაწვდომობა იხილეთ Superi.ge-ზე.","გაზის გამათბობელი AKOG 3 SP (35მ²) GRAPHITE: მონტაჟის ტიპი კედლის, რეკომინდებული ფართი 35 მ², სიმძლავრე 3 kW, წვის კამერის ტიპი დახურული.",,meta description: შაბლონური/გაბმული სიტყვები,არა
2085,S81078,https://superi.ge/akog-4-sp-40-black/,gazis-gamatboblebi,გაზის გამათბობელი AKOG 4 SP (40 მ²) BLACK,,გაზის გამათბობელი AKOG 4 SP (40 მ²) BLACK,,"გაზის გამათბობელი AKOG 4 SP (40 მ²) BLACK — სიმძლავრე 4 kW და მასალა ფოლადი. დეტალური მახასიათებლები, ფასი და ხელმისაწვდომობა იხილეთ Superi.ge-ზე.","გაზის გამათბობელი AKOG 4 SP (40 მ²) BLACK: რეკომინდებული ფართი 40 მ², სიმძლავრე 4 kW, წვის კამერის ტიპი დახურული, ანთება პიეზო სანთებელა.",,meta description: შაბლონური/გაბმული სიტყვები,არა
3105,S99854,https://superi.ge/akog-4-sp-45-graphit/,gazis-gamatboblebi,გაზის გამათბობელი AKOG 4 SP (45 მ²) GRAPHIT,,გაზის გამათბობელი AKOG 4 SP (45 მ²) GRAPHIT,,"გაზის გამათბობელი AKOG 4 SP (45 მ²) GRAPHIT — სიმძლავრე 4 kW და მასალა ფოლადი. დეტალური მახასიათებლები, ფასი და ხელმისაწვდომობა იხილეთ Superi.ge-ზე.","გაზის გამათბობელი AKOG 4 SP (45 მ²) GRAPHIT: რეკომინდებული ფართი 40-45 მ², სიმძლავრე 4 kW, წვის კამერის ტიპი დახურული, ანთება პიეზო სანთებელა.",,meta description: შაბლონური/გაბმული სიტყვები,არა
3109,CT0000005495,https://superi.ge/akog-5-h-60-beige/,gazis-gamatboblebi,გაზის გამათბობელი AKOG 5 H (60 მ²) BEIGE,,გაზის გამათბობელი AKOG 5 H (60 მ²) BEIGE,,"გაზის გამათბობელი AKOG 5 H (60 მ²) BEIGE — სიმძლავრე 5 kW და მასალა ფოლადი. დეტალური მახასიათებლები, ფასი და ხელმისაწვდომობა იხილეთ Superi.ge-ზე.","გაზის გამათბობელი AKOG 5 H (60 მ²) BEIGE: რეკომინდებული ფართი 60 მ², სიმძლავრე 5 kW, წვის კამერის ტიპი დახურული, ანთება პიეზო სანთებელა.",,meta description: შაბლონური/გაბმული სიტყვები,არა
2133,S91697,https://superi.ge/ersel-ehs-4000-ks-40-60-black/,gazis-gamatboblebi,გაზის გამათბობელი ERSEL EHS 4000 KS (40-60მ²) BLACK,,გაზის გამათბობელი ERSEL EHS 4000 KS (40-60მ²) BLACK,,გაზის გამათბობელი ERSEL EHS 4000 KS (40-60მ²) BLACK — სიმძლავრე 4 kW და რეკომენდებული ფართი 40–60 მ². ფასი და ხელმისაწვდომობა იხილეთ Superi.ge-ზე.,"გაზის გამათბობელი ERSEL EHS 4000 KS (40-60მ²) BLACK: მონტაჟის ტიპი კედლის, რეკომენდებული ფართი 40-60 მ², სიმძლავრე 4 kW, წვის კამერის ტიპი დახურული.",,meta description: შაბლონური/გაბმული სიტყვები,არა
2137,198897,https://superi.ge/ersel-ehs-5000-ks-60-80-black/,gazis-gamatboblebi,გაზის გამათბობელი ERSEL EHS 5000 KS (60-80 მ²) BLACK,,გაზის გამათბობელი ERSEL EHS 5000 KS (60-80 მ²) BLACK,,გაზის გამათბობელი ERSEL EHS 5000 KS (60-80 მ²) BLACK — სიმძლავრე 5 kW და რეკომენდებული ფართი 60–80 მ². ფასი და ხელმისაწვდომობა იხილეთ Superi.ge-ზე.,"გაზის გამათბობელი ERSEL EHS 5000 KS (60-80 მ²) BLACK: მონტაჟის ტიპი კედლის, რეკომენდებული ფართი 60-80 მ², სიმძლავრე 5 kW, წვის კამერის ტიპი დახურული.",,meta description: შაბლონური/გაბმული სიტყვები,არა
542,195024,https://superi.ge/ersel-ehs900kcb/,gazis-gamatboblebi,გაზის გამათბობელი ERSEL EHS900KCB,,გაზის გამათბობელი ERSEL EHS900KCB,,ტიპი: კედელზე დასამონტაჟებელი მოდელი: EHS900KCB რეკომენდირებული ფართი: 100-110 მ² გაზის ტიპი: ბუნებრივი გათბობის მაქსიმალური სიმძლავრე: 7.5 kW ანთების მექანიზმი: იტალიური (SIT),"გაზის გამათბობელი ERSEL EHS900KCB: რეკომენდირებული ფართი 100-110 მ², გათბობის მაქსიმალური სიმძლავრე 7.5 kW, გაზის ტიპი ბუნებრივი.",,meta description: სპეციფიკაციების ჩამონათვალი,არა
543,S31441,https://superi.ge/ersel-ehs900kcs/,gazis-gamatboblebi,გაზის გამათბობელი ERSEL EHS900KCS (80-100მ²) შავი,,გაზის გამათბობელი ERSEL EHS900KCS,,ტიპი: კედელზე დასამონტაჟებელი მოდელი: EHS900KCS რეკომენდირებული ფართი: 100-110 მ² გაზის ტიპი: ბუნებრივი გათბობის მაქსიმალური სიმძლავრე: 7.5 kW ანთების მექანიზმი: იტალიური (SIT) ზომა: 58 x 79 x 24 სმ / წონა: 28 კგ,"გაზის გამათბობელი ERSEL EHS900KCS (80-100მ²) შავი: რეკომენდირებული ფართი 80-100მ², გათბობის მაქსიმალური სიმძლავრე 7.5 kW, გაზის ტიპი ბუნებრივი.",,meta description: სპეციფიკაციების ჩამონათვალი,არა
540,195022,https://superi.ge/ersel-ehs900ks/,gazis-gamatboblebi,გაზის გამათბობელი ERSEL EHS900KS,,გაზის გამათბობელი ERSEL EHS900KS,,ტიპი: კედელზე დასამონტაჟებელი მოდელი: EHS900KS რეკომენდირებული ფართი: 100-110 მ² გაზის ტიპი: ბუნებრივი გათბობის მაქსიმალური სიმძლავრე: 7.5 kW ანთების მექანიზმი: იტალიური (SIT) ფერი: შავი,"გაზის გამათბობელი ERSEL EHS900KS: რეკომენდირებული ფართი 100-110 მ², გათბობის მაქსიმალური სიმძლავრე 7.5 kW, გაზის ტიპი ბუნებრივი, ანთების ტიპი პიეზო სანთებელა.",,meta description: სპეციფიკაციების ჩამონათვალი,არა
2148,236585,https://superi.ge/fujiyama-fhs-11000-f-brown/,gazis-gamatboblebi,გაზის გამათბობელი FUJIYAMA FHS 11000 F BROWN,,გაზის გამათბობელი FUJIYAMA FHS 11000 F BROWN,,"გაზის გამათბობელი FUJIYAMA FHS 11000 F BROWN — მაქსიმალური სიმძლავრე 10 kW. დეტალური მახასიათებლები, ფასი და ხელმისაწვდომობა იხილეთ Superi.ge-ზე.","გაზის გამათბობელი FUJIYAMA FHS 11000 F BROWN: რეკომენდირებული ფართი 100 მ², გათბობის მაქსიმალური სიმძლავრე 10 kW, ბუნებრივი აირის ხარჯი 1.33 მ³/სთ.",,meta description: შაბლონური/გაბმული სიტყვები,არა
2141,194981,https://superi.ge/fujiyama-fhs-12000mfc-100-white/,gazis-gamatboblebi,გაზის გამათბობელი FUJIYAMA FHS 12000MFC (100 მ²) WHITE,,გაზის გამათბობელი FUJIYAMA FHS 12000MFC (100 მ²) WHITE,,"ტიპი: კედელზე დასამონტაჟებელი რეკომენდირებული ფართი: 100 მ² გაზის ტიპი: ბუნებრივი გათბობის მაქსიმალური სიმძლავრე: 10 kW ზომა: 280 х 1045 х 605 მმ / წონა: 35,50 კგ ფერი: თეთრი","გაზის გამათბობელი FUJIYAMA FHS 12000MFC (100 მ²) WHITE: რეკომენდირებული ფართი 100 მ², გათბობის მაქსიმალური სიმძლავრე 10 kW, ბუნებრივი აირის წნევა 20 Bar.",,meta description: სპეციფიკაციების ჩამონათვალი,არა
2147,194978,https://superi.ge/fujiyama-fhs-4000-k-40-white/,gazis-gamatboblebi,გაზის გამათბობელი FUJIYAMA FHS 4000 K (40 მ²) WHITE,,გაზის გამათბობელი FUJIYAMA FHS 4000 K (40 მ²) WHITE,,"გაზის გამათბობელი FUJIYAMA FHS 4000 K (40 მ²) WHITE — მაქსიმალური სიმძლავრე 4 kW. დეტალური მახასიათებლები, ფასი და ხელმისაწვდომობა იხილეთ Superi.ge-ზე.","გაზის გამათბობელი FUJIYAMA FHS 4000 K (40 მ²) WHITE: რეკომენდირებული ფართი 40 მ², გათბობის მაქსიმალური სიმძლავრე 4 kW, გაზის ტიპი ბუნებრივი / თხევადი (LPG).",,meta description: შაბლონური/გაბმული სიტყვები,არა
3121,0811,https://superi.ge/gilan-gds-301-120-beige/,gazis-gamatboblebi,გაზის გამათბობელი GILAN GDS-301 (120მ²) BEIGE,,გაზის გამათბობელი GILAN GDS-301 (120მ²) BEIGE,,გაზის გამათბობელი GILAN GDS-301 (120მ²) BEIGE — სიმძლავრე 10 kW და მასალა ემალირებული ფოლადი. ფასი და ხელმისაწვდომობა იხილეთ Superi.ge-ზე.,"გაზის გამათბობელი GILAN GDS-301 (120მ²) BEIGE: რეკომინდებული ფართი 110-120მ², სიმძლავრე 10 kW, წვის კამერის ტიპი დახურული.",,meta description: შაბლონური/გაბმული სიტყვები,არა
3119,0837,https://superi.ge/hosseven-hdu-10-100-beige/,gazis-gamatboblebi,გაზის გამათბობელი HOSSEVEN HDU-10 (100მ²) BEIGE,,გაზის გამათბობელი HOSSEVEN HDU-10 (100მ²) BEIGE,,გაზის გამათბობელი HOSSEVEN HDU-10 (100მ²) BEIGE — სიმძლავრე 10 kW და მასალა ემალირებული ფოლადი. ფასი და ხელმისაწვდომობა იხილეთ Superi.ge-ზე.,"გაზის გამათბობელი HOSSEVEN HDU-10 (100მ²) BEIGE: რეკომინდებული ფართი 100მ², სიმძლავრე 10 kW, წვის კამერის ტიპი დახურული.",,meta description: შაბლონური/გაბმული სიტყვები,არა
3120,S22057,https://superi.ge/hosseven-hdu-10-100-black/,gazis-gamatboblebi,გაზის გამათბობელი HOSSEVEN HDU-10 (100მ²) BLACK,,გაზის გამათბობელი HOSSEVEN HDU-10 (100მ²) BLACK,,გაზის გამათბობელი HOSSEVEN HDU-10 (100მ²) BLACK — სიმძლავრე 10 kW და მასალა ემალირებული ფოლადი. ფასი და ხელმისაწვდომობა იხილეთ Superi.ge-ზე.,"გაზის გამათბობელი HOSSEVEN HDU-10 (100მ²) BLACK: რეკომინდებული ფართი 100 მ², სიმძლავრე 10 kW, წვის კამერის ტიპი დახურული.",,meta description: შაბლონური/გაბმული სიტყვები,არა
3118,0839,https://superi.ge/hosseven-hhs-9-80/,gazis-gamatboblebi,გაზის გამათბობელი HOSSEVEN HHS-9 (80მ²),,გაზის გამათბობელი HOSSEVEN HHS-9 (80მ²),,"გაზის გამათბობელი HOSSEVEN HHS-9 (80მ²) — სიმძლავრე 9 kW. დეტალური მახასიათებლები, ფასი და ხელმისაწვდომობა იხილეთ Superi.ge-ზე.","გაზის გამათბობელი HOSSEVEN HHS-9 (80მ²): რეკომინდებული ფართი 80 მ², სიმძლავრე 9 kW, წვის კამერის ტიპი დახურული (ორმაგი წვით), ანთება პიეზო სანთებელა.",,meta description: შაბლონური/გაბმული სიტყვები,არა
2154,150767,https://superi.ge/tam-kera-ag-10m/,gazis-gamatboblebi,გაზის ღუმელი TAM-KERA AG-10M,,გაზის ღუმელი TAM-KERA AG-10M | Superi.ge,,"გაზის ღუმელი TAM-KERA AG-10M — სიმძლავრე 5,5 kW და მექანიკური მართვა. დეტალური მახასიათებლები, ფასი და ხელმისაწვდომობა იხილეთ Superi.ge-ზე.","გაზის ღუმელი TAM-KERA AG-10M: მართვის ტიპი მექანიკური, სიმძლავრე 5,5 kW, გაზის ხარჯი 0,64 მ³/სთ, მოხმარებადი გაზის ტიპი ბუნებრივი აირი.",,meta description: შაბლონური/გაბმული სიტყვები,არა
2910,S63424,https://superi.ge/al-ko-classic-3-82-se-1400-w/,gazonis-sakrechi-manqanebi,გაზონის საკრეჭი მანქანა AL-KO CLASSIC 3.82 SE 1400 W,,გაზონის საკრეჭი მანქანა AL-KO CLASSIC 3.82 SE 1400 W,,"გაზონის საკრეჭი მანქანა AL-KO CLASSIC 3.82 SE 1400 W — მახასიათებლები, ფასი და ხელმისაწვდომობა იხილეთ Superi.ge-ზე და შეარჩიეთ სასურველი მოდელი ონლაინ.","გაზონის საკრეჭი მანქანა AL-KO CLASSIC 3.82 SE 1400 W: ბალახის შესაგროვებელი კონტეინერი 37 ლ, მოცელვის სიგანე 38 სმ, მოცელვის სიმაღლე 20-60 მმ კომპლექტაცია.",,meta description: შაბლონური/გაბმული სიტყვები,არა
676,157792,https://superi.ge/hyundai-hcb-c4205-1800w/,gazonis-sakrechi-manqanebi,გაზონის საკრეჭი მანქანა HYUNDAI HCB.C4205 1800W,,გაზონის საკრეჭი მანქანა HYUNDAI HCB.C4205 1800W,,"გაზონის საკრეჭი მანქანა HYUNDAI HCB.C4205 1800W — მოცულობა 50 ლ და სიმძლავრე 1800 W. დეტალური მახასიათებლები, ფასი და ხელმისაწვდომობა იხილეთ Superi.ge-ზე.","გაზონის საკრეჭი მანქანა HYUNDAI HCB.C4205 1800W: კვება ქსელიდან, სიმძლავრე 1800 W, ბალახის ჭრის სიმაღლე 20-70 მმ (6 ნაბიჯი), ბალახის ჭრის სიგანე 42 მმ.",,meta description: შაბლონური/გაბმული სიტყვები,არა
2690,169470,https://superi.ge/ingco-lm385/,gazonis-sakrechi-manqanebi,გაზონის საკრეჭი მანქანა INGCO LM385,,გაზონის საკრეჭი მანქანა INGCO LM385,,"გაზონის საკრეჭი მანქანა INGCO LM385 — სიმძლავრე 1600 W. დეტალური მახასიათებლები, ფასი და ხელმისაწვდომობა იხილეთ Superi.ge-ზე.","გაზონის საკრეჭი მანქანა INGCO LM385: სიმძლავრე 1600 W, თავისუფალი ბრუნვის სიჩქარე 3500 ბრ/წთ, ბალახის ჭრის სიგანე 380 მმ, ბალახის ჭრის სიმაღლე 28-48-68 მმ.",,meta description: შაბლონური/გაბმული სიტყვები,არა
3795,CT0000004855,https://superi.ge/beko-fse-62110-dw-superia/,gazqurebi,გაზქურა BEKO FSE 62110 DW SUPERIA,,გაზქურა BEKO FSE 62110 DW SUPERIA | Superi.ge,,"გაზქურა BEKO FSE 62110 DW SUPERIA — სიმძლავრე 2400 W ღუმელი და მექანიკური მართვა. დეტალური მახასიათებლები, ფასი და ხელმისაწვდომობა იხილეთ Superi.ge-ზე.","გაზქურა BEKO FSE 62110 DW SUPERIA: მართვის ტიპი მექანიკური, კონფორები 4 გაზის, სიმძლავრე 2400 W ღუმელი, მართვის ტიპი მექანიკური.",,meta description: შაბლონური/გაბმული სიტყვები,არა
3798,CT0000003427,https://superi.ge/beko-fse-63320-dx/,gazqurebi,გაზქურა BEKO FSE 63320 DX,,გაზქურა BEKO FSE 63320 DX | Superi.ge,,"გაზქურა BEKO FSE 63320 DX — მექანიკური მართვა. დეტალური მახასიათებლები, ფასი და ხელმისაწვდომობა იხილეთ Superi.ge-ზე. შეუკვეთეთ ონლაინ.","გაზქურა BEKO FSE 63320 DX: მართვის ტიპი მექანიკური, ენერგომოხმარების კლასი A, ელექტრონული ანთება კი, ინტეგრირებული ღუმელი, ღუმელის მოცულობა 66 ლ.",,meta description: შაბლონური/გაბმული სიტყვები,არა
3800,CT0000006151,https://superi.ge/beko-fse-63330-dx-superia/,gazqurebi,გაზქურა BEKO FSE 63330 DX SUPERIA,,გაზქურა BEKO FSE 63330 DX SUPERIA | Superi.ge,,"გაზქურა BEKO FSE 63330 DX SUPERIA — მექანიკური მართვა. დეტალური მახასიათებლები, ფასი და ხელმისაწვდომობა იხილეთ Superi.ge-ზე.","გაზქურა BEKO FSE 63330 DX SUPERIA: მართვის ტიპი მექანიკური, ენერგოეფექტურობის კლასი A, ელექტრონული ანთება კი, ინტეგრირებული ღუმელი, ღუმელის მოცულობა 66 ლ.",,meta description: შაბლონური/გაბმული სიტყვები,არა
3796,CT0000008000,https://superi.ge/beko-fset-62111-gss-superia/,gazqurebi,გაზქურა BEKO FSET 62111 GSS SUPERIA,,გაზქურა BEKO FSET 62111 GSS SUPERIA | Superi.ge,,"გაზქურა BEKO FSET 62111 GSS SUPERIA — მექანიკური მართვა და მართვის ტიპი მექა. დეტალური მახასიათებლები, ფასი და ხელმისაწვდომობა იხილეთ Superi.ge-ზე.","გაზქურა BEKO FSET 62111 GSS SUPERIA: მართვის ტიპი მექანიკური, კონფორები 4 გაზის, ღუმელის რაოდენობა 1, მართვის ტიპი მექანიკური.",,meta description: შაბლონური/გაბმული სიტყვები,არა
3799,SA0000008258,https://superi.ge/beko-fsgt-62110-dxo-b100/,gazqurebi,გაზქურა BEKO FSGT 62110 DXO b100,,გაზქურა BEKO FSGT 62110 DXO b100 | Superi.ge,,"გაზქურა BEKO FSGT 62110 DXO b100 — მოცულობა 59 ლ. დეტალური მახასიათებლები, ფასი და ხელმისაწვდომობა იხილეთ Superi.ge-ზე. შეუკვეთეთ ონლაინ.","გაზქურა BEKO FSGT 62110 DXO b100: ღუმელის ტიპი გაზის, კონტროლის ტიპი მექანიკური, ღუმელის მოცულობა 59 ლ, ენერგოეფექტურობის კლასი A.",,meta description: შაბლონური/გაბმული სიტყვები,არა
3801,CT0000007783,https://superi.ge/beko-fsm-62330-dxs-b300/,gazqurebi,გაზქურა BEKO FSM 62330 DXS b300,,გაზქურა BEKO FSM 62330 DXS b300 | Superi.ge,,"გაზქურა BEKO FSM 62330 DXS b300 — მასალა უჟანგავი ფოლადი. დეტალური მახასიათებლები, ფასი და ხელმისაწვდომობა იხილეთ Superi.ge-ზე.","გაზქურა BEKO FSM 62330 DXS b300: ენერგომოხმარების კლასი A, გაზის კომფორის რაოდენობა 4, ზედაპირის მასალა უჟანგავი ფოლადი, გაზკონტროლი კი ღუმელი.",,meta description: შაბლონური/გაბმული სიტყვები,არა
4005,SA0000008034,https://superi.ge/millen-ft6400gbzb/,gazqurebi,გაზქურა MILLEN FT6400GBZB,,გაზქურა MILLEN FT6400GBZB | Superi.ge,,"გაზქურა MILLEN FT6400GBZB — მასალა ემალი, მასალა ემალირებული მ და მექანიკური მართვა. დეტალური მახასიათებლები, ფასი და ხელმისაწვდომობა იხილეთ Superi.ge-ზე.","გაზქურა MILLEN FT6400GBZB: მართვის ტიპი მექანიკური, კონფორები 4, ზედაპირის მასალა ემალი, ქურის თავსახური მინა.",,meta description: შაბლონური/გაბმული სიტყვები,არა
3979,WE0000003538,https://superi.ge/vox-gtr-6400w/,gazqurebi,გაზქურა VOX GTR 6400W,,გაზქურა VOX GTR 6400W | Superi.ge,,"გაზქურა VOX GTR 6400W — მოცულობა 65 ლ. დეტალური მახასიათებლები, ფასი და ხელმისაწვდომობა იხილეთ Superi.ge-ზე. შეუკვეთეთ ონლაინ.","გაზქურა VOX GTR 6400W: ღუმელის ტიპი ელექტრო, კონტროლის ტიპი მექანიკური, ღუმელის მოცულობა 65 ლ, ენერგოეფექტურობის კლასი A.",,meta description: შაბლონური/გაბმული სიტყვები,არა
3912,126254,https://superi.ge/oz-obig90x60b5e/,gazqurebi,ქურა OZ OBIG90X60B5E,,ქურა OZ OBIG90X60B5E | Superi.ge,,"ქურა OZ OBIG90X60B5E — მექანიკური მართვა. დეტალური მახასიათებლები, ფასი და ხელმისაწვდომობა იხილეთ Superi.ge-ზე. შეუკვეთეთ ონლაინ.","ქურა OZ OBIG90X60B5E: მართვის ტიპი მექანიკური, გისოსების მასალა თუჯი, სამუშაო ზედაპირი ემალი, კომპლექტაციაში შედის ლანგარი, გრილის ბადე.",,meta description: შაბლონური/გაბმული სიტყვები,არა
2581,203086,https://superi.ge/al-ko-2500-c-8041420/,generatorebi,გენერატორი AL-KO 2500-C (8041420),,გენერატორი AL-KO 2500-C (8041420),,"გენერატორი AL-KO 2500-C (8041420) — სიმძლავრე 2200 W და ავზის მოცულობა 15 ლ. დეტალური მახასიათებლები, ფასი და ხელმისაწვდომობა იხილეთ Superi.ge-ზე.","გენერატორი AL-KO 2500-C (8041420): საწვავის ტიპი ბენზინი, საწვავის ავზის მოცულობა 15 ლ, ნომინალური სიმძლავრე 2200 W, სამუშაო სიმძლავრე 2200 W.",,meta description: შაბლონური/გაბმული სიტყვები,არა
1911,S60288,https://superi.ge/al-ko-6500-d-c/,generatorebi,გენერატორი AL-KO 6500 D-C,,გენერატორი AL-KO 6500 D-C|Superi.ge,,"გენერატორი AL-KO 6500 D-C — 4–ტაქტიანი ერთცილინდრიანი ძრავა. დეტალური მახასიათებლები, ფასი და ხელმისაწვდომობა იხილეთ Superi.ge-ზე.","გენერატორი AL-KO 6500 D-C: სერია Comfort, ძრავის ტიპი 4-ტაქტიანი, ერთცილინდრიანი, საწვავის ტიპი ბენზინი, გენერატორის ნომინალური სიმძლავრე 4.0 kW.",,meta description: შაბლონური/გაბმული სიტყვები,არა
1019,204656,https://superi.ge/bauma-premium-bm3500e-m/,generatorebi,გენერატორი BAUMA PREMIUM BM3500E-M,,გენერატორი BAUMA PREMIUM BM3500E-M,,"გენერატორი BAUMA PREMIUM BM3500E-M — სიმძლავრე 2800 W და მაქსიმალური სიმძლავრე 3000 W. დეტალური მახასიათებლები, ფასი და ხელმისაწვდომობა იხილეთ Superi.ge-ზე.","გენერატორი BAUMA PREMIUM BM3500E-M: საწვავის ტიპი ბენზინი, სამუშაო სიმძლავრე 2800 W, მაქსიმალური სიმძლავრე 3000 W, ძაბვა 230 V.",,meta description: შაბლონური/გაბმული სიტყვები,არა
668,206677,https://superi.ge/dingqi-108005/,generatorebi,გენერატორი DINGQI 108005,,გენერატორი DINGQI 108005|Superi.ge,,"გენერატორი DINGQI 108005 — სიმძლავრე 500 W. დეტალური მახასიათებლები, ფასი და ხელმისაწვდომობა იხილეთ Superi.ge-ზე. შეუკვეთეთ ონლაინ.","გენერატორი DINGQI 108005: საწვავის ტიპი ბენზინი, სიმძლავრე 500 W, დაქოქვის ტიპი მექანიკური, ძაბვა 220 V ~ 50 Hz.",,meta description: შაბლონური/გაბმული სიტყვები,არა
828,206676,https://superi.ge/dingqi-108010/,generatorebi,გენერატორი DINGQI 108010,,გენერატორი DINGQI 108010|Superi.ge,,"გენერატორი DINGQI 108010 — სიმძლავრე 1000 W. დეტალური მახასიათებლები, ფასი და ხელმისაწვდომობა იხილეთ Superi.ge-ზე. შეუკვეთეთ ონლაინ.","გენერატორი DINGQI 108010: საწვავის ტიპი ბენზინი, სიმძლავრე 1000 W, ძაბვა 220 V ~ 50 Hz, მუდმივი დენის ძალა 12 V / 8.3 A.",,meta description: შაბლონური/გაბმული სიტყვები,არა
1790,1021103,https://superi.ge/ingco-ge30005/,generatorebi,გენერატორი INGCO GE30005,,გენერატორი INGCO GE30005 | Superi.ge,,"გენერატორი INGCO GE30005 — მაქსიმალური სიმძლავრე 2.8 KW. დეტალური მახასიათებლები, ფასი და ხელმისაწვდომობა იხილეთ Superi.ge-ზე.","გენერატორი INGCO GE30005: გენერატორი ერთფაზიანი, ძრავის ტიპი ბენზინი, ოთხტაქტიანი, დაქოქვის ტიპი მექანიკური, მაქსიმალური სიმძლავრე 2.8 KW.",,meta description: შაბლონური/გაბმული სიტყვები,არა
3771,08043088,https://superi.ge/konner-and-sohnen-ks-3000e-3kw/,generatorebi,გენერატორი ბენზინის Konner&Sohnen KS 3000E 3kW,,გენერატორი ბენზინის Konner&Sohnen KS 3000E 3kW | Superi.ge,,"გენერატორი ბენზინის Konner&Sohnen KS 3000E 3kW — მახასიათებლები, ფასი და ხელმისაწვდომობა იხილეთ Superi.ge-ზე და შეარჩიეთ სასურველი მოდელი ონლაინ.","გენერატორი ბენზინის Konner&Sohnen KS 3000E 3kW: სიმძლავრე (მაქსიმალური) 3 kW, ნომინალური სიმძლავრე 2.6 kW, ძაბვა 230 V, 50Hz, დენი (მაქსიმუმი) 13.04 A.",,meta description: შაბლონური/გაბმული სიტყვები,არა
3767,08043223,https://superi.ge/konner-and-sohnen-ks-7000-5-5kw/,generatorebi,გენერატორი ბენზინის Konner&Sohnen KS 7000 5.5kW,,გენერატორი ბენზინის Konner&Sohnen KS 7000 5.5kW | Superi.ge,,"გენერატორი ბენზინის Konner&Sohnen KS 7000 5.5kW — მახასიათებლები, ფასი და ხელმისაწვდომობა იხილეთ Superi.ge-ზე და შეარჩიეთ სასურველი მოდელი ონლაინ.","გენერატორი ბენზინის Konner&Sohnen KS 7000 5.5kW: სიმძლავრე (მაქსიმალური) 5.5 kW, ნომინალური სიმძლავრე 5 kW, ძაბვა 230 V, 50Hz, დენი (მაქსიმუმი) 23.91 A.",,meta description: შაბლონური/გაბმული სიტყვები,არა
3770,S32732,https://superi.ge/konner-and-sohnen-ksb-6500c-5500w/,generatorebi,გენერატორი ბენზინის Konner&Sohnen KSB 6500C 5500W,,გენერატორი ბენზინის Konner&Sohnen KSB 6500C 5500W | Superi.ge,,"გენერატორი ბენზინის Konner&Sohnen KSB 6500C 5500W — მახასიათებლები, ფასი და ხელმისაწვდომობა იხილეთ Superi.ge-ზე და შეარჩიეთ სასურველი მოდელი ონლაინ.","გენერატორი ბენზინის Konner&Sohnen KSB 6500C 5500W: სიმძლავრე (მაქსიმალური) 5.5 kW, ნომინალური სიმძლავრე 5 kW, ძაბვა 230 V, 50Hz, დენი (მაქსიმუმი) 23.91 A.",,meta description: შაბლონური/გაბმული სიტყვები,არა
3779,S56108,https://superi.ge/tolsen-tol1763-79992-5-5kw/,generatorebi,გენერატორი ბენზინის TOLSEN TOL1763-79992 (5.5KW),,გენერატორი ბენზინის TOLSEN TOL1763-79992 (5.5KW) | Superi.ge,,"გენერატორი ბენზინის TOLSEN TOL1763-79992 (5.5KW) — სიმძლავრე 5000 W მაქსიმალური 5500 W. დეტალური მახასიათებლები, ფასი და ხელმისაწვდომობა იხილეთ Superi.ge-ზე.","გენერატორი ბენზინის TOLSEN TOL1763-79992 (5.5KW): სიმძლავრე 5000 W (მაქსიმალური 5500 W), გამომავალი ძაბვა 230 V, საწვავის ავზის მოცულობა 27 ლ.",,meta description: შაბლონური/გაბმული სიტყვები,არა
3772,08043089,https://superi.ge/konner-and-sohnen-ks-8100hde-1-3-atsr-6-5kw/,generatorebi,გენერატორი დიზელის Konner&Sohnen KS 8100HDE-1/3 ATSR 6.5kW,,გენერატორი დიზელის Konner&Sohnen KS 8100HDE-1/3 ATSR 6.5kW | Superi.ge,,"შეიძინეთ გენერატორი დიზელის Konner&Sohnen KS 8100HDE-1/3 ATSR 6.5kW — დეტალური მახასიათებლები, ფასი და ხელმისაწვდომობა იხილეთ Superi.ge-ზე.","გენერატორი დიზელის Konner&Sohnen KS 8100HDE-1/3 ATSR 6.5kW: სიმძლავრე მაქსიმალური/ნომინალური (230v) 5.5/5 kW, ძაბვა 230/400, 50Hz.",,meta description: შაბლონური/გაბმული სიტყვები,არა
3782,S21612,https://superi.ge/konner-and-sohnen-ks-9100hde-1-3-atsr-7-5-kw/,generatorebi,გენერატორი დიზელის Konner&Sohnen KS 9100HDE-1/3 ATSR 7.5 kW,,გენერატორი დიზელის Konner&Sohnen KS 9100HDE-1/3 ATSR 7.5 kW | Superi.ge,,გენერატორი დიზელის Konner&Sohnen KS 9100HDE-1/3 ATSR 7.5 kW — სიმძლავრე საშუალებას გაძლევთ მიიღოთ მითითებული. ფასი და ხელმისაწვდომობა იხილეთ Superi.ge-ზე.,"გენერატორი დიზელის Konner&Sohnen KS 9100HDE-1/3 ATSR 7.5 kW: სიმძლავრე მაქსიმალური/ნომინალური (230v) 6.5/6.0 kW, ძაბვა 230/400, 50Hz.",,meta description: შაბლონური/გაბმული სიტყვები,არა
12837,S14350,https://superi.ge/shinever-ld1032-100kw/,generatorebi,გენერატორი დიზელის დახურული SHINEVER LD1032 100kw,,გენერატორი დიზელის დახურული SHINEVER LD1032 100kw | Superi.ge,,"გენერატორი დიზელის დახურული SHINEVER LD1032 100kw — მახასიათებლები, ფასი და ხელმისაწვდომობა იხილეთ Superi.ge-ზე და შეარჩიეთ სასურველი მოდელი ონლაინ.","გენერატორი დიზელის დახურული SHINEVER LD1032 100kw: საწვავის ტიპი დიზელი, ძრავის მოდელი YN38GBZ, გაგრილების ტიპი წყლით გაგრილება, სიმძლავრე 100 kW.",,meta description: შაბლონური/გაბმული სიტყვები,არა
3447,1016315,https://superi.ge/5-ingco-gde50001/,generatorebi,გენერატორი დიზელის ძრავზე (5 კვტ) INGCO GDE50001,,გენერატორი დიზელის ძრავზე (5 კვტ) INGCO GDE50001 | Superi.ge,,"გენერატორი დიზელის ძრავზე (5 კვტ) INGCO GDE50001 — მახასიათებლები, ფასი და ხელმისაწვდომობა იხილეთ Superi.ge-ზე და შეარჩიეთ სასურველი მოდელი ონლაინ.","გენერატორი დიზელის ძრავზე (5 კვტ) INGCO GDE50001: ბრუნთა რიცხვი 3000 ბრ/წთ, გაგრილების სისტემა ჰაერით გაგრილება, მაქსიმალური გამომავალი სიმძლავრე 5 კვტ.",,meta description: შაბლონური/გაბმული სიტყვები,არა
3448,1030806,https://superi.ge/ingco-gde30001-3/,generatorebi,გენერატორი დიზელის ძრავზე INGCO GDE30001 (3 კვტ ),,გენერატორი დიზელის ძრავზე INGCO GDE30001 (3 კვტ ) | Superi.ge,,"გენერატორი დიზელის ძრავზე INGCO GDE30001 (3 კვტ ) — ავზის მოცულობა 15 ლ. დეტალური მახასიათებლები, ფასი და ხელმისაწვდომობა იხილეთ Superi.ge-ზე.","გენერატორი დიზელის ძრავზე INGCO GDE30001 (3 კვტ ): ავზის მოცულობა 15 ლ, ბრუნთა რიცხვი 3000 ბრ/წთ, გაგრილების სისტემა ჰაერით გაგრილება.",,meta description: შაბლონური/გაბმული სიტყვები,არა
3775,13044660,https://superi.ge/ecoflow-river-2-max/,generatorebi,პორტატული ელექტროსადგური EcoFlow River 2 Max,,პორტატული ელექტროსადგური EcoFlow River 2 Max | Superi.ge,,"პორტატული ელექტროსადგური EcoFlow River 2 Max — მახასიათებლები, ფასი და ხელმისაწვდომობა იხილეთ Superi.ge-ზე და შეარჩიეთ სასურველი მოდელი ონლაინ.","პორტატული ელექტროსადგური EcoFlow River 2 Max: usb a გამომავალი პორტები 3, ac განყოფილებების რაოდენობა 2 დამატებითი მახასიათებლები, შეყვანის ძაბვა 220-240V.",,meta description: შაბლონური/გაბმული სიტყვები,არა
3776,13044661,https://superi.ge/ecoflow-river-2-pro/,generatorebi,პორტატული ელექტროსადგური EcoFlow River 2 Pro,,პორტატული ელექტროსადგური EcoFlow River 2 Pro | Superi.ge,,"პორტატული ელექტროსადგური EcoFlow River 2 Pro — მახასიათებლები, ფასი და ხელმისაწვდომობა იხილეთ Superi.ge-ზე და შეარჩიეთ სასურველი მოდელი ონლაინ.","პორტატული ელექტროსადგური EcoFlow River 2 Pro: usb a გამომავალი პორტები 3, ac განყოფილებების რაოდენობა 3 დამატებითი მახასიათებლები, შეყვანის ძაბვა 220-240V.",,meta description: შაბლონური/გაბმული სიტყვები,არა
3027,I87296,https://superi.ge/rowenta-qu5030f0-48m/,haeris-gamtsmendi-da-damatenianeblebi,ჰაერის გამწმენდი + ვენტილატორი ROWENTA QU5030F0 (48m²),,ჰაერის გამწმენდი + ვენტილატორი ROWENTA QU5030F0 (48m²),,"ჰაერის გამწმენდი + ვენტილატორი ROWENTA QU5030F0 (48m²) — სიმძლავრე 33 W. დეტალური მახასიათებლები, ფასი და ხელმისაწვდომობა იხილეთ Superi.ge-ზე.","ჰაერის გამწმენდი + ვენტილატორი ROWENTA QU5030F0 (48m²): მართვის ტიპი ელექტრონული, ფართი 48 მ², სიმძლავრე 33 W, მწარმოებლურობა 120 m3/h.",,meta description: შაბლონური/გაბმული სიტყვები,არა
3026,I74932,https://superi.ge/gorenje-h50w-20m/,haeris-gamtsmendi-da-damatenianeblebi,"ჰაერის დამატენიანებელი GORENJE H50W, (20m²)",,"ჰაერის დამატენიანებელი GORENJE H50W, (20m²)",,"ჰაერის დამატენიანებელი GORENJE H50W, (20m²) — სიმძლავრე 26 W და სენსორული მართვა. დეტალური მახასიათებლები, ფასი და ხელმისაწვდომობა იხილეთ Superi.ge-ზე.","ჰაერის დამატენიანებელი GORENJE H50W, (20m²): მართვის ტიპი სენსორული, ფართი 20 მ², სიმძლავრე 26 W, მწარმოებლურობა 210 მლ/სთ.",,meta description: შაბლონური/გაბმული სიტყვები,არა
2951,A2958 ,https://superi.ge/3-adgiliani-premium-saqanela-gasashleli-a2958/,hamakebi-da-saqanelebi,3 ადგილიანი პრემიუმ საქანელა - გასაშლელი,,3 ადგილიანი პრემიუმ საქანელა - გასაშლელი,,"3 ადგილიანი პრემიუმ საქანელა - გასაშლელი — მასალა მეტალი პოლიესთერი. დეტალური მახასიათებლები, ფასი და ხელმისაწვდომობა იხილეთ Superi.ge-ზე.","3 ადგილიანი პრემიუმ საქანელა - გასაშლელი: მასალა მეტალი;პოლიესთერი, სიმაღლე 165 სმ, სიგრძე 230 სმ, სიღრმე 60/120 სმ.",,meta description: შაბლონური/გაბმული სიტყვები,არა
2073,234609,https://superi.ge/hamso/,hamakebi-da-saqanelebi,ბუდე საქანელა HAMSO - ყავისფერი ბალიშებით,,ბუდე საქანელა HAMSO - ყავისფერი ბალიშებით,,"ბუდე საქანელა HAMSO - ყავისფერი ბალიშებით — მასალა მეტალი. დეტალური მახასიათებლები, ფასი და ხელმისაწვდომობა იხილეთ Superi.ge-ზე.","ბუდე საქანელა HAMSO - ყავისფერი ბალიშებით: ადგილების რაოდენობა 1, დატვირთვა 120 კგ, კონსტრუქციის მასალა მეტალი, სიგანე 100 სმ.",,meta description: შაბლონური/გაბმული სიტყვები,არა
1796,209335,https://superi.ge/sea-tide-hc-128/,hamakebi-da-saqanelebi,მეტალის საქანელა SEA-TIDE HC-128,,მეტალის საქანელა SEA-TIDE HC-128,,მეტალის საქანელა SEA-TIDE HC-128 — მაქსიმალური დატვირთვა 180 კგ და მასალა მეტალი პოლიესტერი. ფასი და ხელმისაწვდომობა იხილეთ Superi.ge-ზე.,"მეტალის საქანელა SEA-TIDE HC-128: ადგილების რაოდენობა 3, მექანიზმი რეგულირებადი სახურავი, მაქსიმალური დატვირთვა 180 კგ, მასალა მეტალი, პოლიესტერი.",,meta description: შაბლონური/გაბმული სიტყვები,არა
1855,206551,https://superi.ge/ham-190x150r/,hamakebi-da-saqanelebi,ორადგილიანი ჰამაკი HAM 190X150R,,ორადგილიანი ჰამაკი HAM 190X150R | Superi.ge,,"ორადგილიანი ჰამაკი HAM 190X150R — ტევადობა 2 ადგილიანი და მაქსიმალური დატვირთვა 200 კგ. დეტალური მახასიათებლები, ფასი და ხელმისაწვდომობა იხილეთ Superi.ge-ზე.","ორადგილიანი ჰამაკი HAM 190X150R: ტევადობა 2 ადგილიანი, მაქსიმალური დატვირთვა 200 კგ, ზომა 190 × 150 სმ, მასალა ტილო.",,meta description: შაბლონური/გაბმული სიტყვები,არა
1303,226992,https://superi.ge/guswing-17051234/,hamakebi-da-saqanelebi,საქანელა GUSWING (17051234),,საქანელა GUSWING (17051234)|Superi.ge,,"საქანელა GUSWING (17051234) — მასალა ლითონი პოლიესტერი. დეტალური მახასიათებლები, ფასი და ხელმისაწვდომობა იხილეთ Superi.ge-ზე.","საქანელა GUSWING (17051234): პოზიციების რაოდენობა 1, მასალა ლითონი, პოლიესტერი, წონა 50 კგ. ✓ ოფიციალური გარანტია ✓ განვადება ✓ მიწოდება საქართველოში.",,meta description: შაბლონური/გაბმული სიტყვები,არა
1302,226985,https://superi.ge/patio-tora-h031-05pb-17050907/,hamakebi-da-saqanelebi,საქანელა PATIO TORA H031-05PB (17050907),,საქანელა PATIO TORA H031-05PB (17050907),,"საქანელა PATIO TORA H031-05PB (17050907) — მაქსიმალური დატვირთვა 250 კგ. დეტალური მახასიათებლები, ფასი და ხელმისაწვდომობა იხილეთ Superi.ge-ზე.","საქანელა PATIO TORA H031-05PB (17050907): მაქსიმალური დატვირთვა 250 კგ, მასალა ბამბა, პოლიესტერი, სიმაღლე 135 სმ, სიგანე 100 სმ.",,meta description: შაბლონური/გაბმული სიტყვები,არა
1856,206556,https://superi.ge/hamskb-blue/,hamakebi-da-saqanelebi,ჰამაკი-სავარძელი HAMSKB BLUE,,ჰამაკი-სავარძელი HAMSKB BLUE|Superi.ge,,გამოყენება: ტევადობა: 1 ადგილიანი მაქსიმალური დატვირთვა: 100 კგ ზომა: 80 × 120 სმ მასალა: ტილო ფერი: ლურჯი,"ჰამაკი-სავარძელი HAMSKB BLUE: ტევადობა 1 ადგილიანი, მაქსიმალური დატვირთვა 100 კგ, ზომა 80 × 120 სმ, სიმაღლე 120 სმ.",,meta description: სპეციფიკაციების ჩამონათვალი,არა
1857,206559,https://superi.ge/hamskr-red/,hamakebi-da-saqanelebi,ჰამაკი-სავარძელი HAMSKR RED,,ჰამაკი-სავარძელი HAMSKR RED|Superi.ge,,გამოყენება: ტევადობა: 1 ადგილიანი მაქსიმალური დატვირთვა: 100 კგ ზომა: 80 × 120 სმ მასალა: ტილო ფერი: წითელი,"ჰამაკი-სავარძელი HAMSKR RED: ტევადობა 1 ადგილიანი, მაქსიმალური დატვირთვა 100 კგ, ზომა 80 × 120 სმ, სიმაღლე 120 სმ.",,meta description: სპეციფიკაციების ჩამონათვალი,არა
600,208267,https://superi.ge/gred-star-10-blue/,hoverbordebi,"ჰოვერბორდი GRED STAR 10"" BLUE",,"ჰოვერბორდი GRED STAR 10"" BLUE|Superi.ge",,"ჰოვერბორდი GRED STAR 10"" BLUE — მაქსიმალური დატვირთვა 120 კგ და აკუმულატ კავშირი. დეტალური მახასიათებლები, ფასი და ხელმისაწვდომობა იხილეთ Superi.ge-ზე.","ჰოვერბორდი GRED STAR 10"" BLUE: მაქსიმალური დატვირთვა 120 კგ, საბურავის დიამეტრი 10"", სიჩქარე 15 km/h-მდე, მაქსიმალური კუთხე 15°.",,meta description: შაბლონური/გაბმული სიტყვები,არა
607,208143,https://superi.ge/gred-star-6-5-colorful/,hoverbordebi,ჰოვერბორდი GRED STAR 6.5 COLORFUL,,ჰოვერბორდი GRED STAR 6.5 COLORFUL,,"ჰოვერბორდი GRED STAR 6.5 COLORFUL — მაქსიმალური დატვირთვა 120 კგ. დეტალური მახასიათებლები, ფასი და ხელმისაწვდომობა იხილეთ Superi.ge-ზე.","ჰოვერბორდი GRED STAR 6.5 COLORFUL: მაქსიმალური დატვირთვა 120 კგ, საბურავის დიამეტრი 6.5"", სიჩქარე 15 km/h-მდე, მაქსიმალური კუთხე 15°.",,meta description: შაბლონური/გაბმული სიტყვები,არა
590,208149,https://superi.ge/gred-star-6-5-purple-blue/,hoverbordebi,ჰოვერბორდი GRED STAR 6.5 PURPLE/BLUE,,ჰოვერბორდი GRED STAR 6.5 PURPLE/BLUE,,"ჰოვერბორდი GRED STAR 6.5 PURPLE/BLUE — მაქსიმალური დატვირთვა 120 კგ. დეტალური მახასიათებლები, ფასი და ხელმისაწვდომობა იხილეთ Superi.ge-ზე.","ჰოვერბორდი GRED STAR 6.5 PURPLE/BLUE: მაქსიმალური დატვირთვა 120 კგ, საბურავის დიამეტრი 6.5"", სიჩქარე 15 km/h-მდე, მაქსიმალური კუთხე 15°.",,meta description: შაბლონური/გაბმული სიტყვები,არა
604,208253,https://superi.ge/gred-star-8-colorful/,hoverbordebi,"ჰოვერბორდი GRED STAR 8"" COLORFUL",,"ჰოვერბორდი GRED STAR 8"" COLORFUL",,"ჰოვერბორდი GRED STAR 8"" COLORFUL — მაქსიმალური დატვირთვა 120 კგ. დეტალური მახასიათებლები, ფასი და ხელმისაწვდომობა იხილეთ Superi.ge-ზე.","ჰოვერბორდი GRED STAR 8"" COLORFUL: მაქსიმალური დატვირთვა 120 კგ, საბურავის დიამეტრი 8"", სიჩქარე 15 km/h-მდე, მაქსიმალური კუთხე 15°.",,meta description: შაბლონური/გაბმული სიტყვები,არა
2295,S78376,https://superi.ge/hp-652-f6v25ae-black/,kartrijebi-saghebavebi-qaghaldi,კარტრიჯი HP 652 (F6V25AE) BLACK,,კარტრიჯი HP 652 (F6V25AE) BLACK,,"კარტრიჯი HP 652 (F6V25AE) BLACK — მოცულობა 22 პლ. დეტალური მახასიათებლები, ფასი და ხელმისაწვდომობა იხილეთ Superi.ge-ზე. შეუკვეთეთ ონლაინ.","კარტრიჯი HP 652 (F6V25AE) BLACK: რესურსი 360 გვერდი, წვეთის მოცულობა 22 პლ, მელანი (რაოდენობა, ფერი) 1, შავი, მელნის ტიპი პიგმენტური.",,meta description: შაბლონური/გაბმული სიტყვები,არა
1990,159437,https://superi.ge/total-tht141451/,khelis-instrumentebi,ინსტრუმენტების ნაკრები TOTAL THT141451,,ინსტრუმენტების ნაკრები TOTAL THT141451,,"ინსტრუმენტების ნაკრები TOTAL THT141451 — მასალა CR–V W ფოლადი ქრომირებული დაფარვით. დეტალური მახასიათებლები, ფასი და ხელმისაწვდომობა იხილეთ Superi.ge-ზე.","ინსტრუმენტების ნაკრები TOTAL THT141451: ნაკრებში შემავალი აქსესუარების რაოდენობა 45, 2 xდამაგრძელებელი 50 და 100 მმ, 1 x მოქნილი დამაგრძელებელი 150 მმ.",,meta description: შაბლონური/გაბმული სიტყვები,არა
15353,S89751,https://superi.ge/asus-wireless-keyboard-kw100-90xb0880-bkb050-green/,klaviaturebi,Asus Wireless Keyboard KW100 90XB0880-BKB050 Green,უსადენო კლავიატურა Asus KW100 90XB0880-BKB050 Green,Asus Wireless Keyboard KW100 90XB0880-BKB050 Green | Superi.ge,უსადენო კლავიატურა Asus KW100 90XB0880-BKB050 Green | Superi.ge,Asus KW100 90XB0880-BKB050 მწვანე კლავიატურა.,,,ქართული ტიპი დაემატა,არა
15330,S53902,https://superi.ge/canyon-set-w20-uk-us-keyboardmouse-velvet-wireless-black/,klaviaturebi,Canyon SET-W20 UK/US Keyboard+Mouse Velvet Wireless Black,კლავიატურა და მაუსი Canyon SET-W20 UK/US Keyboard+Mouse Velvet Wireless Black,Canyon SET-W20 UK/US Keyboard+Mouse Velvet Wireless Black | Superi.ge,კლავიატურა და მაუსი Canyon SET-W20 UK/US Keyboard+Mouse,Canyon SET-W20 Velvet შავი უსადენო კლავიატურა და მაუსი 2.4 GHz მიმღებითა და ინგლისური განლაგებით.,,,ქართული ტიპი დაემატა,არა
15327,S69936,https://superi.ge/dark-project-alu-bushido-mechanical-gaming-keyboard-ansi/,klaviaturebi,Dark Project ALU Bushido - Mechanical Gaming Keyboard (ANSI),მექანიკური გეიმინგ კლავიატურა Dark Project ALU Bushido (ANSI),Dark Project ALU Bushido - Mechanical Gaming Keyboard (ANSI) | Superi.ge,მექანიკური გეიმინგ კლავიატურა Dark Project ALU Bushido (ANSI),"Dark Project ALU Bushido მექანიკური გეიმინგ კლავიატურა სადენიანი კავშირით, RGB განათებითა და ინგლისური განლაგებით.",,,ქართული ტიპი დაემატა,არა
15328,S93129,https://superi.ge/dark-project-alu-celestial-mechanical-gaming-keyboard-ansi/,klaviaturebi,Dark Project ALU Celestial - Mechanical Gaming Keyboard (ANSI),მექანიკური გეიმინგ კლავიატურა Dark Project ALU Celestial (ANSI),Dark Project ALU Celestial - Mechanical Gaming Keyboard (ANSI) | Superi.ge,მექანიკური გეიმინგ კლავიატურა Dark Project ALU Celestial (ANSI),"Dark Project ALU Celestial მექანიკური გეიმინგ კლავიატურა სადენიანი კავშირით, RGB განათებითა და ინგლისური განლაგებით.",,,ქართული ტიპი დაემატა,არა
15329,S69202,https://superi.ge/dark-project-alu-daylight-mechanical-gaming-keyboard/,klaviaturebi,Dark Project ALU Daylight - Mechanical Gaming Keyboard,მექანიკური გეიმინგ კლავიატურა Dark Project ALU Daylight,Dark Project ALU Daylight - Mechanical Gaming Keyboard | Superi.ge,მექანიკური გეიმინგ კლავიატურა Dark Project ALU Daylight,Dark Project ALU Daylight მექანიკური გეიმინგ კლავიატურა სადენიანი კავშირითა და RGB განათებით.,,,ქართული ტიპი დაემატა,არა
15334,S75182,https://superi.ge/genius-km-8200-wireless-combo-black/,klaviaturebi,Genius KM-8200 Wireless Combo Black,კლავიატურა და მაუსი Genius KM-8200 Black,Genius KM-8200 Wireless Combo Black | Superi.ge,კლავიატურა და მაუსი Genius KM-8200 Black | Superi.ge,Genius KM-8200 შავი უსადენო კლავიატურა და მაუსი 2.4 GHz მიმღებითა და ინგლისურ-რუსული განლაგებით.,,,ქართული ტიპი დაემატა,არა
15331,S99360,https://superi.ge/genius-wired-keyboard-and-mouse-combo-km-100se-black/,klaviaturebi,Genius Wired Keyboard and Mouse Combo KM-100SE Black,კლავიატურა და მაუსი Genius KM-100SE Black,Genius Wired Keyboard and Mouse Combo KM-100SE Black | Superi.ge,კლავიატურა და მაუსი Genius KM-100SE Black | Superi.ge,Genius KM-100SE შავი სადენიანი კლავიატურა და მაუსი.,,,ქართული ტიპი დაემატა,არა
15333,S71631,https://superi.ge/genius-wireless-keyboard-and-mouse-combo-km-8101/,klaviaturebi,Genius Wireless Keyboard & Mouse Combo KM-8101,კლავიატურა და მაუსი Genius KM-8101,Genius Wireless Keyboard & Mouse Combo KM-8101 | Superi.ge,კლავიატურა და მაუსი Genius KM-8101 | Superi.ge,Genius KM-8101 შავი უსადენო კლავიატურა და მაუსი 2.4 GHz მიმღებით.,,,ქართული ტიპი დაემატა,არა
15332,S11876,https://superi.ge/genius-wireless-keyboard-kb-7200-black/,klaviaturebi,Genius Wireless Keyboard KB-7200 Black,უსადენო კლავიატურა Genius KB-7200 Black,Genius Wireless Keyboard KB-7200 Black | Superi.ge,უსადენო კლავიატურა Genius KB-7200 Black | Superi.ge,Genius KB-7200 შავი უსადენო კლავიატურა 2.4 GHz მიმღებით.,,,ქართული ტიპი დაემატა,არა
15352,S41298,https://superi.ge/hp-150-wired-keyboard-664r5aa-black/,klaviaturebi,HP 150 Wired Keyboard 664R5AA Black,სადენიანი კლავიატურა HP 150 664R5AA Black,HP 150 Wired Keyboard 664R5AA Black | Superi.ge,სადენიანი კლავიატურა HP 150 664R5AA Black | Superi.ge,HP 150 664R5AA შავი სადენიანი კლავიატურა.,,,ქართული ტიპი დაემატა,არა
15355,S48590,https://superi.ge/hp-wireless-keyboard-220-805t2aa-black/,klaviaturebi,HP Wireless Keyboard 220 805T2AA Black,უსადენო კლავიატურა HP 220 805T2AA Black,HP Wireless Keyboard 220 805T2AA Black | Superi.ge,უსადენო კლავიატურა HP 220 805T2AA Black | Superi.ge,HP 220 805T2AA შავი უსადენო კლავიატურა 2.4 GHz მიმღებით.,,,ქართული ტიპი დაემატა,არა
15358,S52543,https://superi.ge/havit-kb897cm-gaming-keyboard-white-blue/,klaviaturebi,Havit KB897CM Gaming Keyboard White/Blue,გეიმინგ კლავიატურა Havit KB897CM Gaming Keyboard White/Blue,Havit KB897CM Gaming Keyboard White/Blue | Superi.ge,გეიმინგ კლავიატურა Havit KB897CM Gaming Keyboard White/Blue,"Havit KB897CM თეთრი გეიმინგ ნაკრები სადენიანი კავშირით, მემბრანული კლავიშებითა და განათებით.",,,ქართული ტიპი დაემატა,არა
15357,S42222,https://superi.ge/hyperx-gaming-keyboard-alloy-rise-7g7a3aa-black/,klaviaturebi,HyperX Gaming keyboard Alloy Rise 7G7A3AA Black,გეიმინგ კლავიატურა HyperX Gaming keyboard Alloy Rise 7G7A3AA Black,HyperX Gaming keyboard Alloy Rise 7G7A3AA Black | Superi.ge,გეიმინგ კლავიატურა HyperX Gaming keyboard Alloy Rise 7G7A3AA,HyperX Alloy Rise 7G7A3AA შავი მექანიკური გეიმინგ კლავიატურა სადენიანი კავშირითა და განათებით.,,,ქართული ტიპი დაემატა,არა
15339,S60555,https://superi.ge/logitech-pebble-keys-2-k380s-tonal-white/,klaviaturebi,LOGITECH Pebble Keys 2 K380s - TONAL WHITE,კლავიატურა LOGITECH Pebble Keys 2 K380s - TONAL WHITE,LOGITECH Pebble Keys 2 K380s - TONAL WHITE | Superi.ge,კლავიატურა LOGITECH Pebble Keys 2 K380s - TONAL WHITE | Superi.ge,LOGITECH Pebble Keys 2 K380s თეთრი Bluetooth კლავიატურა ინგლისური განლაგებით.,,,ქართული ტიპი დაემატა,არა
15336,S52933,https://superi.ge/lenovo-essential-gx31f38001/,klaviaturebi,Lenovo Essential (GX31F38001),კლავიატურა Lenovo Essential (GX31F38001),Lenovo Essential (GX31F38001) | Superi.ge,კლავიატურა Lenovo Essential (GX31F38001) | Superi.ge,Lenovo Essential (GX31F38001) თეთრი უსადენო კლავიატურა და მაუსი 2.4 GHz მიმღებითა და ინგლისურ-რუსული განლაგებით.,,,ქართული ტიპი დაემატა,არა
15335,S61638,https://superi.ge/lenovo-legion-k310-rgb-gaming-keyboard/,klaviaturebi,Lenovo Legion K310 RGB Gaming Keyboard,გეიმინგ კლავიატურა Lenovo Legion K310 RGB Gaming Keyboard,Lenovo Legion K310 RGB Gaming Keyboard | Superi.ge,გეიმინგ კლავიატურა Lenovo Legion K310 RGB Gaming Keyboard,"Lenovo Legion K310 შავი გეიმინგ კლავიატურა სადენიანი კავშირით, მემბრანული კლავიშებითა და RGB განათებით.",,,ქართული ტიპი დაემატა,არა
15337,S13578,https://superi.ge/lenovo-legion-k500-rgb-mechanical-gaming-keyboard-gy40t26479/,klaviaturebi,Lenovo Legion K500 RGB Mechanical Gaming Keyboard (GY40T26479),მექანიკური გეიმინგ კლავიატურა Lenovo Legion K500 RGB (GY40T26479),Lenovo Legion K500 RGB Mechanical Gaming Keyboard (GY40T26479) | Superi.ge,მექანიკური გეიმინგ კლავიატურა Lenovo Legion K500 RGB (GY40T26479),Lenovo Legion K500 (GY40T26479) მექანიკური გეიმინგ კლავიატურა სადენიანი კავშირითა და RGB განათებით.,,,ქართული ტიპი დაემატა,არა
15338,S95312,https://superi.ge/lenovo-legion-k510-mini-pro-gaming-keyboard/,klaviaturebi,Lenovo Legion K510 Mini Pro Gaming Keyboard,გეიმინგ კლავიატურა Lenovo Legion K510 Mini Pro Gaming Keyboard,Lenovo Legion K510 Mini Pro Gaming Keyboard | Superi.ge,გეიმინგ კლავიატურა Lenovo Legion K510 Mini Pro Gaming Keyboard,Lenovo Legion K510 Mini Pro შავი მექანიკური გეიმინგ კლავიატურა სადენიანი კავშირითა და RGB განათებით.,,,ქართული ტიპი დაემატა,არა
15343,S12205,https://superi.ge/logitech-corded-keyboard-k280e-intnl-business-russian-layout/,klaviaturebi,Logitech Corded Keyboard K280E - INTNL Business - Russian layout,კლავიატურა Logitech Corded Keyboard K280E - INTNL Business - Russian layout,Logitech Corded Keyboard K280E - INTNL Business - Russian layout | Superi.ge,კლავიატურა Logitech Corded Keyboard K280E - INTNL Business,Logitech K280E შავი სადენიანი კლავიატურა მემბრანული კლავიშებითა და ინგლისურ-რუსული განლაგებით.,,,ქართული ტიპი დაემატა,არა
15344,S16558,https://superi.ge/logitech-g413-se-mechanical-gaming-keyboard-black/,klaviaturebi,Logitech G413 SE Mechanical Gaming Keyboard - Black,მექანიკური გეიმინგ კლავიატურა Logitech G413 SE - Black,Logitech G413 SE Mechanical Gaming Keyboard - Black | Superi.ge,მექანიკური გეიმინგ კლავიატურა Logitech G413 SE | Superi.ge,"Logitech G413 SE შავი მექანიკური გეიმინგ კლავიატურა სადენიანი კავშირით, განათებითა და ინგლისურ-რუსული განლაგებით.",,,ქართული ტიპი დაემატა,არა
15356,S37720,https://superi.ge/logitech-k250-compact-bluetooth-wireless-keyboard-graphite/,klaviaturebi,Logitech K250 Compact Bluetooth Wireless Keyboard Graphite,უსადენო კლავიატურა Logitech K250 Compact Bluetooth Graphite,Logitech K250 Compact Bluetooth Wireless Keyboard Graphite | Superi.ge,უსადენო კლავიატურა Logitech K250 Compact Bluetooth Graphite,Logitech K250 ნაცრისფერი Bluetooth კლავიატურა.,,,ქართული ტიპი დაემატა,არა
15345,S74079,https://superi.ge/logitech-k380-wireless/,klaviaturebi,Logitech K380 Wireless,უსადენო კლავიატურა Logitech K380 Wireless,Logitech K380 Wireless | Superi.ge,უსადენო კლავიატურა Logitech K380 Wireless | Superi.ge,Logitech K380 Bluetooth კლავიატურა.,,,ქართული ტიპი დაემატა,არა
15340,S71110,https://superi.ge/logitech-mk220-wireless-combo-l920-003169-black/,klaviaturebi,Logitech MK220 Wireless Combo (L920-003169) - Black,კლავიატურა და მაუსი Logitech MK220 (L920-003169) - Black,Logitech MK220 Wireless Combo (L920-003169) - Black | Superi.ge,კლავიატურა და მაუსი Logitech MK220 (L920-003169) | Superi.ge,Logitech MK220 (L920-003169) შავი უსადენო კლავიატურა და მაუსი 2.4 GHz მიმღებითა და ინგლისურ-რუსული განლაგებით.,,,ქართული ტიპი დაემატა,არა
15346,S33227,https://superi.ge/logitech-mk540/,klaviaturebi,Logitech MK540,კლავიატურა Logitech MK540,Logitech MK540 | Superi.ge,კლავიატურა Logitech MK540 | Superi.ge,Logitech MK540 უსადენო კლავიატურა და მაუსი 2.4 GHz მიმღებითა და ინგლისურ-რუსული განლაგებით.,,,ქართული ტიპი დაემატა,არა
15342,S81147,https://superi.ge/logitech-mx-keys-mini-rus-layout-graphite/,klaviaturebi,Logitech MX Keys Mini RUS Layout - Graphite,კლავიატურა Logitech MX Keys Mini RUS Layout - Graphite,Logitech MX Keys Mini RUS Layout - Graphite | Superi.ge,კლავიატურა Logitech MX Keys Mini RUS Layout | Superi.ge,"Logitech MX Keys Mini ნაცრისფერი Bluetooth კლავიატურა მემბრანული კლავიშებით, განათებითა და ინგლისურ-რუსული განლაგებით.",,,ქართული ტიპი დაემატა,არა
15354,S97876,https://superi.ge/logitech-pebble-keys-2-k380s-bluetooth-keyboard-graphite/,klaviaturebi,Logitech Pebble Keys 2 K380s Bluetooth Keyboard Graphite,უსადენო კლავიატურა Logitech Pebble Keys 2 K380s Bluetooth Keyboard Graphite,Logitech Pebble Keys 2 K380s Bluetooth Keyboard Graphite | Superi.ge,უსადენო კლავიატურა Logitech Pebble Keys 2 K380s Bluetooth,Logitech Pebble Keys 2 K380s ნაცრისფერი Bluetooth კლავიატურა მემბრანული კლავიშებით.,,,ქართული ტიპი დაემატა,არა
15341,S97201,https://superi.ge/logitech-wireless-combo-mk235/,klaviaturebi,Logitech Wireless Combo MK235,კლავიატურა და მაუსი Logitech MK235,Logitech Wireless Combo MK235 | Superi.ge,კლავიატურა და მაუსი Logitech MK235 | Superi.ge,Logitech MK235 უსადენო კლავიატურა და მაუსი 2.4 GHz მიმღებითა და ინგლისურ-რუსული განლაგებით.,,,ქართული ტიპი დაემატა,არა
15347,S34568,https://superi.ge/marvo-ws005-bk-wireless-combo-white/,klaviaturebi,Marvo WS005 BK wireless combo White,კლავიატურა და მაუსი Marvo WS005 BK White,Marvo WS005 BK wireless combo White | Superi.ge,კლავიატურა და მაუსი Marvo WS005 BK White | Superi.ge,Marvo WS005 თეთრი უსადენო კლავიატურა და მაუსი 2.4 GHz მიმღებითა და მემბრანული კლავიშებით.,,,ქართული ტიპი დაემატა,არა
15348,S41443,https://superi.ge/xtrike-me-cmx-415-en-wired-4in1-combo/,klaviaturebi,XTRIKE ME CMX-415 EN Wired 4in1 combo,კლავიატურა და მაუსი XTRIKE ME CMX-415 EN Wired 4in1 combo,XTRIKE ME CMX-415 EN Wired 4in1 combo | Superi.ge,კლავიატურა და მაუსი XTRIKE ME CMX-415 EN Wired 4in1 combo,"XTRIKE ME CMX-415 გეიმინგ ნაკრები სადენიანი კავშირით, მემბრანული კლავიშებითა და ინგლისური განლაგებით.",,,ქართული ტიპი დაემატა,არა
15349,S28600,https://superi.ge/xtrike-me-gk-985p-en-mechanical-keyboard/,klaviaturebi,XTRIKE ME GK-985P EN mechanical keyboard,მექანიკური კლავიატურა XTRIKE ME GK-985P EN mechanical keyboard,XTRIKE ME GK-985P EN mechanical keyboard | Superi.ge,მექანიკური კლავიატურა XTRIKE ME GK-985P EN mechanical keyboard,"XTRIKE ME GK-985P შავი მექანიკური გეიმინგ კლავიატურა სადენიანი კავშირით, RGB განათებითა და ინგლისური განლაგებით.",,,ქართული ტიპი დაემატა,არა
15350,S48326,https://superi.ge/xtrike-me-kb-309-bk-wired-keyboard/,klaviaturebi,XTRIKE ME KB-309 BK wired keyboard,სადენიანი კლავიატურა XTRIKE ME KB-309 BK,XTRIKE ME KB-309 BK wired keyboard | Superi.ge,სადენიანი კლავიატურა XTRIKE ME KB-309 BK | Superi.ge,"XTRIKE ME KB-309 შავი გეიმინგ კლავიატურა სადენიანი კავშირით, მემბრანული კლავიშებითა და RGB განათებით.",,,ქართული ტიპი დაემატა,არა
2196,195095,https://superi.ge/logitech-k360-l920-003095-black/,kompiuteris-aqsesuarebi,კლავიატურა LOGITECH K360 (L920-003095) BLACK,,კლავიატურა LOGITECH K360 (L920-003095) BLACK,,"კლავიატურა LOGITECH K360 (L920-003095) BLACK — უსადენო კავშირი. დეტალური მახასიათებლები, ფასი და ხელმისაწვდომობა იხილეთ Superi.ge-ზე.","კლავიატურა LOGITECH K360 (L920-003095) BLACK: კავშირი უსადენო, ინტერფეისი USB / RF, კავშირის დიაპაზონი 10 მ, სიხშირე 2.4 GHz.",,meta description: შაბლონური/გაბმული სიტყვები,არა
1519,169438,https://superi.ge/ingco-ac20248/,kompresorebi,კომპრესორი INGCO AC20248,,კომპრესორი INGCO AC20248 | Superi.ge,,"კომპრესორი INGCO AC20248 — სიმძლავრე 1.5 Kw(2.5 Hp) და მაქსიმალური წნევა 8 bar. დეტალური მახასიათებლები, ფასი და ხელმისაწვდომობა იხილეთ Superi.ge-ზე.","კომპრესორი INGCO AC20248: დანიშნულება ინდუსტრიული, ავზის მოცულობა 24 ლ(6.3 გალონი), ნომინალური სიმძლავრე 1.5 Kw(2.5 Hp), წარმადობა 93 ლ/წთ.",,meta description: შაბლონური/გაბმული სიტყვები,არა
1498,206614,https://superi.ge/ingco-ac25508/,kompresorebi,კომპრესორი INGCO AC25508,,კომპრესორი INGCO AC25508|Superi.ge,,"კომპრესორი INGCO AC25508 — მოცულობა 50 ლ 13,2 Gal და სიმძლავრე 1,8 Kw 2,5 Hp. დეტალური მახასიათებლები, ფასი და ხელმისაწვდომობა იხილეთ Superi.ge-ზე.","კომპრესორი INGCO AC25508: მოცულობა 50 ლ (13.2Gal), ნომინალური სიმძლავრე 1.8 Kw (2.5 Hp), მუშაობის ხანგრძლივობა 3000 სთ-მდე, მაქსიმალური წნევა 8 bar.",,meta description: შაბლონური/გაბმული სიტყვები,არა
1497,#P00013,https://superi.ge/remeza-sb4-c-50-j1047b/,kompresorebi,კომპრესორი REMEZA SB4/C-50.J1047B,,კომპრესორი REMEZA SB4/C-50.J1047B,,"კომპრესორი REMEZA SB4/C-50.J1047B — მოცულობა 50 ლ და სიმძლავრე 1,5 Kw. დეტალური მახასიათებლები, ფასი და ხელმისაწვდომობა იხილეთ Superi.ge-ზე.","კომპრესორი REMEZA SB4/C-50.J1047B: რესივერის მოცულობა 50 ლ, ძაბვა 220 V, ნომინალური სიმძლავრე 1.5 Kw, წარმადობა 200 ლ/წთ.",,meta description: შაბლონური/გაბმული სიტყვები,არა
1499,#P00014,https://superi.ge/remeza-sb4-c-50-j1048b/,kompresorebi,კომპრესორი REMEZA SB4/C-50.J1048B,,კომპრესორი REMEZA SB4/C-50.J1048B,,"კომპრესორი REMEZA SB4/C-50.J1048B — მოცულობა 50 ლ და სიმძლავრე 1,8 Kw. დეტალური მახასიათებლები, ფასი და ხელმისაწვდომობა იხილეთ Superi.ge-ზე.","კომპრესორი REMEZA SB4/C-50.J1048B: რესივერის მოცულობა 50 ლ, ძაბვა 220 V, ნომინალური სიმძლავრე 1.8 Kw, წარმადობა 260 ლ/წთ.",,meta description: შაბლონური/გაბმული სიტყვები,არა
1508,#P00007,https://superi.ge/remeza-sb4-f-270-lb50/,kompresorebi,კომპრესორი REMEZA SB4/F-270.LB50,,კომპრესორი REMEZA SB4/F-270.LB50,,"კომპრესორი REMEZA SB4/F-270.LB50 — მოცულობა 270 ლ, სიმძლავრე 4 Kw და მაქსიმალური წნევა 10 bar. ფასი და ხელმისაწვდომობა იხილეთ Superi.ge-ზე.","კომპრესორი REMEZA SB4/F-270.LB50: რესივერის მოცულობა 270 ლ, ძაბვა 380 V, ნომინალური სიმძლავრე 4 Kw, წარმადობა 690 ლ/წთ.",,meta description: შაბლონური/გაბმული სიტყვები,არა
1509,#P00008,https://superi.ge/remeza-sb4-f-270-lb75/,kompresorebi,კომპრესორი REMEZA SB4/F-270.LB75,,კომპრესორი REMEZA SB4/F-270.LB75,,"კომპრესორი REMEZA SB4/F-270.LB75 — მოცულობა 270 ლ, სიმძლავრე 5,5 Kw და მაქსიმალური წნევა 10 bar. ფასი და ხელმისაწვდომობა იხილეთ Superi.ge-ზე.","კომპრესორი REMEZA SB4/F-270.LB75: რესივერის მოცულობა 270 ლ, ძაბვა 380 V, ნომინალური სიმძლავრე 5.5 Kw, წარმადობა 950 ლ/წთ.",,meta description: შაბლონური/გაბმული სიტყვები,არა
1510,179129,https://superi.ge/remeza-sb4-f-500-lb75/,kompresorebi,კომპრესორი REMEZA SB4/F-500.LB75,,კომპრესორი REMEZA SB4/F-500.LB75,,"კომპრესორი REMEZA SB4/F-500.LB75 — მოცულობა 500 ლ, სიმძლავრე 5,5 Kw და მაქსიმალური წნევა 10 bar. ფასი და ხელმისაწვდომობა იხილეთ Superi.ge-ზე.","კომპრესორი REMEZA SB4/F-500.LB75: რესივერის მოცულობა 500 ლ, ძაბვა 380 V, ნომინალური სიმძლავრე 5.5 Kw, წარმადობა 950 ლ/წთ.",,meta description: შაბლონური/გაბმული სიტყვები,არა
1512,179130,https://superi.ge/remeza-sb4-f-500-lt100/,kompresorebi,კომპრესორი REMEZA SB4/F-500.LТ100,კომპრესორი REMEZA SB4/F-500.LT100,კომპრესორი REMEZA SB4/F-500.LТ100,კომპრესორი REMEZA SB4/F-500.LT100 | Superi.ge,"კომპრესორი REMEZA SB4/F-500.LТ100 — მოცულობა 500 ლ, სიმძლავრე 7,5 Kw და მაქსიმალური წნევა 10 bar. ფასი და ხელმისაწვდომობა იხილეთ Superi.ge-ზე.","კომპრესორი REMEZA SB4/F-500.LT100: რესივერის მოცულობა 500 ლ, ძაბვა 380 V, ნომინალური სიმძლავრე 7.5 Kw, წარმადობა 1400 ლ/წთ.",,კირილიცა → ლათინური; meta description: შაბლონური/გაბმული სიტყვები,არა
1513,179131,https://superi.ge/remeza-sb4-f-500-lt100-11/,kompresorebi,კომპრესორი REMEZA SB4/F-500.LТ100/11,კომპრესორი REMEZA SB4/F-500.LT100/11,კომპრესორი REMEZA SB4/F-500.LТ100/11,კომპრესორი REMEZA SB4/F-500.LT100/11 | Superi.ge,"კომპრესორი REMEZA SB4/F-500.LТ100/11 — მოცულობა 500 ლ, სიმძლავრე 11 Kw და მაქსიმალური წნევა 10 bar. ფასი და ხელმისაწვდომობა იხილეთ Superi.ge-ზე.","კომპრესორი REMEZA SB4/F-500.LT100/11: რესივერის მოცულობა 500 ლ, ძაბვა 380 V, ნომინალური სიმძლავრე 11 Kw, წარმადობა 1700 ლ/წთ.",,კირილიცა → ლათინური; meta description: შაბლონური/გაბმული სიტყვები,არა
1504,175629,https://superi.ge/remeza-sb4-s-100-lb30/,kompresorebi,კომპრესორი REMEZA SB4/С-100.LB30,კომპრესორი REMEZA SB4/C-100.LB30,კომპრესორი REMEZA SB4/С-100.LB30,კომპრესორი REMEZA SB4/C-100.LB30 | Superi.ge,"კომპრესორი REMEZA SB4/С-100.LB30 — მოცულობა 100 ლ, სიმძლავრე 2,2 Kw და მაქსიმალური წნევა 10 bar. ფასი და ხელმისაწვდომობა იხილეთ Superi.ge-ზე.","კომპრესორი REMEZA SB4/C-100.LB30: რესივერის მოცულობა 100 ლ, ძაბვა 380 V, ნომინალური სიმძლავრე 2.2 Kw, წარმადობა 420 ლ/წთ.",remeza-sb4-c-100-lb30,კირილიცა → ლათინური; meta description: შაბლონური/გაბმული სიტყვები,არა
1496,175630,https://superi.ge/remeza-sb4-s-100-lb30-a/,kompresorebi,კომპრესორი REMEZA SB4/С-100.LB30 (A),კომპრესორი REMEZA SB4/C-100.LB30 (A),კომპრესორი REMEZA SB4/С-100.LB30 (A),კომპრესორი REMEZA SB4/C-100.LB30 (A) | Superi.ge,"კომპრესორი REMEZA SB4/С-100.LB30 (A) — მოცულობა 100 ლ, სიმძლავრე 2,2 Kw და მაქსიმალური წნევა 10 bar. ფასი და ხელმისაწვდომობა იხილეთ Superi.ge-ზე.","კომპრესორი REMEZA SB4/C-100.LB30 (A): რესივერის მოცულობა 100 ლ, ძაბვა 220 V, ნომინალური სიმძლავრე 2.2 Kw, წარმადობა 420 ლ/წთ.",remeza-sb4-c-100-lb30-a,კირილიცა → ლათინური; meta description: შაბლონური/გაბმული სიტყვები,არა
1505,175628,https://superi.ge/remeza-sb4-s-100-lb40/,kompresorebi,კომპრესორი REMEZA SB4/С-100.LB40,კომპრესორი REMEZA SB4/C-100.LB40,კომპრესორი REMEZA SB4/С-100.LB40,კომპრესორი REMEZA SB4/C-100.LB40 | Superi.ge,"კომპრესორი REMEZA SB4/С-100.LB40 — მოცულობა 100 ლ, სიმძლავრე 3 Kw და მაქსიმალური წნევა 10 bar. ფასი და ხელმისაწვდომობა იხილეთ Superi.ge-ზე.","კომპრესორი REMEZA SB4/C-100.LB40: რესივერის მოცულობა 100 ლ, ძაბვა 380 V, ნომინალური სიმძლავრე 3 Kw, წარმადობა 580 ლ/წთ.",remeza-sb4-c-100-lb40,კირილიცა → ლათინური; meta description: შაბლონური/გაბმული სიტყვები,არა
1502,175634,https://superi.ge/remeza-sb4-s-100-av360-a/,kompresorebi,კომპრესორი REMEZA SB4/С-100.АВ360 (A),კომპრესორი REMEZA SB4/C-100.AB360 (A),კომპრესორი REMEZA SB4/С-100.АВ360 (A),კომპრესორი REMEZA SB4/C-100.AB360 (A) | Superi.ge,"კომპრესორი REMEZA SB4/С-100.АВ360 (A) — მოცულობა 100 ლ და სიმძლავრე 2,2 Kw. დეტალური მახასიათებლები, ფასი და ხელმისაწვდომობა იხილეთ Superi.ge-ზე.","კომპრესორი REMEZA SB4/C-100.AB360 (A): რესივერის მოცულობა 100 ლ, ძაბვა 220 V, ნომინალური სიმძლავრე 2.2 Kw, წარმადობა 360 ლ/წთ.",remeza-sb4-c-100-ab360-a,კირილიცა → ლათინური; meta description: შაბლონური/გაბმული სიტყვები,არა
1507,175633,https://superi.ge/remeza-sb4-s-200-av515/,kompresorebi,კომპრესორი REMEZA SB4/С-200.АВ515,კომპრესორი REMEZA SB4/C-200.AB515,კომპრესორი REMEZA SB4/С-200.АВ515,კომპრესორი REMEZA SB4/C-200.AB515 | Superi.ge,"კომპრესორი REMEZA SB4/С-200.АВ515 — მოცულობა 200 ლ, სიმძლავრე 3 Kw და მაქსიმალური წნევა 10 bar. ფასი და ხელმისაწვდომობა იხილეთ Superi.ge-ზე.","კომპრესორი REMEZA SB4/C-200.AB515: რესივერის მოცულობა 200 ლ, ძაბვა 380 V, ნომინალური სიმძლავრე 3 Kw, წარმადობა 515 ლ/წთ.",remeza-sb4-c-200-ab515,კირილიცა → ლათინური; meta description: შაბლონური/გაბმული სიტყვები,არა
1511,175632,https://superi.ge/remeza-sb4-s-270-av858/,kompresorebi,კომპრესორი REMEZA SB4/С-270.АВ858,კომპრესორი REMEZA SB4/C-270.AB858,კომპრესორი REMEZA SB4/С-270.АВ858,კომპრესორი REMEZA SB4/C-270.AB858 | Superi.ge,"კომპრესორი REMEZA SB4/С-270.АВ858 — მოცულობა 270 ლ, სიმძლავრე 5,5 Kw და მაქსიმალური წნევა 10 bar. ფასი და ხელმისაწვდომობა იხილეთ Superi.ge-ზე.","კომპრესორი REMEZA SB4/C-270.AB858: რესივერის მოცულობა 270 ლ, ძაბვა 380 V, ნომინალური სიმძლავრე 5.5 Kw, წარმადობა 850 ლ/წთ.",remeza-sb4-c-270-ab858,კირილიცა → ლათინური; meta description: შაბლონური/გაბმული სიტყვები,არა
1500,175631,https://superi.ge/remeza-sb4-s-50-lb30-a/,kompresorebi,კომპრესორი REMEZA SB4/С-50.LB30 (A),კომპრესორი REMEZA SB4/C-50.LB30 (A),კომპრესორი REMEZA SB4/С-50.LB30 (A),კომპრესორი REMEZA SB4/C-50.LB30 (A) | Superi.ge,"კომპრესორი REMEZA SB4/С-50.LB30 (A) — მოცულობა 50 ლ, სიმძლავრე 2,2 Kw და მაქსიმალური წნევა 10 bar. ფასი და ხელმისაწვდომობა იხილეთ Superi.ge-ზე.","კომპრესორი REMEZA SB4/C-50.LB30 (A): რესივერის მოცულობა 50 ლ, ძაბვა 220 V, ნომინალური სიმძლავრე 2.2 Kw, წარმადობა 420 ლ/წთ.",remeza-sb4-c-50-lb30-a,კირილიცა → ლათინური; meta description: შაბლონური/გაბმული სიტყვები,არა
1515,222888,https://superi.ge/dingqi-10080105/,kompresorebi,ჰაერის კომპრესორი DINGQI 10080105,,ჰაერის კომპრესორი DINGQI 10080105,,"ჰაერის კომპრესორი DINGQI 10080105 — მოცულობა 50 ლ და სიმძლავრე 1490 W. დეტალური მახასიათებლები, ფასი და ხელმისაწვდომობა იხილეთ Superi.ge-ზე.","ჰაერის კომპრესორი DINGQI 10080105: სიმძლავრე 1490 W, ძრავის სიჩქარე 2880 ბრ/წთ, მოცულობა 50 ლ, წონა 20 კგ.",,meta description: შაბლონური/გაბმული სიტყვები,არა
1516,212866,https://superi.ge/hecht-2026/,kompresorebi,ჰაერის კომპრესორი HECHT 2026,,ჰაერის კომპრესორი HECHT 2026|Superi.ge,,"ჰაერის კომპრესორი HECHT 2026 — მოცულობა 24 ლ და სიმძლავრე 1500 W. დეტალური მახასიათებლები, ფასი და ხელმისაწვდომობა იხილეთ Superi.ge-ზე.","ჰაერის კომპრესორი HECHT 2026: სიმძლავრე 1500 W, ძრავის სიჩქარე 2800 rpm, მოცულობა 24 ლ, მაქსიმალური წნევა 0.8 Mpa.",,meta description: შაბლონური/გაბმული სიტყვები,არა
1503,218705,https://superi.ge/ingco-ac301008/,kompresorebi,ჰაერის კომპრესორი INGCO AC301008,,ჰაერის კომპრესორი INGCO AC301008,,"ჰაერის კომპრესორი INGCO AC301008 — მოცულობა 100 ლ, სიმძლავრე 2200 W და მაქსიმალური წნევა 8 ბარი. ფასი და ხელმისაწვდომობა იხილეთ Superi.ge-ზე.","ჰაერის კომპრესორი INGCO AC301008: ბრუნთა რიცხვი 1100 ბრ/წთ, წარმადობა 236 ლ/წთ, სიმძლავრე 2200 W, მოცულობა 100 ლ.",,meta description: შაბლონური/გაბმული სიტყვები,არა
2613,222884,https://superi.ge/ronix-rc-5010/,kompresorebi,ჰაერის კომპრესორი RONIX RC-5010,,ჰაერის კომპრესორი RONIX RC-5010,,"ჰაერის კომპრესორი RONIX RC-5010 — მოცულობა 50 ლ და სიმძლავრე 1,49 KW 2 HP. დეტალური მახასიათებლები, ფასი და ხელმისაწვდომობა იხილეთ Superi.ge-ზე.","ჰაერის კომპრესორი RONIX RC-5010: სიმძლავრე 1.49 KW (2HP), ძრავის სიჩქარე 2800 ბრ/წთ, რეზერვუარის მოცულობა 50 ლ, მაქსიმალური წნევა 8bar/116psi.",,meta description: შაბლონური/გაბმული სიტყვები,არა
14222,S47522,https://superi.ge/daikin-stylish-ftxa50cs-indoor-50-55-m2-inverter-silver/,kondicionerebi,Daikin Stylish FTXA50CS Indoor 50-55 m2 inverter - Silver,კონდიციონერი Daikin Stylish FTXA50CS Indoor 50-55 m2 inverter - Silver,Daikin Stylish FTXA50CS Indoor 50-55 m2 inverter - Silver | Superi.ge,კონდიციონერი Daikin Stylish FTXA50CS Indoor 50-55 m2 inverter,"Daikin Stylish FTXA50CS ინვერტორული სპლიტ-სისტემა 50–55 მ2 ფართისთვის, 18000 BTU გაგრილებისა და გათბობის სიმძლავრით, R32 ფრეონით, Eco და სწრაფი გაგრილების რეჟიმებით.",,,ქართული ტიპი დაემატა,არა
2759,H09A4,https://superi.ge/aux-asw-h09a4-qcr1-25-30/,kondicionerebi,კონდიციონერი AUX ASW-H09A4/QCR1 (25-30მ²),,კონდიციონერი AUX ASW-H09A4/QCR1 (25-30მ²),,"კონდიციონერი AUX ASW-H09A4/QCR1 (25-30მ²) — სიმძლავრე 2650 ვატი. დეტალური მახასიათებლები, ფასი და ხელმისაწვდომობა იხილეთ Superi.ge-ზე.","კონდიციონერი AUX ASW-H09A4/QCR1 (25-30მ²): რეკომენდებული ფართობი მონტაჟისთვის 25-30 მ², გაგრილების სიმძლავრე 2650 ვატი, გათბობის სიმძლავრე 2800 ვატი.",,meta description: შაბლონური/გაბმული სიტყვები,არა
2760,H12A4,https://superi.ge/aux-asw-h12a4-qcr1-35-40/,kondicionerebi,კონდიციონერი AUX ASW-H12A4/QCR1 (35-40მ²),,კონდიციონერი AUX ASW-H12A4/QCR1 (35-40მ²),,"კონდიციონერი AUX ASW-H12A4/QCR1 (35-40მ²) — სიმძლავრე 3100 ვატი. დეტალური მახასიათებლები, ფასი და ხელმისაწვდომობა იხილეთ Superi.ge-ზე.","კონდიციონერი AUX ASW-H12A4/QCR1 (35-40მ²): რეკომენდებული ფართობი მონტაჟისთვის 35-40 მ², გაგრილების სიმძლავრე 3100 ვატი, გათბობის სიმძლავრე 3230 ვატი.",,meta description: შაბლონური/გაბმული სიტყვები,არა
2761,H18A4,https://superi.ge/aux-asw-h18a4-qcr1-55-60/,kondicionerebi,კონდიციონერი AUX ASW-H18A4/QCR1 (55-60 მ²),,კონდიციონერი AUX ASW-H18A4/QCR1 (55-60 მ²),,"კონდიციონერი AUX ASW-H18A4/QCR1 (55-60 მ²) — სიმძლავრე 4300 ვატი. დეტალური მახასიათებლები, ფასი და ხელმისაწვდომობა იხილეთ Superi.ge-ზე.","კონდიციონერი AUX ASW-H18A4/QCR1 (55-60 მ²): რეკომენდებული ფართობი მონტაჟისთვის 55-60 მ², გაგრილების სიმძლავრე 4300 ვატი, გათბობის სიმძლავრე 4550 ვატი.",,meta description: შაბლონური/გაბმული სიტყვები,არა
2766,H18A4/QCR3DI,https://superi.ge/aux-asw-h18a4-qcr3di-inverter-55-60/,kondicionerebi,კონდიციონერი AUX ASW-H18A4/QCR3DI INVERTER (55-60მ²),,კონდიციონერი AUX ASW-H18A4/QCR3DI INVERTER (55-60მ²),,"კონდიციონერი AUX ASW-H18A4/QCR3DI INVERTER (55-60მ²) — სიმძლავრე 5400 W. დეტალური მახასიათებლები, ფასი და ხელმისაწვდომობა იხილეთ Superi.ge-ზე.","კონდიციონერი AUX ASW-H18A4/QCR3DI INVERTER (55-60მ²): რეკომენდებული ფართობი მონტაჟისთვის 55 -60 მ², გაგრილების სიმძლავრე 5400 W, გათბობის სიმძლავრე 5800 W.",,meta description: შაბლონური/გაბმული სიტყვები,არა
2770,H18A4/QFR3DI,https://superi.ge/aux-asw-h18a4-qfr3di-inverter-55-60/,kondicionerebi,კონდიციონერი AUX ASW-H18A4/QFR3DI INVERTER (55-60მ²),,კონდიციონერი AUX ASW-H18A4/QFR3DI INVERTER (55-60მ²),,"კონდიციონერი AUX ASW-H18A4/QFR3DI INVERTER (55-60მ²) — სიმძლავრე 5400 W. დეტალური მახასიათებლები, ფასი და ხელმისაწვდომობა იხილეთ Superi.ge-ზე.","კონდიციონერი AUX ASW-H18A4/QFR3DI INVERTER (55-60მ²): რეკომენდებული ფართობი მონტაჟისთვის 55 -60 მ², გაგრილების სიმძლავრე 5400 W, გათბობის სიმძლავრე 5800 W.",,meta description: შაბლონური/გაბმული სიტყვები,არა
2762,H24A4,https://superi.ge/aux-asw-h24a4-qcr1-75-80/,kondicionerebi,კონდიციონერი AUX ASW-H24A4/QCR1 (75-80მ²),,კონდიციონერი AUX ASW-H24A4/QCR1 (75-80მ²),,"კონდიციონერი AUX ASW-H24A4/QCR1 (75-80მ²) — სიმძლავრე 6300 ვატი. დეტალური მახასიათებლები, ფასი და ხელმისაწვდომობა იხილეთ Superi.ge-ზე.","კონდიციონერი AUX ASW-H24A4/QCR1 (75-80მ²): რეკომენდებული ფართობი მონტაჟისთვის 75-80 მ², გაგრილების სიმძლავრე 6300 ვატი, გათბობის სიმძლავრე 6300 ვატი.",,meta description: შაბლონური/გაბმული სიტყვები,არა
2771,H24A4/QFR3DI,https://superi.ge/aux-asw-h24a4-qfr3di-inverter-75-80/,kondicionerebi,კონდიციონერი AUX ASW-H24A4/QFR3DI INVERTER (75-80მ²),,კონდიციონერი AUX ASW-H24A4/QFR3DI INVERTER (75-80მ²),,"კონდიციონერი AUX ASW-H24A4/QFR3DI INVERTER (75-80მ²) — სიმძლავრე 7200 W. დეტალური მახასიათებლები, ფასი და ხელმისაწვდომობა იხილეთ Superi.ge-ზე.","კონდიციონერი AUX ASW-H24A4/QFR3DI INVERTER (75-80მ²): რეკომენდებული ფართობი მონტაჟისთვის 75 -80 მ², გაგრილების სიმძლავრე 7200 W, გათბობის სიმძლავრე 7200 W.",,meta description: შაბლონური/გაბმული სიტყვები,არა
1048,213162,https://superi.ge/beko-bbfda-070-071/,kondicionerebi,კონდიციონერი BEKO BBFDA 070/071,,კონდიციონერი BEKO BBFDA 070/071,,კონდიციონერი BEKO BBFDA 070/071 — მოცულობა 500 m3/h და რეკომენდებული ფართი 15–25 მ²–მდე. ფასი და ხელმისაწვდომობა იხილეთ Superi.ge-ზე.,"კონდიციონერი BEKO BBFDA 070/071: რეჟიმი გაგრილება/გათბობა, რეკომენდირებული ფართი 15-25 მ² -მდე, ჰაერის ნაკადის მოცულობა 500 m3/h.",,meta description: შაბლონური/გაბმული სიტყვები,არა
1685,S17075,https://superi.ge/bosch-asx12vw30u/,kondicionerebi,კონდიციონერი BOSCH ASX12VW30U,,კონდიციონერი BOSCH ASX12VW30U|Superi.ge,,კონდიციონერი BOSCH ASX12VW30U — სიმძლავრე გაგრილება/გათბობა 3600/3800 W და რეკომენდებული ფართი 40. ფასი და ხელმისაწვდომობა იხილეთ Superi.ge-ზე.,"კონდიციონერი BOSCH ASX12VW30U: რეკომენდირებული ფართი 40, რეჟმები გაგრილება/გათბობა, ენერგო ეფექტურობის კლასი A+, სიმძლავრე გაგრილება/გათბობა 3600/3800 W.",,meta description: შაბლონური/გაბმული სიტყვები,არა
1692,S15463,https://superi.ge/bosch-asx24vw30u-75-80/,kondicionerebi,კონდიციონერი BOSCH ASX24VW30U (75-80მ²),,კონდიციონერი BOSCH ASX24VW30U (75-80მ²),,"კონდიციონერი BOSCH ASX24VW30U (75-80მ²) — სიმძლავრე გაგრილება/გათბობა 7000/7300 W. დეტალური მახასიათებლები, ფასი და ხელმისაწვდომობა იხილეთ Superi.ge-ზე.","კონდიციონერი BOSCH ASX24VW30U (75-80მ²): რეკომენდირებული ფართი 80 მ²- მდე, რეჟმები გაგრილება/გათბობა, ენერგო ეფექტურობის კლასი A+.",,meta description: შაბლონური/გაბმული სიტყვები,არა
1034,213041,https://superi.ge/bosch-climate-2000-on-off-12000-btu/,kondicionerebi,კონდიციონერი BOSCH CLIMATE 2000 ON/OFF 12000 BTU,,კონდიციონერი BOSCH CLIMATE 2000 ON/OFF 12000 BTU,,"კონდიციონერი BOSCH CLIMATE 2000 ON/OFF 12000 BTU — რეკომენდებული ფართი 35 მ²–მდე. დეტალური მახასიათებლები, ფასი და ხელმისაწვდომობა იხილეთ Superi.ge-ზე.","კონდიციონერი BOSCH CLIMATE 2000 ON/OFF 12000 BTU: რეკომენდირებული ფართი 35 მ²- მდე, შიდა ბლოკის ხმაურის დონე 26.5 dB(A), ფრეონის ტიპი R32.",,meta description: შაბლონური/გაბმული სიტყვები,არა
1035,213046,https://superi.ge/bosch-climate-2000-on-off-18000-btu/,kondicionerebi,კონდიციონერი BOSCH CLIMATE 2000 ON/OFF 18000 BTU,,კონდიციონერი BOSCH CLIMATE 2000 ON/OFF 18000 BTU,,"კონდიციონერი BOSCH CLIMATE 2000 ON/OFF 18000 BTU — რეკომენდებული ფართი 60 მ²–მდე. დეტალური მახასიათებლები, ფასი და ხელმისაწვდომობა იხილეთ Superi.ge-ზე.","კონდიციონერი BOSCH CLIMATE 2000 ON/OFF 18000 BTU: რეკომენდირებული ფართი 60 მ²- მდე, შიდა ბლოკის ხმაურის დონე 26.5 dB(A), ფრეონის ტიპი R410.",,meta description: შაბლონური/გაბმული სიტყვები,არა
1036,213047,https://superi.ge/bosch-climate-2000-on-off-24000-btu/,kondicionerebi,კონდიციონერი BOSCH CLIMATE 2000 ON/OFF 24000 BTU,,კონდიციონერი BOSCH CLIMATE 2000 ON/OFF 24000 BTU,,"კონდიციონერი BOSCH CLIMATE 2000 ON/OFF 24000 BTU — რეკომენდებული ფართი 75 მ²–მდე. დეტალური მახასიათებლები, ფასი და ხელმისაწვდომობა იხილეთ Superi.ge-ზე.","კონდიციონერი BOSCH CLIMATE 2000 ON/OFF 24000 BTU: რეკომენდირებული ფართი 75 მ²- მდე, შიდა ბლოკის ხმაურის დონე 26.5 dB(A), ფრეონის ტიპი R32.",,meta description: შაბლონური/გაბმული სიტყვები,არა
1033,213045,https://superi.ge/bosch-climate-2000-on-off-8000-btu/,kondicionerebi,კონდიციონერი BOSCH CLIMATE 2000 ON/OFF 8000 BTU,,კონდიციონერი BOSCH CLIMATE 2000 ON/OFF 8000 BTU,,"კონდიციონერი BOSCH CLIMATE 2000 ON/OFF 8000 BTU — რეკომენდებული ფართი 25 მ²–მდე. დეტალური მახასიათებლები, ფასი და ხელმისაწვდომობა იხილეთ Superi.ge-ზე.","კონდიციონერი BOSCH CLIMATE 2000 ON/OFF 8000 BTU: რეკომენდირებული ფართი 25 მ²- მდე, შიდა ბლოკის ხმაურის დონე 26.5 dB(A), ფრეონის ტიპი R32.",,meta description: შაბლონური/გაბმული სიტყვები,არა
1038,213053,https://superi.ge/bosch-climate-3000i-inverter-12000-btu/,kondicionerebi,კონდიციონერი BOSCH CLIMATE 3000I INVERTER 12000 BTU,,კონდიციონერი BOSCH CLIMATE 3000I INVERTER 12000 BTU,,კონდიციონერი BOSCH CLIMATE 3000I INVERTER 12000 BTU — რეკომენდებული ფართი 35 მ²–მდე და ხმაურის დონე 22 dB A. ფასი და ხელმისაწვდომობა იხილეთ Superi.ge-ზე.,"კონდიციონერი BOSCH CLIMATE 3000I INVERTER 12000 BTU: რეკომენდირებული ფართი 35 მ²- მდე, შიდა ბლოკის ხმაურის დონე 22 dB(A), ენერგოეფექტურობის კლასი A++/A+.",,meta description: შაბლონური/გაბმული სიტყვები,არა
1039,213056,https://superi.ge/bosch-climate-3000i-inverter-18000-btu/,kondicionerebi,კონდიციონერი BOSCH CLIMATE 3000I INVERTER 18000 BTU,,კონდიციონერი BOSCH CLIMATE 3000I INVERTER 18000 BTU,,კონდიციონერი BOSCH CLIMATE 3000I INVERTER 18000 BTU — რეკომენდებული ფართი 55 მ²–მდე და ხმაურის დონე 22 dB A. ფასი და ხელმისაწვდომობა იხილეთ Superi.ge-ზე.,"კონდიციონერი BOSCH CLIMATE 3000I INVERTER 18000 BTU: რეკომენდირებული ფართი 55 მ²- მდე, შიდა ბლოკის ხმაურის დონე 22 dB(A), ენერგოეფექტურობის კლასი A++/A+.",,meta description: შაბლონური/გაბმული სიტყვები,არა
1037,213058,https://superi.ge/bosch-climate-3000i-inverter-9000-btu/,kondicionerebi,კონდიციონერი BOSCH CLIMATE 3000I INVERTER 9000 BTU,,კონდიციონერი BOSCH CLIMATE 3000I INVERTER 9000 BTU,,კონდიციონერი BOSCH CLIMATE 3000I INVERTER 9000 BTU — რეკომენდებული ფართი 25 მ²–მდე და ხმაურის დონე 22 dB A. ფასი და ხელმისაწვდომობა იხილეთ Superi.ge-ზე.,"კონდიციონერი BOSCH CLIMATE 3000I INVERTER 9000 BTU: რეკომენდირებული ფართი 25 მ²- მდე, შიდა ბლოკის ხმაურის დონე 22 dB(A), ენერგოეფექტურობის კლასი A++/A+.",,meta description: შაბლონური/გაბმული სიტყვები,არა
2967,CS-25H3A-B150AY8D,https://superi.ge/chigo-cs-25h3a-b150ay8d-25-30/,kondicionerebi,კონდიციონერი CHIGO CS-25H3A-B150AY8D (25-30მ²),,კონდიციონერი CHIGO CS-25H3A-B150AY8D (25-30მ²),,"კონდიციონერი CHIGO CS-25H3A-B150AY8D (25-30მ²) — მახასიათებლები, ფასი და ხელმისაწვდომობა იხილეთ Superi.ge-ზე და შეარჩიეთ სასურველი მოდელი ონლაინ.","კონდიციონერი CHIGO CS-25H3A-B150AY8D (25-30მ²): კვადრატულობა 25-30 კვადრატული, კონდიციონერის ტიპი სპლიტ-სისტემა, ფრეონის ტიპი R410A.",,meta description: შაბლონური/გაბმული სიტყვები,არა
1095,216056,https://superi.ge/cooper-and-hunter-ch-s09-xz3-universal-pro/,kondicionerebi,კონდიციონერი COOPER & HUNTER CH-S09 XZ3 UNIVERSAL PRO,,კონდიციონერი COOPER & HUNTER CH-S09 XZ3 UNIVERSAL PRO,,"კონდიციონერი COOPER & HUNTER CH-S09 XZ3 UNIVERSAL PRO — სიმძლავრე 2,55 KW. დეტალური მახასიათებლები, ფასი და ხელმისაწვდომობა იხილეთ Superi.ge-ზე.","კონდიციონერი COOPER & HUNTER CH-S09 XZ3 UNIVERSAL PRO: რეკომენდირებული ფართი 20 მ² -მდე, გაგრილების სიმძლავრე 2.55 KW, გათბობის სიმძლავრე 2.65 KW.",,meta description: შაბლონური/გაბმული სიტყვები,არა
1094,216061,https://superi.ge/cooper-and-hunter-ch-s12-xz3-universal-pro/,kondicionerebi,კონდიციონერი COOPER & HUNTER CH-S12 XZ3 UNIVERSAL PRO,,კონდიციონერი COOPER & HUNTER CH-S12 XZ3 UNIVERSAL PRO,,"კონდიციონერი COOPER & HUNTER CH-S12 XZ3 UNIVERSAL PRO — სიმძლავრე 3,25 KW. დეტალური მახასიათებლები, ფასი და ხელმისაწვდომობა იხილეთ Superi.ge-ზე.","კონდიციონერი COOPER & HUNTER CH-S12 XZ3 UNIVERSAL PRO: რეკომენდირებული ფართი 35 მ² -მდე, გაგრილების სიმძლავრე 3.25 KW, გათბობის სიმძლავრე 3.4 KW.",,meta description: შაბლონური/გაბმული სიტყვები,არა
1813,228239,https://superi.ge/cooper-and-hunter-ch-s18-xn8/,kondicionerebi,კონდიციონერი COOPER & HUNTER CH-S18 XN8,,კონდიციონერი COOPER & HUNTER CH-S18 XN8,,"კონდიციონერი COOPER & HUNTER CH-S18 XN8 — რეკომენდებული ფართი 50 მ²–მდე. დეტალური მახასიათებლები, ფასი და ხელმისაწვდომობა იხილეთ Superi.ge-ზე.","კონდიციონერი COOPER & HUNTER CH-S18 XN8: რეკომენდირებული ფართი 50 მ² -მდე, ენერგომოხმარების კლასი A, მოხმარებადი სიმძლავრე გაგრილების რეჟიმში 1.477 KW.",,meta description: შაბლონური/გაბმული სიტყვები,არა
1097,187227,https://superi.ge/cooper-and-hunter-s-18-ftxf-wi-fi-ng/,kondicionerebi,კონდიციონერი COOPER & HUNTER S 18 FTXF (WI-FI) NG,,კონდიციონერი COOPER & HUNTER S 18 FTXF (WI-FI) NG,,კონდიციონერი COOPER & HUNTER S 18 FTXF (WI-FI) NG — სიმძლავრე 4600 W და რეკომენდებული ფართი 55 მ²–მდე. ფასი და ხელმისაწვდომობა იხილეთ Superi.ge-ზე.,"კონდიციონერი COOPER & HUNTER S 18 FTXF (WI-FI) NG: რეკომენდირებული ფართი 55 მ² -მდე, გაგრილების სიმძლავრე 4600 W, გათბობის სიმძლავრე 5200 W.",,meta description: შაბლონური/გაბმული სიტყვები,არა
1679,S99210,https://superi.ge/gorenje-ac-rea53-kc/,kondicionerebi,კონდიციონერი GORENJE AC REA53 KC INVERTER,,კონდიციონერი GORENJE AC REA53 KC,,"კონდიციონერი GORENJE AC REA53 KC INVERTER — რეკომენდებული ფართი 55 მ²–მდე. დეტალური მახასიათებლები, ფასი და ხელმისაწვდომობა იხილეთ Superi.ge-ზე.","კონდიციონერი GORENJE AC REA53 KC INVERTER: რეკომენდირებული ფართი 55 მ² -მდე, სიმძლავრე გაგრილების რეჟიმში 18000 BTU/სთ.",,meta description: შაბლონური/გაბმული სიტყვები,არა
1061,I84717,https://superi.ge/gorenje-kam26-php/,kondicionerebi,კონდიციონერი GORENJE KAM26 PHP,,კონდიციონერი GORENJE KAM26 PHP,,კონდიციონერი GORENJE KAM26 PHP — რეკომენდებული ფართი 15 მ²–მდე და სიმძლავრე გაგრილების რეჟიმში 2600 W. ფასი და ხელმისაწვდომობა იხილეთ Superi.ge-ზე.,"კონდიციონერი GORENJE KAM26 PHP: ძირითადი რეჟიმები გაგრილება/გათბობა, რეკომენდირებული ფართი 15 მ² -მდე, სიმძლავრე გაგრილების რეჟიმში 2600 W.",,meta description: შაბლონური/გაბმული სიტყვები,არა
2776,S64189,https://superi.ge/gorenje-rea26-kc-inverter-25-30/,kondicionerebi,კონდიციონერი GORENJE REA26 KC INVERTER (25-30 მ²),,კონდიციონერი GORENJE REA26 KC INVERTER (25-30 მ²),,კონდიციონერი GORENJE REA26 KC INVERTER (25-30 მ²) — რეკომენდებული ფართი 30 მ²–მდე და ინვენტორული ძრავა. ფასი და ხელმისაწვდომობა იხილეთ Superi.ge-ზე.,"კონდიციონერი GORENJE REA26 KC INVERTER (25-30 მ²): რეჟიმი გაგრილება/გათბობა, რეკომენდებული ფართი 30 მ² -მდე, ძრავის ტიპი ინვენტორული.",,meta description: შაბლონური/გაბმული სიტყვები,არა
2778,S98526,https://superi.ge/gorenje-rea35-kc-inverter-35-40/,kondicionerebi,კონდიციონერი GORENJE REA35 KC INVERTER (35-40 მ²),,კონდიციონერი GORENJE REA35 KC INVERTER (35-40 მ²),,კონდიციონერი GORENJE REA35 KC INVERTER (35-40 მ²) — რეკომენდებული ფართი 35–40 მ²–მდე და ინვენტორული ძრავა. ფასი და ხელმისაწვდომობა იხილეთ Superi.ge-ზე.,"კონდიციონერი GORENJE REA35 KC INVERTER (35-40 მ²): რეჟიმი გაგრილება/გათბობა, რეკომენდირებული ფართი 35-40 მ² -მდე, ძრავის ტიპი ინვენტორული.",,meta description: შაბლონური/გაბმული სიტყვები,არა
2777,S64175,https://superi.ge/gorenje-rea70-kc-inverter-75-80/,kondicionerebi,კონდიციონერი GORENJE REA70 KC INVERTER (75-80 მ²),,კონდიციონერი GORENJE REA70 KC INVERTER (75-80 მ²),,"კონდიციონერი GORENJE REA70 KC INVERTER (75-80 მ²) — რეკომენდებული ფართი 75–80 მ²–მდე. დეტალური მახასიათებლები, ფასი და ხელმისაწვდომობა იხილეთ Superi.ge-ზე.","კონდიციონერი GORENJE REA70 KC INVERTER (75-80 მ²): რეკომენდირებული ფართი 75-80 მ² -მდე, სიმძლავრე გაგრილების რეჟიმში 24000BTU/სთ.",,meta description: შაბლონური/გაბმული სიტყვები,არა
2783,232795,https://superi.ge/gree-gwh09aga-k3nna1a-25-30/,kondicionerebi,კონდიციონერი GREE GWH09AGA-K3NNA1A (25-30 მ²,,კონდიციონერი GREE GWH09AGA-K3NNA1A (25-30 მ²,,"კონდიციონერი GREE GWH09AGA-K3NNA1A (25-30 მ² — რეკომენდებული ფართი 25–30 მ²–მდე. დეტალური მახასიათებლები, ფასი და ხელმისაწვდომობა იხილეთ Superi.ge-ზე.","კონდიციონერი GREE GWH09AGA-K3NNA1A (25-30 მ²: რეკომენდებული ფართი 25-30 მ² -მდე, ენერგო მოხმარება გაგრილების დროს 0.79 kW, სიმძლავრე გაგრილების დროს 2.55 kW.",,meta description: შაბლონური/გაბმული სიტყვები,არა
2788,232806,https://superi.ge/gree-gwh09aga-k6dna1a-inverter-25-30/,kondicionerebi,კონდიციონერი GREE GWH09AGA-K6DNA1A INVERTER (25-30 მ²),,კონდიციონერი GREE GWH09AGA-K6DNA1A INVERTER (25-30 მ²),,კონდიციონერი GREE GWH09AGA-K6DNA1A INVERTER (25-30 მ²) — რეკომენდებული ფართი 25–30 მ²–მდე. ფასი და ხელმისაწვდომობა იხილეთ Superi.ge-ზე.,"კონდიციონერი GREE GWH09AGA-K6DNA1A INVERTER (25-30 მ²): რეკომენდებული ფართი 25-30 მ² -მდე, ენერგო მოხმარება გაგრილების დროს 0.750 kW.",,meta description: შაბლონური/გაბმული სიტყვები,არა
2784,232798,https://superi.ge/gree-gwh12agb-k3nna1a-35-40/,kondicionerebi,კონდიციონერი GREE GWH12AGB-K3NNA1A (35-40 მ²),,კონდიციონერი GREE GWH12AGB-K3NNA1A (35-40 მ²),,"კონდიციონერი GREE GWH12AGB-K3NNA1A (35-40 მ²) — რეკომენდებული ფართი 35–40 მ²–მდე. დეტალური მახასიათებლები, ფასი და ხელმისაწვდომობა იხილეთ Superi.ge-ზე.","კონდიციონერი GREE GWH12AGB-K3NNA1A (35-40 მ²): რეკომენდებული ფართი 35-40 მ² -მდე, ენერგო მოხმარება გაგრილების დროს 0.95 kW, სიმძლავრე გაგრილების დროს 3.25 kW.",,meta description: შაბლონური/გაბმული სიტყვები,არა
2789,232807,https://superi.ge/gree-gwh12agb-k6dna1a-inverter-35-40/,kondicionerebi,კონდიციონერი GREE GWH12AGB-K6DNA1A INVERTER (35-40 მ²),,კონდიციონერი GREE GWH12AGB-K6DNA1A INVERTER (35-40 მ²),,კონდიციონერი GREE GWH12AGB-K6DNA1A INVERTER (35-40 მ²) — რეკომენდებული ფართი 35–40 მ²–მდე. ფასი და ხელმისაწვდომობა იხილეთ Superi.ge-ზე.,"კონდიციონერი GREE GWH12AGB-K6DNA1A INVERTER (35-40 მ²): რეკომენდებული ფართი 35-40 მ² -მდე, ენერგო მოხმარება გაგრილების დროს 0.991 kW.",,meta description: შაბლონური/გაბმული სიტყვები,არა
2785,232802,https://superi.ge/gree-gwh18agc-k3nna1a-55-60/,kondicionerebi,კონდიციონერი GREE GWH18AGC-K3NNA1A (55-60 მ²),,კონდიციონერი GREE GWH18AGC-K3NNA1A (55-60 მ²),,"კონდიციონერი GREE GWH18AGC-K3NNA1A (55-60 მ²) — რეკომენდებული ფართი 55–60 მ²–მდე. დეტალური მახასიათებლები, ფასი და ხელმისაწვდომობა იხილეთ Superi.ge-ზე.","კონდიციონერი GREE GWH18AGC-K3NNA1A (55-60 მ²): რეკომენდებული ფართი 55-60 მ² -მდე, ენერგო მოხმარება გაგრილების დროს 1.46 kW, სიმძლავრე გაგრილების დროს 4.8 kW.",,meta description: შაბლონური/გაბმული სიტყვები,არა
2786,232803,https://superi.ge/gree-gwh24agd-k3nna1a-75-80/,kondicionerebi,კონდიციონერი GREE GWH24AGD-K3NNA1A (75-80 მ²),,კონდიციონერი GREE GWH24AGD-K3NNA1A (75-80 მ²),,"კონდიციონერი GREE GWH24AGD-K3NNA1A (75-80 მ²) — რეკომენდებული ფართი 75–80 მ²–მდე. დეტალური მახასიათებლები, ფასი და ხელმისაწვდომობა იხილეთ Superi.ge-ზე.","კონდიციონერი GREE GWH24AGD-K3NNA1A (75-80 მ²): რეკომენდებული ფართი 75-80 მ² -მდე, ენერგო მოხმარება გაგრილების დროს 1.85 kW, სიმძლავრე გაგრილების დროს 6.2 kW.",,meta description: შაბლონური/გაბმული სიტყვები,არა
2787,232804,https://superi.ge/gree-gwh28age-k3nna1a-90-100/,kondicionerebi,კონდიციონერი GREE GWH28AGE-K3NNA1A (90-100 მ²),,კონდიციონერი GREE GWH28AGE-K3NNA1A (90-100 მ²),,"კონდიციონერი GREE GWH28AGE-K3NNA1A (90-100 მ²) — რეკომენდებული ფართი 90–100 მ²–მდე. დეტალური მახასიათებლები, ფასი და ხელმისაწვდომობა იხილეთ Superi.ge-ზე.","კონდიციონერი GREE GWH28AGE-K3NNA1A (90-100 მ²): რეკომენდებული ფართი 90-100 მ² -მდე, ენერგო მოხმარება გაგრილების დროს 2.64 kW.",,meta description: შაბლონური/გაბმული სიტყვები,არა
2756,HSU-12HTL103/R2(IN)(OUT),https://superi.ge/haier-tibio-inverter-12000-35-40/,kondicionerebi,კონდიციონერი HAIER TIBIO INVERTER 12000 (35-40მ²),,კონდიციონერი HAIER TIBIO INVERTER 12000 (35-40მ²),,"კონდიციონერი HAIER TIBIO INVERTER 12000 (35-40მ²) — რეკომენდებული ფართი 35–40 მ²–მდე. დეტალური მახასიათებლები, ფასი და ხელმისაწვდომობა იხილეთ Superi.ge-ზე.","კონდიციონერი HAIER TIBIO INVERTER 12000 (35-40მ²): ძირითადი რეჟიმები გაგრილება, გათბობა, რეკომენდირებული ფართი 35-40 მ² -მდე.",,meta description: შაბლონური/გაბმული სიტყვები,არა
2757,HSU-18HTL103/R2(IN)(OUT),https://superi.ge/haier-tibio-inverter-18000-55-60/,kondicionerebi,კონდიციონერი HAIER TIBIO INVERTER 18000 (55-60მ²),,კონდიციონერი HAIER TIBIO INVERTER 18000 (55-60მ²),,"კონდიციონერი HAIER TIBIO INVERTER 18000 (55-60მ²) — რეკომენდებული ფართი 55–60 მ²–მდე. დეტალური მახასიათებლები, ფასი და ხელმისაწვდომობა იხილეთ Superi.ge-ზე.","კონდიციონერი HAIER TIBIO INVERTER 18000 (55-60მ²): ძირითადი რეჟიმები გაგრილება, გათბობა, რეკომენდირებული ფართი 55-60 მ² -მდე.",,meta description: შაბლონური/გაბმული სიტყვები,არა
2758,HSU-24HTL103/R2(IN)(OUT),https://superi.ge/haier-tibio-inverter-24000-75-80/,kondicionerebi,კონდიციონერი HAIER TIBIO INVERTER 24000 (75-80 მ²),,კონდიციონერი HAIER TIBIO INVERTER 24000 (75-80 მ²),,"კონდიციონერი HAIER TIBIO INVERTER 24000 (75-80 მ²) — რეკომენდებული ფართი 75–80 მ²–მდ. დეტალური მახასიათებლები, ფასი და ხელმისაწვდომობა იხილეთ Superi.ge-ზე.","კონდიციონერი HAIER TIBIO INVERTER 24000 (75-80 მ²): ძირითადი რეჟიმები გაგრილება, გათბობა, რეკომენდირებული ფართი 75-80 მ² -მდ.",,meta description: შაბლონური/გაბმული სიტყვები,არა
2755,HSU-09HT103/R2(IN)(OUT),https://superi.ge/haier-tibio-inverter-9000-25-30/,kondicionerebi,კონდიციონერი HAIER TIBIO INVERTER 9000 (25-30 მ²),,კონდიციონერი HAIER TIBIO INVERTER 9000 (25-30 მ²),,"კონდიციონერი HAIER TIBIO INVERTER 9000 (25-30 მ²) — რეკომენდებული ფართი 25–30 მ²–მდე. დეტალური მახასიათებლები, ფასი და ხელმისაწვდომობა იხილეთ Superi.ge-ზე.","კონდიციონერი HAIER TIBIO INVERTER 9000 (25-30 მ²): ძირითადი რეჟიმები გაგრილება, გათბობა, რეკომენდირებული ფართი 25-30 მ² -მდე.",,meta description: შაბლონური/გაბმული სიტყვები,არა
2924,TM-MT-BMT-1198-AC-1261,https://superi.ge/hoffmann-eiac-12k-35-40-inverter/,kondicionerebi,კონდიციონერი HOFFMANN EIAC-12K (35-40 მ²) INVERTER,,კონდიციონერი HOFFMANN EIAC-12K (35-40 მ²) INVERTER,,კონდიციონერი HOFFMANN EIAC-12K (35-40 მ²) INVERTER — რეკომენდებული ფართი 35–40 მ²–მდე და ინვენტორული ძრავა. ფასი და ხელმისაწვდომობა იხილეთ Superi.ge-ზე.,"კონდიციონერი HOFFMANN EIAC-12K (35-40 მ²) INVERTER: ელექტროენერგიის მოხმარების კლასი A, ძრავის ტიპი ინვენტორული, რეკომენდირებული ფართი 35-40 მ²-მდე.",,meta description: შაბლონური/გაბმული სიტყვები,არა
2925,TM-MT-BMT-1198-AC-1262,https://superi.ge/hoffmann-eiac-18k-55-60-inverter/,kondicionerebi,კონდიციონერი HOFFMANN EIAC-18K (55-60 მ²) INVERTER,,კონდიციონერი HOFFMANN EIAC-18K (55-60 მ²) INVERTER,,კონდიციონერი HOFFMANN EIAC-18K (55-60 მ²) INVERTER — რეკომენდებული ფართი 55–60 მ²–მდე და ინვენტორული ძრავა. ფასი და ხელმისაწვდომობა იხილეთ Superi.ge-ზე.,"კონდიციონერი HOFFMANN EIAC-18K (55-60 მ²) INVERTER: ელექტროენერგიის მოხმარების კლასი A, ძრავის ტიპი ინვენტორული, რეკომენდირებული ფართი 55-60 მ²-მდე.",,meta description: შაბლონური/გაბმული სიტყვები,არა
2926,TM-MT-BMT-1198-AC-1263,https://superi.ge/hoffmann-eiac-24k-75-80-inverter/,kondicionerebi,კონდიციონერი HOFFMANN EIAC-24K (75-80 მ²) INVERTER,,კონდიციონერი HOFFMANN EIAC-24K (75-80 მ²) INVERTER,,კონდიციონერი HOFFMANN EIAC-24K (75-80 მ²) INVERTER — რეკომენდებული ფართი 75–80 მ²–მდე და ინვენტორული ძრავა. ფასი და ხელმისაწვდომობა იხილეთ Superi.ge-ზე.,"კონდიციონერი HOFFMANN EIAC-24K (75-80 მ²) INVERTER: ელექტროენერგიის მოხმარების კლასი A, ძრავის ტიპი ინვენტორული, რეკომენდირებული ფართი 75-80 მ²-მდე.",,meta description: შაბლონური/გაბმული სიტყვები,არა
2928, TM-MT-BMT-1198-AC-1258,https://superi.ge/hoffmann-eoac-12k-35-40/,kondicionerebi,კონდიციონერი HOFFMANN EOAC-12K (35-40 მ²),,კონდიციონერი HOFFMANN EOAC-12K (35-40 მ²),,"კონდიციონერი HOFFMANN EOAC-12K (35-40 მ²) — რეკომენდებული ფართი 35–40მ²–მდე. დეტალური მახასიათებლები, ფასი და ხელმისაწვდომობა იხილეთ Superi.ge-ზე","კონდიციონერი HOFFMANN EOAC-12K (35-40 მ²): ელექტროენერგიის მოხმარების კლასი A, ძრავის ტიპი ON/OFF, რეკომენდირებული ფართი 35 -40მ²-მდე, ფრეონის ტიპი R410A.",,meta description: შაბლონური/გაბმული სიტყვები,არა
2929,TM-MT-BMT-1198-AC-1259,https://superi.ge/hoffmann-eoac-18k-55-60/,kondicionerebi,კონდიციონერი HOFFMANN EOAC-18K (55-60 მ²),,კონდიციონერი HOFFMANN EOAC-18K (55-60 მ²),,"კონდიციონერი HOFFMANN EOAC-18K (55-60 მ²) — რეკომენდებული ფართი 55–60 მ²–მდე. დეტალური მახასიათებლები, ფასი და ხელმისაწვდომობა იხილეთ Superi.ge-ზე.","კონდიციონერი HOFFMANN EOAC-18K (55-60 მ²): ელექტროენერგიის მოხმარების კლასი A, ძრავის ტიპი ON/OFF, რეკომენდირებული ფართი 55-60 მ²-მდე, ფრეონის ტიპი R410A.",,meta description: შაბლონური/გაბმული სიტყვები,არა
2930,TM-MT-BMT-1198-AC-1260,https://superi.ge/hoffmann-eoac-24k-80/,kondicionerebi,კონდიციონერი HOFFMANN EOAC-24K (80 მ²),,კონდიციონერი HOFFMANN EOAC-24K (80 მ²),,"კონდიციონერი HOFFMANN EOAC-24K (80 მ²) — რეკომენდებული ფართი 75–80 მ²–მდე. დეტალური მახასიათებლები, ფასი და ხელმისაწვდომობა იხილეთ Superi.ge-ზე.","კონდიციონერი HOFFMANN EOAC-24K (80 მ²): ელექტროენერგიის მოხმარების კლასი A, ძრავის ტიპი ON/OFF, რეკომენდირებული ფართი 75-80 მ²-მდე, ფრეონის ტიპი R410A.",,meta description: შაბლონური/გაბმული სიტყვები,არა
2927,TM-MT-BMT-1198-AC-1257,https://superi.ge/hoffmann-eoac-9k-20-30/,kondicionerebi,კონდიციონერი HOFFMANN EOAC-9K (20-30 მ²),,კონდიციონერი HOFFMANN EOAC-9K (20-30 მ²),,"კონდიციონერი HOFFMANN EOAC-9K (20-30 მ²) — რეკომენდებული ფართი 20–30 მ²–მდე. დეტალური მახასიათებლები, ფასი და ხელმისაწვდომობა იხილეთ Superi.ge-ზე.","კონდიციონერი HOFFMANN EOAC-9K (20-30 მ²): ელექტროენერგიის მოხმარების კლასი A, ძრავის ტიპი ON/OFF, რეკომენდირებული ფართი 20-30 მ²-მდე, ფრეონის ტიპი R410A.",,meta description: შაბლონური/გაბმული სიტყვები,არა
1837,211249,https://superi.ge/hyundai-ac-esaf-12hn8/,kondicionerebi,კონდიციონერი HYUNDAI AC ESAF-12HN8,,კონდიციონერი HYUNDAI AC ESAF-12HN8,,"კონდიციონერი HYUNDAI AC ESAF-12HN8 — რეკომენდებული ფართი 35 მ²–მდე. დეტალური მახასიათებლები, ფასი და ხელმისაწვდომობა იხილეთ Superi.ge-ზე.","კონდიციონერი HYUNDAI AC ESAF-12HN8: რეკომენდირებული ფართი 35 მ² -მდე, სიმძლავრე გაგრილების რეჟიმში 12000BTU/სთ, სიმძლავრე გათბობის რეჟიმში 12000BTU/სთ.",,meta description: შაბლონური/გაბმული სიტყვები,არა
1841,I84739,https://superi.ge/hyundai-ac-esaf-12hn8-g/,kondicionerebi,კონდიციონერი HYUNDAI AC ESAF-12HN8-G,,კონდიციონერი HYUNDAI AC ESAF-12HN8-G,,"კონდიციონერი HYUNDAI AC ESAF-12HN8-G — რეკომენდებული ფართი 35 მ²–მდე. დეტალური მახასიათებლები, ფასი და ხელმისაწვდომობა იხილეთ Superi.ge-ზე.","კონდიციონერი HYUNDAI AC ESAF-12HN8-G: რეკომენდირებული ფართი 35 მ² -მდე, სიმძლავრე გაგრილების რეჟიმში 12000BTU/სთ, სიმძლავრე გათბობის რეჟიმში 12000BTU/სთ.",,meta description: შაბლონური/გაბმული სიტყვები,არა
1864,I84737,https://superi.ge/hyundai-ac-esaf-24hn8-g/,kondicionerebi,კონდიციონერი HYUNDAI AC ESAF-24HN8-G,,კონდიციონერი HYUNDAI AC ESAF-24HN8-G,,"კონდიციონერი HYUNDAI AC ESAF-24HN8-G — რეკომენდებული ფართი 75 მ²–მდე. დეტალური მახასიათებლები, ფასი და ხელმისაწვდომობა იხილეთ Superi.ge-ზე.","კონდიციონერი HYUNDAI AC ESAF-24HN8-G: რეკომენდირებული ფართი 75 მ² -მდე, სიმძლავრე გაგრილების რეჟიმში 24000BTU/სთ, სიმძლავრე გათბობის რეჟიმში 25000BTU/სთ.",,meta description: შაბლონური/გაბმული სიტყვები,არა
2855,S26652,https://superi.ge/hyundai-esaf-09hn8-25-30/,kondicionerebi,კონდიციონერი HYUNDAI ESAF-09HN8 (25-30მ²),,კონდიციონერი HYUNDAI ESAF-09HN8 (25-30მ²),,"კონდიციონერი HYUNDAI ESAF-09HN8 (25-30მ²) — რეკომენდებული ფართი 25–30 მ²–მდე. დეტალური მახასიათებლები, ფასი და ხელმისაწვდომობა იხილეთ Superi.ge-ზე.","კონდიციონერი HYUNDAI ESAF-09HN8 (25-30მ²): რეკომენდირებული ფართი 25-30 მ² -მდე, სიმძლავრე გაგრილების რეჟიმში 8500BTU/სთ, გაგრილების სიმძლავრე 776 W.",,meta description: შაბლონური/გაბმული სიტყვები,არა
2854,I84375,https://superi.ge/hyundai-esaf-24hfn8-80/,kondicionerebi,კონდიციონერი HYUNDAI ESAF-24HFN8 (80მ²),,კონდიციონერი HYUNDAI ESAF-24HFN8 (80მ²),,"კონდიციონერი HYUNDAI ESAF-24HFN8 (80მ²) — რეკომენდებული ფართი 80 მ²–მდე. დეტალური მახასიათებლები, ფასი და ხელმისაწვდომობა იხილეთ Superi.ge-ზე.","კონდიციონერი HYUNDAI ESAF-24HFN8 (80მ²): რეკომენდირებული ფართი 80 მ² -მდე, სიმძლავრე გაგრილების რეჟიმში 24000 BTU/სთ, სიმძლავრე გათბობის რეჟიმში 25000 BTU/სთ.",,meta description: შაბლონური/გაბმული სიტყვები,არა
2774,I63531,https://superi.ge/mayer-esaf-12mn1-35-40/,kondicionerebi,კონდიციონერი MAYER ESAF-12MN1 (35-40მ²),,კონდიციონერი MAYER ESAF-12MN1 (35-40მ²),,"კონდიციონერი MAYER ESAF-12MN1 (35-40მ²) — რეკომენდებული ფართი 35–40 მ²–მდე. დეტალური მახასიათებლები, ფასი და ხელმისაწვდომობა იხილეთ Superi.ge-ზე.","კონდიციონერი MAYER ESAF-12MN1 (35-40მ²): რეკომენდირებული ფართი 35-40 მ² -მდე, სიმძლავრე გაგრილების რეჟიმში 12000BTU/სთ, სიმძლავრე გაგრილების რეჟიმში 1095W.",,meta description: შაბლონური/გაბმული სიტყვები,არა
1681,208804,https://superi.ge/midea-af-09n1c2/,kondicionerebi,კონდიციონერი MIDEA AF-09N1C2,,კონდიციონერი MIDEA AF-09N1C2|Superi.ge,,"კონდიციონერი MIDEA AF-09N1C2 — რეკომენდებული ფართი 25–30 მ² მდე და ინვერტორული ძრავა. დეტალური მახასიათებლები, ფასი და ხელმისაწვდომობა იხილეთ Superi.ge-ზე.","კონდიციონერი MIDEA AF-09N1C2: რეჟიმი გაგრილება/გათბობა, ძრავის ტიპი ინვერტორული, რეკომენდირებული ფართი 25-30 მ² მდე, ენერგომოხმარების კლასი A.",,meta description: შაბლონური/გაბმული სიტყვები,არა
251,174741,https://superi.ge/midea-af-12n1c2/,kondicionerebi,კონდიციონერი MIDEA AF-12N1C2,,კონდიციონერი MIDEA AF-12N1C2|Superi.ge,,"კონდიციონერი MIDEA AF-12N1C2 — რეკომენდებული ფართი 35 მ²–მდე და სიმძლავრე გათ. დეტალური მახასიათებლები, ფასი და ხელმისაწვდომობა იხილეთ Superi.ge-ზე.","კონდიციონერი MIDEA AF-12N1C2: ძირითადი რეჟიმები გაგრილება, გათბობა, რეკომენდირებული ფართი 35 მ² -მდე, სიმძლავრე გაგრილების რეჟიმში 12000 BTU/სთ.",,meta description: შაბლონური/გაბმული სიტყვები,არა
2712,S42914,https://superi.ge/midea-ag-18n8do-inverter-ioniser-black-55-60/,kondicionerebi,კონდიციონერი MIDEA AG-18N8DO INVERTER IONISER/BLACK (55-60 მ²),,კონდიციონერი MIDEA AG-18N8DO INVERTER IONISER,,კონდიციონერი MIDEA AG-18N8DO INVERTER IONISER/BLACK (55-60 მ²) — რეკომენდებული ფართი 55–60 მ² მდე. ფასი და ხელმისაწვდომობა იხილეთ Superi.ge-ზე.,"კონდიციონერი MIDEA AG-18N8DO INVERTER IONISER/BLACK (55-60 მ²): რეჟიმი გაგრილება/გათბობა, რეკომენდებული ფართი 55-60 მ² მდე, ენერგომოხმარების კლასი A++/A+.",,meta description: შაბლონური/გაბმული სიტყვები,არა
259,S89892,https://superi.ge/midea-ag-18n8do-ioniser/,kondicionerebi,კონდიციონერი MIDEA AG-18N8DO IONISER,,კონდიციონერი MIDEA AG-18N8DO IONISER,,კონდიციონერი MIDEA AG-18N8DO IONISER — რეკომენდებული ფართი 55–60 მ² მდე და სიმძლავრე გაგრილების რ. ფასი და ხელმისაწვდომობა იხილეთ Superi.ge-ზე.,"კონდიციონერი MIDEA AG-18N8DO IONISER: რეჟიმი გაგრილება/გათბობა, რეკომენდირებული ფართი 55-60 მ² მდე, ენერგომოხმარების კლასი A++/A+.",,meta description: შაბლონური/გაბმული სიტყვები,არა
2713,S40268,https://superi.ge/midea-ag-24n8do-inverter-ioniser-black-75-80/,kondicionerebi,კონდიციონერი MIDEA AG-24N8DO INVERTER IONISER/BLACK (75-80 მ²),,კონდიციონერი MIDEA AG-24N8DO INVERTER IONISER,,კონდიციონერი MIDEA AG-24N8DO INVERTER IONISER/BLACK (75-80 მ²) — რეკომენდებული ფართი 75–80 მ² მდე. ფასი და ხელმისაწვდომობა იხილეთ Superi.ge-ზე.,"კონდიციონერი MIDEA AG-24N8DO INVERTER IONISER/BLACK (75-80 მ²): რეჟიმი გაგრილება/გათბობა, რეკომენდებული ფართი 75-80 მ² მდე, ენერგომოხმარების კლასი A++/A+.",,meta description: შაბლონური/გაბმული სიტყვები,არა
260,S57646,https://superi.ge/midea-gaia-09hrfn8/,kondicionerebi,კონდიციონერი MIDEA GAIA-09HRFN8,,კონდიციონერი MIDEA GAIA-09HRFN8,,"კონდიციონერი MIDEA GAIA-09HRFN8 — რეკომენდებული ფართი 25–30 მ² მდე. დეტალური მახასიათებლები, ფასი და ხელმისაწვდომობა იხილეთ Superi.ge-ზე.","კონდიციონერი MIDEA GAIA-09HRFN8: რეჟიმი გაგრილება/გათბობა, ძრავის ტიპი ინვერტორული, რეკომენდირებული ფართი 25-30 მ² მდე, ენერგომოხმარების კლასი A+++.",,meta description: შაბლონური/გაბმული სიტყვები,არა
2704,S72333,https://superi.ge/midea-gaia-18hrfn8-inverter-55-60/,kondicionerebi,კონდიციონერი MIDEA GAIA-18HRFN8 INVERTER (55-60მ²),,კონდიციონერი MIDEA GAIA-18HRFN8 INVERTER (55-60მ²),,"კონდიციონერი MIDEA GAIA-18HRFN8 INVERTER (55-60მ²) — რეკომენდებული ფართი 55–60 მ²–მდე. დეტალური მახასიათებლები, ფასი და ხელმისაწვდომობა იხილეთ Superi.ge-ზე.","კონდიციონერი MIDEA GAIA-18HRFN8 INVERTER (55-60მ²): რეჟიმი გაგრილება/გათბობა, რეკომენდირებული ფართი 55-60 მ² -მდე, ფრეონის ტიპი R32(0.7კგ).",,meta description: შაბლონური/გაბმული სიტყვები,არა
2695,S63922,https://superi.ge/midea-gmcc-mwf-09crn8-25-30/,kondicionerebi,კონდიციონერი MIDEA GMCC (MWF-09CRN8) 25-30 მ²,,კონდიციონერი MIDEA GMCC (MWF-09CRN8) 25-30 მ²,,კონდიციონერი MIDEA GMCC (MWF-09CRN8) 25-30 მ² — რეკომენდებული ფართი 25–30 მ² მდე და სიმძლავრე გაგრილების. ფასი და ხელმისაწვდომობა იხილეთ Superi.ge-ზე.,"კონდიციონერი MIDEA GMCC (MWF-09CRN8) 25-30 მ²: რეჟიმი გაგრილება, რეკომენდირებული ფართი 25-30 მ² მდე, ენერგომოხმარების კლასი A, ფრეონის ტიპი R32.",,meta description: შაბლონური/გაბმული სიტყვები,არა
253,S27016,https://superi.ge/midea-mae-12n8d6-inverter/,kondicionerebi,კონდიციონერი MIDEA MAE-12N8D6 INVERTER,,კონდიციონერი MIDEA MAE-12N8D6 INVERTER,,"კონდიციონერი MIDEA MAE-12N8D6 INVERTER — მაქსიმალური სიმძლავრე 2300 W. დეტალური მახასიათებლები, ფასი და ხელმისაწვდომობა იხილეთ Superi.ge-ზე.","კონდიციონერი MIDEA MAE-12N8D6 INVERTER: რეჟიმი გაგრილება/გათბობა, რეკომენდირებული ფართი 35-40 მ² მდე, ძრავის ტიპი ინვენტორული, მაქსიმალური სიმძლავრე 2300 W.",,meta description: შაბლონური/გაბმული სიტყვები,არა
2986,S80754,https://superi.ge/midea-mfya-24fn1d0-inverter-80/,kondicionerebi,კონდიციონერი MIDEA MFYA-24FN1D0 INVERTER (80 მ²),,კონდიციონერი MIDEA MFYA-24FN1D0 INVERTER (80 მ²),,"კონდიციონერი MIDEA MFYA-24FN1D0 INVERTER (80 მ²) — რეკომენდებული ფართი 80 მ²–მდე. დეტალური მახასიათებლები, ფასი და ხელმისაწვდომობა იხილეთ Superi.ge-ზე.","კონდიციონერი MIDEA MFYA-24FN1D0 INVERTER (80 მ²): ძირითადი რეჟიმები გაგრილება, გათბობა, რეკომენდირებული ფართი 80 მ² -მდე.",,meta description: შაბლონური/გაბმული სიტყვები,არა
1032,S34565,https://superi.ge/midea-mppd-09crn7/,kondicionerebi,კონდიციონერი MIDEA MPPD-09CRN7,,კონდიციონერი MIDEA MPPD-09CRN7,,კონდიციონერი MIDEA MPPD-09CRN7 — სიმძლავრე 9000 BTU და მოხმარებადი სიმძლავრე გაგრილებისას 975 W. ფასი და ხელმისაწვდომობა იხილეთ Superi.ge-ზე.,"კონდიციონერი MIDEA MPPD-09CRN7: ძირითადი რეჟიმები გაგრილება/გათბობა, სიმძლავრე 9000 BTU, მოხმარებადი სიმძლავრე გაგრილებისას 975 W, ენერგოეფექტურობის კლასი A.",,meta description: შაბლონური/გაბმული სიტყვები,არა
2044,S54180,https://superi.ge/midea-mppd-12crn7/,kondicionerebi,კონდიციონერი MIDEA MPPX-12CRN7,,კონდიციონერი MIDEA MPPD-12CRN7,,კონდიციონერი MIDEA MPPX-12CRN7 — სიმძლავრე 12000 BTU და მოხმარებადი სიმძლავრე გაგრილებისას 1213. ფასი და ხელმისაწვდომობა იხილეთ Superi.ge-ზე.,"კონდიციონერი MIDEA MPPX-12CRN7: ძირითადი რეჟიმები გაგრილება/გათბობა, გაგრილების სიმძლავრე 12000 BTU, გათბობის სიმძლავრე 11600 BTU.",,meta description: შაბლონური/გაბმული სიტყვები,არა
249,S33961,https://superi.ge/midea-msaf-09hrn8-w/,kondicionerebi,კონდიციონერი MIDEA MSAF-09HRN8-W,,კონდიციონერი MIDEA MSAF-09HRN8-W,,"კონდიციონერი MIDEA MSAF-09HRN8-W — რეკომენდებული ფართი 25–30 მ² მდე. დეტალური მახასიათებლები, ფასი და ხელმისაწვდომობა იხილეთ Superi.ge-ზე.","კონდიციონერი MIDEA MSAF-09HRN8-W: რეჟიმი გაგრილება/გათბობა, რეკომენდირებული ფართი 25-30 მ² მდე, ენერგომოხმარების კლასი A, ფრეონის ტიპი R410A.",,meta description: შაბლონური/გაბმული სიტყვები,არა
250,S74615,https://superi.ge/midea-msaf-12hrn8-w/,kondicionerebi,კონდიციონერი MIDEA MSAF-12HRN8-W,,კონდიციონერი MIDEA MSAF-12HRN8-W,,კონდიციონერი MIDEA MSAF-12HRN8-W — რეკომენდებული ფართი 35–40 მ² მდე და სიმძლავრე გაგრილების რეჟიმშ. ფასი და ხელმისაწვდომობა იხილეთ Superi.ge-ზე.,"კონდიციონერი MIDEA MSAF-12HRN8-W: რეჟიმი გაგრილება/გათბობა, რეკომენდირებული ფართი 35-40 მ² მდე, ენერგომოხმარების კლასი A.",,meta description: შაბლონური/გაბმული სიტყვები,არა
2847,S96769,https://superi.ge/midea-mscb-09hrfn8-25-30-inventer/,kondicionerebi,კონდიციონერი MIDEA MSCB-09HRFN8 (25-30მ²) INVENTER,კონდიციონერი MIDEA MSCB-09HRFN8 (25-30მ²) Inverter,კონდიციონერი MIDEA MSCB-09HRFN8 (25-30მ²) INVENTER,კონდიციონერი MIDEA MSCB-09HRFN8 (25-30მ²) Inverter | Superi.ge,კონდიციონერი MIDEA MSCB-09HRFN8 (25-30მ²) INVENTER — რეკომენდებული ფართი 25–30 მ²–მდე და ინვენტორული ძრავა. ფასი და ხელმისაწვდომობა იხილეთ Superi.ge-ზე.,"კონდიციონერი MIDEA MSCB-09HRFN8 (25-30მ²) Inverter: ძრავის ტიპი ინვენტორული, რეჟიმი გაგრილება/გათბობა, რეკომენდირებული ფართი 25 - 30 მ² -მდე.",,ბეჭდვითი შეცდომა; meta description: შაბლონური/გაბმული სიტყვები,არა
2848,S74536,https://superi.ge/midea-mscb-12hrfn8-35-40-inventer/,kondicionerebi,კონდიციონერი MIDEA MSCB-12HRFN8 (35-40მ²) INVENTER,კონდიციონერი MIDEA MSCB-12HRFN8 (35-40მ²) Inverter,კონდიციონერი MIDEA MSCB-12HRFN8 (35-40მ²) INVENTER,კონდიციონერი MIDEA MSCB-12HRFN8 (35-40მ²) Inverter | Superi.ge,კონდიციონერი MIDEA MSCB-12HRFN8 (35-40მ²) INVENTER — რეკომენდებული ფართი 35–40 მ²–მდე და ინვენტორული ძრავა. ფასი და ხელმისაწვდომობა იხილეთ Superi.ge-ზე.,"კონდიციონერი MIDEA MSCB-12HRFN8 (35-40მ²) Inverter: ძრავის ტიპი ინვენტორული, რეჟიმი გაგრილება/გათბობა, რეკომენდირებული ფართი 35 - 40 მ² -მდე.",,ბეჭდვითი შეცდომა; meta description: შაბლონური/გაბმული სიტყვები,არა
2698,S62088,https://superi.ge/midea-mscb-18hrfn8-55-60-inventer/,kondicionerebi,კონდიციონერი MIDEA MSCB-18HRFN8 (55-60მ²) INVENTER,კონდიციონერი MIDEA MSCB-18HRFN8 (55-60მ²) Inverter,კონდიციონერი MIDEA MSCB-18HRFN8 (55-60მ²) INVENTER,კონდიციონერი MIDEA MSCB-18HRFN8 (55-60მ²) Inverter | Superi.ge,კონდიციონერი MIDEA MSCB-18HRFN8 (55-60მ²) INVENTER — რეკომენდებული ფართი 55–60 მ²–მდე და ინვენტორული ძრავა. ფასი და ხელმისაწვდომობა იხილეთ Superi.ge-ზე.,"კონდიციონერი MIDEA MSCB-18HRFN8 (55-60მ²) Inverter: ძრავის ტიპი ინვენტორული, რეჟიმი გაგრილება/გათბობა, რეკომენდირებული ფართი 55 - 60 მ² -მდე.",,ბეჭდვითი შეცდომა; meta description: შაბლონური/გაბმული სიტყვები,არა
257,S30674,https://superi.ge/midea-vp-12n8d6-inverter/,kondicionerebi,კონდიციონერი MIDEA VP-12N8D6 INVERTER,,კონდიციონერი MIDEA VP-12N8D6 INVERTER,,"კონდიციონერი MIDEA VP-12N8D6 INVERTER — რეკომენდებული ფართი 35–40 მ²–მდე. დეტალური მახასიათებლები, ფასი და ხელმისაწვდომობა იხილეთ Superi.ge-ზე.","კონდიციონერი MIDEA VP-12N8D6 INVERTER: რეჟიმი გაგრილება/გათბობა, ძრავის ტიპი ინვენტორული, რეკომენდირებული ფართი 35 - 40 მ² -მდე.",,meta description: შაბლონური/გაბმული სიტყვები,არა
4067,S58948,https://superi.ge/midea-xt-09n8d6-inverter-black-25-30/,kondicionerebi,კონდიციონერი MIDEA XT-09N8D6 INVERTER BLACK (25-30 მ²),,კონდიციონერი MIDEA XT-09N8D6 INVERTER BLACK (25-30 მ²) | Superi.ge,,კონდიციონერი MIDEA XT-09N8D6 INVERTER BLACK (25-30 მ²) — რეკომენდებული ფართი 25–30 მ² მდე. ფასი და ხელმისაწვდომობა იხილეთ Superi.ge-ზე.,"კონდიციონერი MIDEA XT-09N8D6 INVERTER BLACK (25-30 მ²): რეჟიმი გაგრილება/გათბობა, რეკომენდებული ფართი 25-30 მ² მდე, ენერგომოხმარების კლასი A+++/A+++.",,meta description: შაბლონური/გაბმული სიტყვები,არა
2811,S39191,https://superi.ge/midea-xt-09n8d6-inverter-silver-25-30/,kondicionerebi,კონდიციონერი MIDEA XT-09N8D6 INVERTER SILVER (25-30 მ²),,კონდიციონერი MIDEA XT-09N8D6 INVERTER SILVER (25-30 მ²),,კონდიციონერი MIDEA XT-09N8D6 INVERTER SILVER (25-30 მ²) — რეკომენდებული ფართი 25–30 მ² მდე. ფასი და ხელმისაწვდომობა იხილეთ Superi.ge-ზე.,"კონდიციონერი MIDEA XT-09N8D6 INVERTER SILVER (25-30 მ²): რეჟიმი გაგრილება/გათბობა, რეკომენდებული ფართი 25-30 მ² მდე, ენერგომოხმარების კლასი A+++.",,meta description: შაბლონური/გაბმული სიტყვები,არა
2701,S25976,https://superi.ge/midea-xt-12n8d6-inverter-gold-35-40/,kondicionerebi,კონდიციონერი MIDEA XT-12N8D6 INVERTER GOLD (35-40 მ²),,კონდიციონერი MIDEA XT-12N8D6 INVERTER GOLD (35-40 მ²),,კონდიციონერი MIDEA XT-12N8D6 INVERTER GOLD (35-40 მ²) — რეკომენდებული ფართი 35–40 მ² მდე. ფასი და ხელმისაწვდომობა იხილეთ Superi.ge-ზე.,"კონდიციონერი MIDEA XT-12N8D6 INVERTER GOLD (35-40 მ²): რეჟიმი გაგრილება/გათბობა, რეკომენდებული ფართი 35-40 მ² მდე, ენერგომოხმარების კლასი A+++.",,meta description: შაბლონური/გაბმული სიტყვები,არა
2703,S28114,https://superi.ge/midea-xt-18n8d6-black-55-60/,kondicionerebi,კონდიციონერი MIDEA XT-18N8D6 BLACK (55-60 მ²),,კონდიციონერი MIDEA XT-18N8D6 BLACK (55-60 მ²),,კონდიციონერი MIDEA XT-18N8D6 BLACK (55-60 მ²) — რეკომენდებული ფართი 55–60 მ² მდე და ინვერტორული ძრავა. ფასი და ხელმისაწვდომობა იხილეთ Superi.ge-ზე.,"კონდიციონერი MIDEA XT-18N8D6 BLACK (55-60 მ²): ძრავის ტიპი ინვერტორული, რეჟიმი გაგრილება / გათბობა, სიმძლავრე 18 000 BTU, რეკომენდებული ფართი 55-60 მ² მდე.",,meta description: შაბლონური/გაბმული სიტყვები,არა
2812,S91385,https://superi.ge/midea-xt-18n8d6-gold-55-60/,kondicionerebi,კონდიციონერი MIDEA XT-18N8D6 GOLD (55-60 მ²),,კონდიციონერი MIDEA XT-18N8D6 GOLD (55-60 მ²),,კონდიციონერი MIDEA XT-18N8D6 GOLD (55-60 მ²) — რეკომენდებული ფართი 55–60 მ² მდე და ინვერტორული ძრავა. ფასი და ხელმისაწვდომობა იხილეთ Superi.ge-ზე.,"კონდიციონერი MIDEA XT-18N8D6 GOLD (55-60 მ²): ძრავის ტიპი ინვერტორული, რეჟიმი გაგრილება / გათბობა, სიმძლავრე 18 000 BTU, რეკომენდებული ფართი 55-60 მ² მდე.",,meta description: შაბლონური/გაბმული სიტყვები,არა
2813,S74746,https://superi.ge/midea-xt-18n8d6-silver-55-60/,kondicionerebi,კონდიციონერი MIDEA XT-18N8D6 SILVER (55-60 მ²),,კონდიციონერი MIDEA XT-18N8D6 SILVER (55-60 მ²),,კონდიციონერი MIDEA XT-18N8D6 SILVER (55-60 მ²) — რეკომენდებული ფართი 55–60 მ² მდე და ინვერტორული ძრავა. ფასი და ხელმისაწვდომობა იხილეთ Superi.ge-ზე.,"კონდიციონერი MIDEA XT-18N8D6 SILVER (55-60 მ²): ძრავის ტიპი ინვერტორული, რეჟიმი გაგრილება / გათბობა, სიმძლავრე 18 000 BTU, რეკომენდებული ფართი 55-60 მ² მდე.",,meta description: შაბლონური/გაბმული სიტყვები,არა
2945,S50794,https://superi.ge/millen-mac-09k-25-30/,kondicionerebi,კონდიციონერი MILLEN MAC-09K (25-30მ²),,კონდიციონერი MILLEN MAC-09K (25-30მ²),,კონდიციონერი MILLEN MAC-09K (25-30მ²) — რეკომენდებული ფართი 25–35 მ²–მდე და სიმძლავრე გაგრილების რ. ფასი და ხელმისაწვდომობა იხილეთ Superi.ge-ზე.,"კონდიციონერი MILLEN MAC-09K (25-30მ²): ენეგრო კლასი A, რეკომენდირებული ფართი 25-35 მ² -მდე, სიმძლავრე გაგრილების რეჟიმში 2,6 kW.",,meta description: შაბლონური/გაბმული სიტყვები,არა
1062,178654,https://superi.ge/mitsubishi-msz-dm35va-er1-muz-dm35va-er1/,kondicionerebi,კონდიციონერი MITSUBISHI MSZ-DM35VA-ER1/MUZ-DM35VA-ER1,,კონდიციონერი MITSUBISHI MSZ-DM35VA-ER1/MUZ-DM35VA-ER1,,"კონდიციონერი MITSUBISHI MSZ-DM35VA-ER1/MUZ-DM35VA-ER1 — სიმძლავრე 3150 W. დეტალური მახასიათებლები, ფასი და ხელმისაწვდომობა იხილეთ Superi.ge-ზე.","კონდიციონერი MITSUBISHI MSZ-DM35VA-ER1/MUZ-DM35VA-ER1: ძირითადი რეჟიმები გაგრილება, გათბობა, რეკომენდირებული ფართი 35 მ² -მდე, გაგრილების სიმძლავრე 3150 W.",,meta description: შაბლონური/გაბმული სიტყვები,არა
1063,178655,https://superi.ge/mitsubishi-msz-dm50va-er1-muz-dm50va-er/,kondicionerebi,კონდიციონერი MITSUBISHI MSZ-DM50VA-ER1/MUZ-DM50VA-ER,,კონდიციონერი MITSUBISHI MSZ-DM50VA-ER1/MUZ-DM50VA-ER,,"კონდიციონერი MITSUBISHI MSZ-DM50VA-ER1/MUZ-DM50VA-ER — სიმძლავრე 5000 W. დეტალური მახასიათებლები, ფასი და ხელმისაწვდომობა იხილეთ Superi.ge-ზე.","კონდიციონერი MITSUBISHI MSZ-DM50VA-ER1/MUZ-DM50VA-ER: ძირითადი რეჟიმები გაგრილება, გათბობა, რეკომენდირებული ფართი 50 მ² -მდე, გაგრილების სიმძლავრე 5000 W.",,meta description: შაბლონური/გაბმული სიტყვები,არა
1064,178656,https://superi.ge/mitsubishi-msz-dm60va-er1-muz-dm60va-er1/,kondicionerebi,კონდიციონერი MITSUBISHI MSZ-DM60VA-ER1/MUZ-DM60VA-ER1,,კონდიციონერი MITSUBISHI MSZ-DM60VA-ER1/MUZ-DM60VA-ER1,,"კონდიციონერი MITSUBISHI MSZ-DM60VA-ER1/MUZ-DM60VA-ER1 — სიმძლავრე 6100 W. დეტალური მახასიათებლები, ფასი და ხელმისაწვდომობა იხილეთ Superi.ge-ზე.","კონდიციონერი MITSUBISHI MSZ-DM60VA-ER1/MUZ-DM60VA-ER1: ძირითადი რეჟიმები გაგრილება, გათბობა, რეკომენდირებული ფართი 60 მ² -მდე, გაგრილების სიმძლავრე 6100 W.",,meta description: შაბლონური/გაბმული სიტყვები,არა
1069,178666,https://superi.ge/mitsubishi-msz-ef50ve3w-er2-muz-ef50ve-er3/,kondicionerebi,კონდიციონერი MITSUBISHI MSZ-EF50VE3W-ER2/MUZ-EF50VE-ER3,,კონდიციონერი MITSUBISHI MSZ-EF50VE3W-ER2/MUZ-EF50VE-ER3,,"კონდიციონერი MITSUBISHI MSZ-EF50VE3W-ER2/MUZ-EF50VE-ER3 — სიმძლავრე 5000 W. დეტალური მახასიათებლები, ფასი და ხელმისაწვდომობა იხილეთ Superi.ge-ზე.","კონდიციონერი MITSUBISHI MSZ-EF50VE3W-ER2/MUZ-EF50VE-ER3: ძირითადი რეჟიმები გაგრილება, გათბობა, რეკომენდირებული ფართი 50 მ² -მდე, გაგრილების სიმძლავრე 5000 W.",,meta description: შაბლონური/გაბმული სიტყვები,არა
1071,178667,https://superi.ge/mitsubishi-msz-ln25vgr-muz-ln25vg/,kondicionerebi,კონდიციონერი MITSUBISHI MSZ-LN25VGR/MUZ-LN25VG,,კონდიციონერი MITSUBISHI MSZ-LN25VGR/MUZ-LN25VG,,კონდიციონერი MITSUBISHI MSZ-LN25VGR/MUZ-LN25VG — სიმძლავრე 2500 W და რეკომენდებული ფართი 25 მ²–მდე. ფასი და ხელმისაწვდომობა იხილეთ Superi.ge-ზე.,"კონდიციონერი MITSUBISHI MSZ-LN25VGR/MUZ-LN25VG: ძირითადი რეჟიმები გაგრილება, გათბობა, რეკომენდირებული ფართი 25 მ² -მდე, გაგრილების სიმძლავრე 2500 W.",,meta description: შაბლონური/გაბმული სიტყვები,არა
1072,178672,https://superi.ge/mitsubishi-msz-ln35vgr-muz-ln35vg/,kondicionerebi,კონდიციონერი MITSUBISHI MSZ-LN35VGR/MUZ-LN35VG,,კონდიციონერი MITSUBISHI MSZ-LN35VGR/MUZ-LN35VG,,კონდიციონერი MITSUBISHI MSZ-LN35VGR/MUZ-LN35VG — სიმძლავრე 3500 W და რეკომენდებული ფართი 35 მ²–მდე. ფასი და ხელმისაწვდომობა იხილეთ Superi.ge-ზე.,"კონდიციონერი MITSUBISHI MSZ-LN35VGR/MUZ-LN35VG: ძირითადი რეჟიმები გაგრილება, გათბობა, რეკომენდირებული ფართი 35 მ² -მდე, გაგრილების სიმძლავრე 3500 W.",,meta description: შაბლონური/გაბმული სიტყვები,არა
1689,230118,https://superi.ge/samsung-ar07bqhqasiner/,kondicionerebi,კონდიციონერი SAMSUNG AR07BQHQASINER,,კონდიციონერი SAMSUNG AR07BQHQASINER,,კონდიციონერი SAMSUNG AR07BQHQASINER — სიმძლავრე 7000 BTU და რეკომენდებული ფართი 15–20 მ²–მდე. ფასი და ხელმისაწვდომობა იხილეთ Superi.ge-ზე.,"კონდიციონერი SAMSUNG AR07BQHQASINER: რეკომენდირებული ფართი 15-20 მ² -მდე, სიმძლავრე 7000 BTU, გაგრილების სიმძლავრე 2200 W, გათბობის სიმძლავრე 2229 W.",,meta description: შაბლონური/გაბმული სიტყვები,არა
1684,230106,https://superi.ge/samsung-ar09bqhqasiner/,kondicionerebi,კონდიციონერი SAMSUNG AR09BQHQASINER,,კონდიციონერი SAMSUNG AR09BQHQASINER,,კონდიციონერი SAMSUNG AR09BQHQASINER — სიმძლავრე 9000 BTU და რეკომენდებული ფართი 25–30 მ²–მდე. ფასი და ხელმისაწვდომობა იხილეთ Superi.ge-ზე.,"კონდიციონერი SAMSUNG AR09BQHQASINER: რეკომენდირებული ფართი 25-30 მ² -მდე, გაგრილების სიმძლავრე 9000 BTU, ფრეონის ტიპი R410A.",,meta description: შაბლონური/გაბმული სიტყვები,არა
1093,190044,https://superi.ge/skyworth-smfh07b-1a1a1na/,kondicionerebi,კონდიციონერი SKYWORTH SMFH07B-1A1A1NA,,კონდიციონერი SKYWORTH SMFH07B-1A1A1NA,,"კონდიციონერი SKYWORTH SMFH07B-1A1A1NA — რეკომენდებული ფართი 20 მ²–მდე. დეტალური მახასიათებლები, ფასი და ხელმისაწვდომობა იხილეთ Superi.ge-ზე.","კონდიციონერი SKYWORTH SMFH07B-1A1A1NA: ძირითადი რეჟიმები გაგრილება, გათბობა, რეკომენდირებული ფართი 20 მ² -მდე.",,meta description: შაბლონური/გაბმული სიტყვები,არა
1683,136634,https://superi.ge/tcl-tac-09chsa-tpg11i-25-30/,kondicionerebi,კონდიციონერი TCL TAC-09CHSA/TPG11I (25-30 მ²),,კონდიციონერი TCL TAC-09CHSA/TPG11I (25-30 მ²),,კონდიციონერი TCL TAC-09CHSA/TPG11I (25-30 მ²) — სიმძლავრე 900 და რეკომენდებული ფართი 25–30 მ²–მდე. ფასი და ხელმისაწვდომობა იხილეთ Superi.ge-ზე.,"კონდიციონერი TCL TAC-09CHSA/TPG11I (25-30 მ²): ძრავის ტიპი ინვერტორული, რეკომენდირებული ფართი 25-30 მ² -მდე, გაგრილების სიმძლავრე 9000 BTU (2638 W).",,meta description: შაბლონური/გაბმული სიტყვები,არა
1832,150402,https://superi.ge/tcl-tac-12chsa-xa73-35-40/,kondicionerebi,კონდიციონერი TCL TAC-12CHSA/XA73 (35-40მ²),,კონდიციონერი TCL TAC-12CHSA/XA73 (35-40მ²),,"კონდიციონერი TCL TAC-12CHSA/XA73 (35-40მ²) — რეკომენდებული ფართი 35–40 მ²–მდე. დეტალური მახასიათებლები, ფასი და ხელმისაწვდომობა იხილეთ Superi.ge-ზე.","კონდიციონერი TCL TAC-12CHSA/XA73 (35-40მ²): ძირითადი რეჟიმები გაგრილება, გათბობა, რეკომენდირებული ფართი 35-40 მ² -მდე.",,meta description: შაბლონური/გაბმული სიტყვები,არა
1783,136640,https://superi.ge/tcl-tac-18chsa-tpg11i-50-60-inventer/,kondicionerebi,კონდიციონერი TCL TAC-18CHSA/TPG11I (50-60 მ²) INVENTER,კონდიციონერი TCL TAC-18CHSA/TPG11I (50-60 მ²) Inverter,კონდიციონერი TCL TAC-18CHSA/TPG11I (50-60 მ²) INVENTER,კონდიციონერი TCL TAC-18CHSA/TPG11I (50-60 მ²) Inverter,"კონდიციონერი TCL TAC-18CHSA/TPG11I (50-60 მ²) INVENTER — სიმძლავრე 18. დეტალური მახასიათებლები, ფასი და ხელმისაწვდომობა იხილეთ Superi.ge-ზე.","კონდიციონერი TCL TAC-18CHSA/TPG11I (50-60 მ²) Inverter: ძრავის ტიპი ინვერტორული, რეკომენდირებული ფართი 50-60 მ² -მდე, გათბობის სიმძლავრე 18 000 BTU (5422 W).",,ბეჭდვითი შეცდომა; meta description: შაბლონური/გაბმული სიტყვები,არა
1758,136643,https://superi.ge/tcl-tac-24chsa-tpg11i-70-80-inventer/,kondicionerebi,კონდიციონერი TCL TAC-24CHSA/TPG11I (70-80 მ²) INVENTER,კონდიციონერი TCL TAC-24CHSA/TPG11I (70-80 მ²) Inverter,კონდიციონერი TCL TAC-24CHSA/TPG11I (70-80 მ²) INVENTER,კონდიციონერი TCL TAC-24CHSA/TPG11I (70-80 მ²) Inverter,"კონდიციონერი TCL TAC-24CHSA/TPG11I (70-80 მ²) INVENTER — სიმძლავრე 24. დეტალური მახასიათებლები, ფასი და ხელმისაწვდომობა იხილეთ Superi.ge-ზე.","კონდიციონერი TCL TAC-24CHSA/TPG11I (70-80 მ²) Inverter: ძრავის ტიპი ინვერტორული, რეკომენდირებული ფართი 70-80 მ² -მდე, გათბობის სიმძლავრე 24 500 BTU (7327 W).",,ბეჭდვითი შეცდომა; meta description: შაბლონური/გაბმული სიტყვები,არა
2754,S26279,https://superi.ge/tcl-tac-24chsa-xa73-75-80/,kondicionerebi,კონდიციონერი TCL TAC-24CHSA/XA73 (75-80 მ²),,კონდიციონერი TCL TAC-24CHSA/XA73 (75-80 მ²),,"კონდიციონერი TCL TAC-24CHSA/XA73 (75-80 მ²) — რეკომენდებული ფართი 75–80 მ²–მდე. დეტალური მახასიათებლები, ფასი და ხელმისაწვდომობა იხილეთ Superi.ge-ზე.","კონდიციონერი TCL TAC-24CHSA/XA73 (75-80 მ²): ძირითადი რეჟიმები გაგრილება, გათბობა, რეკომენდირებული ფართი 75-80 მ² -მდე.",,meta description: შაბლონური/გაბმული სიტყვები,არა
1698,210388,https://superi.ge/vestel-iacha-25fmdn/,kondicionerebi,კონდიციონერი VESTEL IACHA 25FMDN,,კონდიციონერი VESTEL IACHA 25FMDN,,"კონდიციონერი VESTEL IACHA 25FMDN — რეკომენდებული ფართი 25–35 მ² მდე. დეტალური მახასიათებლები, ფასი და ხელმისაწვდომობა იხილეთ Superi.ge-ზე.","კონდიციონერი VESTEL IACHA 25FMDN: რეჟიმი გაგრილება/გათბობა, რეკომენდირებული ფართი 25-35 მ² მდე, მოხმარებადი სიმძლავრე გაგრილების რეჟიმში 2.5KW (8530 BTU).",,meta description: შაბლონური/გაბმული სიტყვები,არა
1054,210187,https://superi.ge/vox-iva1-9ir-inv-set/,kondicionerebi,კონდიციონერი VOX IVA1-9IR INV SET,,კონდიციონერი VOX IVA1-9IR INV SET,,"კონდიციონერი VOX IVA1-9IR INV SET — რეკომენდებული ფართი 25–30 მ²–მდე. დეტალური მახასიათებლები, ფასი და ხელმისაწვდომობა იხილეთ Superi.ge-ზე.","კონდიციონერი VOX IVA1-9IR INV SET: ძირითადი რეჟიმები გაგრილება, გათბობა, რეკომენდირებული ფართი 25-30 მ² -მდე, ელექტროენერგიის მოხმარება გათბობის დროს 850 W.",,meta description: შაბლონური/გაბმული სიტყვები,არა
1678,230049,https://superi.ge/vox-sfe09-aa-set/,kondicionerebi,კონდიციონერი VOX SFE09-AA SET,,კონდიციონერი VOX SFE09-AA SET|Superi.ge,,"კონდიციონერი VOX SFE09-AA SET — სიმძლავრე 9000 BTU და რეკომენდებული ფართი 25 მ²–მდე. დეტალური მახასიათებლები, ფასი და ხელმისაწვდომობა იხილეთ Superi.ge-ზე.","კონდიციონერი VOX SFE09-AA SET: ძირითადი რეჟიმები გაგრილება, გათბობა, რეკომენდირებული ფართი 25 მ² -მდე, ნომინალური სიმძლავრე 9000 BTU.",,meta description: შაბლონური/გაბმული სიტყვები,არა
1687,230051,https://superi.ge/vox-sfe18-aa-set/,kondicionerebi,კონდიციონერი VOX SFE18-AA SET,,კონდიციონერი VOX SFE18-AA SET|Superi.ge,,"კონდიციონერი VOX SFE18-AA SET — სიმძლავრე 18000 BTU და რეკომენდებული ფართი 55 მ²–მდე. დეტალური მახასიათებლები, ფასი და ხელმისაწვდომობა იხილეთ Superi.ge-ზე.","კონდიციონერი VOX SFE18-AA SET: ძირითადი რეჟიმები გაგრილება, გათბობა, რეკომენდირებული ფართი 55 მ² -მდე, ნომინალური სიმძლავრე 18000 BTU.",,meta description: შაბლონური/გაბმული სიტყვები,არა
1050,180066,https://superi.ge/vox-vsa7-9be-set/,kondicionerebi,კონდიციონერი VOX VSA7-9BE SET,,კონდიციონერი VOX VSA7-9BE SET|Superi.ge,,"კონდიციონერი VOX VSA7-9BE SET — სიმძლავრე 790 W და რეკომენდებული ფართი 25 მ²–მდე. დეტალური მახასიათებლები, ფასი და ხელმისაწვდომობა იხილეთ Superi.ge-ზე.","კონდიციონერი VOX VSA7-9BE SET: ძირითადი რეჟიმები გაგრილება, გათბობა, რეკომენდირებული ფართი 25 მ² -მდე, გაგრილების სიმძლავრე 790 W, გათბობის სიმძლავრე 750 W.",,meta description: შაბლონური/გაბმული სიტყვები,არა
1092,179731,https://superi.ge/zellmer-tac-12chsd-xa/,kondicionerebi,კონდიციონერი ZELLMER TAC-12CHSD/XA,,კონდიციონერი ZELLMER TAC-12CHSD/XA,,"კონდიციონერი ZELLMER TAC-12CHSD/XA — რეკომენდებული ფართი 40 მ²–მდე. დეტალური მახასიათებლები, ფასი და ხელმისაწვდომობა იხილეთ Superi.ge-ზე.","კონდიციონერი ZELLMER TAC-12CHSD/XA: რეკომენდირებული ფართი 40 მ² -მდე, სიმძლავრე გაგრილების რეჟიმში 12000 BTU/სთ, სიმძლავრე გათბობის რეჟიმში 12000 BTU/სთ.",,meta description: შაბლონური/გაბმული სიტყვები,არა
14228,S29086,https://superi.ge/lenovo-legion-go-2-amd-ryzen-z2-extreme-32gb-1tb-8-8-1920x1200-1100-nits-120hz-windows-11-home/,konsolebi-da-aqsesuarebi,"Lenovo Legion Go 2 AMD Ryzen Z2 Extreme 32GB 1TB 8.8"" 1920x1200 1100 nits 120Hz Windows 11 Home","პორტატული სათამაშო კონსოლი Lenovo Legion Go 2 (Ryzen Z2 Extreme, 32GB, 1TB, 8.8"")","Lenovo Legion Go 2 AMD Ryzen Z2 Extreme 32GB 1TB 8.8"" 1920x1200 1100 nits 120Hz Windows 11 Home | Superi.ge",პორტატული სათამაშო კონსოლი Lenovo Legion Go 2 (Ryzen Z2,"Lenovo Legion Go 2 83N0001JRK პორტატული სათამაშო კონსოლი 8.8"" PureSight OLED 144 Hz ეკრანით, AMD Ryzen Z2 Extreme პროცესორით, 32 GB LPDDR5X RAM-ით, 1 TB მეხსიერებითა და AMD Radeon Graphics გრაფიკით.",,,ქართული ტიპი დაემატა,არა
6444,Z-032040,https://superi.ge/meta-quest-3-512gb-white/,konsolebi-da-aqsesuarebi,Meta Quest 3 512GB White,"VR სათვალე Meta Quest 3 512GB, თეთრი",Meta Quest 3 512GB White | Superi.ge,"VR სათვალე Meta Quest 3 512GB, თეთრი | Superi.ge","აღმოაჩინე სრულიად ახალი ვირტუალური გამოცდილება Meta Quest 3 512GB White-ით – ძლიერი პროცესორი, შთამბეჭდავი გრაფიკა და უზარმაზარი მეხსიერება. იყავი ტექნოლოგიის წინა ხაზზე!",,,ქართული ტიპი დაემატა,არა
2529,S97637,https://superi.ge/sony-playstation-5-slim-edition-disc-version-2023/,konsolebi-da-aqsesuarebi,SONY PLAYSTATION 5 SLIM EDITION 1TB DISC VERSION,სათამაშო კონსოლი Sony PlayStation 5 Slim 1TB (დისკის ვერსია),SONY PLAYSTATION 5 SLIM EDITION DISC VERSION 2023,სათამაშო კონსოლი Sony PlayStation 5 Slim 1TB (დისკის ვერსია),SONY PLAYSTATION 5 SLIM EDITION 1TB DISC VERSION — ოპერატიული მეხსიერება RAM 16 GB GDDR6. ფასი და ხელმისაწვდომობა იხილეთ Superi.ge-ზე.,"სათამაშო კონსოლი Sony PlayStation 5 Slim 1TB (დისკის ვერსია): გამოშვების თარიღი 2023, ოპერატიული მეხსიერება RAM 16GB, GDDR6 პროცესორი, სიხშირე 6 Threads.",,ქართული ტიპი დაემატა; meta description: შაბლონური/გაბმული სიტყვები,არა
2612,SU-138286,https://superi.ge/apple-vision-pro-256gb-7456/,konsolebi-da-aqsesuarebi,ვირტუალური რეალობის სათვალე APPLE VISION PRO 256GB (7456),,ვირტუალური რეალობის სათვალე APPLE VISION PRO 256GB (7456),,"შეიძინეთ ვირტუალური რეალობის სათვალე APPLE VISION PRO 256GB (7456) — დეტალური მახასიათებლები, ფასი და ხელმისაწვდომობა იხილეთ Superi.ge-ზე.","ვირტუალური რეალობის სათვალე APPLE VISION PRO 256GB (7456): ეკრანის ტიპი Micro‑OLED, ეკრანის გაფართოება 3660 x 3142, ეკრანის ზომა 7.5‑micron pixel pitch.",,meta description: შაბლონური/გაბმული სიტყვები,არა
14034,S17815,https://superi.ge/nrs9186141bxi/,macivrebi,NRS9186141BXI,მაცივარი NRS9186141BXI,NRS9186141BXI | Superi.ge,მაცივარი NRS9186141BXI | Superi.ge,"Gorenje NRS9186141BXI Side-by-Side მაცივარი 595 ლ ნეტო მოცულობით, ინვერტორული კომპრესორით, NoFrost Plus და MultiFlow სისტემებით, სწრაფი გაყინვისა და Eco რეჟიმებით.",,,ქართული ტიპი დაემატა,არა
9749,I92931,https://superi.ge/samsung-rs62r50312c-wt-side-by-side/,macivrebi,Samsung RS62R50312C/WT (SIDE BY SIDE),მაცივარი Samsung RS62R50312C/WT (SIDE BY SIDE),Samsung RS62R50312C/WT (SIDE BY SIDE) | Superi.ge,მაცივარი Samsung RS62R50312C/WT (SIDE BY SIDE) | Superi.ge,"Samsung RS62R50312C/WT — 647 ლიტრიანი ინვერტორული Side-by-Side მაცივარი No Frost სისტემით, LED განათებით, Super Freeze და Super Cool რეჟიმებით. მაღალი ტევადობა და ენერგოეფექტურობა დიდი ოჯახისათვის",,,ქართული ტიპი დაემატა,არა
3417,6291071431075,https://superi.ge/nikai-nrf125ss1-silver/,macivrebi,ბარ-მაცივარი NIKAI NRF125SS1 SILVER,,ბარ-მაცივარი NIKAI NRF125SS1 SILVER | Superi.ge,,"ბარ-მაცივარი NIKAI NRF125SS1 SILVER — საერთო მოცულობა 125 ლ და მექანიკური მართვა. დეტალური მახასიათებლები, ფასი და ხელმისაწვდომობა იხილეთ Superi.ge-ზე.","ბარ-მაცივარი NIKAI NRF125SS1 SILVER: მართვის ტიპი მექანიკური, საერთო მოცულობა 125 ლ, გალღობის სისტემა ნახევრად მშრალი, ფრეონის ტიპი R600A.",,meta description: შაბლონური/გაბმული სიტყვები,არა
611,124070,https://superi.ge/aeg-rmb76121nx/,macivrebi,მაცივარი AEG RMB76121NX,,მაცივარი AEG RMB76121NX,,"მაცივარი AEG RMB76121NX — საერთო მოცულობა 549 ლ და ელექტრონული მართვა. დეტალური მახასიათებლები, ფასი და ხელმისაწვდომობა იხილეთ Superi.ge-ზე.","მაცივარი AEG RMB76121NX: მართვის ტიპი ელექტრონული, საერთო სასარგებლო მოცულობა 549 ლ, მაცივრის კამერის სასარგებლო მოცულობა 370 ლ.",,meta description: შაბლონური/გაბმული სიტყვები,არა
1438,S11210,https://superi.ge/beko-b3drcnk402hxbr/,macivrebi,მაცივარი BEKO B3DRCNK402HXBR,,მაცივარი BEKO B3DRCNK402HXBR|Superi.ge,,"მაცივარი BEKO B3DRCNK402HXBR — საერთო მოცულობა 403 ლ. დეტალური მახასიათებლები, ფასი და ხელმისაწვდომობა იხილეთ Superi.ge-ზე.","მაცივარი BEKO B3DRCNK402HXBR: საერთო სასარგებლო მოცულობა 403 ლ, ენერგოეფექტურობის კლასი A+, გალღობის სისტემა NoFrost (მშრალი ყინვა), კლიმატის კლასი SN-T.",,meta description: შაბლონური/გაბმული სიტყვები,არა
564,SA0000008048,https://superi.ge/beko-gn-1416231-jxn/,macivrebi,მაცივარი BEKO GN 1416231 JXN,,მაცივარი BEKO GN 1416231 JXN|Superi.ge,,"მაცივარი BEKO GN 1416231 JXN — საერთო მოცულობა 626 ლ და მოცულობა 541 ლ. დეტალური მახასიათებლები, ფასი და ხელმისაწვდომობა იხილეთ Superi.ge-ზე.","მაცივარი BEKO GN 1416231 JXN: მართვის ტიპი ელექტრონული, საერთო მოცულობა 626 ლ, მაცივრის მოცულობა 541 ლ, საყინულე კამერის მოცულობა 165 ლ.",,meta description: შაბლონური/გაბმული სიტყვები,არა
533,186843,https://superi.ge/beko-gn1406223px/,macivrebi,მაცივარი BEKO GN1406223PX,,მაცივარი BEKO GN1406223PX|Superi.ge,,"მაცივარი BEKO GN1406223PX — საერთო მოცულობა 541 ლ და ელექტრონული მართვა. დეტალური მახასიათებლები, ფასი და ხელმისაწვდომობა იხილეთ Superi.ge-ზე.","მაცივარი BEKO GN1406223PX: მართვის ტიპი ელექტრონული, საერთო სასარგებლო მოცულობა 541 ლ, მაცივრის კამერის სასარგებლო მოცულობა 376 ლ.",,meta description: შაბლონური/გაბმული სიტყვები,არა
515,SA0000006556,https://superi.ge/beko-rcne560e35zxb/,macivrebi,მაცივარი BEKO RCNE560E35ZXB,,მაცივარი BEKO RCNE560E35ZXB|Superi.ge,,"მაცივარი BEKO RCNE560E35ZXB — საერთო მოცულობა 501 ლ და ელექტრონული მართვა. დეტალური მახასიათებლები, ფასი და ხელმისაწვდომობა იხილეთ Superi.ge-ზე.","მაცივარი BEKO RCNE560E35ZXB: მართვის ტიპი ელექტრონული, საერთო სასარგებლო მოცულობა 501 ლ, მაცივრის კამერის სასარგებლო მოცულობა 356 ლ.",,meta description: შაბლონური/გაბმული სიტყვები,არა
517,CT0000007919,https://superi.ge/beko-rcne560e40zxbrn/,macivrebi,მაცივარი BEKO RCNE560E40ZXBRN,,მაცივარი BEKO RCNE560E40ZXBRN|Superi.ge,,"მაცივარი BEKO RCNE560E40ZXBRN — საერთო მოცულობა 501 ლ და სენსორული მართვა. დეტალური მახასიათებლები, ფასი და ხელმისაწვდომობა იხილეთ Superi.ge-ზე.","მაცივარი BEKO RCNE560E40ZXBRN: მართვის ტიპი სენსორული, საერთო სასარგებლო მოცულობა 501 ლ, მაცივრის კამერის სასარგებლო მოცულობა 356 ლ.",,meta description: შაბლონური/გაბმული სიტყვები,არა
520,CT0000008001,https://superi.ge/beko-rcne560e40zxpn-superia/,macivrebi,მაცივარი BEKO RCNE560E40ZXPN SUPERIA,,მაცივარი BEKO RCNE560E40ZXPN SUPERIA,,მაცივარი BEKO RCNE560E40ZXPN SUPERIA — საერთო მოცულობა 501 ლ და მაცივრის კამერის სასარგებლო მოცულობა 356 ლ. ფასი და ხელმისაწვდომობა იხილეთ Superi.ge-ზე.,"მაცივარი BEKO RCNE560E40ZXPN SUPERIA: საერთო სასარგებლო მოცულობა 501 ლ, მაცივრის კამერის სასარგებლო მოცულობა 356 ლ, საყინულე კამერის განლაგება ქვედა.",,meta description: შაბლონური/გაბმული სიტყვები,არა
1434,SA0000008561,https://superi.ge/beko-rcnk270k20w/,macivrebi,მაცივარი BEKO RCNK270K20W,,მაცივარი BEKO RCNK270K20W|Superi.ge,,"მაცივარი BEKO RCNK270K20W — საერთო მოცულობა 270 ლ. დეტალური მახასიათებლები, ფასი და ხელმისაწვდომობა იხილეთ Superi.ge-ზე.","მაცივარი BEKO RCNK270K20W: საერთო სასარგებლო მოცულობა 270 ლ, ენერგოეფექტურობის კლასი A+, გალღობის სისტემა NoFrost (მშრალი ყინვა), კლიმატის კლასი SN-T.",,meta description: შაბლონური/გაბმული სიტყვები,არა
555,CT0000008022,https://superi.ge/beko-rdne43w-superia/,macivrebi,მაცივარი BEKO RDNE43W SUPERIA,,მაცივარი BEKO RDNE43W SUPERIA|Superi.ge,,მაცივარი BEKO RDNE43W SUPERIA — საერთო მოცულობა 314 ლ და მაცივრის კამერის სასარგებლო მოცულობა 241 ლ. ფასი და ხელმისაწვდომობა იხილეთ Superi.ge-ზე.,"მაცივარი BEKO RDNE43W SUPERIA: საერთო მოცულობა 314 ლ, მაცივრის კამერის სასარგებლო მოცულობა 241 ლ, საყინულე კამერის სასარგებლო მოცულობა 73 ლ.",,meta description: შაბლონური/გაბმული სიტყვები,არა
494,SA0000006648,https://superi.ge/beko-rdne510m20b-superia/,macivrebi,მაცივარი BEKO RDNE510M20B SUPERIA,,მაცივარი BEKO RDNE510M20B SUPERIA,,ტიპი: ორკამერიანი მაცივრის კამერის სასარგებლო მოცულობა: 314 ლ საყინულე კამერის სასარგებლო მოცულობა: 94 ლ ენერგომოხმარების კლასი: A+ ტექნოლოგია Neo Frost ზომა: 1850 x 700 x 650 მმ ფერი: ბეჟი,"მაცივარი BEKO RDNE510M20B SUPERIA: საერთო სასარგებლო მოცულობა 408 ლ, მაცივრის კამერის სასარგებლო მოცულობა 314 ლ, საყინულე კამერის სასარგებლო მოცულობა 94 ლ.",,meta description: სპეციფიკაციების ჩამონათვალი,არა
491,S94763,https://superi.ge/beko-rdne510m20w-superia/,macivrebi,მაცივარი BEKO RDNE510M20W SUPERIA,,მაცივარი BEKO RDNE510M20W SUPERIA,,ტიპი: ორკამერიანი მაცივრის კამერის სასარგებლო მოცულობა: 314 ლ საყინულე კამერის სასარგებლო მოცულობა: 94 ლ ენერგომოხმარების კლასი: A+ ფრეონის ტიპი: R600A ზომა: 1850 x 700 x 650 მმ ფერი: თეთრი,"მაცივარი BEKO RDNE510M20W SUPERIA: საერთო სასარგებლო მოცულობა 408 ლ, მაცივრის კამერის სასარგებლო მოცულობა 314 ლ, საყინულე კამერის სასარგებლო მოცულობა 94 ლ.",,meta description: სპეციფიკაციების ჩამონათვალი,არა
495,S95351,https://superi.ge/beko-rdne510m20xbr/,macivrebi,მაცივარი BEKO RDNE510M20XBR,,მაცივარი BEKO RDNE510M20XBR|Superi.ge,,ტიპი: ორკამერიანი მაცივრის კამერის სასარგებლო მოცულობა: 314 ლ საყინულე კამერის სასარგებლო მოცულობა: 94 ლ ენერგომოხმარების კლასი: A+ ზომა (სიმაღლე/სიგანე/სიღრმე): 1850 x 700 x 650 მმ ფერი: შავი,"მაცივარი BEKO RDNE510M20XBR: საერთო სასარგებლო მოცულობა 353 ლ, მაცივრის კამერის სასარგებლო მოცულობა 314 ლ, საყინულე კამერის სასარგებლო მოცულობა 94 ლ.",,meta description: სპეციფიკაციების ჩამონათვალი,არა
567,CT0000008356,https://superi.ge/beko-rdsa240k30wn/,macivrebi,მაცივარი BEKO RDSA240K30WN,,მაცივარი BEKO RDSA240K30WN|Superi.ge,,"მაცივარი BEKO RDSA240K30WN — საერთო მოცულობა 223 ლ და მოცულობა 177 ლ. დეტალური მახასიათებლები, ფასი და ხელმისაწვდომობა იხილეთ Superi.ge-ზე.","მაცივარი BEKO RDSA240K30WN: მართვის ტიპი მექანიკური, საერთო მოცულობა 223 ლ, მაცივრის კამერის მოცულობა 177 ლ, საყინულე კამერის მოცულობა 46 ლ.",,meta description: შაბლონური/გაბმული სიტყვები,არა
568,S39984,https://superi.ge/beko-rdse500m20s-superia/,macivrebi,მაცივარი BEKO RDSE500M20S SUPERIA,,მაცივარი BEKO RDSE500M20S SUPERIA | Superi.ge,,ტიპი: ორკამერიანი მაცივრის კამერის სასარგებლო მოცულობა: 322 ლ საყინულე კამერის სასარგებლო მოცულობა: 115 ლ ენერგომოხმარების კლასი: A+ ხმაურის დონე: 39 dB ზომა: 185 x 70 х 65 სმ / ფერი: ვერცხლისფერი,"მაცივარი BEKO RDSE500M20S SUPERIA: საერთო მოცულობა 437 ლ, მაცივრის კამერის სასარგებლო მოცულობა 322 ლ, საყინულე კამერის სასარგებლო მოცულობა 115 ლ.",,meta description: სპეციფიკაციების ჩამონათვალი,არა
569,S50957,https://superi.ge/beko-rdse500m20w-superia/,macivrebi,მაცივარი BEKO RDSE500M20W SUPERIA,,მაცივარი BEKO RDSE500M20W SUPERIA,,მაცივარი BEKO RDSE500M20W SUPERIA — საერთო მოცულობა 437 ლ და მაცივრის კამერის სასარგებლო მოცულობა 322 ლ. ფასი და ხელმისაწვდომობა იხილეთ Superi.ge-ზე.,"მაცივარი BEKO RDSE500M20W SUPERIA: საერთო მოცულობა 437 ლ, მაცივრის კამერის სასარგებლო მოცულობა 322 ლ, საყინულე კამერის სასარგებლო მოცულობა 115 ლ.",,meta description: შაბლონური/გაბმული სიტყვები,არა
3019,I91295,https://superi.ge/bosch-kad93vbfp/,macivrebi,მაცივარი BOSCH KAD93VBFP,,მაცივარი BOSCH KAD93VBFP,,"მაცივარი BOSCH KAD93VBFP — საერთო მოცულობა 533 ლ და მართვის ტიპი ელექტრონული/სენსორული. დეტალური მახასიათებლები, ფასი და ხელმისაწვდომობა იხილეთ Superi.ge-ზე.","მაცივარი BOSCH KAD93VBFP: მართვის ტიპი ელექტრონული / სენსორული, საერთო სასარგებლო მოცულობა 533 ლ, მაცივრის კამერის სასარგებლო მოცულობა 370 ლ.",,meta description: შაბლონური/გაბმული სიტყვები,არა
1408,I73630,https://superi.ge/bosch-kdn30nw20u/,macivrebi,მაცივარი BOSCH KDN30NW20U,,მაცივარი BOSCH KDN30NW20U|Superi.ge,,მაცივარი BOSCH KDN30NW20U — საერთო მოცულობა 253 ლ და მაცივრის კამერის სასარგებლო მოცულობა 180 ლ. ფასი და ხელმისაწვდომობა იხილეთ Superi.ge-ზე.,"მაცივარი BOSCH KDN30NW20U: საერთო სასარგებლო მოცულობა 253 ლ, მაცივრის კამერის სასარგებლო მოცულობა 180 ლ, საყინულე კამერის სასარგებლო მოცულობა 73 ლ.",,meta description: შაბლონური/გაბმული სიტყვები,არა
1436,I72957,https://superi.ge/bosch-kdn43nw20u/,macivrebi,მაცივარი BOSCH KDN43NW20U,,მაცივარი BOSCH KDN43NW20U|Superi.ge,,მაცივარი BOSCH KDN43NW20U — საერთო მოცულობა 328 ლ და მაცივრის კამერის სასარგებლო მოცულობა 239 ლ. ფასი და ხელმისაწვდომობა იხილეთ Superi.ge-ზე.,"მაცივარი BOSCH KDN43NW20U: საერთო სასარგებლო მოცულობა 328 ლ, მაცივრის კამერის სასარგებლო მოცულობა 239 ლ, საყინულე კამერის სასარგებლო მოცულობა 89 ლ.",,meta description: შაბლონური/გაბმული სიტყვები,არა
582,I73242,https://superi.ge/bosch-kdn43vl20u/,macivrebi,მაცივარი BOSCH KDN43VL20U,,მაცივარი BOSCH KDN43VL20U | Superi.ge,,ტიპი: ორკამერიანი საერთო სასარგებლო მოცულობა: 328 ლ მაცივრის კამერის სასარგებლო მოცულობა: 239 ლ საყინულე კამერის სასარგებლო მოცულობა: 89 ლ გალღობის სისტემა: NoFrost (მშრალი ყინვა) ენერგომოხმარების კლასი: A+++ ზომა: 1780 x 700 x 645 მმ / ფერი: უჟანგა,"მაცივარი BOSCH KDN43VL20U: საერთო სასარგებლო მოცულობა 328 ლ, მაცივრის კამერის სასარგებლო მოცულობა 239 ლ, საყინულე კამერის სასარგებლო მოცულობა 89 ლ.",,meta description: სპეციფიკაციების ჩამონათვალი,არა
2918,I75654,https://superi.ge/bosch-kdn76xl30u-542l/,macivrebi,მაცივარი BOSCH KDN76XL30U (542L),,მაცივარი BOSCH KDN76XL30U (542L),,"მაცივარი BOSCH KDN76XL30U (542L) — ტევადობა 542 ლ. დეტალური მახასიათებლები, ფასი და ხელმისაწვდომობა იხილეთ Superi.ge-ზე.","მაცივარი BOSCH KDN76XL30U (542L): პროდუქტის ტიპი მაცივარი, მთლიანი ტევადობა 542 ლ, სამაცივრე კამერა 418 ლ, საყინულე კამერა 124 ლ.",,meta description: შაბლონური/გაბმული სიტყვები,არა
3132,S18666,https://superi.ge/bosch-kfn96vpea/,macivrebi,მაცივარი BOSCH KFN96VPEA,,მაცივარი BOSCH KFN96VPEA,,"მაცივარი BOSCH KFN96VPEA — საერთო მოცულობა 605 ლ და სენსორული მართვა. დეტალური მახასიათებლები, ფასი და ხელმისაწვდომობა იხილეთ Superi.ge-ზე.","მაცივარი BOSCH KFN96VPEA: მართვის ტიპი სენსორული, საერთო სასარგებლო მოცულობა 605 ლ, მაცივრის კამერის სასარგებლო მოცულობა 400 ლ.",,meta description: შაბლონური/გაბმული სიტყვები,არა
3173,I90103,https://superi.ge/bosch-kgd86aw31u/,macivrebi,მაცივარი BOSCH KGD86AW31U,,მაცივარი BOSCH KGD86AW31U,,"მაცივარი BOSCH KGD86AW31U — საერთო მოცულობა 619 ლ და მოცულობა 186 ლ. დეტალური მახასიათებლები, ფასი და ხელმისაწვდომობა იხილეთ Superi.ge-ზე.","მაცივარი BOSCH KGD86AW31U: სერია 6, საერთო სასარგებლო მოცულობა 619 ლ, მაცივრის კამერის სასარგებლო მოცულობა 496 ლ, საყინულის მთლიანი მოცულობა 186 ლ.",,meta description: შაბლონური/გაბმული სიტყვები,არა
2956,I42257,https://superi.ge/bosch-kgn33nw21u/,macivrebi,მაცივარი BOSCH KGN33NW21U,,მაცივარი BOSCH KGN33NW21U,,მაცივარი BOSCH KGN33NW21U — საერთო მოცულობა 279 ლ gross 306 ლ და მოცულობა 192 ლ gross 196 ლ. ფასი და ხელმისაწვდომობა იხილეთ Superi.ge-ზე.,"მაცივარი BOSCH KGN33NW21U: მართვის ტიპი ელექტრონული, საერთო სასარგებლო მოცულობა 279 ლ (gross: 306 ლ), საყინულე კამერის სასრგებლო მოცულობა 87 ლ (gross: 110 ლ).",,meta description: შაბლონური/გაბმული სიტყვები,არა
581,I74143,https://superi.ge/bosch-kgn36xi30u/,macivrebi,მაცივარი BOSCH KGN36XI30U,,მაცივარი BOSCH KGN36XI30U|Superi.ge,,მაცივარი BOSCH KGN36XI30U — საერთო მოცულობა 302 ლ და მაცივრის კამერის სასარგებლო მოცულობა 215 ლ. ფასი და ხელმისაწვდომობა იხილეთ Superi.ge-ზე.,"მაცივარი BOSCH KGN36XI30U: საერთო სასარგებლო მოცულობა 302 ლ, მაცივრის კამერის სასარგებლო მოცულობა 215 ლ, საყინულე კამერის სასარგებლო მოცულობა 87 ლ.",,meta description: შაბლონური/გაბმული სიტყვები,არა
979,I46774,https://superi.ge/bosch-kgn36xl30u/,macivrebi,მაცივარი BOSCH KGN36XL30U,,მაცივარი BOSCH KGN36XL30U INOX | Superi.ge,,"მაცივარი BOSCH KGN36XL30U — საერთო მოცულობა 324 ლ და ელექტრონული მართვა. დეტალური მახასიათებლები, ფასი და ხელმისაწვდომობა იხილეთ Superi.ge-ზე.","მაცივარი BOSCH KGN36XL30U: სერია 4, მართვის ტიპი ელექტრონული, საერთო სასარგებლო მოცულობა 324 ლ, მაცივრის კამერის სასარგებლო მოცულობა 237 ლ.",,meta description: შაბლონური/გაბმული სიტყვები,არა
613,I46785,https://superi.ge/bosch-kgn36xw30u/,macivrebi,მაცივარი BOSCH KGN36XW30U,,მაცივარი BOSCH KGN36XW30U|Superi.ge,,"მაცივარი BOSCH KGN36XW30U — საერთო მოცულობა 324 ლ და ელექტრონული მართვა. დეტალური მახასიათებლები, ფასი და ხელმისაწვდომობა იხილეთ Superi.ge-ზე.","მაცივარი BOSCH KGN36XW30U: მართვის ტიპი ელექტრონული, საერთო სასარგებლო მოცულობა 324 ლ, მაცივრის კამერის სასარგებლო მოცულობა 237 ლ.",,meta description: შაბლონური/გაბმული სიტყვები,არა
3172,S56395,https://superi.ge/bosch-kgn39lb30u/,macivrebi,მაცივარი BOSCH KGN39LB30U,,მაცივარი BOSCH KGN39LB30U,,"მაცივარი BOSCH KGN39LB30U — საერთო მოცულობა 400 ლ და მართვის ტიპი ელექტტრონული. დეტალური მახასიათებლები, ფასი და ხელმისაწვდომობა იხილეთ Superi.ge-ზე.","მაცივარი BOSCH KGN39LB30U: სერია 6, მართვის ტიპი ელექტტრონული, საერთო სასარგებლო მოცულობა 400 ლ, მაცივრის კამერის სასარგებლო მოცულობა 290 ლ.",,meta description: შაბლონური/გაბმული სიტყვები,არა
3177,I91289,https://superi.ge/bosch-kgn39uw3/,macivrebi,მაცივარი BOSCH KGN39UW3,,მაცივარი BOSCH KGN39UW3,,"მაცივარი BOSCH KGN39UW3 — საერთო მოცულობა 400 ლ და მართვის ტიპი ელექტტრონული. დეტალური მახასიათებლები, ფასი და ხელმისაწვდომობა იხილეთ Superi.ge-ზე.","მაცივარი BOSCH KGN39UW3: მართვის ტიპი ელექტტრონული, საერთო სასარგებლო მოცულობა 400 ლ, მაცივრის კამერის სასარგებლო მოცულობა 290 ლ.",,meta description: შაბლონური/გაბმული სიტყვები,არა
3176,S76270,https://superi.ge/bosch-kgn39xi30u/,macivrebi,მაცივარი BOSCH KGN39XI30U,,მაცივარი BOSCH KGN39XI30U,,"მაცივარი BOSCH KGN39XI30U — საერთო მოცულობა 400 ლ და ელექტრონული მართვა. დეტალური მახასიათებლები, ფასი და ხელმისაწვდომობა იხილეთ Superi.ge-ზე.","მაცივარი BOSCH KGN39XI30U: სერია 4, მართვის ტიპი ელექტრონული, საერთო სასარგებლო მოცულობა 400 ლ, მაცივრის კამერის სასარგებლო მოცულობა 290 ლ.",,meta description: შაბლონური/გაბმული სიტყვები,არა
3021,I93343,https://superi.ge/bosch-kgn39xw30u/,macivrebi,მაცივარი BOSCH KGN39XW30U,,მაცივარი BOSCH KGN39XW30U,,"მაცივარი BOSCH KGN39XW30U — საერთო მოცულობა 400 ლ და მართვის ტიპი ელექტტრონული. დეტალური მახასიათებლები, ფასი და ხელმისაწვდომობა იხილეთ Superi.ge-ზე.","მაცივარი BOSCH KGN39XW30U: მართვის ტიპი ელექტტრონული, საერთო სასარგებლო მოცულობა 400 ლ, მაცივრის კამერის სასარგებლო მოცულობა 290 ლ.",,meta description: შაბლონური/გაბმული სიტყვები,არა
3060,I68569,https://superi.ge/bosch-kgn49lb30u/,macivrebi,მაცივარი BOSCH KGN49LB30U,,მაცივარი BOSCH KGN49LB30U,,"მაცივარი BOSCH KGN49LB30U — საერთო მოცულობა 435 ლ და ელექტრონული მართვა. დეტალური მახასიათებლები, ფასი და ხელმისაწვდომობა იხილეთ Superi.ge-ზე.","მაცივარი BOSCH KGN49LB30U: მართვის ტიპი ელექტრონული, საერთო სასარგებლო მოცულობა 435 ლ, მაცივრის კამერის სასარგებლო მოცულობა 330 ლ.",,meta description: შაბლონური/გაბმული სიტყვები,არა
1410,S86916,https://superi.ge/bosch-kgn49xl30u/,macivrebi,მაცივარი BOSCH KGN49XL30U,,მაცივარი BOSCH KGN49XL30U|Superi.ge,,მაცივარი BOSCH KGN49XL30U — საერთო მოცულობა 435 ლ და მაცივრის კამერის სასარგებლო მოცულობა 330 ლ. ფასი და ხელმისაწვდომობა იხილეთ Superi.ge-ზე.,"მაცივარი BOSCH KGN49XL30U: საერთო სასარგებლო მოცულობა 435 ლ, მაცივრის კამერის სასარგებლო მოცულობა 330 ლ, საყინულე კამერის სასარგებლო მოცულობა 105 ლ.",,meta description: შაბლონური/გაბმული სიტყვები,არა
1413,I72315,https://superi.ge/bosch-kgn49xw30u/,macivrebi,მაცივარი BOSCH KGN49XW30U,,მაცივარი BOSCH KGN49XW30U|Superi.ge,,მაცივარი BOSCH KGN49XW30U — საერთო მოცულობა 435 ლ და მაცივრის კამერის სასარგებლო მოცულობა 330 ლ. ფასი და ხელმისაწვდომობა იხილეთ Superi.ge-ზე.,"მაცივარი BOSCH KGN49XW30U: საერთო სასარგებლო მოცულობა 435 ლ, მაცივრის კამერის სასარგებლო მოცულობა 330 ლ, საყინულე კამერის სასარგებლო მოცულობა 105 ლ.",,meta description: შაბლონური/გაბმული სიტყვები,არა
12060,S52073,https://superi.ge/bosch-kgn49xwea/,macivrebi,მაცივარი BOSCH KGN49XWEA,,მაცივარი BOSCH KGN49XWEA | Superi.ge,,"მაცივარი BOSCH KGN49XWEA — საერთო მოცულობა 330 ლ. დეტალური მახასიათებლები, ფასი და ხელმისაწვდომობა იხილეთ Superi.ge-ზე. შეუკვეთეთ ონლაინ.","მაცივარი BOSCH KGN49XWEA: კატეგორია მაცივარი საყინულით, მაცივრის კამერების საერთო მოცულობა 330 ლ, საყინულე კამერების საერთო მოცულობა 108 ლ.",,meta description: შაბლონური/გაბმული სიტყვები,არა
2475,240121,https://superi.ge/bosch-kgn55vl20u/,macivrebi,მაცივარი BOSCH KGN55VL20U,,მაცივარი BOSCH KGN55VL20U,,მაცივარი BOSCH KGN55VL20U — საერთო მოცულობა 530 ლ და მაცივრის კამერის სასარგებლო მოცულობა 375 ლ. ფასი და ხელმისაწვდომობა იხილეთ Superi.ge-ზე.,"მაცივარი BOSCH KGN55VL20U: საერთო მოცულობა 530 ლ, მაცივრის კამერის სასარგებლო მოცულობა 375 ლ, საყინულე კამერის სასარგებლო მოცულობა 105 ლ.",,meta description: შაბლონური/გაბმული სიტყვები,არა
3183,I90708,https://superi.ge/bosch-kgn56ci30u/,macivrebi,მაცივარი BOSCH KGN56CI30U,,მაცივარი BOSCH KGN56CI30U,,მაცივარი BOSCH KGN56CI30U — საერთო მოცულობა 505 ლ და მაცივრის კამერის სასარგებლო მოცულობა 400 ლ. ფასი და ხელმისაწვდომობა იხილეთ Superi.ge-ზე.,"მაცივარი BOSCH KGN56CI30U: საერთო სასარგებლო მოცულობა 505 ლ, მაცივრის კამერის სასარგებლო მოცულობა 400 ლ, საყინულე კამერის სასარგებლო მოცულობა 105 ლ.",,meta description: შაბლონური/გაბმული სიტყვები,არა
3182,S68673,https://superi.ge/bosch-kgn56lb31u/,macivrebi,მაცივარი BOSCH KGN56LB31U,,მაცივარი BOSCH KGN56LB31U,,მაცივარი BOSCH KGN56LB31U — საერთო მოცულობა 505 ლ და მაცივრის კამერის სასარგებლო მოცულობა 400 ლ. ფასი და ხელმისაწვდომობა იხილეთ Superi.ge-ზე.,"მაცივარი BOSCH KGN56LB31U: საერთო სასარგებლო მოცულობა 505 ლ, მაცივრის კამერის სასარგებლო მოცულობა 400 ლ, საყინულე კამერის სასარგებლო მოცულობა 105 ლ.",,meta description: შაბლონური/გაბმული სიტყვები,არა
3184,I90187,https://superi.ge/bosch-kgn56lw31u/,macivrebi,მაცივარი BOSCH KGN56LW31U,,მაცივარი BOSCH KGN56LW31U,,მაცივარი BOSCH KGN56LW31U — საერთო მოცულობა 505 ლ და მაცივრის კამერის სასარგებლო მოცულობა 400 ლ. ფასი და ხელმისაწვდომობა იხილეთ Superi.ge-ზე.,"მაცივარი BOSCH KGN56LW31U: საერთო სასარგებლო მოცულობა 505 ლ, მაცივრის კამერის სასარგებლო მოცულობა 400 ლ, საყინულე კამერის სასარგებლო მოცულობა 105 ლ.",,meta description: შაბლონური/გაბმული სიტყვები,არა
3181,I94810,https://superi.ge/bosch-kgn56xw30u/,macivrebi,მაცივარი BOSCH KGN56XW30U,,მაცივარი BOSCH KGN56XW30U,,მაცივარი BOSCH KGN56XW30U — საერთო მოცულობა 505 ლ და მაცივრის კამერის სასარგებლო მოცულობა 400 ლ. ფასი და ხელმისაწვდომობა იხილეთ Superi.ge-ზე.,"მაცივარი BOSCH KGN56XW30U: საერთო სასარგებლო მოცულობა 505 ლ, მაცივრის კამერის სასარგებლო მოცულობა 400 ლ, საყინულე კამერის სასარგებლო მოცულობა 105 ლ.",,meta description: შაბლონური/გაბმული სიტყვები,არა
3065,I89230,https://superi.ge/bosch-kgn76ci30u/,macivrebi,მაცივარი BOSCH KGN76CI30U,,მაცივარი BOSCH KGN76CI30U,,მაცივარი BOSCH KGN76CI30U — საერთო მოცულობა 578 ლ და მაცივრის კამერის სასარგებლო მოცულობა 422 ლ. ფასი და ხელმისაწვდომობა იხილეთ Superi.ge-ზე.,"მაცივარი BOSCH KGN76CI30U: საერთო სასარგებლო მოცულობა 578 ლ, მაცივრის კამერის სასარგებლო მოცულობა 422 ლ, საყინულე კამერის სასარგებლო მოცულობა 156 ლ.",,meta description: შაბლონური/გაბმული სიტყვები,არა
2047,I89153,https://superi.ge/bosch-kgn86ai32u/,macivrebi,მაცივარი BOSCH KGN86AI32U,,მაცივარი BOSCH KGN86AI32U|Superi.ge,,"მაცივარი BOSCH KGN86AI32U — საერთო მოცულობა 682 ლ და სენსორული მართვა. დეტალური მახასიათებლები, ფასი და ხელმისაწვდომობა იხილეთ Superi.ge-ზე.","მაცივარი BOSCH KGN86AI32U: მართვის ტიპი სენსორული, საერთო სასარგებლო მოცულობა 682 ლ, მაცივრის კამერის სასარგებლო მოცულობა 496 ლ.",,meta description: შაბლონური/გაბმული სიტყვები,არა
3163,I89231,https://superi.ge/bosch-kgn86aw32u/,macivrebi,მაცივარი BOSCH KGN86AW32U,,მაცივარი BOSCH KGN86AW32U,,"მაცივარი BOSCH KGN86AW32U — საერთო მოცულობა 682 ლ და სენსორული მართვა. დეტალური მახასიათებლები, ფასი და ხელმისაწვდომობა იხილეთ Superi.ge-ზე.","მაცივარი BOSCH KGN86AW32U: მართვის ტიპი სენსორული, საერთო სასარგებლო მოცულობა 682 ლ, მაცივრის კამერის სასარგებლო მოცულობა 496 ლ.",,meta description: შაბლონური/გაბმული სიტყვები,არა
3073,I72900,https://superi.ge/bosch-kgv36vwea/,macivrebi,მაცივარი BOSCH KGV36VWEA,,მაცივარი BOSCH KGV36VWEA,,"მაცივარი BOSCH KGV36VWEA — საერთო მოცულობა 312 ლ და მექანიკური მართვა. დეტალური მახასიათებლები, ფასი და ხელმისაწვდომობა იხილეთ Superi.ge-ზე.","მაცივარი BOSCH KGV36VWEA: მართვის ტიპი მექანიკური, საერთო სასარგებლო მოცულობა 312 ლ, მაცივრის კამერის სასარგებლო მოცულობა 217 ლ.",,meta description: შაბლონური/გაბმული სიტყვები,არა
3066,I92597,https://superi.ge/bosch-kgv39vw30u/,macivrebi,მაცივარი BOSCH KGV39VW30U,,მაცივარი BOSCH KGV39VW30U,,"მაცივარი BOSCH KGV39VW30U — საერთო მოცულობა 343 ლ და ელექტრონული მართვა. დეტალური მახასიათებლები, ფასი და ხელმისაწვდომობა იხილეთ Superi.ge-ზე.","მაცივარი BOSCH KGV39VW30U: მართვის ტიპი ელექტრონული, საერთო სასარგებლო მოცულობა 343 ლ, მაცივრის კამერის სასარგებლო მოცულობა 252 ლ.",,meta description: შაბლონური/გაბმული სიტყვები,არა
5088,S87563,https://superi.ge/bosch-ksv36vw31u/,macivrebi,მაცივარი BOSCH KSV36VW31U,,მაცივარი BOSCH KSV36VW31U | Superi.ge,,"მაცივარი BOSCH KSV36VW31U — საერთო მოცულობა 348 ლ და ელექტრონული მართვა. დეტალური მახასიათებლები, ფასი და ხელმისაწვდომობა იხილეთ Superi.ge-ზე.","მაცივარი BOSCH KSV36VW31U: მართვის ტიპი ელექტრონული, საერთო სასარგებლო მოცულობა 348 ლ, ენერგომოხმარების კლასი A++, ენერგომოხმარება წელიწადში 112 kWh.",,meta description: შაბლონური/გაბმული სიტყვები,არა
3149,I72599,https://superi.ge/gorenje-nrk6192abk4/,macivrebi,მაცივარი GORENJE NRK6192ABK4,,მაცივარი GORENJE NRK6192ABK4,,მაცივარი GORENJE NRK6192ABK4 — საერთო მოცულობა 300 ლ და მაცივრის კამერის სასარგებლო მოცულობა 204 ლ. ფასი და ხელმისაწვდომობა იხილეთ Superi.ge-ზე.,"მაცივარი GORENJE NRK6192ABK4: საერთო სასარგებლო მოცულობა 300 ლ, მაცივრის კამერის სასარგებლო მოცულობა 204 ლ, საყინულე კამერის სასარგებლო მოცულობა 96 ლ.",,meta description: შაბლონური/გაბმული სიტყვები,არა
580,S86511,https://superi.ge/gorenje-nrk6192as4/,macivrebi,მაცივარი GORENJE NRK6192AS4,,მაცივარი GORENJE NRK6192AS4|Superi.ge,,ტიპი: ორკამერიანი ენერგოეფექტურობის კლასი: A ++​ მაცივრის კამერის სასარგებლო მოცულობა: 207 ლ საყინულე კამერის სასარგებლო მოცულობა: 93 ლ ხმაურის დონე: 39 dB ზომა: 59.5 X 186 X 59 სმ,"მაცივარი GORENJE NRK6192AS4: მართვის ტიპი ელექტრონული, საერთო სასარგებლო მოცულობა 300 ლ, მაცივრის კამერის სასარგებლო მოცულობა 207 ლ.",,meta description: სპეციფიკაციების ჩამონათვალი,არა
583,219589,https://superi.ge/gorenje-nrm818fmb/,macivrebi,მაცივარი GORENJE NRM818FMB,,მაცივარი GORENJE NRM818FMB|Superi.ge,,მაცივარი GORENJE NRM818FMB — საერთო მოცულობა 394 ლ და მაცივრის კამერის სასარგებლო მოცულობა 265 ლ. ფასი და ხელმისაწვდომობა იხილეთ Superi.ge-ზე.,"მაცივარი GORENJE NRM818FMB: საერთო სასარგებლო მოცულობა 394 ლ, მაცივრის კამერის სასარგებლო მოცულობა 265 ლ, საყინულე კამერის სასარგებლო მოცულობა 129 ლ.",,meta description: შაბლონური/გაბმული სიტყვები,არა
472,219749,https://superi.ge/gorenje-nrs918emb/,macivrebi,მაცივარი GORENJE NRS918EMB,,მაცივარი GORENJE NRS918EMB|Superi.ge,,მაცივარი GORENJE NRS918EMB — საერთო მოცულობა 519 ლ და მაცივრის კამერის სასარგებლო მოცულობა 334 ლ. ფასი და ხელმისაწვდომობა იხილეთ Superi.ge-ზე.,"მაცივარი GORENJE NRS918EMB: საერთო მოცულობა 519 ლ, მაცივრის კამერის სასარგებლო მოცულობა 334 ლ, საყინულე კამერის სასარგებლო მოცულობა 185 ლ.",,meta description: შაბლონური/გაბმული სიტყვები,არა
576,217515,https://superi.ge/gorenje-rb491pw/,macivrebi,მაცივარი GORENJE RB491PW,,მაცივარი GORENJE RB491PW|Superi.ge,,"მაცივარი GORENJE RB491PW — საერთო მოცულობა 120 ლ და საერთო მოცულობა 105 ლ. დეტალური მახასიათებლები, ფასი და ხელმისაწვდომობა იხილეთ Superi.ge-ზე.","მაცივარი GORENJE RB491PW: მართვის ტიპი მექანიკური, საერთო მოცულობა 120 ლ, საერთო სასარგებლო მოცულობა 105 ლ, საყინულე მოცულობა 14 ლ.",,meta description: შაბლონური/გაბმული სიტყვები,არა
1556,S31304,https://superi.ge/graetz-gtn36ndxw/,macivrebi,მაცივარი GRAETZ GTN36NDXW,,მაცივარი GRAETZ GTN36NDXW|Superi.ge,,"მაცივარი GRAETZ GTN36NDXW — საერთო მოცულობა 324 ლ და ხმაურის დონე 39 db. დეტალური მახასიათებლები, ფასი და ხელმისაწვდომობა იხილეთ Superi.ge-ზე.","მაცივარი GRAETZ GTN36NDXW: მუშაობის პრინციპი მშრალი ყინვა, საერთო მოცულობა 324 ლ, საყინულე კამერის განლაგება ქვედა, ენერგოეფექტურობის კლასი A+.",,meta description: შაბლონური/გაბმული სიტყვები,არა
982,S69677,https://superi.ge/graetz-gtn36nw/,macivrebi,მაცივარი GRAETZ GTN36NW,,მაცივარი GRAETZ GTN36NW|Superi.ge,,"მაცივარი GRAETZ GTN36NW — საერთო მოცულობა 312 ლ და ხმაურის დონე 39 db. დეტალური მახასიათებლები, ფასი და ხელმისაწვდომობა იხილეთ Superi.ge-ზე.","მაცივარი GRAETZ GTN36NW: მუშაობის პრინციპი მშრალი ყინვა, საერთო მოცულობა 312 ლ, საყინულე კამერის განლაგება ქვედა, ენერგოეფექტურობის კლასი A+.",,meta description: შაბლონური/გაბმული სიტყვები,არა
2914,S46978,https://superi.ge/graetz-gtn43ns/,macivrebi,მაცივარი GRAETZ GTN43NS,,მაცივარი GRAETZ GTN43NS,,"მაცივარი GRAETZ GTN43NS — საერთო მოცულობა 432 ლ და მექანიკური მართვა. დეტალური მახასიათებლები, ფასი და ხელმისაწვდომობა იხილეთ Superi.ge-ზე.","მაცივარი GRAETZ GTN43NS: მართვის ტიპი მექანიკური, საერთო სასარგებლო მოცულობა 432 ლ, საყინულე კამერის განლაგება ზედა, ენერგო მოხმარების კლასი A+.",,meta description: შაბლონური/გაბმული სიტყვები,არა
1431,S61100,https://superi.ge/graetz-gtn43nw/,macivrebi,მაცივარი GRAETZ GTN43NW,,მაცივარი GRAETZ GTN43NW|Superi.ge,,"მაცივარი GRAETZ GTN43NW — საერთო მოცულობა 432 ლ და მექანიკური მართვა. დეტალური მახასიათებლები, ფასი და ხელმისაწვდომობა იხილეთ Superi.ge-ზე.","მაცივარი GRAETZ GTN43NW: მართვის ტიპი მექანიკური, გაგრილების ტიპი NO FROST (მშრალი), საერთო სასარგებლო მოცულობა 432 ლ, საყინულე კამერის განლაგება ზედა.",,meta description: შაბლონური/გაბმული სიტყვები,არა
3333,139153,https://superi.ge/hagen-hrbar54w/,macivrebi,მაცივარი HAGEN HRBAR54W,,მაცივარი HAGEN HRBAR54W | Superi.ge,,"მაცივარი HAGEN HRBAR54W — საერთო მოცულობა 40 ლ, მოცულობა 36 ლ და მექანიკური მართვა. დეტალური მახასიათებლები, ფასი და ხელმისაწვდომობა იხილეთ Superi.ge-ზე.","მაცივარი HAGEN HRBAR54W: მართვის ტიპი მექანიკური, საერთო სასარგებლო მოცულობა 40 ლ, სამაცივრე განყოფილების მოცულობა 36 ლ, საყინულე სათავსოს მოცულობა 4 ლ.",,meta description: შაბლონური/გაბმული სიტყვები,არა
3785,139154,https://superi.ge/hagen-hrbf1825w/,macivrebi,მაცივარი HAGEN HRBF1825W,,მაცივარი HAGEN HRBF1825W | Superi.ge,,"მაცივარი HAGEN HRBF1825W — საერთო მოცულობა 254 ლ და მექანიკური მართვა. დეტალური მახასიათებლები, ფასი და ხელმისაწვდომობა იხილეთ Superi.ge-ზე.","მაცივარი HAGEN HRBF1825W: მართვის ტიპი მექანიკური, საერთო სასარგებლო მოცულობა 254 ლ, მაცივრის კამერის სასარგებლო მოცულობა 191 ლ.",,meta description: შაბლონური/გაბმული სიტყვები,არა
3337,140161,https://superi.ge/hagen-hrbf1828w-no-frost/,macivrebi,მაცივარი HAGEN HRBF1828W NO FROST,,მაცივარი HAGEN HRBF1828W NO FROST | Superi.ge,,"მაცივარი HAGEN HRBF1828W NO FROST — საერთო მოცულობა 286 ლ და მექანიკური მართვა. დეტალური მახასიათებლები, ფასი და ხელმისაწვდომობა იხილეთ Superi.ge-ზე.","მაცივარი HAGEN HRBF1828W NO FROST: მართვის ტიპი მექანიკური, საერთო სასარგებლო მოცულობა 286 ლ, მაცივრის კამერის სასარგებლო მოცულობა 210 ლ.",,meta description: შაბლონური/გაბმული სიტყვები,არა
3334,140162,https://superi.ge/hagen-hrbf1828x-silver/,macivrebi,მაცივარი HAGEN HRBF1828X SILVER,,მაცივარი HAGEN HRBF1828X SILVER | Superi.ge,,"მაცივარი HAGEN HRBF1828X SILVER — საერთო მოცულობა 286 ლ და მექანიკური მართვა. დეტალური მახასიათებლები, ფასი და ხელმისაწვდომობა იხილეთ Superi.ge-ზე.","მაცივარი HAGEN HRBF1828X SILVER: მართვის ტიპი მექანიკური, საერთო სასარგებლო მოცულობა 286 ლ, მაცივრის კამერის სასარგებლო მოცულობა 210 ლ.",,meta description: შაბლონური/გაბმული სიტყვები,არა
2214,139155,https://superi.ge/hagen-hrsbs1743x/,macivrebi,მაცივარი HAGEN HRSBS1743X,,მაცივარი HAGEN HRSBS1743X,,"მაცივარი HAGEN HRSBS1743X — საერთო მოცულობა 433 ლ და მართვის ტიპი მექანიკური/სენსორული. დეტალური მახასიათებლები, ფასი და ხელმისაწვდომობა იხილეთ Superi.ge-ზე.","მაცივარი HAGEN HRSBS1743X: მართვის ტიპი მექანიკური/სენსორული, საერთო სასარგებლო მოცულობა 433 ლ, მაცივრის კამერის სასარგებლო მოცულობა 288 ლ.",,meta description: შაბლონური/გაბმული სიტყვები,არა
4013,DB35DCUR,https://superi.ge/hisense-db35dcur-inox/,macivrebi,მაცივარი HISENSE DB35DCUR-INOX,,მაცივარი HISENSE DB35DCUR-INOX | Superi.ge,,მაცივარი HISENSE DB35DCUR-INOX — საერთო მოცულობა 264 ლ და მაცივრის კამერის სასარგებლო მოცულობა 198 ლ. ფასი და ხელმისაწვდომობა იხილეთ Superi.ge-ზე.,"მაცივარი HISENSE DB35DCUR-INOX: საერთო სასარგებლო მოცულობა 264 ლ, მაცივრის კამერის სასარგებლო მოცულობა 198 ლ, საყინულე კამერის სასარგებლო მოცულობა 66 ლ.",,meta description: შაბლონური/გაბმული სიტყვები,არა
1907,DT27DR4,https://superi.ge/hisense-dt27dr4-silver/,macivrebi,მაცივარი HISENSE DT27DR4 SILVER,,მაცივარი HISENSE DT27DR4 SILVER,,"მაცივარი HISENSE DT27DR4 SILVER — საერთო მოცულობა 215 ლ და მოცულობა 170 ლ. დეტალური მახასიათებლები, ფასი და ხელმისაწვდომობა იხილეთ Superi.ge-ზე.","მაცივარი HISENSE DT27DR4 SILVER: მართვის ტიპი მექანიკური, საერთო მოცულობა 215 ლ, მაცივრის კამერის მოცულობა 170 ლ, საყინულე კამერის მოცულობა 45 ლ.",,meta description: შაბლონური/გაბმული სიტყვები,არა
552,RC-67WS,https://superi.ge/hisense-rc-67ws-bi/,macivrebi,მაცივარი HISENSE RC-67WS BI,,მაცივარი HISENSE RC-67WS BI|Superi.ge,,მაცივარი HISENSE RC-67WS BI — საერთო მოცულობა 516 ლ და მაცივრის კამერის სასარგებლო მოცულობა 339 ლ. ფასი და ხელმისაწვდომობა იხილეთ Superi.ge-ზე.,"მაცივარი HISENSE RC-67WS BI: საერთო სასარგებლო მოცულობა 516 ლ, მაცივრის კამერის სასარგებლო მოცულობა 339 ლ, საყინულე კამერის სასარგებლო მოცულობა 177 ლ.",,meta description: შაბლონური/გაბმული სიტყვები,არა
3371,RD-23DC,https://superi.ge/hisense-rd-23dc-silver/,macivrebi,მაცივარი HISENSE RD-23DC SILVER,,მაცივარი HISENSE RD-23DC SILVER | Superi.ge,,"მაცივარი HISENSE RD-23DC SILVER — საერთო მოცულობა 225 ლ და მექანიკური მართვა. დეტალური მახასიათებლები, ფასი და ხელმისაწვდომობა იხილეთ Superi.ge-ზე.","მაცივარი HISENSE RD-23DC SILVER: მართვის ტიპი მექანიკური, საერთო სასარგებლო მოცულობა 225 ლ, მაცივრის კამერის სასარგებლო მოცულობა 159 ლ.",,meta description: შაბლონური/გაბმული სიტყვები,არა
2158,184934,https://superi.ge/hisense-rd-31dr4sa/,macivrebi,მაცივარი HISENSE RD-31DR4SA,,მაცივარი HISENSE RD-31DR4SA|Superi.ge,,"მაცივარი HISENSE RD-31DR4SA — საერთო მოცულობა 242 ლ და მოცულობა 201 ლ. დეტალური მახასიათებლები, ფასი და ხელმისაწვდომობა იხილეთ Superi.ge-ზე.","მაცივარი HISENSE RD-31DR4SA: მართვის ტიპი ელექტრონული, საერთო მოცულობა 242 ლ, მაცივრის კამერის მოცულობა 201 ლ, საყინულე კამერის მოცულობა 41 ლ.",,meta description: შაბლონური/გაბმული სიტყვები,არა
656,204126,https://superi.ge/hisense-rd-32wrn/,macivrebi,მაცივარი HISENSE RD-32WRN,,მაცივარი HISENSE RD-32WRN|Superi.ge,,მაცივარი HISENSE RD-32WRN — საერთო მოცულობა 249 ლ და მაცივრის კამერის სასარგებლო მოცულობა 197 ლ. ფასი და ხელმისაწვდომობა იხილეთ Superi.ge-ზე.,"მაცივარი HISENSE RD-32WRN: საერთო სასარგებლო მოცულობა 249 ლ, მაცივრის კამერის სასარგებლო მოცულობა 197 ლ, საყინულე კამერის სასარგებლო მოცულობა 52 ლ.",,meta description: შაბლონური/გაბმული სიტყვები,არა
2072,33WCRWD,https://superi.ge/hisense-rd-33wcrwd-inox/,macivrebi,მაცივარი HISENSE RD-33WCRWD-INOX,,მაცივარი HISENSE RD-33WCRWD-INOX,,მაცივარი HISENSE RD-33WCRWD-INOX — საერთო მოცულობა 251 ლ და მაცივრის კამერის სასარგებლო მოცულობა 171 ლ. ფასი და ხელმისაწვდომობა იხილეთ Superi.ge-ზე.,"მაცივარი HISENSE RD-33WCRWD-INOX: საერთო სასარგებლო მოცულობა 251 ლ, მაცივრის კამერის სასარგებლო მოცულობა 171 ლ, საყინულე კამერის სასარგებლო მოცულობა 80 ლ.",,meta description: შაბლონური/გაბმული სიტყვები,არა
1574,184887,https://superi.ge/hisense-rd-39wcd-inox/,macivrebi,მაცივარი HISENSE RD-39WCD INOX,,მაცივარი HISENSE RD-39WCD INOX,,"ტიპი: ორკამერიანი მართვის ტიპი: ელექტრონული გალღობის სისტემა: NoFrost მაცივრის კამერის სასარგებლო მოცულობა: 207 ლ საყინულე კამერის სასარგებლო მოცულობა: 93 ლ ზომა: 1860 x 59,5 х 59 სმ ფერი: უჟანგავი ფოლადი","მაცივარი HISENSE RD-39WCD INOX: მართვის ტიპი ელექტრონული, საერთო სასარგებლო მოცულობა 300 ლ, მაცივრის კამერის სასარგებლო მოცულობა 207 ლ.",,meta description: სპეციფიკაციების ჩამონათვალი,არა
4019,43WC4S/BG,https://superi.ge/hisense-rd-43wc4s-bg/,macivrebi,მაცივარი HISENSE RD-43WC4S/BG,,მაცივარი HISENSE RD-43WC4S/BG | Superi.ge,,მაცივარი HISENSE RD-43WC4S/BG — საერთო მოცულობა 336 ლ და მაცივრის კამერის სასარგებლო მოცულობა 238 ლ. ფასი და ხელმისაწვდომობა იხილეთ Superi.ge-ზე.,"მაცივარი HISENSE RD-43WC4S/BG: საერთო სასარგებლო მოცულობა 336 ლ, მაცივრის კამერის სასარგებლო მოცულობა 238 ლ, საყინულე კამერის სასარგებლო მოცულობა 98 ლ.",,meta description: შაბლონური/გაბმული სიტყვები,არა
4010,RD-43WR,https://superi.ge/hisense-rd-43wrn-inox/,macivrebi,მაცივარი HISENSE RD-43WRN INOX,,მაცივარი HISENSE RD-43WRN INOX | Superi.ge,,"მაცივარი HISENSE RD-43WRN INOX — საერთო მოცულობა 325 ლ და მექანიკური მართვა. დეტალური მახასიათებლები, ფასი და ხელმისაწვდომობა იხილეთ Superi.ge-ზე.","მაცივარი HISENSE RD-43WRN INOX: მართვის ტიპი მექანიკური, საერთო სასარგებლო მოცულობა 325 ლ, მაცივრის კამერის სასარგებლო მოცულობა 252 ლ.",,meta description: შაბლონური/გაბმული სიტყვები,არა
4025,462268,https://superi.ge/hisense-rd-62wc-inox/,macivrebi,მაცივარი HISENSE RD-62WC/INOX,,მაცივარი HISENSE RD-62WC/INOX | Superi.ge,,მაცივარი HISENSE RD-62WC/INOX — საერთო მოცულობა 495 ლ და მაცივრის კამერის სასარგებლო მოცულობა 345 ლ. ფასი და ხელმისაწვდომობა იხილეთ Superi.ge-ზე.,"მაცივარი HISENSE RD-62WC/INOX: საერთო სასარგებლო მოცულობა 495 ლ, მაცივრის კამერის სასარგებლო მოცულობა 345 ლ, საყინულე კამერის სასარგებლო მოცულობა 150 ლ.",,meta description: შაბლონური/გაბმული სიტყვები,არა
4026,694530,https://superi.ge/hisense-rd39wcwd-bi/,macivrebi,მაცივარი HISENSE RD39WCWD-BI,,მაცივარი HISENSE RD39WCWD-BI | Superi.ge,,მაცივარი HISENSE RD39WCWD-BI — საერთო მოცულობა 300 ლ და მაცივრის კამერის სასარგებლო მოცულობა 207 ლ. ფასი და ხელმისაწვდომობა იხილეთ Superi.ge-ზე.,"მაცივარი HISENSE RD39WCWD-BI: საერთო სასარგებლო მოცულობა 300 ლ, მაცივრის კამერის სასარგებლო მოცულობა 207 ლ, საყინულე კამერის სასარგებლო მოცულობა 93 ლ.",,meta description: შაბლონური/გაბმული სიტყვები,არა
659,686316,https://superi.ge/hisense-rd49wr-inox/,macivrebi,მაცივარი HISENSE RD49WR INOX,,მაცივარი HISENSE RD49WR INOX|Superi.ge,,"მაცივარი HISENSE RD49WR INOX — საერთო მოცულობა 375 ლ და ელექტრონული მართვა. დეტალური მახასიათებლები, ფასი და ხელმისაწვდომობა იხილეთ Superi.ge-ზე.","მაცივარი HISENSE RD49WR INOX: მართვის ტიპი ელექტრონული, საერთო სასარგებლო მოცულობა 375 ლ, მაცივრის კამერის სასარგებლო მოცულობა 286 ლ.",,meta description: შაბლონური/გაბმული სიტყვები,არა
1575,187311,https://superi.ge/hisense-rq-51wcd/,macivrebi,მაცივარი HISENSE RQ-51WCD,,მაცივარი HISENSE RQ-51WCD|Superi.ge,,მაცივარი HISENSE RQ-51WCD — საერთო მოცულობა 394 ლ და მაცივრის კამერის სასარგებლო მოცულობა 265 ლ. ფასი და ხელმისაწვდომობა იხილეთ Superi.ge-ზე.,"მაცივარი HISENSE RQ-51WCD: საერთო მოცულობა 394 ლ, მაცივრის კამერის სასარგებლო მოცულობა 265 ლ, საყინულე კამერის სასარგებლო მოცულობა 129 ლ.",,meta description: შაბლონური/გაბმული სიტყვები,არა
4024,713142,https://superi.ge/hisense-rq72wc-inox/,macivrebi,მაცივარი HISENSE RQ72WC/INOX,,მაცივარი HISENSE RQ72WC/INOX | Superi.ge,,მაცივარი HISENSE RQ72WC/INOX — საერთო მოცულობა 579 ლ და მაცივრის კამერის სასარგებლო მოცულობა 388 ლ. ფასი და ხელმისაწვდომობა იხილეთ Superi.ge-ზე.,"მაცივარი HISENSE RQ72WC/INOX: საერთო სასარგებლო მოცულობა 579 ლ, მაცივრის კამერის სასარგებლო მოცულობა 388 ლ, საყინულე კამერის სასარგებლო მოცულობა 191 ლ.",,meta description: შაბლონური/გაბმული სიტყვები,არა
4020,769971,https://superi.ge/hisense-rs13dr-silver/,macivrebi,მაცივარი HISENSE RS13DR-SILVER,,მაცივარი HISENSE RS13DR-SILVER | Superi.ge,,"მაცივარი HISENSE RS13DR-SILVER — საერთო მოცულობა 94 ლ. დეტალური მახასიათებლები, ფასი და ხელმისაწვდომობა იხილეთ Superi.ge-ზე.","მაცივარი HISENSE RS13DR-SILVER: საერთო მოცულობა 94 ლ, კლიმატის კლასი N,ST,T, ენერგოეფექტურობის კლასი A+, ენერგიის მოხმარება წელიწადში 221 kWh.",,meta description: შაბლონური/გაბმული სიტყვები,არა
4015,SS67WSN,https://superi.ge/hisense-ss67wsn-inox/,macivrebi,მაცივარი HISENSE SS67WSN-INOX,,მაცივარი HISENSE SS67WSN-INOX | Superi.ge,,მაცივარი HISENSE SS67WSN-INOX — საერთო მოცულობა 519 ლ და მაცივრის კამერის სასარგებლო მოცულობა 334 ლ. ფასი და ხელმისაწვდომობა იხილეთ Superi.ge-ზე.,"მაცივარი HISENSE SS67WSN-INOX: საერთო სასარგებლო მოცულობა 519 ლ, მაცივრის კამერის სასარგებლო მოცულობა 334 ლ, საყინულე კამერის სასარგებლო მოცულობა 185 ლ.",,meta description: შაბლონური/გაბმული სიტყვები,არა
3189,S50705,https://superi.ge/hitachi-r-b410puc6-pwh/,macivrebi,მაცივარი HITACHI R-B410PUC6 PWH,,მაცივარი HITACHI R-B410PUC6 PWH,,მაცივარი HITACHI R-B410PUC6 PWH — საერთო მოცულობა 330 ლ და მაცივრის კამერის სასარგებლო მოცულობა 215 ლ. ფასი და ხელმისაწვდომობა იხილეთ Superi.ge-ზე.,"მაცივარი HITACHI R-B410PUC6 PWH: საერთო სასარგებლო მოცულობა 330 ლ, მაცივრის კამერის სასარგებლო მოცულობა 215 ლ, საყინულე კამერის სასარგებლო მოცულობა 115 ლ.",,meta description: შაბლონური/გაბმული სიტყვები,არა
2917,I56511,https://superi.ge/hitachi-r-h330puc7-bsl/,macivrebi,მაცივარი HITACHI R-H330PUC7 BSL,,მაცივარი HITACHI R-H330PUC7 BSL,,მაცივარი HITACHI R-H330PUC7 BSL — საერთო მოცულობა 230 ლ და მაცივრის კამერის სასარგებლო მოცულობა 176 ლ. ფასი და ხელმისაწვდომობა იხილეთ Superi.ge-ზე.,"მაცივარი HITACHI R-H330PUC7 BSL: საერთო სასარგებლო მოცულობა 230 ლ, მაცივრის კამერის სასარგებლო მოცულობა 176 ლ, საყინულე კამერის სასარგებლო მოცულობა 54 ლ.",,meta description: შაბლონური/გაბმული სიტყვები,არა
2920,I90900,https://superi.ge/hitachi-r-vgx470puc9-gbk/,macivrebi,მაცივარი HITACHI R-VGX470PUC9 GBK,,მაცივარი HITACHI R-VGX470PUC9 GBK,,მაცივარი HITACHI R-VGX470PUC9 GBK — საერთო მოცულობა 407 ლ და მაცივრის კამერის სასარგებლო მოცულობა 298 ლ. ფასი და ხელმისაწვდომობა იხილეთ Superi.ge-ზე.,"მაცივარი HITACHI R-VGX470PUC9 GBK: საერთო სასარგებლო მოცულობა 407 ლ, მაცივრის კამერის სასარგებლო მოცულობა 298 ლ, საყინულე კამერის სასარგებლო მოცულობა 109 ლ.",,meta description: შაბლონური/გაბმული სიტყვები,არა
2919,I90899,https://superi.ge/hitachi-r-vx440puc9-bsl/,macivrebi,მაცივარი HITACHI R-VX440PUC9 BSL,,მაცივარი HITACHI R-VX440PUC9 BSL,,"მაცივარი HITACHI R-VX440PUC9 BSL — საერთო მოცულობა 450 ლ. დეტალური მახასიათებლები, ფასი და ხელმისაწვდომობა იხილეთ Superi.ge-ზე.","მაცივარი HITACHI R-VX440PUC9 BSL: საერთო მოცულობა 450 ლ, საყინულე კამერის განლაგება ზედა, გალღობის სისტემა NoFrost (მშრალი გაყინვა).",,meta description: შაბლონური/გაბმული სიტყვები,არა
978,199786,https://superi.ge/hitachi-r-wb710puc9-gbw/,macivrebi,მაცივარი HITACHI R-WB710PUC9 GBW,,მაცივარი HITACHI R-WB710PUC9 GBW,,მაცივარი HITACHI R-WB710PUC9 GBW — საერთო მოცულობა 435 ლ და მაცივრის კამერის სასარგებლო მოცულობა 343 ლ. ფასი და ხელმისაწვდომობა იხილეთ Superi.ge-ზე.,"მაცივარი HITACHI R-WB710PUC9 GBW: საერთო სასარგებლო მოცულობა 435 ლ, მაცივრის კამერის სასარგებლო მოცულობა 343 ლ, საყინულე კამერის სასარგებლო მოცულობა 92 ლ.",,meta description: შაბლონური/გაბმული სიტყვები,არა
1572,I69974,https://superi.ge/hitachi-r-wb720vuc0-gbk/,macivrebi,მაცივარი HITACHI R-WB720VUC0 GBK,,მაცივარი HITACHI R-WB720VUC0 GBK,,მაცივარი HITACHI R-WB720VUC0 GBK — საერთო მოცულობა 569 ლ და მაცივრის კამერის სასარგებლო მოცულობა 357 ლ. ფასი და ხელმისაწვდომობა იხილეთ Superi.ge-ზე.,"მაცივარი HITACHI R-WB720VUC0 GBK: საერთო სასარგებლო მოცულობა 569 ლ, მაცივრის კამერის სასარგებლო მოცულობა 357 ლ, საყინულე კამერის სასარგებლო მოცულობა 100 ლ.",,meta description: შაბლონური/გაბმული სიტყვები,არა
992,S41033,https://superi.ge/indesit-its-4180-w/,macivrebi,მაცივარი INDESIT ITS 4180 W,,მაცივარი INDESIT ITS 4180 W|Superi.ge,,"მაცივარი INDESIT ITS 4180 W — საერთო მოცულობა 298 ლ და მექანიკური მართვა. დეტალური მახასიათებლები, ფასი და ხელმისაწვდომობა იხილეთ Superi.ge-ზე.","მაცივარი INDESIT ITS 4180 W: მართვის ტიპი მექანიკური, საერთო სასარგებლო მოცულობა 298 ლ, მაცივრის კამერის სასარგებლო მოცულობა 220 ლ.",,meta description: შაბლონური/გაბმული სიტყვები,არა
1415,189262,https://superi.ge/indesit-its-4200-w/,macivrebi,მაცივარი INDESIT ITS 4200 W,,მაცივარი INDESIT ITS 4200 W|Superi.ge,,"მაცივარი INDESIT ITS 4200 W — საერთო მოცულობა 325 ლ და მექანიკური მართვა. დეტალური მახასიათებლები, ფასი და ხელმისაწვდომობა იხილეთ Superi.ge-ზე.","მაცივარი INDESIT ITS 4200 W: მართვის ტიპი მექანიკური, საერთო სასარგებლო მოცულობა 325 ლ, მაცივრის კამერის სასარგებლო მოცულობა 247 ლ.",,meta description: შაბლონური/გაბმული სიტყვები,არა
1551,228859,https://superi.ge/lg-gbb62dshec/,macivrebi,მაცივარი LG GBB62DSHEC,,მაცივარი LG GBB62DSHEC|Superi.ge,,მაცივარი LG GBB62DSHEC — საერთო მოცულობა 384 ლ და მაცივრის კამერის სასარგებლო მოცულობა 277 ლ. ფასი და ხელმისაწვდომობა იხილეთ Superi.ge-ზე.,"მაცივარი LG GBB62DSHEC: საერთო სასარგებლო მოცულობა 384 ლ, მაცივრის კამერის სასარგებლო მოცულობა 277 ლ, საყინულე კამერის სასარგებლო მოცულობა 107 ლ.",,meta description: შაბლონური/გაბმული სიტყვები,არა
1571,228123,https://superi.ge/lg-gbp31dstzr/,macivrebi,მაცივარი LG GBP31DSTZR,,მაცივარი LG GBP31DSTZR|Superi.ge,,მაცივარი LG GBP31DSTZR — საერთო მოცულობა 341 ლ და მაცივრის კამერის სასარგებლო მოცულობა 234 ლ. ფასი და ხელმისაწვდომობა იხილეთ Superi.ge-ზე.,"მაცივარი LG GBP31DSTZR: მაცივრის სტილი ქვედა საყინულით, საერთო სასარგებლო მოცულობა 341 ლ, მაცივრის კამერის სასარგებლო მოცულობა 234 ლ.",,meta description: შაბლონური/გაბმული სიტყვები,არა
3282,I92664,https://superi.ge/lg-gn-b472pqmb-adsqmea/,macivrebi,მაცივარი LG GN-B472PQMB.ADSQMEA,,მაცივარი LG GN-B472PQMB.ADSQMEA | Superi.ge,,"მაცივარი LG GN-B472PQMB.ADSQMEA — საერთო მოცულობა 340 ლ და ელექტრონული მართვა. დეტალური მახასიათებლები, ფასი და ხელმისაწვდომობა იხილეთ Superi.ge-ზე.","მაცივარი LG GN-B472PQMB.ADSQMEA: მართვის ტიპი ელექტრონული, საერთო სასარგებლო მოცულობა 340 ლ, მაცივრის კამერის სასარგებლო მოცულობა 246 ლ.",,meta description: შაბლონური/გაბმული სიტყვები,არა
1554,228790,https://superi.ge/lg-gr-c639hlcl/,macivrebi,მაცივარი LG GR-C639HLCL,,მაცივარი LG GR-C639HLCL|Superi.ge,,მაცივარი LG GR-C639HLCL — საერთო მოცულობა 471 ლ და მაცივრის კამერის სასარგებლო მოცულობა 438 ლ. ფასი და ხელმისაწვდომობა იხილეთ Superi.ge-ზე.,"მაცივარი LG GR-C639HLCL: მაცივრის სტილი ზედა საყინულით, საერთო სასარგებლო მოცულობა 471 ლ, მაცივრის კამერის სასარგებლო მოცულობა 438 ლ, ენერგო მოხმარება A++.",,meta description: შაბლონური/გაბმული სიტყვები,არა
3758,07067,https://superi.ge/lg-gr-x267cqes-side-by-side/,macivrebi,მაცივარი LG GR-X267CQES (side by side),,მაცივარი LG GR-X267CQES (side by side) | Superi.ge,,"მაცივარი LG GR-X267CQES (side by side) — საერთო მოცულობა 647 ლ, მოცულობა 412 ლ და ინვერტორული ძრავა. ფასი და ხელმისაწვდომობა იხილეთ Superi.ge-ზე.","მაცივარი LG GR-X267CQES (side by side): ძრავის ტიპი ინვერტორული, მართვის ტიპი ელექტრონული / სენსორული, საერთო სასარგებლო მოცულობა 647 ლ.",,meta description: შაბლონური/გაბმული სიტყვები,არა
3153,I94386,https://superi.ge/lg-grfb587pqam-ahsqmea/,macivrebi,მაცივარი LG GRFB587PQAM.AHSQMEA,,მაცივარი LG GRFB587PQAM.AHSQMEA,,"მაცივარი LG GRFB587PQAM.AHSQMEA — საერთო მოცულობა 509 ლ და ელექტრონული მართვა. დეტალური მახასიათებლები, ფასი და ხელმისაწვდომობა იხილეთ Superi.ge-ზე.","მაცივარი LG GRFB587PQAM.AHSQMEA: მართვის ტიპი ელექტრონული, საერთო სასარგებლო მოცულობა 509 ლ, მაცივრის კამერის სასარგებლო მოცულობა 335 ლ.",,meta description: შაბლონური/გაბმული სიტყვები,არა
3956,S66869,https://superi.ge/midea-mdrf692mie28-side-by-side/,macivrebi,მაცივარი MIDEA MDRF692MIE28 (SIDE BY SIDE),,მაცივარი MIDEA MDRF692MIE28 (SIDE BY SIDE) | Superi.ge,,"მაცივარი MIDEA MDRF692MIE28 (SIDE BY SIDE) — საერთო მოცულობა 531 ლ. დეტალური მახასიათებლები, ფასი და ხელმისაწვდომობა იხილეთ Superi.ge-ზე.","მაცივარი MIDEA MDRF692MIE28 (SIDE BY SIDE): საერთო სასარგებლო მოცულობა 531 ლ, მაცივრის კამერის სასარგებლო მოცულობა 357 ლ, ენერგოეფექტურობის კლასი A+.",,meta description: შაბლონური/გაბმული სიტყვები,არა
496,196142,https://superi.ge/midea-mdrs619fgf02/,macivrebi,მაცივარი MIDEA MDRS619FGF02,,მაცივარი MIDEA MDRS619FGF02 | Superi.ge,,"✔️ ტევადობა: 460 ლიტრი საერთო მოცულობა, მათ შორის 271 ლიტრი მაცივარ კამერისთვის და 189 ლიტრი საყინულე კამერისთვის. ✔️ ენერგოეფექტურობა: A+ კლასი, რაც უზრუნველყოფს დაბალ ენერგომოხმარებას და ხარჯების დაზოგვას. ✔️ გაგრილების სისტემა: No Frost ტექნოლოგია,","მაცივარი MIDEA MDRS619FGF02: მართვის ტიპი ელექტრონული, მაცივრის კამერის სასარგებლო მოცულობა 271 ლ, საყინულე კამერის სასარგებლო მოცულობა 189 ლ.",,meta description: სპეციფიკაციების ჩამონათვალი,არა
242,196146,https://superi.ge/midea-mdrs619fgf25/,macivrebi,მაცივარი MIDEA MDRS619FGF25,,მაცივარი MIDEA MDRS619FGF25|Superi.ge,,მაცივარი MIDEA MDRS619FGF25 — ელექტრონული მართვა და მაცივრის კამერის სასარგებლო მოცულობა 271 ლ. ფასი და ხელმისაწვდომობა იხილეთ Superi.ge-ზე.,"მაცივარი MIDEA MDRS619FGF25: მართვის ტიპი ელექტრონული, მაცივრის კამერის სასარგებლო მოცულობა 271 ლ, საყინულე კამერის სასარგებლო მოცულობა 189 ლ.",,meta description: შაბლონური/გაბმული სიტყვები,არა
513,195280,https://superi.ge/midea-mdrs619fgf28/,macivrebi,მაცივარი MIDEA MDRS619FGF28,,მაცივარი MIDEA MDRS619FGF28|Superi.ge,,ტიპი: Side-by-Side საერთო მოცულობა: 460 ლ ენერგომოხმარების კლასი: A+ გაგრილების სისტემა: No Frost (მშრალი) ზომა: 177.5 х 83.5 х 63.5 სმ / წონა: 81 კგ,"მაცივარი MIDEA MDRS619FGF28: მართვის ტიპი ელექტრონული, მაცივრის საერთო მოცულობა 460 ლ, მაცივრის სასარგებლო მოცულობა 271 ლ.",,meta description: სპეციფიკაციების ჩამონათვალი,არა
514,MDRS619FGF46,https://superi.ge/midea-mdrs619fgf46/,macivrebi,მაცივარი MIDEA MDRS619FGF46,,მაცივარი MIDEA MDRS619FGF46|Superi.ge,,"მაცივარი MIDEA MDRS619FGF46 — საერთო მოცულობა 460 ლ და მოცულობა 271 ლ. დეტალური მახასიათებლები, ფასი და ხელმისაწვდომობა იხილეთ Superi.ge-ზე.","მაცივარი MIDEA MDRS619FGF46: მართვის ტიპი ელექტრონული, მაცივრის საერთო მოცულობა 460 ლ, მაცივრის სასარგებლო მოცულობა 271 ლ.",,meta description: შაბლონური/გაბმული სიტყვები,არა
479,210856,https://superi.ge/midea-mdrs723myf28/,macivrebi,მაცივარი MIDEA MDRS723MYF28,,მაცივარი MIDEA MDRS723MYF28|Superi.ge,,"მაცივარი MIDEA MDRS723MYF28 — საერთო მოცულობა 537 ლ და მოცულობა 344 ლ. დეტალური მახასიათებლები, ფასი და ხელმისაწვდომობა იხილეთ Superi.ge-ზე.","მაცივარი MIDEA MDRS723MYF28: მართვის ტიპი სენსორული, საერთო მოცულობა 537 ლ, მაცივრის სასარგებლო მოცულობა 344 ლ, საყინულის სასარგებლო მოცულობა 193 ლ.",,meta description: შაბლონური/გაბმული სიტყვები,არა
518,201378,https://superi.ge/samsung-rb34a7b4f35-wt/,macivrebi,მაცივარი SAMSUNG RB34A7B4F35/WT,,მაცივარი SAMSUNG RB34A7B4F35/WT,,ტიპი: ორკამერიანი ძრავის ტიპი: ინვერტორული მაცივრის კამერის სასარგებლო მოცულობა: 228 ლ საყინულე კამერის სასარგებლო მოცულობა: 112 ლ ზომა (სიმაღლე/სიგანე/სიღრმე): 1853 x 595 x 658 მმ ფერი: თეთრი,"მაცივარი SAMSUNG RB34A7B4F35/WT: მართვის ტიპი ელექტრონული, ძრავის ტიპი ინვერტორული, საერთო სასარგებლო მოცულობა 340 ლ.",,meta description: სპეციფიკაციების ჩამონათვალი,არა
560,201383,https://superi.ge/samsung-rb34a7b4f39-wt/,macivrebi,მაცივარი SAMSUNG RB34A7B4F39/WT,,მაცივარი SAMSUNG RB34A7B4F39/WT,,ტიპი: ორკამერიანი ძრავის ტიპი: ინვერტორული ენერგოეფექტურობის კლასი: A+ მაცივრის კამერის სასარგებლო მოცულობა: 228 ლ საყინულე კამერის სასარგებლო მოცულობა: 112 ლ ზომა (სიმაღლე/სიგანე/სიღრმე): 1853 x 595 x 658 მმ ფერი: კრემისფერი,"მაცივარი SAMSUNG RB34A7B4F39/WT: მართვის ტიპი ელექტრონული, ძრავის ტიპი ინვერტორული, საერთო სასარგებლო მოცულობა 340 ლ.",,meta description: სპეციფიკაციების ჩამონათვალი,არა
1001,201391,https://superi.ge/samsung-rb38a7b6235-wt/,macivrebi,მაცივარი SAMSUNG RB38A7B6235/WT,,მაცივარი SAMSUNG RB38A7B6235/WT,,ტიპი: ორკამერიანი მართვის ტიპი: ელექტრონული ძრავის ტიპი: ინვერტორული მაცივრის კამერის სასარგებლო მოცულობა: 273 ლ საყინულე კამერის სასარგებლო მოცულობა: 112 ლ ხმაურის დონე: 35 dB ზომა (სიმაღლე/სიგანე/სიღრმე): 2030 x 595 x 658 მმ ფერი: თეთრი,"მაცივარი SAMSUNG RB38A7B6235/WT: მართვის ტიპი ელექტრონული, ძრავის ტიპი ინვერტორული, საერთო სასარგებლო მოცულობა 385 ლ.",,meta description: სპეციფიკაციების ჩამონათვალი,არა
986,201404,https://superi.ge/samsung-rb38a7b6239-wt/,macivrebi,მაცივარი SAMSUNG RB38A7B6239/WT,,მაცივარი SAMSUNG RB38A7B6239/WT,,ტიპი: ორკამერიანი მართვის ტიპი: ელექტრონული ძრავის ტიპი: ინვერტორული მაცივრის კამერის სასარგებლო მოცულობა: 273 ლ საყინულე კამერის სასარგებლო მოცულობა: 112 ლ ზომა (სიმაღლე/სიგანე/სიღრმე): 2030 x 595 x 658 მმ ფერი: კრემისფერი,"მაცივარი SAMSUNG RB38A7B6239/WT: მართვის ტიპი ელექტრონული, ძრავის ტიპი ინვერტორული, საერთო სასარგებლო მოცულობა 385 ლ.",,meta description: სპეციფიკაციების ჩამონათვალი,არა
3911,I95573,https://superi.ge/samsung-rb38c7b6d12-wt-white/,macivrebi,მაცივარი SAMSUNG RB38C7B6D12/WT WHITE,,მაცივარი SAMSUNG RB38C7B6D12/WT WHITE | Superi.ge,,"მაცივარი SAMSUNG RB38C7B6D12/WT WHITE — ტევადობა 112 L მაცივრის და მოცულობა 388 L. დეტალური მახასიათებლები, ფასი და ხელმისაწვდომობა იხილეთ Superi.ge-ზე.","მაცივარი SAMSUNG RB38C7B6D12/WT WHITE: ჯამური მოცულობა 388 L, სამაცივრე განყოფილების ნეტტო მოცულობა 276 L, საყინულის სათავსოს ტევადობა 112 L მაცივრის.",,meta description: შაბლონური/გაბმული სიტყვები,არა
3876,I95575,https://superi.ge/samsung-rb38c7b6d39-wt-beige/,macivrebi,მაცივარი SAMSUNG RB38C7B6D39/WT BEIGE,,მაცივარი SAMSUNG RB38C7B6D39/WT BEIGE | Superi.ge,,"მაცივარი SAMSUNG RB38C7B6D39/WT BEIGE — ტევადობა 112 L მაცივრის და მოცულობა 388 L. დეტალური მახასიათებლები, ფასი და ხელმისაწვდომობა იხილეთ Superi.ge-ზე.","მაცივარი SAMSUNG RB38C7B6D39/WT BEIGE: ჯამური მოცულობა 388 L, სამაცივრე განყოფილების ნეტტო მოცულობა 276 L, საყინულის სათავსოს ტევადობა 112 L მაცივრის.",,meta description: შაბლონური/გაბმული სიტყვები,არა
2191,235220,https://superi.ge/samsung-rb38t676fsa-wt/,macivrebi,მაცივარი SAMSUNG RB38T676FSA/WT,,მაცივარი SAMSUNG RB38T676FSA/WT,,ტიპი: ორკამერიანი ძრავის ტიპი: ინვერტორული მაცივრის კამერის სასარგებლო მოცულობა: 273 ლ საყინულე კამერის სასარგებლო მოცულობა: 112 ლ გაგრილების სისტემა: No Frost (მშრალი) ფერი: ნაცრისფერი / ვერცხლისფერი,"მაცივარი SAMSUNG RB38T676FSA/WT: ძრავის ტიპი ინვერტორული, მართვის ტიპი ელექტრონული, საერთო სასარგებლო მოცულობა 385 ლ.",,meta description: სპეციფიკაციების ჩამონათვალი,არა
2190,235233,https://superi.ge/samsung-rb38t7762b1-wt/,macivrebi,მაცივარი SAMSUNG RB38T7762B1/WT,,მაცივარი SAMSUNG RB38T7762B1/WT,,ტიპი: ორკამერიანი ძრავის ტიპი: ინვერტორული მაცივრის კამერის სასარგებლო მოცულობა: 273 ლ საყინულე კამერის სასარგებლო მოცულობა: 112 ლ გაგრილების სისტემა: No Frost (მშრალი გაყინვა) ფერი: შავი / მუქი ნაცრისფერი,"მაცივარი SAMSUNG RB38T7762B1/WT: ძრავის ტიპი ინვერტორული, მართვის ტიპი ელექტრონული, საერთო სასარგებლო მოცულობა 385 ლ.",,meta description: სპეციფიკაციების ჩამონათვალი,არა
2894,I94390,https://superi.ge/samsung-rb50dg602es9-wt/,macivrebi,მაცივარი SAMSUNG RB50DG602ES9/WT,,მაცივარი SAMSUNG RB50DG602ES9/WT,,"მაცივარი SAMSUNG RB50DG602ES9/WT — საერთო მოცულობა 508 ლ, ინვერტორული ძრავა და ელექტრონული მართვა. ფასი და ხელმისაწვდომობა იხილეთ Superi.ge-ზე.","მაცივარი SAMSUNG RB50DG602ES9/WT: ძრავის ტიპი ინვერტორული, მართვის ტიპი ელექტრონული, საერთო სასარგებლო მოცულობა 508 ლ.",,meta description: შაბლონური/გაბმული სიტყვები,არა
853,130825,https://superi.ge/samsung-rl4353ebasl-wt/,macivrebi,მაცივარი SAMSUNG RL4353EBASL/WT,,მაცივარი SAMSUNG RL4353EBASL/WT,,"მაცივარი SAMSUNG RL4353EBASL/WT — საერთო მოცულობა 473 ლ და ელექტრონული მართვა. დეტალური მახასიათებლები, ფასი და ხელმისაწვდომობა იხილეთ Superi.ge-ზე.","მაცივარი SAMSUNG RL4353EBASL/WT: მართვის ტიპი ელექტრონული, ტექნოლოგია ინვერტორული, საერთო სასარგებლო მოცულობა 473 ლ.",,meta description: შაბლონური/გაბმული სიტყვები,არა
1439,205596,https://superi.ge/samsung-rl4362rbasl-wt/,macivrebi,მაცივარი SAMSUNG RL4362RBASL/WT,,მაცივარი SAMSUNG RL4362RBASL/WT,,მაცივარი SAMSUNG RL4362RBASL/WT — საერთო მოცულობა 432 ლ და მართვის ტიპი ელექტრონული/სენსორული. ფასი და ხელმისაწვდომობა იხილეთ Superi.ge-ზე.,"მაცივარი SAMSUNG RL4362RBASL/WT: მართვის ტიპი ელექტრონული/სენსორული, საერთო სასარგებლო მოცულობა 432 ლ, მაცივრის კამერის სასარგებლო მოცულობა 300 ლ.",,meta description: შაბლონური/გაბმული სიტყვები,არა
2807,I68632,https://superi.ge/samsung-rs64r5331b4-wt/,macivrebi,მაცივარი SAMSUNG RS64R5331B4/WT,,მაცივარი SAMSUNG RS64R5331B4/WT,,მაცივარი SAMSUNG RS64R5331B4/WT — საერთო მოცულობა 617 ლ და მაცივრის კამერის სასარგებლო მოცულობა 415 ლ. ფასი და ხელმისაწვდომობა იხილეთ Superi.ge-ზე.,"მაცივარი SAMSUNG RS64R5331B4/WT: საერთო სასარგებლო მოცულობა 617 ლ, მაცივრის კამერის სასარგებლო მოცულობა 415 ლ, საყინულე კამერის სასარგებლო მოცულობა 202 ლ.",,meta description: შაბლონური/გაბმული სიტყვები,არა
549,I42399,https://superi.ge/samsung-rt32k5132s8-wt/,macivrebi,მაცივარი SAMSUNG RT32K5132S8/WT,,მაცივარი SAMSUNG RT32K5132S8/WT,,მაცივარი SAMSUNG RT32K5132S8/WT — საერთო მოცულობა 321 ლ და მაცივრის კამერის სასარგებლო მოცულობა 249 ლ. ფასი და ხელმისაწვდომობა იხილეთ Superi.ge-ზე.,"მაცივარი SAMSUNG RT32K5132S8/WT: საერთო მოცულობა 321 ლ, მაცივრის კამერის სასარგებლო მოცულობა 249 ლ, საყინულე კამერის სასარგებლო მოცულობა 72 ლ.",,meta description: შაბლონური/გაბმული სიტყვები,არა
1925,231418,https://superi.ge/samsung-rt47cg6442s9wt/,macivrebi,მაცივარი SAMSUNG RT47CG6442S9WT,,მაცივარი SAMSUNG RT47CG6442S9WT,,"მაცივარი SAMSUNG RT47CG6442S9WT — საერთო მოცულობა 460 ლ და ინვერტერული ძრავა. დეტალური მახასიათებლები, ფასი და ხელმისაწვდომობა იხილეთ Superi.ge-ზე.","მაცივარი SAMSUNG RT47CG6442S9WT: ძრავის ტიპი ინვერტერული, მართვის ტიპი მექანიკური, საერთო სასარგებლო მოცულობა 460 ლ.",,meta description: შაბლონური/გაბმული სიტყვები,არა
13064,S99826,https://superi.ge/tcl-p315bf-silver/,macivrebi,მაცივარი TCL P315BF SILVER,,მაცივარი TCL P315BF SILVER | Superi.ge,,"მაცივარი TCL P315BF SILVER — მართვის ტიპი ელექტრონ. დეტალური მახასიათებლები, ფასი და ხელმისაწვდომობა იხილეთ Superi.ge-ზე.","მაცივარი TCL P315BF SILVER: კონსტრუქციის ტიპი ცალკე მდგომი, საყინულის მდებარეობა ქვედა, მართვის ტიპი ელექტრონული, კლიმატის კლასი N/ST/T.",,meta description: შაბლონური/გაბმული სიტყვები,არა
468,S69935,https://superi.ge/toshiba-gr-rb449we-pmj-06/,macivrebi,მაცივარი TOSHIBA GR-RB449WE-PMJ(06),,მაცივარი TOSHIBA GR-RB449WE-PMJ(06),,"მაცივარი TOSHIBA GR-RB449WE-PMJ(06) — საერთო მოცულობა 320 ლ, მოცულობა 104 ლ და ელექტრონული მართვა. ფასი და ხელმისაწვდომობა იხილეთ Superi.ge-ზე.","მაცივარი TOSHIBA GR-RB449WE-PMJ(06): მართვის ტიპი ელექტრონული, საერთო მოცულობა 320 ლ, მაცივრის კამერის სასარგებლო მოცულობა 216 ლ.",,meta description: შაბლონური/გაბმული სიტყვები,არა
535,214043,https://superi.ge/toshiba-gr-rf532we-pmj-06/,macivrebi,მაცივარი TOSHIBA GR-RF532WE-PMJ (06),,მაცივარი TOSHIBA GR-RF532WE-PMJ (06),,"მაცივარი TOSHIBA GR-RF532WE-PMJ (06) — საერთო მოცულობა 500 ლ, მოცულობა 165 ლ და ელექტრონული მართვა. ფასი და ხელმისაწვდომობა იხილეთ Superi.ge-ზე.","მაცივარი TOSHIBA GR-RF532WE-PMJ (06): მართვის ტიპი ელექტრონული, საერთო მოცულობა 500 ლ, მაცივრის კამერის სასარგებლო მოცულობა 335 ლ.",,meta description: შაბლონური/გაბმული სიტყვები,არა
510,S87573,https://superi.ge/toshiba-gr-rt559we-pmj-06/,macivrebi,მაცივარი TOSHIBA GR-RT559WE-PMJ(06),,მაცივარი TOSHIBA GR-RT559WE-PMJ(06),,"მაცივარი TOSHIBA GR-RT559WE-PMJ(06) — საერთო მოცულობა 411 ლ, ინვერტორული ძრავა და ელექტრონული მართვა. ფასი და ხელმისაწვდომობა იხილეთ Superi.ge-ზე.","მაცივარი TOSHIBA GR-RT559WE-PMJ(06): მართვის ტიპი ელექტრონული, ძრავის ტიპი ინვერტორული, საერთო მოცულობა 411 ლ, მაცივრის კამერის სასარგებლო მოცულობა 304 ლ.",,meta description: შაბლონური/გაბმული სიტყვები,არა
618,181181,https://superi.ge/vestel-rm-400tfzm-bg/,macivrebi,მაცივარი VESTEL RM 400TFZM (BG),,მაცივარი VESTEL RM 400TFZM (BG),,"მაცივარი VESTEL RM 400TFZM (BG) — საერთო მოცულობა 275 ლ და მოცულობა 191 ლ. დეტალური მახასიათებლები, ფასი და ხელმისაწვდომობა იხილეთ Superi.ge-ზე.","მაცივარი VESTEL RM 400TFZM (BG): მართვა მექანიკური, საერთო მოცულობა 275 ლ, მაცივრის კამერის მოცულობა 191 ლ, საყინულე კამერის მოცულობა 59 ლ.",,meta description: შაბლონური/გაბმული სიტყვები,არა
476,202158,https://superi.ge/vestel-rm700bf3el/,macivrebi,მაცივარი VESTEL RM700BF3EL,,მაცივარი VESTEL RM700BF3EL|Superi.ge,,"მაცივარი VESTEL RM700BF3EL — საერთო მოცულობა 510 ლ და მოცულობა 309 ლ. დეტალური მახასიათებლები, ფასი და ხელმისაწვდომობა იხილეთ Superi.ge-ზე.","მაცივარი VESTEL RM700BF3EL: საერთო სასარგებლო მოცულობა 510 ლ, მაცივრის სასარგებლო მოცულობა 309 ლ, საყინულე კამერის სასარგებლო მოცულობა 128 ლ.",,meta description: შაბლონური/გაბმული სიტყვები,არა
492,S43206,https://superi.ge/vestel-rn480-bfr3ei-bb/,macivrebi,მაცივარი VESTEL RN480 BFR3EI-BB,,მაცივარი VESTEL RN480 BFR3EI-BB | Superi.ge | ონლაინ მაღაზია,,ტიპი: ორკამერიანი ენერგოეფექტურობის კლასი: A + მაცივრის კამერის სასარგებლო მოცულობა: 208 ლ საყინულე კამერის სასარგებლო მოცულობა: 94 ლ გალღობის სისტემა: NO FROST (მშრალი ყინვა) ზომა: 190 x 60 x 62 სმ / ფერი ლურჯი,"მაცივარი VESTEL RN480 BFR3EI-BB: მართვის ტიპი მექანიკური, საერთო სასარგებლო მოცულობა 341 ლ, მაცივრის კამერის სასარგებლო მოცულობა 208 ლ.",,meta description: სპეციფიკაციების ჩამონათვალი,არა
165,203635,https://superi.ge/vestel-rs-390-silver/,macivrebi,მაცივარი VESTEL RS 390 SILVER,,მაცივარი VESTEL RS 390 SILVER|Superi.ge,,"მაცივარი VESTEL RS 390 SILVER — საერთო მოცულობა 270 ლ და მექანიკური მართვა. დეტალური მახასიათებლები, ფასი და ხელმისაწვდომობა იხილეთ Superi.ge-ზე.","მაცივარი VESTEL RS 390 SILVER: მართვის ტიპი მექანიკური, საერთო სასარგებლო მოცულობა 270 ლ, მაცივრის კამერის სასარგებლო მოცულობა 184 ლ.",,meta description: შაბლონური/გაბმული სიტყვები,არა
563,S80723,https://superi.ge/vestel-rs200lr3m-w/,macivrebi,მაცივარი VESTEL RS200LR3M-W,,მაცივარი VESTEL RS200LR3M-W|Superi.ge,,"მაცივარი VESTEL RS200LR3M-W — საერთო მოცულობა 84 ლ და მოცულობა 73 ლ. დეტალური მახასიათებლები, ფასი და ხელმისაწვდომობა იხილეთ Superi.ge-ზე.","მაცივარი VESTEL RS200LR3M-W: მართვის ტიპი მექანიკური, საერთო სასარგებლო მოცულობა 84 ლ, მაცივრის სასარგებლო მოცულობა 73 ლ.",,meta description: შაბლონური/გაბმული სიტყვები,არა
585,188952,https://superi.ge/vestel-rs455tf3m-w/,macivrebi,მაცივარი VESTEL RS455TF3M-W,,მაცივარი VESTEL RS455TF3M-W|Superi.ge,,"მაცივარი VESTEL RS455TF3M-W — საერთო მოცულობა 313 ლ და მექანიკური მართვა. დეტალური მახასიათებლები, ფასი და ხელმისაწვდომობა იხილეთ Superi.ge-ზე.","მაცივარი VESTEL RS455TF3M-W: მართვის ტიპი მექანიკური, გაყინვის ტიპი ნახევრად მშრალი, საერთო სასარგებლო მოცულობა 313 ლ, სამაცივრე 243 ლ.",,meta description: შაბლონური/გაბმული სიტყვები,არა
571,191285,https://superi.ge/vestel-sd220w/,macivrebi,მაცივარი VESTEL SD220W,,მაცივარი VESTEL SD220W|Superi.ge,,"მაცივარი VESTEL SD220W — საერთო მოცულობა 216 ლ, მოცულობა 171 ლ და მექანიკური მართვა. დეტალური მახასიათებლები, ფასი და ხელმისაწვდომობა იხილეთ Superi.ge-ზე.","მაცივარი VESTEL SD220W: მართვის ტიპი მექანიკური, საერთო სასარგებლო მოცულობა 216 ლ, მაცივრის სასარგებლო მოცულობა 171 ლ.",,meta description: შაბლონური/გაბმული სიტყვები,არა
648,215690,https://superi.ge/vestfrost-3664-dsw/,macivrebi,მაცივარი VESTFROST 3664 DSW,,მაცივარი VESTFROST 3664 DSW|Superi.ge,,ტიპი: ორკამერიანი მართვის ტიპი: ელექტრონული მაცივრის კამერის სასარგებლო მოცულობა: 231 ლ საყინულე კამერის სასარგებლო მოცულობა: 87 ლ ზომა (სიგანე/სიღრმე/სიმაღლე): 60 x 65 x 185 სმ ფერი: თეთრი,"მაცივარი VESTFROST 3664 DSW: მართვის ტიპი ელექტრონული / სენსორული, საერთო სასარგებლო მოცულობა 318 ლ, მაცივრის კამერის სასარგებლო მოცულობა 231 ლ.",,meta description: სპეციფიკაციების ჩამონათვალი,არა
645,132803,https://superi.ge/vestfrost-3664-rds/,macivrebi,მაცივარი VESTFROST 3664 RDS,,მაცივარი VESTFROST 3664 RDS|Superi.ge,,ტიპი: ორკამერიანი მართვის ტიპი: ელექტრონული / სენსორული მაცივრის კამერის სასარგებლო მოცულობა: 231 ლ საყინულე კამერის სასარგებლო მოცულობა: 87 ლ ზომა: 600 x 650 x 1850 მმ ფერი: წითელი,"მაცივარი VESTFROST 3664 RDS: მართვის ტიპი ელექტრონული / სენსორული, საერთო სასარგებლო მოცულობა 318 ლ, მაცივრის კამერის სასარგებლო მოცულობა 231 ლ.",,meta description: სპეციფიკაციების ჩამონათვალი,არა
644,215684,https://superi.ge/vestfrost-36654-dsgr/,macivrebi,მაცივარი VESTFROST 36654 DSGR,,მაცივარი VESTFROST 36654 DSGR|Superi.ge,,ტიპი: ორკამერიანი მართვის ტიპი: ელექტრონული მაცივრის კამერის სასარგებლო მოცულობა: 231 ლ საყინულე კამერის სასარგებლო მოცულობა: 87 ლ ზომა (სიგანე/სიღრმე/სიმაღლე): 600 x 650 x 1850 მმ ფერი: მუქი ნაცრისფერი,"მაცივარი VESTFROST 36654 DSGR: მართვის ტიპი ელექტრონული / სენსორული, საერთო სასარგებლო მოცულობა 318 ლ, მაცივრის კამერის სასარგებლო მოცულობა 231 ლ.",,meta description: სპეციფიკაციების ჩამონათვალი,არა
646,180663,https://superi.ge/vestfrost-gt-n3664mgks-a-ix/,macivrebi,მაცივარი VESTFROST GT/N3664MGKS(A+) IX,,მაცივარი VESTFROST GT/N3664MGKS(A+) IX,,"მაცივარი VESTFROST GT/N3664MGKS(A+) IX — საერთო მოცულობა 318ლ და მექანიკური მართვა. დეტალური მახასიათებლები, ფასი და ხელმისაწვდომობა იხილეთ Superi.ge-ზე.","მაცივარი VESTFROST GT/N3664MGKS(A+) IX: მართვის ტიპი მექანიკური, საერთო სასარგებლო მოცულობა 318ლ, მაცივრის კამერის სასარგებლო მოცულობა 231ლ.",,meta description: შაბლონური/გაბმული სიტყვები,არა
651,215699,https://superi.ge/vestfrost-tm343w/,macivrebi,მაცივარი VESTFROST TM343W,,მაცივარი VESTFROST TM343W|Superi.ge,,"მაცივარი VESTFROST TM343W — საერთო მოცულობა 310 ლ და მექანიკური მართვა. დეტალური მახასიათებლები, ფასი და ხელმისაწვდომობა იხილეთ Superi.ge-ზე.","მაცივარი VESTFROST TM343W: მართვის ტიპი მექანიკური, საერთო სასარგებლო მოცულობა 310 ლ, მაცივრის კამერის სასარგებლო მოცულობა 239 ლ.",,meta description: შაბლონური/გაბმული სიტყვები,არა
1445,226452,https://superi.ge/vox-kg-2500-bf/,macivrebi,მაცივარი VOX KG 2500 BF,,მაცივარი VOX KG 2500 BF|Superi.ge,,მაცივარი VOX KG 2500 BF — საერთო მოცულობა 213 ლ და მაცივრის კამერის სასარგებლო მოცულობა 171 ლ. ფასი და ხელმისაწვდომობა იხილეთ Superi.ge-ზე.,"მაცივარი VOX KG 2500 BF: საერთო სასარგებლო მოცულობა 213 ლ, მაცივრის კამერის სასარგებლო მოცულობა 171 ლ, საყინულე კამერის სასარგებლო მოცულობა 42 ლ.",,meta description: შაბლონური/გაბმული სიტყვები,არა
1429,226459,https://superi.ge/vox-kg-3330-f/,macivrebi,მაცივარი VOX KG 3330 F,,მაცივარი VOX KG 3330 F|Superi.ge,,მაცივარი VOX KG 3330 F — საერთო მოცულობა 312 ლ და მაცივრის კამერის სასარგებლო მოცულობა 242 ლ. ფასი და ხელმისაწვდომობა იხილეთ Superi.ge-ზე.,"მაცივარი VOX KG 3330 F: საერთო სასარგებლო მოცულობა 312 ლ, მაცივრის კამერის სასარგებლო მოცულობა 242 ლ, საყინულე კამერის სასარგებლო მოცულობა 70 ლ.",,meta description: შაბლონური/გაბმული სიტყვები,არა
1428,WE0000003520,https://superi.ge/vox-kk-3600-f/,macivrebi,მაცივარი VOX KK 3600 F,,მაცივარი VOX KK 3600 F|Superi.ge,,მაცივარი VOX KK 3600 F — საერთო მოცულობა 341 ლ და მაცივრის კამერის სასარგებლო მოცულობა 234 ლ. ფასი და ხელმისაწვდომობა იხილეთ Superi.ge-ზე.,"მაცივარი VOX KK 3600 F: საერთო სასარგებლო მოცულობა 341 ლ, მაცივრის კამერის სასარგებლო მოცულობა 234 ლ, საყინულე კამერის სასარგებლო მოცულობა 107 ლ.",,meta description: შაბლონური/გაბმული სიტყვები,არა
1444,SA0000008297,https://superi.ge/vox-kk-3600-sf/,macivrebi,მაცივარი VOX KK 3600 SF,,მაცივარი VOX KK 3600 SF | Superi.ge | ონლაინ მაღაზია,,ტიპი: ორკამერიანი საერთო სასარგებლო მოცულობა: 341 ლ გაგრილების სისტემა: სტატიკური ხმაურის დონე: 39 dB ზომა: 1860 x 650 x 595 მმ ფერი: ვერცხლისფერი,"მაცივარი VOX KK 3600 SF: საერთო სასარგებლო მოცულობა 341 ლ, მაცივრის კამერის სასარგებლო მოცულობა 234 ლ, საყინულე კამერის სასარგებლო მოცულობა 107 ლ.",,meta description: სპეციფიკაციების ჩამონათვალი,არა
1418,226471,https://superi.ge/vox-ks-1200-f/,macivrebi,მაცივარი VOX KS 1200 F,,მაცივარი VOX KS 1200 F|Superi.ge,,"მაცივარი VOX KS 1200 F — მაცივრის კამერის სასარგებლო მოცულობა 90 ლ. დეტალური მახასიათებლები, ფასი და ხელმისაწვდომობა იხილეთ Superi.ge-ზე.","მაცივარი VOX KS 1200 F: მაცივრის კამერის სასარგებლო მოცულობა 90 ლ, წლიური ენერგიის მოხმარება 107 კვტ.სთ, ენერგოეფექტურობის კლასი F, კლიმატის კლასი T / SN.",,meta description: შაბლონური/გაბმული სიტყვები,არა
483,219654,https://superi.ge/vox-nf-3733-af/,macivrebi,მაცივარი VOX NF 3733 AF,,მაცივარი VOX NF 3733 AF | Superi.ge,,ტიპი: ორკამერიანი საერთო სასარგებლო მოცულობა: 331 ლ​ გაგრილების სისტემა: No Frost ხმაურის დონე: 41 dB ზომა: 595 x 1860 x 650 მმ ფერი: შავი,"მაცივარი VOX NF 3733 AF: საერთო სასარგებლო მოცულობა 331 ლ, მაცივრის კამერის სასარგებლო მოცულობა 230 ლ, საყინულე კამერის სასარგებლო მოცულობა 101 ლ.",,meta description: სპეციფიკაციების ჩამონათვალი,არა
1433,219035,https://superi.ge/vox-nf-3735-ixf/,macivrebi,მაცივარი VOX NF 3735 IXF,,მაცივარი VOX NF 3735 IXF|Superi.ge,,მაცივარი VOX NF 3735 IXF — საერთო მოცულობა 331 ლ და მაცივრის კამერის სასარგებლო მოცულობა 230 ლ. ფასი და ხელმისაწვდომობა იხილეთ Superi.ge-ზე.,"მაცივარი VOX NF 3735 IXF: საერთო სასარგებლო მოცულობა 331 ლ, მაცივრის კამერის სასარგებლო მოცულობა 230 ლ, საყინულე კამერის სასარგებლო მოცულობა 101 ლ.",,meta description: შაბლონური/გაბმული სიტყვები,არა
1435,WE0000003518,https://superi.ge/vox-nf-3830-ixf/,macivrebi,მაცივარი VOX NF 3830 IXF,,მაცივარი VOX NF 3830 IXF|Superi.ge,,მაცივარი VOX NF 3830 IXF — საერთო მოცულობა 363 ლ და მაცივრის კამერის სასარგებლო მოცულობა 266 ლ. ფასი და ხელმისაწვდომობა იხილეთ Superi.ge-ზე.,"მაცივარი VOX NF 3830 IXF: საერთო სასარგებლო მოცულობა 363 ლ, მაცივრის კამერის სასარგებლო მოცულობა 266 ლ, საყინულე კამერის სასარგებლო მოცულობა 101 ლ.",,meta description: შაბლონური/გაბმული სიტყვები,არა
998,210183,https://superi.ge/vox-nf-3833-af/,macivrebi,მაცივარი VOX NF 3833 AF,,მაცივარი VOX NF 3833 AF | Superi.ge,,"ტიპი: ორკამერიანი მაცივრის კამერის სასარგებლო მოცულობა: 266 ლ საყინულე კამერის სასარგებლო მოცულობა: 101 ლ გაგრილების სისტემა: No Frost ენერგოეფექტურობის კლასი: A+ ზომა: 2010 x 595 x 650 მმ / ფერი: ნაცრისფერი, ანტრაციტი","მაცივარი VOX NF 3833 AF: საერთო სასარგებლო მოცულობა 367 ლ, მაცივრის კამერის სასარგებლო მოცულობა 266 ლ, საყინულე კამერის სასარგებლო მოცულობა 101 ლ.",,meta description: სპეციფიკაციების ჩამონათვალი,არა
2836,I90043,https://superi.ge/la-sommeliere-cigar-cellar-cig251/,macivrebi,სიგარას მაცივარი La Sommelière Cigar Cellar CIG251,,სიგარას მაცივარი La Sommelière Cigar Cellar CIG251,,"სიგარას მაცივარი La Sommelière Cigar Cellar CIG251 — ტევადობა 250 Cigars. დეტალური მახასიათებლები, ფასი და ხელმისაწვდომობა იხილეთ Superi.ge-ზე.","სიგარას მაცივარი La Sommelière Cigar Cellar CIG251: მაცივრის სტილი Cigar Cellar, ენერგო ეფექტურობის კლასი F, ხმაურის დონე 39 db, თაროების რაოდენობა 3.",,meta description: შაბლონური/გაბმული სიტყვები,არა
13714,S36684,https://superi.ge/zilan-zln4681/,macivrebi,ღვინის მაცივარი ZILAN ZLN4681,,ღვინის მაცივარი ZILAN ZLN4681 | Superi.ge,,"ღვინის მაცივარი ZILAN ZLN4681 — მართვის ტიპი ციფრული სენსორული ღილაკებით. დეტალური მახასიათებლები, ფასი და ხელმისაწვდომობა იხილეთ Superi.ge-ზე.","ღვინის მაცივარი ZILAN ZLN4681: მართვის ტიპი ციფრული, სენსორული ღილაკებით, გაგრილების ტიპი თერმოელექტრული, ენერგოეფექტურობის კლასი A, საერთო მოცულობა 33 ლ.",,meta description: შაბლონური/გაბმული სიტყვები,არა
5090,S75614,https://superi.ge/bosch-kbn96add0/,macivrebi,ჩასაშენებელი მაცივარი BOSCH KBN96ADD0,,ჩასაშენებელი მაცივარი BOSCH KBN96ADD0 | Superi.ge,,"ჩასაშენებელი მაცივარი BOSCH KBN96ADD0 — საერთო მოცულობა 382 ლ და ელექტრონული მართვა. დეტალური მახასიათებლები, ფასი და ხელმისაწვდომობა იხილეთ Superi.ge-ზე.","ჩასაშენებელი მაცივარი BOSCH KBN96ADD0: მართვის ტიპი ელექტრონული, საერთო სასარგებლო მოცულობა 382 ლ, მაცივრის კამერის სასარგებლო მოცულობა 284 ლ.",,meta description: შაბლონური/გაბმული სიტყვები,არა
3150,I85769,https://superi.ge/bosch-kis87af30u/,macivrebi,ჩასაშენებელი მაცივარი BOSCH KIS87AF30U,,ჩასაშენებელი მაცივარი BOSCH KIS87AF30U,,"ჩასაშენებელი მაცივარი BOSCH KIS87AF30U — საერთო მოცულობა 270 ლ, საერთო მოცულობა 276 ლ და მოცულობა 64 ლ. ფასი და ხელმისაწვდომობა იხილეთ Superi.ge-ზე.","ჩასაშენებელი მაცივარი BOSCH KIS87AF30U: საერთო სასარგებლო მოცულობა 270 ლ, საერთო მოცულობა 276 ლ, მაცივრის კამერის სასარგებლო მოცულობა 212 ლ.",,meta description: შაბლონური/გაბმული სიტყვები,არა
4018,ENP7TD75S,https://superi.ge/electrolux-enp7td75s/,macivrebi,ჩასაშენებელი მაცივარი ELECTROLUX ENP7TD75S,,ჩასაშენებელი მაცივარი ELECTROLUX ENP7TD75S | Superi.ge,,"ჩასაშენებელი მაცივარი ELECTROLUX ENP7TD75S — საერთო მოცულობა 376 ლ. დეტალური მახასიათებლები, ფასი და ხელმისაწვდომობა იხილეთ Superi.ge-ზე.","ჩასაშენებელი მაცივარი ELECTROLUX ENP7TD75S: ძრავის ტიპი ინვერტორული, მართვის ტიპი ელექტრონული, საერთო სასარგებლო მოცულობა 376 ლ.",,meta description: შაბლონური/გაბმული სიტყვები,არა
4023,275588,https://superi.ge/hisense-rs-16drq/,macivrebi,ჩასაშენებელი მაცივარი HISENSE RS-16DRQ,,ჩასაშენებელი მაცივარი HISENSE RS-16DRQ | Superi.ge,,"ჩასაშენებელი მაცივარი HISENSE RS-16DRQ — საერთო მოცულობა 121 ლ და ელექტრონული მართვა. დეტალური მახასიათებლები, ფასი და ხელმისაწვდომობა იხილეთ Superi.ge-ზე.","ჩასაშენებელი მაცივარი HISENSE RS-16DRQ: მართვის ტიპი ელექტრონული, საერთო სასარგებლო მოცულობა 121 ლ, საყინულე კამერის განლაგება შიდა.",,meta description: შაბლონური/გაბმული სიტყვები,არა
3784,S32938,https://superi.ge/aldridge-terry-fabric-dark-green-uk-green-53x54x75/,magida-da-skamebi,სკამი aldridge terry fabric dark green uk green 53x54x75 სმ,,სამზარეულოს სკამი aldridge-terry,,"შეიძინეთ სკამი aldridge terry fabric dark green uk green 53x54x75 სმ — დეტალური მახასიათებლები, ფასი და ხელმისაწვდომობა იხილეთ Superi.ge-ზე.","სკამი aldridge terry fabric dark green uk green 53x54x75 სმ: ზომა 53x54x75 სმ, ფეხის ფერი ხის, საფარი მწვანე ქსოვილი 100% პოლიესტერი.",,meta description: შაბლონური/გაბმული სიტყვები,არა
15109,S47006,https://superi.ge/apple-mk2e3-magic-mouse-2021-silver/,mausebi,Apple MK2E3 Magic Mouse 2021 Silver,მაუსი Apple MK2E3 Magic Mouse 2021 Silver,Apple MK2E3 Magic Mouse 2021 Silver | Superi.ge,მაუსი Apple MK2E3 Magic Mouse 2021 Silver | Superi.ge,Apple MK2E3 Magic Mouse 2021 ვერცხლისფერი Bluetooth მაუსი 1300 DPI სენსორით.,,,ქართული ტიპი დაემატა,არა
15133,S97891,https://superi.ge/apple-magic-mouse-usb-c-black-multi-touch-surface-mxk63-black/,mausebi,Apple Magic Mouse USB-c Black Multi-Touch Surface MXK63 Black,მაუსი Apple Magic Mouse USB-c Black Multi-Touch Surface MXK63 Black,Apple Magic Mouse USB-c Black Multi-Touch Surface MXK63 Black | Superi.ge,მაუსი Apple Magic Mouse USB-c Black Multi-Touch Surface MXK63,Apple Magic Mouse USB-c Multi-Touch Surface MXK63 შავი Bluetooth მაუსი 1300 DPI სენსორით.,,,ქართული ტიპი დაემატა,არა
15134,S56414,https://superi.ge/asus-md101-wireless-mouse-white/,mausebi,Asus MD101 Wireless Mouse White,უსადენო მაუსი Asus MD101 White,Asus MD101 Wireless Mouse White | Superi.ge,უსადენო მაუსი Asus MD101 White | Superi.ge,"Asus MD101 Wireless Mouse White — სენსორის გარჩევადობა 2400 DPI, კავშირი Wireless, Bluetooth, Bluetooth მაუსი, უკაბელო. ✓ ნაწილ-ნაწილ გადახდა ✓ მიწოდება",,,ქართული ტიპი დაემატა,არა
15126,S62278,https://superi.ge/asus-md200-wireless-mouse-black/,mausebi,Asus MD200 Wireless Mouse Black,უსადენო მაუსი Asus MD200 Black,Asus MD200 Wireless Mouse Black | Superi.ge,უსადენო მაუსი Asus MD200 Black | Superi.ge,"Asus MD200 Wireless Mouse Black — სენსორის გარჩევადობა 4200 DPI-მდე, კავშირი Wireless, Bluetooth, Bluetooth მაუსი, უკაბელო. ✓ ნაწილ-ნაწილ გადახდა ✓ მიწოდება",,,ქართული ტიპი დაემატა,არა
15125,S52118,https://superi.ge/asus-md200-wireless-mouse-green/,mausebi,Asus MD200 Wireless Mouse Green,უსადენო მაუსი Asus MD200 Green,Asus MD200 Wireless Mouse Green | Superi.ge,უსადენო მაუსი Asus MD200 Green | Superi.ge,"Asus MD200 Wireless Mouse Green — სენსორის გარჩევადობა 4200 DPI-მდე, კავშირი Wireless, Bluetooth, Bluetooth მაუსი, უკაბელო. ✓ ნაწილ-ნაწილ გადახდა ✓ მიწოდება",,,ქართული ტიპი დაემატა,არა
15113,S73845,https://superi.ge/asus-marshmallow-mouse-md100-blue/,mausebi,Asus Marshmallow Mouse MD100 Blue,მაუსი Asus Marshmallow Mouse MD100 Blue,Asus Marshmallow Mouse MD100 Blue | Superi.ge,მაუსი Asus Marshmallow Mouse MD100 Blue | Superi.ge,Asus Marshmallow MD100 ლურჯი უსადენო მაუსი 2.4 GHz მიმღებითა და 1600 DPI სენსორით.,,,ქართული ტიპი დაემატა,არა
15087,S15451,https://superi.ge/gaming-mouse-xtrike-me-gw-322-black/,mausebi,Gaming Mouse Xtrike Me GW-322 Black,გეიმინგ მაუსი Xtrike Me GW-322 Black,Gaming Mouse Xtrike Me GW-322 Black | Superi.ge,გეიმინგ მაუსი Xtrike Me GW-322 Black | Superi.ge,"Xtrike Me GW-322 შავი გეიმინგ მაუსი სადენიანი კავშირით, 7200 DPI სენსორითა და 6 ღილაკით.",,,ქართული ტიპი დაემატა,არა
15145,S79802,https://superi.ge/gravastar-gaming-mouse-mercury-x-pro-wireless-8k-dongle-galaxy-black/,mausebi,GravaStar Gaming Mouse Mercury X Pro Wireless 8K Dongle Galaxy Black,გეიმინგ მაუსი GravaStar Mercury X Pro Wireless 8K Dongle Galaxy Black,GravaStar Gaming Mouse Mercury X Pro Wireless 8K Dongle Galaxy Black | Superi.ge,გეიმინგ მაუსი GravaStar Mercury X Pro Wireless 8K Dongle,GravaStar Mercury X Pro 8K Dongle Galaxy შავი გეიმინგ მაუსი 2.4 GHz და Bluetooth კავშირითა და 32000 DPI სენსორით.,,,ქართული ტიპი დაემატა,არა
15131,S25006,https://superi.ge/hp-slim-wireless-mouse-230-aj7c2aa-black/,mausebi,HP Slim Wireless Mouse 230 AJ7C2AA Black,უსადენო მაუსი HP Slim 230 AJ7C2AA Black,HP Slim Wireless Mouse 230 AJ7C2AA Black | Superi.ge,უსადენო მაუსი HP Slim 230 AJ7C2AA Black | Superi.ge,HP Slim 230 AJ7C2AA შავი უსადენო მაუსი 2.4 GHz მიმღებითა და 1600 DPI სენსორით.,,,ქართული ტიპი დაემატა,არა
15110,S29254,https://superi.ge/hp-wired-mouse-100-6vy96aa-black/,mausebi,HP Wired Mouse 100 6VY96AA Black,მაუსი HP Wired Mouse 100 6VY96AA Black,HP Wired Mouse 100 6VY96AA Black | Superi.ge,მაუსი HP Wired Mouse 100 6VY96AA Black | Superi.ge,"HP Wired Mouse 100 6VY96AA Black — სენსორის გარჩევადობა 1600 DPI-მდე, კავშირი ელექტრო ქსელი, სადენიანი მაუსი, ზომა 116.6 × 6.43 × 3.72 მმ. ✓ ნაწილ-ნაწილ გადახდა",,,ქართული ტიპი დაემატა,არა
15111,S34232,https://superi.ge/hp-wireless-mouse-150-2s9l1aa-black/,mausebi,HP Wireless Mouse 150 2S9L1AA Black,უსადენო მაუსი HP 150 2S9L1AA Black,HP Wireless Mouse 150 2S9L1AA Black | Superi.ge,უსადენო მაუსი HP 150 2S9L1AA Black | Superi.ge,HP 150 2S9L1AA შავი უსადენო მაუსი 2.4 GHz მიმღებითა და 1600 DPI სენსორით.,,,ქართული ტიპი დაემატა,არა
15146,S39523,https://superi.ge/havit-gaming-mouse-combo-ms1037cm-white-black/,mausebi,Havit Gaming Mouse Combo MS1037CM White/Black,გეიმინგ მაუსი Havit Combo MS1037CM White/Black,Havit Gaming Mouse Combo MS1037CM White/Black | Superi.ge,გეიმინგ მაუსი Havit Combo MS1037CM White/Black | Superi.ge,Havit Combo MS1037CM თეთრი გეიმინგ მაუსი სადენიანი კავშირითა და 7200 DPI სენსორით.,,,ქართული ტიპი დაემატა,არა
15119,S64177,https://superi.ge/havit-gaming-mouse-hv-ms626gt-black-red/,mausebi,Havit Gaming Mouse HV-MS626GT Black/Red,გეიმინგ მაუსი Havit HV-MS626GT Black/Red,Havit Gaming Mouse HV-MS626GT Black/Red | Superi.ge,გეიმინგ მაუსი Havit HV-MS626GT Black/Red | Superi.ge,Havit HV-MS626GT შავი გეიმინგ მაუსი 2.4 GHz უსადენო კავშირითა და 1200 DPI სენსორით.,,,ქართული ტიპი დაემატა,არა
15137,S86959,https://superi.ge/havit-gaming-mouse-hv-ms72-black/,mausebi,Havit Gaming Mouse HV-MS72 Black,გეიმინგ მაუსი Havit HV-MS72 Black,Havit Gaming Mouse HV-MS72 Black | Superi.ge,გეიმინგ მაუსი Havit HV-MS72 Black | Superi.ge,Havit HV-MS72 შავი გეიმინგ მაუსი სადენიანი კავშირითა და 1200 DPI სენსორით.,,,ქართული ტიპი დაემატა,არა
15143,S72054,https://superi.ge/havit-gaming-mouse-hv-ms966-black-green/,mausebi,Havit Gaming Mouse HV-MS966 Black/Green,გეიმინგ მაუსი Havit HV-MS966 Black/Green,Havit Gaming Mouse HV-MS966 Black/Green | Superi.ge,გეიმინგ მაუსი Havit HV-MS966 Black/Green | Superi.ge,Havit HV-MS966 შავი გეიმინგ მაუსი სადენიანი კავშირითა და 12000 DPI სენსორით.,,,ქართული ტიპი დაემატა,არა
15140,S86827,https://superi.ge/hyperx-gaming-mouse-pulsefire-haste-2-black/,mausebi,HyperX Gaming Mouse Pulsefire Haste 2 Black,გეიმინგ მაუსი HyperX Pulsefire Haste 2 Black,HyperX Gaming Mouse Pulsefire Haste 2 Black | Superi.ge,გეიმინგ მაუსი HyperX Pulsefire Haste 2 Black | Superi.ge,HyperX Pulsefire Haste 2 შავი გეიმინგ მაუსი სადენიანი კავშირითა და 26000 DPI სენსორით.,,,ქართული ტიპი დაემატა,არა
15051,S43179,https://superi.ge/hyperx-pulsefire-core-gaming-mouse-black/,mausebi,HyperX Pulsefire Core Gaming Mouse Black,გეიმინგ მაუსი HyperX Pulsefire Core Black,HyperX Pulsefire Core Gaming Mouse Black | Superi.ge,გეიმინგ მაუსი HyperX Pulsefire Core Black | Superi.ge,"HyperX Pulsefire Core შავი გეიმინგ მაუსი სადენიანი კავშირით, 6200 DPI სენსორით, 7 ღილაკითა და განათებით.",,,ქართული ტიპი დაემატა,არა
15142,S79290,https://superi.ge/hyperx-pulsefire-haste-2-core-wireless-black/,mausebi,HyperX Pulsefire Haste 2 core Wireless Black,უსადენო მაუსი HyperX Pulsefire Haste 2 core Wireless Black,HyperX Pulsefire Haste 2 core Wireless Black | Superi.ge,უსადენო მაუსი HyperX Pulsefire Haste 2 core Wireless Black,HyperX Pulsefire Haste 2 core შავი გეიმინგ მაუსი 2.4 GHz უსადენო კავშირითა და 12000 DPI სენსორით.,,,ქართული ტიპი დაემატა,არა
15052,S76512,https://superi.ge/lenovo-150-wireless-mouse/,mausebi,Lenovo 150 Wireless Mouse,უსადენო მაუსი Lenovo 150,Lenovo 150 Wireless Mouse | Superi.ge,უსადენო მაუსი Lenovo 150 | Superi.ge,"Lenovo 150 შავი უსადენო მაუსი 2.4 GHz მიმღებით, 1000 DPI სენსორითა და 3 ღილაკით.",,,ქართული ტიპი დაემატა,არა
15053,S75180,https://superi.ge/lenovo-300-wired-black/,mausebi,Lenovo 300 Wired Black,მაუსი Lenovo 300 Wired Black,Lenovo 300 Wired Black | Superi.ge,მაუსი Lenovo 300 Wired Black | Superi.ge,"Lenovo 300 Wired Black — სენსორის გარჩევადობა 1000 DPI, სენსორის ტიპი ოპტიკური, კავშირის ტიპი USB, სადენიანი მაუსი. ✓ ნაწილ-ნაწილ გადახდა ✓ მიწოდება",,,ქართული ტიპი დაემატა,არა
15058,S18885,https://superi.ge/lenovo-300-wireless-gy51l15677-cloud-grey/,mausebi,Lenovo 300 Wireless (GY51L15677) - Cloud Grey,უსადენო მაუსი Lenovo 300 Wireless (GY51L15677) - Cloud Grey,Lenovo 300 Wireless (GY51L15677) - Cloud Grey | Superi.ge,უსადენო მაუსი Lenovo 300 Wireless (GY51L15677) | Superi.ge,"Lenovo 300 (GY51L15677) ნაცრისფერი უსადენო მაუსი 2.4 GHz მიმღებით, 1000 DPI სენსორითა და 3 ღილაკით.",,,ქართული ტიპი დაემატა,არა
15059,S98930,https://superi.ge/lenovo-300-wireless-gy51l15678-arctic-grey/,mausebi,Lenovo 300 Wireless (GY51L15678) - Arctic Grey,უსადენო მაუსი Lenovo 300 Wireless (GY51L15678) - Arctic Grey,Lenovo 300 Wireless (GY51L15678) - Arctic Grey | Superi.ge,უსადენო მაუსი Lenovo 300 Wireless (GY51L15678) | Superi.ge,"Lenovo 300 (GY51L15678) ნაცრისფერი უსადენო მაუსი 2.4 GHz მიმღებით, 1000 DPI სენსორითა და 3 ღილაკით.",,,ქართული ტიპი დაემატა,არა
15112,S44353,https://superi.ge/lenovo-300-wireless-compact-mouse-frost-blue/,mausebi,Lenovo 300 Wireless Compact Mouse Frost Blue,უსადენო მაუსი Lenovo 300 Wireless Compact Mouse Frost Blue,Lenovo 300 Wireless Compact Mouse Frost Blue | Superi.ge,უსადენო მაუსი Lenovo 300 Wireless Compact Mouse Frost Blue,Lenovo 300 ლურჯი უსადენო მაუსი 2.4 GHz მიმღებითა და 1000 DPI სენსორით.,,,ქართული ტიპი დაემატა,არა
15054,S48451,https://superi.ge/lenovo-400-usb-c-wireless-compact-mouse/,mausebi,Lenovo 400 USB-C Wireless Compact Mouse,უსადენო მაუსი Lenovo 400 USB-C Wireless Compact Mouse,Lenovo 400 USB-C Wireless Compact Mouse | Superi.ge,უსადენო მაუსი Lenovo 400 USB-C Wireless Compact Mouse | Superi.ge,Lenovo 400 USB-C შავი Bluetooth მაუსი 2400 DPI სენსორითა და 4 ღილაკით.,,,ქართული ტიპი დაემატა,არა
15055,S99433,https://superi.ge/lenovo-540-usb-c-wired-compact-mouse-cloud-grey/,mausebi,Lenovo 540 USB-C Wired Compact Mouse - Cloud Grey,მაუსი Lenovo 540 USB-C Wired Compact Mouse - Cloud Grey,Lenovo 540 USB-C Wired Compact Mouse - Cloud Grey | Superi.ge,მაუსი Lenovo 540 USB-C Wired Compact Mouse | Superi.ge,Lenovo 540 USB-C ნაცრისფერი სადენიანი მაუსი 2400 DPI სენსორითა და 4 ღილაკით.,,,ქართული ტიპი დაემატა,არა
15127,S61889,https://superi.ge/lenovo-600-bluetooth-silent-mouse-gy50x88832-grey/,mausebi,Lenovo 600 Bluetooth Silent Mouse GY50X88832 Grey,უსადენო მაუსი Lenovo 600 Bluetooth Silent Mouse GY50X88832 Grey,Lenovo 600 Bluetooth Silent Mouse GY50X88832 Grey | Superi.ge,უსადენო მაუსი Lenovo 600 Bluetooth Silent Mouse GY50X88832 Grey,Lenovo 600 GY50X88832 ნაცრისფერი Bluetooth მაუსი 2400 DPI სენსორითა და ჩუმი ღილაკებით.,,,ქართული ტიპი დაემატა,არა
15056,S65539,https://superi.ge/lenovo-600-wireless-mouse-grey/,mausebi,Lenovo 600 Wireless Mouse - Grey,უსადენო მაუსი Lenovo 600 - Grey,Lenovo 600 Wireless Mouse - Grey | Superi.ge,უსადენო მაუსი Lenovo 600 - Grey | Superi.ge,"Lenovo 600 ნაცრისფერი უსადენო მაუსი 2.4 GHz და Bluetooth კავშირით, 2400 DPI სენსორითა და 3 ღილაკით.",,,ქართული ტიპი დაემატა,არა
15129,S42751,https://superi.ge/lenovo-go-usb-c-wireless-mouse-gy51c21210-storm-grey/,mausebi,Lenovo Go USB C Wireless Mouse GY51C21210 Storm Grey,უსადენო მაუსი Lenovo Go USB C GY51C21210 Storm Grey,Lenovo Go USB C Wireless Mouse GY51C21210 Storm Grey | Superi.ge,უსადენო მაუსი Lenovo Go USB C GY51C21210 Storm Grey | Superi.ge,Lenovo Go USB C GY51C21210 ნაცრისფერი უსადენო მაუსი 2.4 GHz მიმღებითა და 2400 DPI სენსორით.,,,ქართული ტიპი დაემატა,არა
15057,S28658,https://superi.ge/lenovo-go-usb-c-wireless-mouse-grey/,mausebi,Lenovo Go USB-C Wireless Mouse - Grey,უსადენო მაუსი Lenovo Go USB-C - Grey,Lenovo Go USB-C Wireless Mouse - Grey | Superi.ge,უსადენო მაუსი Lenovo Go USB-C - Grey | Superi.ge,"Lenovo Go USB-C ნაცრისფერი უსადენო მაუსი 2.4 GHz მიმღებით, 2400 DPI სენსორითა და 3 ღილაკით.",,,ქართული ტიპი დაემატა,არა
15060,S16666,https://superi.ge/lenovo-m210-rgb-gaming-mouse-black/,mausebi,Lenovo M210 RGB Gaming Mouse - Black,გეიმინგ მაუსი Lenovo M210 RGB - Black,Lenovo M210 RGB Gaming Mouse - Black | Superi.ge,გეიმინგ მაუსი Lenovo M210 RGB - Black | Superi.ge,"Lenovo M210 RGB შავი გეიმინგ მაუსი სადენიანი კავშირით, 8000 DPI სენსორით, 7 ღილაკითა და RGB განათებით.",,,ქართული ტიპი დაემატა,არა
15061,S86142,https://superi.ge/lenovo-professional-bluetooth-rechargeable-mouse/,mausebi,Lenovo Professional Bluetooth Rechargeable Mouse,უსადენო მაუსი Lenovo Professional Bluetooth Rechargeable Mouse,Lenovo Professional Bluetooth Rechargeable Mouse | Superi.ge,უსადენო მაუსი Lenovo Professional Bluetooth Rechargeable Mouse,Lenovo Professional ნაცრისფერი Bluetooth მაუსი 4000 DPI სენსორითა და 6 ღილაკით.,,,ქართული ტიპი დაემატა,არა
15067,S65838,https://superi.ge/lenovo-thinkpad-wireless-mouse-4x30m56887/,mausebi,Lenovo ThinkPad Wireless Mouse (4X30M56887),უსადენო მაუსი Lenovo ThinkPad (4X30M56887),Lenovo ThinkPad Wireless Mouse (4X30M56887) | Superi.ge,უსადენო მაუსი Lenovo ThinkPad (4X30M56887) | Superi.ge,"Lenovo ThinkPad (4X30M56887) უსადენო მაუსი 2.4 GHz მიმღებით, 1200 DPI სენსორითა და 3 ღილაკით.",,,ქართული ტიპი დაემატა,არა
15062,S44475,https://superi.ge/lenovo-wl310-bluetooth-silent-mouse/,mausebi,Lenovo WL310 Bluetooth Silent Mouse,უსადენო მაუსი Lenovo WL310 Bluetooth Silent Mouse,Lenovo WL310 Bluetooth Silent Mouse | Superi.ge,უსადენო მაუსი Lenovo WL310 Bluetooth Silent Mouse | Superi.ge,"Lenovo WL310 ნაცრისფერი Bluetooth მაუსი 1600 DPI სენსორით, 6 ღილაკითა და ჩუმი ღილაკებით.",,,ქართული ტიპი დაემატა,არა
15063,S71760,https://superi.ge/lenovo-yoga-bluetooth-silent-mouse-luna-grey/,mausebi,Lenovo Yoga Bluetooth Silent Mouse - Luna Grey,უსადენო მაუსი Lenovo Yoga Bluetooth Silent Mouse - Luna Grey,Lenovo Yoga Bluetooth Silent Mouse - Luna Grey | Superi.ge,უსადენო მაუსი Lenovo Yoga Bluetooth Silent Mouse | Superi.ge,"Lenovo Yoga ნაცრისფერი Bluetooth მაუსი 4000 DPI სენსორით, 6 ღილაკითა და ჩუმი ღილაკებით.",,,ქართული ტიპი დაემატა,არა
15064,S66393,https://superi.ge/lenovo-yoga-bluetooth-silent-mouse-tidal-teal/,mausebi,Lenovo Yoga Bluetooth Silent Mouse - Tidal Teal,უსადენო მაუსი Lenovo Yoga Bluetooth Silent Mouse - Tidal Teal,Lenovo Yoga Bluetooth Silent Mouse - Tidal Teal | Superi.ge,უსადენო მაუსი Lenovo Yoga Bluetooth Silent Mouse | Superi.ge,"Lenovo Yoga ფირუზისფერი Bluetooth მაუსი 4000 DPI სენსორით, 10 ღილაკითა და ჩუმი ღილაკებით.",,,ქართული ტიპი დაემატა,არა
15065,S77286,https://superi.ge/lenovo-yoga-pro-mouse-tidal-teal/,mausebi,Lenovo Yoga Pro Mouse - Tidal Teal,მაუსი Lenovo Yoga Pro Mouse - Tidal Teal,Lenovo Yoga Pro Mouse - Tidal Teal | Superi.ge,მაუსი Lenovo Yoga Pro Mouse - Tidal Teal | Superi.ge,Lenovo Yoga Pro ფირუზისფერი Bluetooth მაუსი 2400 DPI სენსორითა და 6 ღილაკით.,,,ქართული ტიპი დაემატა,არა
15105,S26535,https://superi.ge/logitech-full-size-mouse-m190-blue/,mausebi,Logitech Full-size mouse M190 Blue,მაუსი Logitech Full-size mouse M190 Blue,Logitech Full-size mouse M190 Blue | Superi.ge,მაუსი Logitech Full-size mouse M190 Blue | Superi.ge,Logitech Full-size M190 ლურჯი უსადენო მაუსი 2.4 GHz მიმღებითა და 1000 DPI სენსორით.,,,ქართული ტიპი დაემატა,არა
15073,S44341,https://superi.ge/logitech-g102-lightsync-910-005823-black/,mausebi,Logitech G102 LIGHTSYNC (910-005823) - Black,მაუსი Logitech G102 LIGHTSYNC (910-005823) - Black,Logitech G102 LIGHTSYNC (910-005823) - Black | Superi.ge,მაუსი Logitech G102 LIGHTSYNC (910-005823) - Black | Superi.ge,"Logitech G102 LIGHTSYNC (910-005823) შავი გეიმინგ მაუსი სადენიანი კავშირით, 8000 DPI სენსორითა და 6 ღილაკით.",,,ქართული ტიპი დაემატა,არა
15085,S28200,https://superi.ge/logitech-g203-lightsync-gaming-mouse-black/,mausebi,Logitech G203 LightSync Gaming Mouse - Black,გეიმინგ მაუსი Logitech G203 LightSync - Black,Logitech G203 LightSync Gaming Mouse - Black | Superi.ge,გეიმინგ მაუსი Logitech G203 LightSync - Black | Superi.ge,"Logitech G203 LightSync შავი გეიმინგ მაუსი სადენიანი კავშირით, 8000 DPI სენსორით, 6 ღილაკითა და განათებით.",,,ქართული ტიპი დაემატა,არა
15144,S10198,https://superi.ge/logitech-gaming-mouse-g-pro-x-superlight-2-lightspeed-wl-white/,mausebi,Logitech Gaming Mouse G PRO X SUPERLIGHT 2 LIGHTSPEED WL White,გეიმინგ მაუსი Logitech G PRO X SUPERLIGHT 2 LIGHTSPEED WL White,Logitech Gaming Mouse G PRO X SUPERLIGHT 2 LIGHTSPEED WL White | Superi.ge,გეიმინგ მაუსი Logitech G PRO X SUPERLIGHT 2 LIGHTSPEED WL White,Logitech G PRO X SUPERLIGHT 2 LIGHTSPEED WL თეთრი გეიმინგ მაუსი 2.4 GHz უსადენო კავშირითა და 32000 DPI სენსორით.,,,ქართული ტიპი დაემატა,არა
15128,S60573,https://superi.ge/logitech-m110-silent-mouse-grey/,mausebi,Logitech M110 Silent Mouse Grey,მაუსი Logitech M110 Silent Mouse Grey,Logitech M110 Silent Mouse Grey | Superi.ge,მაუსი Logitech M110 Silent Mouse Grey | Superi.ge,Logitech M110 ნაცრისფერი სადენიანი მაუსი 1000 DPI სენსორითა და ჩუმი ღილაკებით.,,,ქართული ტიპი დაემატა,არა
15075,S85712,https://superi.ge/logitech-m170-wireless-mouse-910-004642-grey/,mausebi,Logitech M170 Wireless Mouse (910-004642) - Grey,უსადენო მაუსი Logitech M170 (910-004642) - Grey,Logitech M170 Wireless Mouse (910-004642) - Grey | Superi.ge,უსადენო მაუსი Logitech M170 (910-004642) - Grey | Superi.ge,"Logitech M170 (910-004642) ნაცრისფერი უსადენო მაუსი 2.4 GHz მიმღებით, 1000 DPI სენსორითა და 3 ღილაკით.",,,ქართული ტიპი დაემატა,არა
15076,S63386,https://superi.ge/logitech-m171-wireless-mouse-910-004424-black/,mausebi,Logitech M171 Wireless Mouse (910-004424) - Black,უსადენო მაუსი Logitech M171 (910-004424) - Black,Logitech M171 Wireless Mouse (910-004424) - Black | Superi.ge,უსადენო მაუსი Logitech M171 (910-004424) - Black | Superi.ge,"Logitech M171 (910-004424) შავი უსადენო მაუსი 2.4 GHz მიმღებით, 1000 DPI სენსორითა და 3 ღილაკით.",,,ქართული ტიპი დაემატა,არა
15077,S21441,https://superi.ge/logitech-m171-wireless-mouse-910-004640-blue/,mausebi,Logitech M171 Wireless Mouse (910-004640) - Blue,უსადენო მაუსი Logitech M171 (910-004640) - Blue,Logitech M171 Wireless Mouse (910-004640) - Blue | Superi.ge,უსადენო მაუსი Logitech M171 (910-004640) - Blue | Superi.ge,"Logitech M171 (910-004640) ლურჯი უსადენო მაუსი 2.4 GHz მიმღებით, 1000 DPI სენსორითა და 3 ღილაკით.",,,ქართული ტიპი დაემატა,არა
15081,S13922,https://superi.ge/logitech-m171-wireless-mouse-l910-006867-off-white/,mausebi,Logitech M171 Wireless Mouse (L910-006867) - Off-White,უსადენო მაუსი Logitech M171 (L910-006867) - Off-White,Logitech M171 Wireless Mouse (L910-006867) - Off-White | Superi.ge,უსადენო მაუსი Logitech M171 (L910-006867) - Off-White | Superi.ge,"Logitech M171 (L910-006867) თეთრი უსადენო მაუსი 2.4 GHz მიმღებით, 1000 DPI სენსორითა და 3 ღილაკით.",,,ქართული ტიპი დაემატა,არა
15086,S79219,https://superi.ge/logitech-m171-wireless-red-black-910-004641/,mausebi,Logitech M171 Wireless Red/Black (910-004641),უსადენო მაუსი Logitech M171 Wireless Red/Black (910-004641),Logitech M171 Wireless Red/Black (910-004641) | Superi.ge,უსადენო მაუსი Logitech M171 Wireless Red/Black (910-004641),Logitech M171 (910-004641) წითელი უსადენო მაუსი 2.4 GHz მიმღებითა და 3 ღილაკით.,,,ქართული ტიპი დაემატა,არა
15079,S86297,https://superi.ge/logitech-m185-wireless-mouse-910-002238-gray/,mausebi,Logitech M185 Wireless Mouse (910-002238) - Gray,უსადენო მაუსი Logitech M185 (910-002238) - Gray,Logitech M185 Wireless Mouse (910-002238) - Gray | Superi.ge,უსადენო მაუსი Logitech M185 (910-002238) - Gray | Superi.ge,"Logitech M185 (910-002238) ნაცრისფერი უსადენო მაუსი 2.4 GHz მიმღებით, 1000 DPI სენსორითა და 3 ღილაკით.",,,ქართული ტიპი დაემატა,არა
15078,S35096,https://superi.ge/logitech-m185-wireless-mouse-910-002240-red/,mausebi,Logitech M185 Wireless Mouse (910-002240) - Red,უსადენო მაუსი Logitech M185 (910-002240) - Red,Logitech M185 Wireless Mouse (910-002240) - Red | Superi.ge,უსადენო მაუსი Logitech M185 (910-002240) - Red | Superi.ge,"Logitech M185 (910-002240) წითელი უსადენო მაუსი 2.4 GHz მიმღებით, 1000 DPI სენსორითა და 3 ღილაკით.",,,ქართული ტიპი დაემატა,არა
15068,S38138,https://superi.ge/logitech-m190-wireless-mouse-l910-005905/,mausebi,Logitech M190 Wireless Mouse (L910-005905),უსადენო მაუსი Logitech M190 (L910-005905),Logitech M190 Wireless Mouse (L910-005905) | Superi.ge,უსადენო მაუსი Logitech M190 (L910-005905) | Superi.ge,"Logitech M190 (L910-005905) ნაცრისფერი უსადენო მაუსი 2.4 GHz მიმღებით, 1000 DPI სენსორითა და 3 ღილაკით.",,,ქართული ტიპი დაემატა,არა
15069,S22149,https://superi.ge/logitech-m190-wireless-mouse-red/,mausebi,Logitech M190 Wireless Mouse - RED,უსადენო მაუსი Logitech M190 - RED,Logitech M190 Wireless Mouse - RED | Superi.ge,უსადენო მაუსი Logitech M190 - RED | Superi.ge,"Logitech M190 წითელი უსადენო მაუსი 2.4 GHz მიმღებით, 1000 DPI სენსორითა და 3 ღილაკით.",,,ქართული ტიპი დაემატა,არა
15070,S13103,https://superi.ge/logitech-m196-bluetooth-mouse-graphite/,mausebi,Logitech M196 Bluetooth Mouse - Graphite,უსადენო მაუსი Logitech M196 Bluetooth Mouse - Graphite,Logitech M196 Bluetooth Mouse - Graphite | Superi.ge,უსადენო მაუსი Logitech M196 Bluetooth Mouse | Superi.ge,Logitech M196 ნაცრისფერი Bluetooth მაუსი 1000 DPI სენსორითა და 3 ღილაკით.,,,ქართული ტიპი დაემატა,არა
15071,S84795,https://superi.ge/logitech-m196-bluetooth-mouse-white/,mausebi,Logitech M196 Bluetooth Mouse - White,უსადენო მაუსი Logitech M196 Bluetooth Mouse - White,Logitech M196 Bluetooth Mouse - White | Superi.ge,უსადენო მაუსი Logitech M196 Bluetooth Mouse - White | Superi.ge,"Logitech M196 Bluetooth Mouse - White — სენსორის გარჩევადობა 1000 DPI, სენსორის ტიპი ოპტიკური, კავშირის მანძილი 10 მ (33ft). ✓ ნაწილ-ნაწილ გადახდა ✓ მიწოდება",,,ქართული ტიპი დაემატა,არა
15080,S58884,https://superi.ge/logitech-m220-silent-charcoal-ofl/,mausebi,Logitech M220 Silent CHARCOAL OFL,მაუსი Logitech M220 Silent CHARCOAL OFL,Logitech M220 Silent CHARCOAL OFL | Superi.ge,მაუსი Logitech M220 Silent CHARCOAL OFL | Superi.ge,"Logitech M220 OFL ნაცრისფერი უსადენო მაუსი 2.4 GHz მიმღებით, 1000 DPI სენსორითა და ჩუმი ღილაკებით.",,,ქართული ტიპი დაემატა,არა
15115,S79758,https://superi.ge/logitech-m280-wireless-mouse-black/,mausebi,Logitech M280 Wireless Mouse Black,უსადენო მაუსი Logitech M280 Black,Logitech M280 Wireless Mouse Black | Superi.ge,უსადენო მაუსი Logitech M280 Black | Superi.ge,Logitech M280 შავი უსადენო მაუსი 2.4 GHz მიმღებითა და 1000 DPI სენსორით.,,,ქართული ტიპი დაემატა,არა
15114,S59516,https://superi.ge/logitech-m330-wireless-mouse-silent-plus-black/,mausebi,Logitech M330 Wireless Mouse Silent Plus Black,უსადენო მაუსი Logitech M330 Silent Plus Black,Logitech M330 Wireless Mouse Silent Plus Black | Superi.ge,უსადენო მაუსი Logitech M330 Silent Plus Black | Superi.ge,"Logitech M330 Plus შავი უსადენო მაუსი 2.4 GHz მიმღებით, 1000 DPI სენსორითა და ჩუმი ღილაკებით.",,,ქართული ტიპი დაემატა,არა
15116,S67473,https://superi.ge/logitech-m650l-signature-wireless-mouse-graphite/,mausebi,Logitech M650L Signature Wireless Mouse Graphite,უსადენო მაუსი Logitech M650L Signature Graphite,Logitech M650L Signature Wireless Mouse Graphite | Superi.ge,უსადენო მაუსი Logitech M650L Signature Graphite | Superi.ge,Logitech M650L Signature ნაცრისფერი Bluetooth მაუსი 4000 DPI სენსორით.,,,ქართული ტიპი დაემატა,არა
15074,S83792,https://superi.ge/logitech-m90-l910-001793-grey/,mausebi,Logitech M90 (L910-001793) - Grey,მაუსი Logitech M90 (L910-001793) - Grey,Logitech M90 (L910-001793) - Grey | Superi.ge,მაუსი Logitech M90 (L910-001793) - Grey | Superi.ge,Logitech M90 (L910-001793) ნაცრისფერი სადენიანი მაუსი 1000 DPI სენსორითა და 3 ღილაკით.,,,ქართული ტიპი დაემატა,არა
15132,S58089,https://superi.ge/logitech-mx-master-4-performance-wireless-mouse-l910-007562-graphite/,mausebi,Logitech MX Master 4 Performance Wireless Mouse L910-007562 Graphite,უსადენო მაუსი Logitech MX Master 4 Performance L910-007562 Graphite,Logitech MX Master 4 Performance Wireless Mouse L910-007562 Graphite | Superi.ge,უსადენო მაუსი Logitech MX Master 4 Performance L910-007562,Logitech MX Master 4 Performance L910-007562 ნაცრისფერი Bluetooth მაუსი 8000 DPI სენსორით.,,,ქართული ტიპი დაემატა,არა
15104,S29555,https://superi.ge/logitech-mouse-m90-grey/,mausebi,Logitech Mouse M90 Grey,მაუსი Logitech Mouse M90 Grey,Logitech Mouse M90 Grey | Superi.ge,მაუსი Logitech Mouse M90 Grey | Superi.ge,"Logitech Mouse M90 Grey — სენსორის გარჩევადობა 1000 DPI, კავშირი ელექტრო ქსელი, სადენიანი მაუსი, ზომა 113 × 62 × 38 მმ. ✓ ნაწილ-ნაწილ გადახდა ✓ მიწოდება",,,ქართული ტიპი დაემატა,არა
15082,S44342,https://superi.ge/logitech-pebble-mouse-2-m350s-tonal-graphite/,mausebi,Logitech Pebble Mouse 2 M350s - TONAL GRAPHITE,მაუსი Logitech Pebble Mouse 2 M350s - TONAL GRAPHITE,Logitech Pebble Mouse 2 M350s - TONAL GRAPHITE | Superi.ge,მაუსი Logitech Pebble Mouse 2 M350s - TONAL GRAPHITE | Superi.ge,"Logitech Pebble Mouse 2 M350s - TONAL GRAPHITE — სენსორის ტიპი ოპტიკური, კავშირის მანძილი 10 მ, Bluetooth მაუსი, სქროლის ბორბალი. ✓ ნაწილ-ნაწილ გადახდა",,,ქართული ტიპი დაემატა,არა
15083,S45895,https://superi.ge/logitech-pebble-mouse-2-m350s-tonal-rose/,mausebi,Logitech Pebble Mouse 2 M350s - TONAL ROSE,მაუსი Logitech Pebble Mouse 2 M350s - TONAL ROSE,Logitech Pebble Mouse 2 M350s - TONAL ROSE | Superi.ge,მაუსი Logitech Pebble Mouse 2 M350s - TONAL ROSE | Superi.ge,"Logitech Pebble Mouse 2 M350s ვარდისფერი Bluetooth მაუსი 4000 DPI სენსორით, 3 ღილაკითა და განათებით.",,,ქართული ტიპი დაემატა,არა
15084,S41575,https://superi.ge/logitech-pebble-mouse-2-m350s-tonal-white/,mausebi,Logitech Pebble Mouse 2 M350s - TONAL WHITE,მაუსი Logitech Pebble Mouse 2 M350s - TONAL WHITE,Logitech Pebble Mouse 2 M350s - TONAL WHITE | Superi.ge,მაუსი Logitech Pebble Mouse 2 M350s - TONAL WHITE | Superi.ge,"Logitech Pebble Mouse 2 M350s თეთრი Bluetooth მაუსი 4000 DPI სენსორით, 3 ღილაკითა და განათებით.",,,ქართული ტიპი დაემატა,არა
15072,S91815,https://superi.ge/logitech-signature-m650-l-bluetooth-mouse-graphite/,mausebi,Logitech Signature M650 L Bluetooth Mouse - Graphite,უსადენო მაუსი Logitech Signature M650 L Bluetooth Mouse - Graphite,Logitech Signature M650 L Bluetooth Mouse - Graphite | Superi.ge,უსადენო მაუსი Logitech Signature M650 L Bluetooth Mouse,Logitech Signature M650 L ნაცრისფერი Bluetooth მაუსი 4000 DPI სენსორითა და 5 ღილაკით.,,,ქართული ტიპი დაემატა,არა
15120,S82690,https://superi.ge/logitech-wireless-bt-mouse-mx-anywhere-3s-graphite/,mausebi,Logitech Wireless BT Mouse MX Anywhere 3S Graphite,უსადენო მაუსი Logitech Wireless BT Mouse MX Anywhere 3S Graphite,Logitech Wireless BT Mouse MX Anywhere 3S Graphite | Superi.ge,უსადენო მაუსი Logitech Wireless BT Mouse MX Anywhere 3S Graphite,Logitech BT MX Anywhere 3S ნაცრისფერი Bluetooth მაუსი 8000 DPI სენსორით.,,,ქართული ტიპი დაემატა,არა
15050,S90846,https://superi.ge/magic-mouse-usb-c-white-multi-touch-surface/,mausebi,Magic Mouse (USB-C) - White Multi-Touch Surface,მაუსი Magic Mouse (USB-C) - White Multi-Touch Surface,Magic Mouse (USB-C) - White Multi-Touch Surface | Superi.ge,მაუსი Magic Mouse (USB-C) - White Multi-Touch Surface | Superi.ge,"Magic Mouse (USB-C) - White Multi-Touch Surface — ჩაშენებული აკუმულატორი, სენსორული სქროლი, კავშირის ტიპი Bluetooth / USB-C port. ✓ ნაწილ-ნაწილ გადახდა",,,ქართული ტიპი დაემატა,არა
15089,S12831,https://superi.ge/marvo-g950-bk-wired-gaming-mouse-niro-40/,mausebi,Marvo G950 BK Wired Gaming Mouse Niro 40,გეიმინგ მაუსი Marvo G950 BK Niro 40,Marvo G950 BK Wired Gaming Mouse Niro 40 | Superi.ge,გეიმინგ მაუსი Marvo G950 BK Niro 40 | Superi.ge,"Marvo G950 BK Niro 40 შავი გეიმინგ მაუსი სადენიანი კავშირით, 12000 DPI სენსორით, 6 ღილაკითა და RGB განათებით.",,,ქართული ტიპი დაემატა,არა
15090,S23571,https://superi.ge/marvo-g961-wired-gaming-mouse/,mausebi,Marvo G961 Wired Gaming Mouse,გეიმინგ მაუსი Marvo G961,Marvo G961 Wired Gaming Mouse | Superi.ge,გეიმინგ მაუსი Marvo G961 | Superi.ge,"Marvo G961 გეიმინგ მაუსი სადენიანი კავშირით, 12000 DPI სენსორითა და 6 ღილაკით.",,,ქართული ტიპი დაემატა,არა
15091,S82099,https://superi.ge/marvo-m292-bk-capo-20-black-wired-mouse/,mausebi,Marvo M292 BK CAPO 20 Black Wired Mouse,მაუსი Marvo M292 BK CAPO 20 Black Wired Mouse,Marvo M292 BK CAPO 20 Black Wired Mouse | Superi.ge,მაუსი Marvo M292 BK CAPO 20 Black Wired Mouse | Superi.ge,"Marvo M292 BK CAPO 20 შავი გეიმინგ მაუსი სადენიანი კავშირით, 7 ღილაკითა და RGB განათებით.",,,ქართული ტიპი დაემატა,არა
15092,S13171,https://superi.ge/marvo-m358-wired-gaming-mouse-black/,mausebi,Marvo M358 Wired Gaming Mouse - Black,გეიმინგ მაუსი Marvo M358 - Black,Marvo M358 Wired Gaming Mouse - Black | Superi.ge,გეიმინგ მაუსი Marvo M358 - Black | Superi.ge,"Marvo M358 შავი გეიმინგ მაუსი სადენიანი კავშირით, 7 ღილაკითა და RGB განათებით.",,,ქართული ტიპი დაემატა,არა
15088,S88697,https://superi.ge/marvo-m411-black/,mausebi,Marvo M411 - Black,მაუსი Marvo M411 - Black,Marvo M411 - Black | Superi.ge,მაუსი Marvo M411 - Black | Superi.ge,"Marvo M411 შავი გეიმინგ მაუსი სადენიანი კავშირით, 12800 DPI სენსორით, 8 ღილაკითა და განათებით.",,,ქართული ტიპი დაემატა,არა
15093,S81159,https://superi.ge/marvo-m413-wired-gaming-mouse/,mausebi,Marvo M413 Wired Gaming Mouse,გეიმინგ მაუსი Marvo M413,Marvo M413 Wired Gaming Mouse | Superi.ge,გეიმინგ მაუსი Marvo M413 | Superi.ge,"Marvo M413 გეიმინგ მაუსი სადენიანი კავშირით, 7200 DPI სენსორით, 6 ღილაკითა და RGB განათებით.",,,ქართული ტიპი დაემატა,არა
15094,S42629,https://superi.ge/marvo-m655/,mausebi,Marvo M655,მაუსი Marvo M655,Marvo M655 | Superi.ge,მაუსი Marvo M655 | Superi.ge,"Marvo M655 გეიმინგ მაუსი სადენიანი კავშირით, 12000 DPI სენსორით, 7 ღილაკითა და განათებით.",,,ქართული ტიპი დაემატა,არა
15095,S66071,https://superi.ge/marvo-m727-white/,mausebi,Marvo M727 - White,მაუსი Marvo M727 - White,Marvo M727 - White | Superi.ge,მაუსი Marvo M727 - White | Superi.ge,"Marvo M727 თეთრი გეიმინგ მაუსი სადენიანი კავშირით, 12000 DPI სენსორით, 6 ღილაკითა და განათებით.",,,ქართული ტიპი დაემატა,არა
15097,S45409,https://superi.ge/marvo-ms003/,mausebi,Marvo MS003,მაუსი Marvo MS003,Marvo MS003 | Superi.ge,მაუსი Marvo MS003 | Superi.ge,"Marvo MS003 — სენსორის გარჩევადობა 1200 DPI, სენსორის ტიპი ოპტიკური, სადენიანი მაუსი, ღილაკების რაოდენობა 2. ✓ ნაწილ-ნაწილ გადახდა ✓ მიწოდება მთელ საქართველოში",,,ქართული ტიპი დაემატა,არა
15096,S90848,https://superi.ge/marvo-ms003-wired-mouse-black/,mausebi,Marvo MS003 wired Mouse - Black,მაუსი Marvo MS003 wired Mouse - Black,Marvo MS003 wired Mouse - Black | Superi.ge,მაუსი Marvo MS003 wired Mouse - Black | Superi.ge,"Marvo MS003 wired Mouse - Black — სენსორის გარჩევადობა 1000 DPI, კავშირის ტიპი სადენიანი, სადენიანი მაუსი, სქროლის ბორბალი. ✓ ნაწილ-ნაწილ გადახდა ✓ მიწოდება",,,ქართული ტიპი დაემატა,არა
15099,S71856,https://superi.ge/marvo-niro-50-wireless-gaming-mouse-black/,mausebi,Marvo Niro 50 Wireless Gaming Mouse Black,გეიმინგ მაუსი Marvo Niro 50 Black,Marvo Niro 50 Wireless Gaming Mouse Black | Superi.ge,გეიმინგ მაუსი Marvo Niro 50 Black | Superi.ge,"Marvo Niro 50 შავი გეიმინგ მაუსი 2.4 GHz უსადენო კავშირით, 12000 DPI სენსორითა და 7 ღილაკით.",,,ქართული ტიპი დაემატა,არა
15098,S41960,https://superi.ge/marvo-niro-50-wireless-gaming-mouse-white/,mausebi,Marvo Niro 50 Wireless Gaming Mouse White,გეიმინგ მაუსი Marvo Niro 50 White,Marvo Niro 50 Wireless Gaming Mouse White | Superi.ge,გეიმინგ მაუსი Marvo Niro 50 White | Superi.ge,"Marvo Niro 50 თეთრი გეიმინგ მაუსი 2.4 GHz უსადენო კავშირით, 12000 DPI სენსორითა და 7 ღილაკით.",,,ქართული ტიპი დაემატა,არა
15100,S39965,https://superi.ge/marvo-z-fit-pro-g1w-wireless-mouse-black/,mausebi,Marvo Z FIT PRO G1W Wireless Mouse - Black,უსადენო მაუსი Marvo Z FIT PRO G1W - Black,Marvo Z FIT PRO G1W Wireless Mouse - Black | Superi.ge,უსადენო მაუსი Marvo Z FIT PRO G1W - Black | Superi.ge,"Marvo Z FIT PRO G1W შავი გეიმინგ მაუსი 2.4 GHz და Bluetooth კავშირით, 19000 DPI სენსორით, 7 ღილაკითა და განათებით.",,,ქართული ტიპი დაემატა,არა
15103,S62647,https://superi.ge/nubi-black-nm1-wireless-mouse-39g-ultra-light-gaming-mouse/,mausebi,Nubi Black NM1 Wireless Mouse - 39g Ultra-Light Gaming Mouse,გეიმინგ მაუსი Nubi Black NM1 - 39g Ultra-Light,Nubi Black NM1 Wireless Mouse - 39g Ultra-Light Gaming Mouse | Superi.ge,გეიმინგ მაუსი Nubi Black NM1 - 39g Ultra-Light | Superi.ge,"Nubi NM1 შავი გეიმინგ მაუსი 2.4 GHz და Bluetooth კავშირით, 12000 DPI სენსორითა და 6 ღილაკით.",,,ქართული ტიპი დაემატა,არა
15102,S59834,https://superi.ge/nubi-white-nm1-wireless-mouse-39g-ultra-light-gaming-mouse/,mausebi,Nubi White NM1 Wireless Mouse - 39g Ultra-Light Gaming Mouse,გეიმინგ მაუსი Nubi White NM1 - 39g Ultra-Light,Nubi White NM1 Wireless Mouse - 39g Ultra-Light Gaming Mouse | Superi.ge,გეიმინგ მაუსი Nubi White NM1 - 39g Ultra-Light | Superi.ge,"Nubi NM1 თეთრი გეიმინგ მაუსი 2.4 GHz და Bluetooth კავშირით, 12000 DPI სენსორითა და 6 ღილაკით.",,,ქართული ტიპი დაემატა,არა
15141,S19237,https://superi.ge/razer-gaming-mouse-cobra-black/,mausebi,Razer Gaming Mouse Cobra Black,გეიმინგ მაუსი Razer Cobra Black,Razer Gaming Mouse Cobra Black | Superi.ge,გეიმინგ მაუსი Razer Cobra Black | Superi.ge,Razer Cobra შავი გეიმინგ მაუსი სადენიანი კავშირითა და 8500 DPI სენსორით.,,,ქართული ტიპი დაემატა,არა
15139,S24190,https://superi.ge/razer-gaming-mouse-deathadder-v2-x-hyperspeed-wl-bt-usb-black/,mausebi,Razer Gaming Mouse DeathAdder V2 X Hyperspeed WL/BT/USB Black,გეიმინგ მაუსი Razer DeathAdder V2 X Hyperspeed WL/BT/USB Black,Razer Gaming Mouse DeathAdder V2 X Hyperspeed WL/BT/USB Black | Superi.ge,გეიმინგ მაუსი Razer DeathAdder V2 X Hyperspeed WL/BT/USB Black,Razer DeathAdder V2 X Hyperspeed WL/BT/USB შავი გეიმინგ მაუსი 2.4 GHz და Bluetooth კავშირითა და 14000 DPI სენსორით.,,,ქართული ტიპი დაემატა,არა
15138,S87437,https://superi.ge/razer-gaming-mouse-orochi-v2-wl-black/,mausebi,Razer Gaming Mouse Orochi V2 WL Black,გეიმინგ მაუსი Razer Orochi V2 WL Black,Razer Gaming Mouse Orochi V2 WL Black | Superi.ge,გეიმინგ მაუსი Razer Orochi V2 WL Black | Superi.ge,Razer Orochi V2 WL შავი გეიმინგ მაუსი Bluetooth კავშირითა და 18000 DPI სენსორით.,,,ქართული ტიპი დაემატა,არა
15066,S25121,https://superi.ge/thinkpad-usb-c-wireless-compact-mouse/,mausebi,ThinkPad USB-C Wireless Compact Mouse,უსადენო მაუსი ThinkPad USB-C Wireless Compact Mouse,ThinkPad USB-C Wireless Compact Mouse | Superi.ge,უსადენო მაუსი ThinkPad USB-C Wireless Compact Mouse | Superi.ge,"Lenovo ThinkPad USB-C შავი უსადენო მაუსი 2.4 GHz მიმღებით, 2400 DPI სენსორითა და 4 ღილაკით.",,,ქართული ტიპი დაემატა,არა
15130,S84585,https://superi.ge/xiaomi-dual-mode-wireless-mouse-2-white/,mausebi,Xiaomi Dual-mode Wireless Mouse 2 White,უსადენო მაუსი Xiaomi Dual-mode 2 White,Xiaomi Dual-mode Wireless Mouse 2 White | Superi.ge,უსადენო მაუსი Xiaomi Dual-mode 2 White | Superi.ge,"Xiaomi Dual-mode Wireless Mouse 2 White — სენსორის გარჩევადობა 1200 DPI, კავშირი Bluetooth, Bluetooth მაუსი, Silent Edition. ✓ ნაწილ-ნაწილ გადახდა ✓ მიწოდება",,,ქართული ტიპი დაემატა,არა
15122,S22742,https://superi.ge/xiaomi-wireless-mouse-3-black/,mausebi,Xiaomi Wireless Mouse 3 Black,უსადენო მაუსი Xiaomi 3 Black,Xiaomi Wireless Mouse 3 Black | Superi.ge,უსადენო მაუსი Xiaomi 3 Black | Superi.ge,"Xiaomi Wireless Mouse 3 Black — სენსორის გარჩევადობა 1200 DPI, კავშირი Bluetooth, Bluetooth მაუსი, Silent Edition. ✓ ნაწილ-ნაწილ გადახდა ✓ მიწოდება",,,ქართული ტიპი დაემატა,არა
15121,S36337,https://superi.ge/xiaomi-wireless-mouse-3-blue/,mausebi,Xiaomi Wireless Mouse 3 Blue,უსადენო მაუსი Xiaomi 3 Blue,Xiaomi Wireless Mouse 3 Blue | Superi.ge,უსადენო მაუსი Xiaomi 3 Blue | Superi.ge,"Xiaomi Wireless Mouse 3 Blue — სენსორის გარჩევადობა 1200 DPI, კავშირი Bluetooth, Bluetooth მაუსი, Silent Edition. ✓ ნაწილ-ნაწილ გადახდა ✓ მიწოდება",,,ქართული ტიპი დაემატა,არა
15123,S37435,https://superi.ge/xiaomi-wireless-mouse-3-pink/,mausebi,Xiaomi Wireless Mouse 3 Pink,უსადენო მაუსი Xiaomi 3 Pink,Xiaomi Wireless Mouse 3 Pink | Superi.ge,უსადენო მაუსი Xiaomi 3 Pink | Superi.ge,"Xiaomi Wireless Mouse 3 Pink — სენსორის გარჩევადობა 1200 DPI, კავშირი Bluetooth, Bluetooth მაუსი, Silent Edition. ✓ ნაწილ-ნაწილ გადახდა ✓ მიწოდება",,,ქართული ტიპი დაემატა,არა
15124,S19151,https://superi.ge/xiaomi-wireless-mouse-3-white/,mausebi,Xiaomi Wireless Mouse 3 White,უსადენო მაუსი Xiaomi 3 White,Xiaomi Wireless Mouse 3 White | Superi.ge,უსადენო მაუსი Xiaomi 3 White | Superi.ge,"Xiaomi Wireless Mouse 3 White — სენსორის გარჩევადობა 1200 DPI, კავშირი Bluetooth, Bluetooth მაუსი, Silent Edition. ✓ ნაწილ-ნაწილ გადახდა ✓ მიწოდება",,,ქართული ტიპი დაემატა,არა
15135,S38806,https://superi.ge/xiaomi-wireless-mouse-comfort-edition-black/,mausebi,Xiaomi Wireless Mouse Comfort Edition Black,უსადენო მაუსი Xiaomi Comfort Edition Black,Xiaomi Wireless Mouse Comfort Edition Black | Superi.ge,უსადენო მაუსი Xiaomi Comfort Edition Black | Superi.ge,Xiaomi Comfort Edition შავი უსადენო მაუსი 2.4 GHz მიმღებითა და 1200 DPI სენსორით.,,,ქართული ტიპი დაემატა,არა
15136,S90855,https://superi.ge/xiaomi-wireless-mouse-comfort-edition-white/,mausebi,Xiaomi Wireless Mouse Comfort Edition White,უსადენო მაუსი Xiaomi Comfort Edition White,Xiaomi Wireless Mouse Comfort Edition White | Superi.ge,უსადენო მაუსი Xiaomi Comfort Edition White | Superi.ge,Xiaomi Comfort Edition თეთრი უსადენო მაუსი 2.4 GHz მიმღებითა და 1200 DPI სენსორით.,,,ქართული ტიპი დაემატა,არა
15101,S84730,https://superi.ge/xtrike-me-gaming-mouse-gm-110/,mausebi,Xtrike Me Gaming Mouse GM-110,გეიმინგ მაუსი Xtrike Me GM-110,Xtrike Me Gaming Mouse GM-110 | Superi.ge,გეიმინგ მაუსი Xtrike Me GM-110 | Superi.ge,"Xtrike Me GM-110 გეიმინგ მაუსი სადენიანი კავშირით, 3600 DPI სენსორითა და 4 ღილაკით.",,,ქართული ტიპი დაემატა,არა
2000,179878,https://superi.ge/ardesto-go-e865b/,mikrotalghuri-ghumelebi,მიკროტალღური ღუმელი ARDESTO GO-E865B,,მიკროტალღური ღუმელი ARDESTO GO-E865B,,"მიკროტალღური ღუმელი ARDESTO GO-E865B — მოცულობა 20 ლ, მაქსიმალური სიმძლავრე 800 W და მექანიკური მართვა. ფასი და ხელმისაწვდომობა იხილეთ Superi.ge-ზე.","მიკროტალღური ღუმელი ARDESTO GO-E865B: მართვის ტიპი მექანიკური, მაქსიმალური სიმძლავრე 800 W, მოცულობა 20 ლ, მომზადების რეჟიმების რაოდენობა 8.",,meta description: შაბლონური/გაბმული სიტყვები,არა
2827,I74586,https://superi.ge/bosch-bel653mb3/,mikrotalghuri-ghumelebi,მიკროტალღური ღუმელი BOSCH BEL653MB3,,მიკროტალღური ღუმელი BOSCH BEL653MB3,,"მიკროტალღური ღუმელი BOSCH BEL653MB3 — მოცულობა 25 ლ და სიმძლავრე 800 W. დეტალური მახასიათებლები, ფასი და ხელმისაწვდომობა იხილეთ Superi.ge-ზე.","მიკროტალღური ღუმელი BOSCH BEL653MB3: მართვის ტიპი ელექტრონული / მექანიკური, სიმძლავრე 800 W, მოცულობა 25 ლ, ენერგომოხმარება 1 270 W.",,meta description: შაბლონური/გაბმული სიტყვები,არა
1474,I74585,https://superi.ge/bosch-bel653mw3/,mikrotalghuri-ghumelebi,მიკროტალღური ღუმელი BOSCH BEL653MW3,,მიკროტალღური ღუმელი BOSCH BEL653MW3,,"მიკროტალღური ღუმელი BOSCH BEL653MW3 — მოცულობა 25 ლ და სიმძლავრე 800 W. დეტალური მახასიათებლები, ფასი და ხელმისაწვდომობა იხილეთ Superi.ge-ზე.","მიკროტალღური ღუმელი BOSCH BEL653MW3: მიკროტალღურის სიმძლავრე 800 W, გრილის სიმძლავრე 360 W, მოცულობა 25 ლ, მართვის ტიპი ელექტრონული, სენსორული.",,meta description: შაბლონური/გაბმული სიტყვები,არა
2840,I60862,https://superi.ge/bosch-bfl524mw0/,mikrotalghuri-ghumelebi,მიკროტალღური ღუმელი BOSCH BFL524MW0,,მიკროტალღური ღუმელი BOSCH BFL524MW0,,"მიკროტალღური ღუმელი BOSCH BFL524MW0 — მოცულობა 20 ლ და სიმძლავრე 800 W. დეტალური მახასიათებლები, ფასი და ხელმისაწვდომობა იხილეთ Superi.ge-ზე.","მიკროტალღური ღუმელი BOSCH BFL524MW0: მართვის ტიპი მექანიკური / ელექტრონული, სიმძლავრე 800 W, მოცულობა 20 ლ, სიმძლავრის დონეების რაოდენობა 5.",,meta description: შაბლონური/გაბმული სიტყვები,არა
2187,S36683,https://superi.ge/bosch-fel053ms2/,mikrotalghuri-ghumelebi,მიკროტალღური ღუმელი BOSCH FEL053MS2,,მიკროტალღური ღუმელი BOSCH FEL053MS2,,"მიკროტალღური ღუმელი BOSCH FEL053MS2 — მოცულობა 25 ლ და სიმძლავრე 800 W. დეტალური მახასიათებლები, ფასი და ხელმისაწვდომობა იხილეთ Superi.ge-ზე.","მიკროტალღური ღუმელი BOSCH FEL053MS2: მართვის ტიპი ელექტრონული / მექანიკური, სიმძლავრე 800 W, მოცულობა 25 ლ, სიმძლავრის დონეების რაოდენობა 5.",,meta description: შაბლონური/გაბმული სიტყვები,არა
2826,I74870,https://superi.ge/bosch-ffl020mw0/,mikrotalghuri-ghumelebi,მიკროტალღური ღუმელი BOSCH FFL020MW0,,მიკროტალღური ღუმელი BOSCH FFL020MW0,,მიკროტალღური ღუმელი BOSCH FFL020MW0 — მოცულობა 20 ლ ფუნქცია და და მაქსიმალური სიმძლავრე მაქს 800 W. ფასი და ხელმისაწვდომობა იხილეთ Superi.ge-ზე.,"მიკროტალღური ღუმელი BOSCH FFL020MW0: მართვის ტიპი მექანიკური, მაქსიმალური სიმძლავრე (მაქს) 800 W, სიმძლავრის დონეების რაოდენობა 5, მოცულობა 20 ლ ფუნქცია და.",,meta description: შაბლონური/გაბმული სიტყვები,არა
3156,S28559,https://superi.ge/gorenje-mo17e1bh/,mikrotalghuri-ghumelebi,მიკროტალღური ღუმელი GORENJE MO17E1BH,,მიკროტალღური ღუმელი GORENJE MO17E1BH,,"მიკროტალღური ღუმელი GORENJE MO17E1BH — მოცულობა 17 ლ და სიმძლავრე 700 W. დეტალური მახასიათებლები, ფასი და ხელმისაწვდომობა იხილეთ Superi.ge-ზე.","მიკროტალღური ღუმელი GORENJE MO17E1BH: მართვის ტიპი მექანიკური, სიმძლავრე 700 W, მოცულობა 17 ლ, სიმძლავრის დონეების რაოდენობა 5.",,meta description: შაბლონური/გაბმული სიტყვები,არა
2676,S38446,https://superi.ge/gorenje-mo17e1s/,mikrotalghuri-ghumelebi,მიკროტალღური ღუმელი GORENJE MO17E1S,,მიკროტალღური ღუმელი GORENJE MO17E1S,,"მიკროტალღური ღუმელი GORENJE MO17E1S — მოცულობა 17 ლ და სიმძლავრე 700 W. დეტალური მახასიათებლები, ფასი და ხელმისაწვდომობა იხილეთ Superi.ge-ზე.","მიკროტალღური ღუმელი GORENJE MO17E1S: მართვის ტიპი მექანიკური, სიმძლავრე 700 W, მოცულობა 17 ლ, სიმძლავრის დონეების რაოდენობა 5.",,meta description: შაბლონური/გაბმული სიტყვები,არა
3074,I88905,https://superi.ge/gorenje-mo17e1wh/,mikrotalghuri-ghumelebi,მიკროტალღური ღუმელი GORENJE MO17E1WH,,მიკროტალღური ღუმელი GORENJE MO17E1WH,,"მიკროტალღური ღუმელი GORENJE MO17E1WH — მოცულობა 17 ლ და სიმძლავრე 700 W. დეტალური მახასიათებლები, ფასი და ხელმისაწვდომობა იხილეთ Superi.ge-ზე.","მიკროტალღური ღუმელი GORENJE MO17E1WH: მართვის ტიპი მექანიკური, მიკროტალღური სიმძლავრე 700 W, მოცულობა 17 ლ, ტაიმერის დიაპაზონი 60 წთ.",,meta description: შაბლონური/გაბმული სიტყვები,არა
2459,S73054,https://superi.ge/gorenje-mo20a3x/,mikrotalghuri-ghumelebi,მიკროტალღური ღუმელი GORENJE MO20A3X,,მიკროტალღური ღუმელი GORENJE MO20A3X,,"მიკროტალღური ღუმელი GORENJE MO20A3X — მოცულობა 20 ლ და სიმძლავრე 800 W. დეტალური მახასიათებლები, ფასი და ხელმისაწვდომობა იხილეთ Superi.ge-ზე.","მიკროტალღური ღუმელი GORENJE MO20A3X: მართვის ტიპი მექანიკური, მიკროტალღური სიმძლავრე 800 W, მოცულობა 20 ლ, ტაიმერის დიაპაზონი 60 წთ.",,meta description: შაბლონური/გაბმული სიტყვები,არა
3226,S41355,https://superi.ge/lg-ms2535gib-neochef/,mikrotalghuri-ghumelebi,მიკროტალღური ღუმელი LG MS2535GIB NeoChef ™,,მიკროტალღური ღუმელი LG MS2535GIB NeoChef ™,,ტიპი: ცალკე მდგომი მართვის ტიპი: სენსორული მოცულობა: 25 ლ მაქსიმალური სიმძლავრე: 1000 W LED დისფლეი EasyClean - ადვილად წმენდადი ზომა: 476 x 272 x 369 მმ / ფერი: შავი,"მიკროტალღური ღუმელი LG MS2535GIB NeoChef ™: მართვის ტიპი სენსორული, მოცულობა 25 ლ, მაქსიმალური სიმძლავრე 1000 W ფუნქცია და, ძაბვა 230 V / 50 Hz.",,meta description: სპეციფიკაციების ჩამონათვალი,არა
3897,S36192,https://superi.ge/midea-ag8p022et-b/,mikrotalghuri-ghumelebi,მიკროტალღური ღუმელი MIDEA AG8P022ET-B,,მიკროტალღური ღუმელი MIDEA AG8P022ET-B | Superi.ge,,"მიკროტალღური ღუმელი MIDEA AG8P022ET-B — მოცულობა 25 ლიტრი და სიმძლავრე 1250 W. დეტალური მახასიათებლები, ფასი და ხელმისაწვდომობა იხილეთ Superi.ge-ზე.","მიკროტალღური ღუმელი MIDEA AG8P022ET-B: პროდუქტის ტიპი მიკროტალღური ღუმელი, მოცულობა 25 ლიტრი, სიმძლავრე 1250W, გაცხელების მეთოდი Turntable.",,meta description: შაბლონური/გაბმული სიტყვები,არა
1012,S54597,https://superi.ge/midea-am720c4e-s/,mikrotalghuri-ghumelebi,მიკროტალღური ღუმელი MIDEA AM720C4E-S,,მიკროტალღური ღუმელი MIDEA AM720C4E-S,,"მიკროტალღური ღუმელი MIDEA AM720C4E-S — მოცულობა 20 ლ, მაქსიმალური სიმძლავრე 700 W და ელექტრონული მართვა. ფასი და ხელმისაწვდომობა იხილეთ Superi.ge-ზე.","მიკროტალღური ღუმელი MIDEA AM720C4E-S: მართვის ტიპი ელექტრონული, მაქსიმალური სიმძლავრე 700 W პროგრამების რაოდენობა: 8, მოცულობა 20 ლ.",,meta description: შაბლონური/გაბმული სიტყვები,არა
2719,S63532,https://superi.ge/midea-am823a2at-b/,mikrotalghuri-ghumelebi,მიკროტალღური ღუმელი MIDEA AM823A2AT-B,,მიკროტალღური ღუმელი MIDEA AM823A2AT-B,,"მიკროტალღური ღუმელი MIDEA AM823A2AT-B — მოცულობა 23 ლ და სიმძლავრე 1250 W. დეტალური მახასიათებლები, ფასი და ხელმისაწვდომობა იხილეთ Superi.ge-ზე.","მიკროტალღური ღუმელი MIDEA AM823A2AT-B: მართვის ტიპი მექანიკური/ციფრული, შემავალი სიმძლავრე 1250 W, გამომავალი სიმძლავრე 800 W, მოცულობა 23 ლ.",,meta description: შაბლონური/გაბმული სიტყვები,არა
2814,S46423,https://superi.ge/midea-mm7p012mz-b/,mikrotalghuri-ghumelebi,მიკროტალღური ღუმელი MIDEA MM7P012MZ-B,,მიკროტალღური ღუმელი MIDEA MM7P012MZ-B,,"მიკროტალღური ღუმელი MIDEA MM7P012MZ-B — მოცულობა 19 ლ და სიმძლავრე 1020 W. დეტალური მახასიათებლები, ფასი და ხელმისაწვდომობა იხილეთ Superi.ge-ზე.","მიკროტალღური ღუმელი MIDEA MM7P012MZ-B: მართვის ტიპი მექანიკური, ნომინალური შემავალი სიმძლავრე 1020 W, ნომინალური გამომავალი სიმძლავრე 700 W, მოცულობა 19 ლ.",,meta description: შაბლონური/გაბმული სიტყვები,არა
3901,S28098,https://superi.ge/samsung-mc32db7746kcbw/,mikrotalghuri-ghumelebi,მიკროტალღური ღუმელი SAMSUNG MC32DB7746KCBW,,მიკროტალღური ღუმელი SAMSUNG MC32DB7746KCBW | Superi.ge,,"მიკროტალღური ღუმელი SAMSUNG MC32DB7746KCBW — მოცულობა 32 ლ და პროგრამების რაოდენობა 15. დეტალური მახასიათებლები, ფასი და ხელმისაწვდომობა იხილეთ Superi.ge-ზე.","მიკროტალღური ღუმელი SAMSUNG MC32DB7746KCBW: ინსტალაციის ტიპი დასადგამი, პროდუქტის ტიპი მიკროტალღური+გრილი, პროგრამების რაოდენობა 15, მოცულობა 32 ლ.",,meta description: შაბლონური/გაბმული სიტყვები,არა
1762,140122,https://superi.ge/samsung-me83xr/,mikrotalghuri-ghumelebi,მიკროტალღური ღუმელი SAMSUNG ME83XR,,მიკროტალღური ღუმელი SAMSUNG ME83XR,,"მიკროტალღური ღუმელი SAMSUNG ME83XR — მოცულობა 23 ლ დამატებითი მ და სიმძლავრე 850 W. დეტალური მახასიათებლები, ფასი და ხელმისაწვდომობა იხილეთ Superi.ge-ზე.","მიკროტალღური ღუმელი SAMSUNG ME83XR: მართვის ტიპი სენსორული, მაქსიმალური სიმძლავრე 1250 W, მიკროტალღების სიმძლავრე 850 W.",,meta description: შაბლონური/გაბმული სიტყვები,არა
3905,S63639,https://superi.ge/samsung-mg23dg4524agbw/,mikrotalghuri-ghumelebi,მიკროტალღური ღუმელი SAMSUNG MG23DG4524AGBW,,მიკროტალღური ღუმელი SAMSUNG MG23DG4524AGBW | Superi.ge,,"მიკროტალღური ღუმელი SAMSUNG MG23DG4524AGBW — მოცულობა 23 ლ და სიმძლავრე 1250 W. დეტალური მახასიათებლები, ფასი და ხელმისაწვდომობა იხილეთ Superi.ge-ზე.","მიკროტალღური ღუმელი SAMSUNG MG23DG4524AGBW: მიკროტალღურის სიმძლავრე 1250 W, მოცულობა 23 ლ, მართვის ტიპი მექანიკური (ღილაკებით), სიმძლავრეების რაოდენობა 6.",,meta description: შაბლონური/გაბმული სიტყვები,არა
2893,S15316,https://superi.ge/samsung-mg23k3515ak-bw/,mikrotalghuri-ghumelebi,მიკროტალღური ღუმელი SAMSUNG MG23K3515AK/BW,,მიკროტალღური ღუმელი SAMSUNG MG23K3515AK/BW,,მიკროტალღური ღუმელი SAMSUNG MG23K3515AK/BW — სიმძლავრე 1250 W და მაქსიმალური სიმძლავრე 2300 W. ფასი და ხელმისაწვდომობა იხილეთ Superi.ge-ზე.,"მიკროტალღური ღუმელი SAMSUNG MG23K3515AK/BW: მართვის ტიპი ღილაკებით, მიკროტალღურის სიმძლავრე 1250 W, გრილის სიმძლავრე 1000 W, მაქსიმალური სიმძლავრე 2300 W.",,meta description: შაბლონური/გაბმული სიტყვები,არა
2002,208935,https://superi.ge/samsung-mg23t5018ap-bw/,mikrotalghuri-ghumelebi,მიკროტალღური ღუმელი SAMSUNG MG23T5018AP/BW,,მიკროტალღური ღუმელი SAMSUNG MG23T5018AP/BW,,"მიკროტალღური ღუმელი SAMSUNG MG23T5018AP/BW — მოცულობა 23 ლ და სიმძლავრე 800 W. დეტალური მახასიათებლები, ფასი და ხელმისაწვდომობა იხილეთ Superi.ge-ზე.","მიკროტალღური ღუმელი SAMSUNG MG23T5018AP/BW: მართვის ტიპი ელექტრონული, სენსორული, სიმძლავრე 800 W, გრილის სიმძლავრე 1100 W, სიმძლავრის დონეების რაოდენობა 6.",,meta description: შაბლონური/გაბმული სიტყვები,არა
1999,S52189,https://superi.ge/samsung-ms20a7013ab-bw/,mikrotalghuri-ghumelebi,მიკროტალღური ღუმელი SAMSUNG MS20A7013AB/BW,,მიკროტალღური ღუმელი SAMSUNG MS20A7013AB/BW,,"მიკროტალღური ღუმელი SAMSUNG MS20A7013AB/BW — მოცულობა 20 ლ და სიმძლავრე 850 W. დეტალური მახასიათებლები, ფასი და ხელმისაწვდომობა იხილეთ Superi.ge-ზე.","მიკროტალღური ღუმელი SAMSUNG MS20A7013AB/BW: მართვის ტიპი ელექტრონული, ღილაკები, სიმძლავრე 850 W, სიმძლავრის დონეების რაოდენობა 6, მოცულობა 20 ლ.",,meta description: შაბლონური/გაბმული სიტყვები,არა
1746,S30941,https://superi.ge/samsung-ms23a7013ab-bw/,mikrotalghuri-ghumelebi,მიკროტალღური ღუმელი SAMSUNG MS23A7013AB/BW,,მიკროტალღური ღუმელი SAMSUNG MS23A7013AB/BW,,ტიპი: ჩასაშნებელი მაქსიმალური სიმძლავრე: 1150 W სიმძლავრის დონეების რაოდენობა: 6 მოცულობა: 23 ლ LCD დისფლეი ზომები: 489 x 275 x 346 მმ / ფერი: შავი,"მიკროტალღური ღუმელი SAMSUNG MS23A7013AB/BW: მართვის ტიპი ელექტრონული, მაქსიმალური სიმძლავრე 1150 W, სიმძლავრის დონეების რაოდენობა 6.",,meta description: სპეციფიკაციების ჩამონათვალი,არა
2488,237816,https://superi.ge/samsung-ms23a7118aw-bw/,mikrotalghuri-ghumelebi,მიკროტალღური ღუმელი SAMSUNG MS23A7118AW/BW,,მიკროტალღური ღუმელი SAMSUNG MS23A7118AW/BW,,"მიკროტალღური ღუმელი SAMSUNG MS23A7118AW/BW — მოცულობა 23 ლ და სიმძლავრე 800 W. დეტალური მახასიათებლები, ფასი და ხელმისაწვდომობა იხილეთ Superi.ge-ზე.","მიკროტალღური ღუმელი SAMSUNG MS23A7118AW/BW: მართვის ტიპი ელექტრონული / სენსორული, სიმძლავრე 800 W, მოცულობა 23 ლ, სიმძლავრის დონეების რაოდენობა 6.",,meta description: შაბლონური/გაბმული სიტყვები,არა
1011,212444,https://superi.ge/samsung-ms23j5133ak-ba/,mikrotalghuri-ghumelebi,მიკროტალღური ღუმელი SAMSUNG MS23J5133AK/BA,,მიკროტალღური ღუმელი SAMSUNG MS23J5133AK/BA,,"მიკროტალღური ღუმელი SAMSUNG MS23J5133AK/BA — მოცულობა 23 ლ, სიმძლავრე 800 W და ელექტრონული მართვა. ფასი და ხელმისაწვდომობა იხილეთ Superi.ge-ზე.","მიკროტალღური ღუმელი SAMSUNG MS23J5133AK/BA: მართვის ტიპი ელექტრონული, სიმძლავრე 800 W, სიმძლავრის დონეების რაოდენობა 6, მოცულობა 23 ლ.",,meta description: შაბლონური/გაბმული სიტყვები,არა
3904,157663,https://superi.ge/toshiba-mm-em23p-black/,mikrotalghuri-ghumelebi,მიკროტალღური ღუმელი TOSHIBA MM-EM23P BLACK,,მიკროტალღური ღუმელი TOSHIBA MM-EM23P BLACK | Superi.ge,,"მიკროტალღური ღუმელი TOSHIBA MM-EM23P BLACK — მოცულობა 23 ლ, სიმძლავრე 800 W და ელექტრონული მართვა. ფასი და ხელმისაწვდომობა იხილეთ Superi.ge-ზე.","მიკროტალღური ღუმელი TOSHIBA MM-EM23P BLACK: მიკროტალღურის სიმძლავრე 800 W, მოცულობა 23 ლ, მართვის ტიპი ელექტრონული, სიმძლავრეების რაოდენობა 11.",,meta description: შაბლონური/გაბმული სიტყვები,არა
3903,S82769,https://superi.ge/toshiba-mw3-em20pe-bm/,mikrotalghuri-ghumelebi,მიკროტალღური ღუმელი TOSHIBA MW3-EM20PE(BM),,მიკროტალღური ღუმელი TOSHIBA MW3-EM20PE(BM) | Superi.ge,,"მიკროტალღური ღუმელი TOSHIBA MW3-EM20PE(BM) — მოცულობა 20 ლ, მაქსიმალური სიმძლავრე 800 W და სენსორული მართვა. ფასი და ხელმისაწვდომობა იხილეთ Superi.ge-ზე.","მიკროტალღური ღუმელი TOSHIBA MW3-EM20PE(BM): მართვის ტიპი სენსორული, მაქსიმალური სიმძლავრე 800 W, სიმძლავრის დონეების რაოდენობა 11, მოცულობა 20 ლ.",,meta description: შაბლონური/გაბმული სიტყვები,არა
3999,S70418,https://superi.ge/bosch-bel554ms0/,mikrotalghuri-ghumelebi,ჩასაშენებელი მიკროტალღური ღუმელი BOSCH BEL554MS0,,ჩასაშენებელი მიკროტალღური ღუმელი BOSCH BEL554MS0 | Superi.ge,,"ჩასაშენებელი მიკროტალღური ღუმელი BOSCH BEL554MS0 — მოცულობა 25 ლ და სიმძლავრე 900 W. დეტალური მახასიათებლები, ფასი და ხელმისაწვდომობა იხილეთ Superi.ge-ზე.","ჩასაშენებელი მიკროტალღური ღუმელი BOSCH BEL554MS0: მართვის ტიპი მექანიკური/სენსორული, სიმძლავრე 900 W, გრილის სიმძლავრე 1200 W, მოცულობა 25 ლ.",,meta description: შაბლონური/გაბმული სიტყვები,არა
3229,S61649,https://superi.ge/bosch-bfl7221b1/,mikrotalghuri-ghumelebi,ჩასაშენებელი მიკროტალღური ღუმელი BOSCH BFL7221B1,,ჩასაშენებელი მიკროტალღური ღუმელი BOSCH BFL7221B1,,ტიპი: ჩასაშენებელი სერია: 8 მართვის ტიპი: მექანიკური / ელექტრონული სიმძლავრე: 900 W მოცულობა: 21 ლ სიმძლავრის დონეების რაოდენობა: 5 TFT სენსორული ეკრანი,"ჩასაშენებელი მიკროტალღური ღუმელი BOSCH BFL7221B1: სერია 8, მართვის ტიპი მექანიკური / ელექტრონული, სიმძლავრე 900 W, მოცულობა 21 ლ.",,meta description: სპეციფიკაციების ჩამონათვალი,არა
3080,I31758,https://superi.ge/bosch-mfq36460/,miqserebi,მიქსერი BOSCH MFQ36460,,მიქსერი BOSCH MFQ36460,,"მიქსერი BOSCH MFQ36460 — სიმძლავრე 450 W და სიჩქარეების რაოდენობა 5 + ტურბორეჟიმი. დეტალური მახასიათებლები, ფასი და ხელმისაწვდომობა იხილეთ Superi.ge-ზე.","მიქსერი BOSCH MFQ36460: სიმძლავრე 450 W, სიჩქარეების რაოდენობა 5 + ტურბორეჟიმი, მოცულობა 0.5, თასის მასალა პლასტმასი.",,meta description: შაბლონური/გაბმული სიტყვები,არა
3076,I73178,https://superi.ge/bosch-mfq364v0/,miqserebi,მიქსერი BOSCH MFQ364V0,,მიქსერი BOSCH MFQ364V0,,"მიქსერი BOSCH MFQ364V0 — სიმძლავრე 450 W და მექანიკური მართვა. დეტალური მახასიათებლები, ფასი და ხელმისაწვდომობა იხილეთ Superi.ge-ზე.","მიქსერი BOSCH MFQ364V0: სიმძლავრე 450 W, მართვის ტიპი მექანიკური, სიჩქარის რეჟიმების რაოდენობა 5, კვების ტიპი ქსელის.",,meta description: შაბლონური/გაბმული სიტყვები,არა
3157,I25358,https://superi.ge/bosch-mfq40304/,miqserebi,მიქსერი BOSCH MFQ40304,,მიქსერი BOSCH MFQ40304,,"მიქსერი BOSCH MFQ40304 — სიმძლავრე 500 W და მექანიკური მართვა. დეტალური მახასიათებლები, ფასი და ხელმისაწვდომობა იხილეთ Superi.ge-ზე.","მიქსერი BOSCH MFQ40304: სიმძლავრე 500 W, სიჩქარის რეჟიმების რაოდენობა 5, მართვის ტიპი მექანიკური, კვების ტიპი ქსელის.",,meta description: შაბლონური/გაბმული სიტყვები,არა
2182,S61616,https://superi.ge/bosch-mfq4980b/,miqserebi,მიქსერი BOSCH MFQ4980B,,მიქსერი BOSCH MFQ4980B | Superi.ge | ონლაინ მაღაზია,,ტიპი: ხელის სიმძლავრე: 850 W სიჩქარის რეჟიმების რაოდენობა: 5 მართვის ტიპი: მექანიკური კვების ტიპი: ქსელის ზომა: 142 x 200 x 75 მმ / ფერი: შავი,"მიქსერი BOSCH MFQ4980B: სიმძლავრე 850 W, სიჩქარის რეჟიმების რაოდენობა 5, მართვის ტიპი მექანიკური, კვების ტიპი ქსელის.",,meta description: სპეციფიკაციების ჩამონათვალი,არა
1753,I89168,https://superi.ge/braun-hm1010wh/,miqserebi,მიქსერი BRAUN HM1010WH,,მიქსერი BRAUN HM1010WH,,"მიქსერი BRAUN HM1010WH — სიმძლავრე 400 W და მექანიკური მართვა. დეტალური მახასიათებლები, ფასი და ხელმისაწვდომობა იხილეთ Superi.ge-ზე.","მიქსერი BRAUN HM1010WH: სიმძლავრე 400 W, მართვის ტიპი მექანიკური, სიჩქარის რეჟიმების რაოდენობა 4, კვების ტიპი ქსელის.",,meta description: შაბლონური/გაბმული სიტყვები,არა
2961,I89949,https://superi.ge/smeg-smf03pgeu/,miqserebi,მიქსერი SMEG SMF03PGEU,,მიქსერი SMEG SMF03PGEU,,"მიქსერი SMEG SMF03PGEU — მოცულობა 4,8 ლ, სიმძლავრე 800 W და სიჩქარეების რაოდენობა 10. დეტალური მახასიათებლები, ფასი და ხელმისაწვდომობა იხილეთ Superi.ge-ზე.","მიქსერი SMEG SMF03PGEU: სიმძლავრე 800 W, სიჩქარეების რაოდენობა 10, ჯამის მოცულობა 4.8 ლ, მართვის ტიპი ელექტრონული.",,meta description: შაბლონური/გაბმული სიტყვები,არა
1828,203205,https://superi.ge/zilan-zln3185/,miqserebi,მიქსერი ZILAN ZLN3185,,მიქსერი ZILAN ZLN3185|Superi.ge,,"მიქსერი ZILAN ZLN3185 — მოცულობა 4,5 ლ, სიმძლავრე 1000 W და მექანიკური მართვა. დეტალური მახასიათებლები, ფასი და ხელმისაწვდომობა იხილეთ Superi.ge-ზე.","მიქსერი ZILAN ZLN3185: სიმძლავრე 1000 W, ჯამის მოცულობა 4.5 ლ, სიჩქარის რეჟიმების რაოდენობა 6, მართვის ტიპი მექანიკური.",,meta description: შაბლონური/გაბმული სიტყვები,არა
9834,S12217,https://superi.ge/apple-iphone-17-pro-max-e-sim-only-256gb-cosmic-orange/,mobiluri-teleponebi,Apple iPhone 17 Pro Max e-SIM Only | 256GB Cosmic Orange,მობილური ტელეფონი Apple iPhone 17 Pro Max e-SIM Only | 256GB Cosmic Orange,Apple iPhone 17 Pro Max e-SIM Only | 256GB Cosmic Orange | Superi.ge,მობილური ტელეფონი Apple iPhone 17 Pro Max e-SIM Only | 256GB,"Apple iPhone 17 Pro Max 6.90"" LTPO OLED ეკრანით, Ceramic Shield 2 დაცვით, A19 Pro ჩიპსეტით, 48MP სამმაგი კამერით, 256GB მეხსიერებით, IP68 დაცვითა და e-SIM Only ფუნქციით გამორჩეულ Cosmic Orange დიზაინში გთავაზობთ მაღალი კლასის შესრულებას",,,ქართული ტიპი დაემატა,არა
9835,S52527,https://superi.ge/apple-iphone-17-pro-max-e-sim-only-256gb-deep-blue/,mobiluri-teleponebi,Apple iPhone 17 Pro Max e-SIM Only | 256GB Deep Blue,მობილური ტელეფონი Apple iPhone 17 Pro Max e-SIM Only | 256GB Deep Blue,Apple iPhone 17 Pro Max e-SIM Only | 256GB Deep Blue | Superi.ge,მობილური ტელეფონი Apple iPhone 17 Pro Max e-SIM Only | 256GB,"Apple iPhone 17 Pro Max Deep Blue 6.90"" LTPO OLED ეკრანით, Ceramic Shield 2 დაცვით, A19 Pro ჩიპსეტით, 48MP სამმაგი კამერით, 256GB მეხსიერებით, IP68 ხარისხითა და e-SIM Only მხარდაჭერით უზრუნველყოფს გამძლე და მაღალი კლასის გამოყენებას",,,ქართული ტიპი დაემატა,არა
9833,S59012,https://superi.ge/apple-iphone-17-pro-max-e-sim-only-256gb-silver/,mobiluri-teleponebi,Apple iPhone 17 Pro Max e-SIM Only | 256GB Silver,მობილური ტელეფონი Apple iPhone 17 Pro Max e-SIM Only | 256GB Silver,Apple iPhone 17 Pro Max e-SIM Only | 256GB Silver | Superi.ge,მობილური ტელეფონი Apple iPhone 17 Pro Max e-SIM Only | 256GB,"Apple iPhone 17 Pro Max გთავაზობთ 6.90"" LTPO OLED ეკრანს, Ceramic Shield 2 დაცვას, A19 Pro ჩიპსეტს, 48MP სამმაგ კამერას, 256GB მეხსიერებას, IP68 დაცვას და e-SIM Only ვერსიას ელეგანტურ Silver დიზაინში.",,,ქართული ტიპი დაემატა,არა
9524,S93333,https://superi.ge/apple-iphone-17-pro-e-sim-only-256gb-cosmic-orange/,mobiluri-teleponebi,Apple iPhone 17 Pro e-SIM Only | 256GB Cosmic Orange,მობილური ტელეფონი Apple iPhone 17 Pro e-SIM Only | 256GB Cosmic Orange,Apple iPhone 17 Pro e-SIM Only | 256GB Cosmic Orange | Superi.ge,მობილური ტელეფონი Apple iPhone 17 Pro e-SIM Only | 256GB,"Apple iPhone 17 Pro 256GB Cosmic Orange — პრემიუმ კლასის სმარტფონი iOS 26 სისტემით, 6.3” LTPO OLED 120Hz ეკრანით, Apple A19 Pro პროცესორით, 48 MP კამერებით, e-SIM მხარდაჭერით და IP68 დაცვით.",,,ქართული ტიპი დაემატა,არა
9828,S43753,https://superi.ge/apple-iphone-17-pro-e-sim-only-256gb-deep-blue/,mobiluri-teleponebi,Apple iPhone 17 Pro e-SIM Only | 256GB Deep Blue,მობილური ტელეფონი Apple iPhone 17 Pro e-SIM Only | 256GB Deep Blue,Apple iPhone 17 Pro e-SIM Only | 256GB Deep Blue | Superi.ge,მობილური ტელეფონი Apple iPhone 17 Pro e-SIM Only | 256GB Deep,"Apple iPhone 17 Pro 256GB Deep Blue უზრუნველყოფს პრემიუმ შესრულებას A19 Pro ჩიპსეტით, 6.30"" LTPO OLED ეკრანით, 48MP კამერებით, 5G მხარდაჭერით და Ceramic Shield 2 დაცვით. გამძლე, დაცული და მაღალი ენერგოეფექტურობით",,,ქართული ტიპი დაემატა,არა
9829,S50221,https://superi.ge/apple-iphone-17-pro-e-sim-only-256gb-silver/,mobiluri-teleponebi,Apple iPhone 17 Pro e-SIM Only | 256GB Silver,მობილური ტელეფონი Apple iPhone 17 Pro e-SIM Only | 256GB Silver,Apple iPhone 17 Pro e-SIM Only | 256GB Silver | Superi.ge,მობილური ტელეფონი Apple iPhone 17 Pro e-SIM Only | 256GB Silver,"Apple iPhone 17 Pro გთავაზობს 6.30"" LTPO OLED ეკრანს, 120Hz განახლების სიხშირით, A19 Pro ჩიპსეტით, 48MP სამმაგ კამერას, 256GB მეხსიერებას, IP68 დაცვას და e-SIM Only მხარდაჭერას, elegant Silver დიზაინით",,,ქართული ტიპი დაემატა,არა
15558,S47804,https://superi.ge/apple-iphone-18-pro-max-e-sim-only-256gb-black/,mobiluri-teleponebi,Apple iPhone 18 Pro Max e-SIM Only | 256GB Black,მობილური ტელეფონი Apple iPhone 18 Pro Max e-SIM Only | 256GB Black,Apple iPhone 18 Pro Max e-SIM Only | 256GB Black | Superi.ge,მობილური ტელეფონი Apple iPhone 18 Pro Max e-SIM Only | 256GB,"Apple iPhone 18 Pro Max e-SIM Only მობილური ტელეფონი 6.9"" ეკრანითა და 5G მხარდაჭერით.",,,ქართული ტიპი დაემატა,არა
15561,S60379,https://superi.ge/apple-iphone-18-pro-max-e-sim-only-256gb-burgundy/,mobiluri-teleponebi,Apple iPhone 18 Pro Max e-SIM Only | 256GB Burgundy,მობილური ტელეფონი Apple iPhone 18 Pro Max e-SIM Only | 256GB Burgundy,Apple iPhone 18 Pro Max e-SIM Only | 256GB Burgundy | Superi.ge,მობილური ტელეფონი Apple iPhone 18 Pro Max e-SIM Only | 256GB,"Apple iPhone 18 Pro Max e-SIM Only მობილური ტელეფონი 6.9"" ეკრანითა და 5G მხარდაჭერით.",,,ქართული ტიპი დაემატა,არა
15559,S41084,https://superi.ge/apple-iphone-18-pro-max-e-sim-only-256gb-glacier/,mobiluri-teleponebi,Apple iPhone 18 Pro Max e-SIM Only | 256GB Glacier,მობილური ტელეფონი Apple iPhone 18 Pro Max e-SIM Only | 256GB Glacier,Apple iPhone 18 Pro Max e-SIM Only | 256GB Glacier | Superi.ge,მობილური ტელეფონი Apple iPhone 18 Pro Max e-SIM Only | 256GB,"Apple iPhone 18 Pro Max e-SIM Only მობილური ტელეფონი 6.9"" ეკრანითა და 5G მხარდაჭერით.",,,ქართული ტიპი დაემატა,არა
15560,S83434,https://superi.ge/apple-iphone-18-pro-max-e-sim-only-256gb-silver/,mobiluri-teleponebi,Apple iPhone 18 Pro Max e-SIM Only | 256GB Silver,მობილური ტელეფონი Apple iPhone 18 Pro Max e-SIM Only | 256GB Silver,Apple iPhone 18 Pro Max e-SIM Only | 256GB Silver | Superi.ge,მობილური ტელეფონი Apple iPhone 18 Pro Max e-SIM Only | 256GB,"Apple iPhone 18 Pro Max e-SIM Only მობილური ტელეფონი 6.9"" ეკრანითა და 5G მხარდაჭერით.",,,ქართული ტიპი დაემატა,არა
15562,S86729,https://superi.ge/apple-iphone-18-pro-max-e-sim-only-512gb-black/,mobiluri-teleponebi,Apple iPhone 18 Pro Max e-SIM Only | 512GB Black,მობილური ტელეფონი Apple iPhone 18 Pro Max e-SIM Only | 512GB Black,Apple iPhone 18 Pro Max e-SIM Only | 512GB Black | Superi.ge,მობილური ტელეფონი Apple iPhone 18 Pro Max e-SIM Only | 512GB,"Apple iPhone 18 Pro Max e-SIM Only მობილური ტელეფონი 6.9"" ეკრანითა და 5G მხარდაჭერით.",,,ქართული ტიპი დაემატა,არა
15563,S89959,https://superi.ge/apple-iphone-18-pro-e-sim-only-512gb-burgundy/,mobiluri-teleponebi,Apple iPhone 18 Pro e-SIM Only | 512GB Burgundy,მობილური ტელეფონი Apple iPhone 18 Pro e-SIM Only | 512GB Burgundy,Apple iPhone 18 Pro e-SIM Only | 512GB Burgundy | Superi.ge,მობილური ტელეფონი Apple iPhone 18 Pro e-SIM Only | 512GB Burgundy,"Apple iPhone 18 Pro e-SIM Only მობილური ტელეფონი 6.3"" ეკრანითა და 5G მხარდაჭერით.",,,ქართული ტიპი დაემატა,არა
9522,S37661,https://superi.ge/google-pixel-10-5g-12-128gb-obsidian/,mobiluri-teleponebi,Google Pixel 10 5G 12/128GB Obsidian,მობილური ტელეფონი Google Pixel 10 5G 12/128GB Obsidian,Google Pixel 10 5G 12/128GB Obsidian | Superi.ge,მობილური ტელეფონი Google Pixel 10 5G 12/128GB Obsidian,"Google Pixel 10 5G 12/128GB Obsidian – პრემიუმ სმარტფონი 6.3” OLED 120Hz ეკრანით, Google Tensor G5 პროცესორით, 48 MP კამერით, 4970 mAh ბატარეით, IP68 დაცვით და უსადენო დამუხტვის მხარდაჭერით.",,,ქართული ტიპი დაემატა,არა
2643,241464,https://superi.ge/honor-x9b-5g-5109awuj-12gb-256gb-sunrise-orange/,mobiluri-teleponebi,HONOR X9B 5G (5109AWUJ) 12GB/256GB SUNRISE ORANGE,მობილური ტელეფონი HONOR X9B 5G (5109AWUJ) 12GB/256GB SUNRISE ORANGE,HONOR X9B 5G (5109AWUJ) 12GB/256GB SUNRISE ORANGE,მობილური ტელეფონი HONOR X9B 5G (5109AWUJ) 12GB/256GB SUNRISE,"შეიძინეთ HONOR X9B 5G Sunrise Orange სმარტფონი 12GB ოპერატიული და 256GB შიდა მეხსიერებით, რომელიც გთავაზობთ მაღალ წარმადობასა და თანამედროვე დიზაინს.",,,ქართული ტიპი დაემატა,არა
2644,241465,https://superi.ge/honor-x9b-5g-5109awuw-8gb-256gb-emerald-green/,mobiluri-teleponebi,HONOR X9B 5G (5109AWUW) 8GB/256GB EMERALD GREEN,მობილური ტელეფონი HONOR X9B 5G (5109AWUW) 8GB/256GB EMERALD GREEN,HONOR X9B 5G (5109AWUW) 8GB/256GB EMERALD GREEN,მობილური ტელეფონი HONOR X9B 5G (5109AWUW) 8GB/256GB EMERALD GREEN,"​მობილური HONOR X9B 5G (5109AWUW) 8GB/256GB EMERALD GREEN – კომპლექტაცია, რომელიც აერთიანებს როგორც დიზაინს, ასევე ფუნქციურობას. ეს სმარტფონი აღჭურვილია 8GB ოპერატიული მეხსიერებით და 256GB შიდა მეხსიერებით, რაც უზრუნველყოფს ოპერაციების უსწრაფეს დამუშავება",,,ქართული ტიპი დაემატა,არა
2642,I92410,https://superi.ge/honor-x9b-5g-5109awuy-8gb-256gb-midnight-black/,mobiluri-teleponebi,HONOR X9B 5G (5109AWUY) 8GB/256GB MIDNIGHT BLACK,მობილური ტელეფონი HONOR X9B 5G (5109AWUY) 8GB/256GB MIDNIGHT BLACK,HONOR X9B 5G (5109AWUY) 8GB/256GB MIDNIGHT BLACK,მობილური ტელეფონი HONOR X9B 5G (5109AWUY) 8GB/256GB MIDNIGHT,"მობილური ტელეფონი HONOR X9B 5G (5109AWUY) 8GB/256GB MIDNIGHT BLACK – თანამედროვე და სტილური სმარტფონი, რომელიც გამოირჩევა მაღალტექნოლოგიური ფუნქციებით და ნამდვილი პერფორმანსით. აღჭურვილია 8GB ოპერატიული მეხსიერებით და 256GB შიდა მეხსიერებით, რაც უზრუნველყ",,,ქართული ტიპი დაემატა,არა
10362,S69627,https://superi.ge/honor-600-lite-5109cejq-8gb-256gb-dual-sim-velvet-black/,mobiluri-teleponebi,Honor 600 Lite 5109CEJQ 8GB/256GB Dual Sim - Velvet Black,მობილური ტელეფონი Honor 600 Lite 5109CEJQ 8GB/256GB Dual Sim - Velvet Black,Honor 600 Lite 5109CEJQ 8GB/256GB Dual Sim - Velvet Black | Superi.ge,მობილური ტელეფონი Honor 600 Lite 5109CEJQ 8GB/256GB Dual Sim,"სმარტფონი Honor 600 Lite 8GB 256GB — 6.6"" AMOLED 120Hz ეკრანი, 108MP კამერა, 6520mAh ელემენტი და 5G მხარდაჭერა. ძლიერი და თანამედროვე Android სმარტფონი ყოველდღიური გამოყენებისთვის.",,,ქართული ტიპი დაემატა,არა
11767,S33050,https://superi.ge/honor-600-lite-5109cejr-8gb-256gb-dual-sim-velvet-grey/,mobiluri-teleponebi,Honor 600 Lite 5109CEJR 8GB/256GB Dual Sim - Velvet Grey,მობილური ტელეფონი Honor 600 Lite 5109CEJR 8GB/256GB Dual Sim - Velvet Grey,Honor 600 Lite 5109CEJR 8GB/256GB Dual Sim - Velvet Grey | Superi.ge,მობილური ტელეფონი Honor 600 Lite 5109CEJR 8GB/256GB Dual Sim,"Honor 600 Lite 8GB/256GB Velvet Grey სმარტფონი გამოირჩევა AMOLED 120Hz ეკრანით, 108MP კამერით, ძლიერი 6520mAh ელემენტითა და Dimensity 7100 Elite პროცესორით სწრაფი ყოველდღიური გამოყენებისთვის.",,,ქართული ტიპი დაემატა,არა
11766,S46707,https://superi.ge/honor-600-lite-5109cejs-8gb-256gb-dual-sim-desert-gold/,mobiluri-teleponebi,Honor 600 Lite 5109CEJS 8GB/256GB Dual Sim - Desert Gold,მობილური ტელეფონი Honor 600 Lite 5109CEJS 8GB/256GB Dual Sim - Desert Gold,Honor 600 Lite 5109CEJS 8GB/256GB Dual Sim - Desert Gold | Superi.ge,მობილური ტელეფონი Honor 600 Lite 5109CEJS 8GB/256GB Dual Sim,"Honor 600 Lite 8GB/256GB Desert Gold სმარტფონი გამოირჩევა AMOLED 120Hz ეკრანით, 108MP კამერით, ძლიერი 6520mAh ელემენტითა და Dimensity 7100 Elite პროცესორით სწრაფი ყოველდღიური გამოყენებისთვის",,,ქართული ტიპი დაემატა,არა
9658,169913,https://superi.ge/honor-x5c-4gb-64gb-dual-sim-midnight-black/,mobiluri-teleponebi,Honor X5c 4GB/64GB Dual Sim Midnight Black,მობილური ტელეფონი Honor X5c 4GB/64GB Dual Sim Midnight Black,Honor X5c 4GB/64GB Dual Sim Midnight Black | Superi.ge,მობილური ტელეფონი Honor X5c 4GB/64GB Dual Sim Midnight Black,"Honor X5c 4GB/64GB Dual Midnight Black — ხელმისაწვდომი სმარტფონი დიდი 6.75” 90Hz ეკრანით, 13MP კამერით და 5260 mAh ელემენტით. აღჭურვილია MediaTek Helio G81 პროცესორით, Android 15 სისტემით და კომფორტული დიზაინით ყოველდღიური გამოყენებისთვის",,,ქართული ტიპი დაემატა,არა
9983,163017,https://superi.ge/honor-x8c-8gb-128gb-dual-sim-midnight-black/,mobiluri-teleponebi,Honor X8c 8GB/128GB Dual Sim Midnight Black,მობილური ტელეფონი Honor X8c 8GB/128GB Dual Sim Midnight Black,Honor X8c 8GB/128GB Dual Sim Midnight Black | Superi.ge,მობილური ტელეფონი Honor X8c 8GB/128GB Dual Sim Midnight Black,"Honor X9d Midnight Black გამოირჩევა 6.79"" AMOLED ეკრანით, Snapdragon 6 Gen 4 პროცესორით, 8GB RAM-ით, 108MP კამერით, 8300 mAh გამძლე ელემენტით და IP68/IP69K დაცვით, რაც უზრუნველყოფს მაღალ წარმადობასა და საიმედოობას",,,ქართული ტიპი დაემატა,არა
9982,163012,https://superi.ge/honor-x8c-8gb-256gb-dual-sim-green/,mobiluri-teleponebi,Honor X8c 8GB/256GB Dual Sim Green,მობილური ტელეფონი Honor X8c 8GB/256GB Dual Sim Green,Honor X8c 8GB/256GB Dual Sim Green | Superi.ge,მობილური ტელეფონი Honor X8c 8GB/256GB Dual Sim Green | Superi.ge,"Honor X8c მწვანე — 6.7"" AMOLED ეკრანით, 108MP მთავარ კამერით, Snapdragon 685 პროცესორით, 8GB RAM-ით, 256GB მეხსიერებით და 5000 mAh ელემენტით ausgestattet სმარტფონი, რომელიც უზრუნველყოფს მაღალი ხარისხის ფოტოს, სტაბილურ მუშაობას და თანამედროვე დიზაინს",,,ქართული ტიპი დაემატა,არა
9892,163013,https://superi.ge/honor-x8c-8gb-256gb-dual-sim-midnight-black/,mobiluri-teleponebi,Honor X8c 8GB/256GB Dual Sim Midnight Black,მობილური ტელეფონი Honor X8c 8GB/256GB Dual Sim Midnight Black,Honor X8c 8GB/256GB Dual Sim Midnight Black | Superi.ge,მობილური ტელეფონი Honor X8c 8GB/256GB Dual Sim Midnight Black,"Honor X8c Midnight შავი – 6.7"" AMOLED 120Hz ეკრანით, 108MP ძირითადი კამერით, 50MP სელფით, Snapdragon 685 პროცესორით, 8GB RAM და 256GB მეხსიერებით, გახლავთ მსუბუქი და ძლიერი სმარტფონი ყოველდღიური კომფორტისთვის",,,ქართული ტიპი დაემატა,არა
9819,160992,https://superi.ge/honor-x9c-12gb-256gb-titanium-purple/,mobiluri-teleponebi,Honor X9c 12GB/256GB - Titanium Purple,მობილური ტელეფონი Honor X9c 12GB/256GB - Titanium Purple,Honor X9c 12GB/256GB - Titanium Purple | Superi.ge,მობილური ტელეფონი Honor X9c 12GB/256GB | Superi.ge,"Honor X9c გამოირჩევა 6.78"" AMOLED ეკრანით, ძლიერი Snapdragon 6 Gen 1 პროცესორით, 108MP კამერით და 6600 mAh სწრაფი დამუხტვით. მსუბუქი და გამძლე კორპუსი განსაკუთრებული დიზაინით ყოველდღიური გამოყენებისთვის",,,ქართული ტიპი დაემატა,არა
9981,160989,https://superi.ge/honor-x9c-8gb-256gb-titanium-purple/,mobiluri-teleponebi,Honor X9c 8GB/256GB - Titanium Purple,მობილური ტელეფონი Honor X9c 8GB/256GB - Titanium Purple,Honor X9c 8GB/256GB - Titanium Purple | Superi.ge,მობილური ტელეფონი Honor X9c 8GB/256GB | Superi.ge,"Honor X9c Titanium Purple — 6.78"" AMOLED 120Hz ეკრანით, 108MP მთავარ კამერით, Snapdragon 6 Gen 1 პროცესორით, 8GB RAM და 256GB მეხსიერებით, მძლავრი 6600 mAh ელემენტით და სწრაფი 66W დამუხტვით განსხვავებული პროდუქტიულობის სმარტფონია",,,ქართული ტიპი დაემატა,არა
9891,S18845,https://superi.ge/honor-x9d-12gb-256gb-forest-green/,mobiluri-teleponebi,Honor X9d 12GB/256GB Forest Green,მობილური ტელეფონი Honor X9d 12GB/256GB Forest Green,Honor X9d 12GB/256GB Forest Green | Superi.ge,მობილური ტელეფონი Honor X9d 12GB/256GB Forest Green | Superi.ge,"Honor X9d Forest Green გამოირჩევა 6.79"" AMOLED ეკრანით, Snapdragon 6 Gen 4 პროცესორით, 12GB RAM-ით, 108MP კამერით, 8300 mAh ელემენტით და IP68/IP69K დაცვით, რაც უზრუნველყოფს მაღალ საიმედოობასა და გამძლე მუშაობას",,,ქართული ტიპი დაემატა,არა
9890,S33804,https://superi.ge/honor-x9d-12gb-256gb-midnight-black/,mobiluri-teleponebi,Honor X9d 12GB/256GB Midnight Black,მობილური ტელეფონი Honor X9d 12GB/256GB Midnight Black,Honor X9d 12GB/256GB Midnight Black | Superi.ge,მობილური ტელეფონი Honor X9d 12GB/256GB Midnight Black | Superi.ge,"Honor X9d Midnight Black გამოირჩევა 6.79"" AMOLED ეკრანით, Snapdragon 6 Gen 4 პროცესორით, 12GB RAM-ით, 108MP კამერით, 8300 mAh გამძლე ელემენტით და IP68/IP69K დაცვით, რაც უზრუნველყოფს მაღალ წარმადობასა და საიმედოობას",,,ქართული ტიპი დაემატა,არა
9889,S27384,https://superi.ge/honor-x9d-12gb-256gb-reddish-brown/,mobiluri-teleponebi,Honor X9d 12GB/256GB Reddish Brown,მობილური ტელეფონი Honor X9d 12GB/256GB Reddish Brown,Honor X9d 12GB/256GB Reddish Brown | Superi.ge,მობილური ტელეფონი Honor X9d 12GB/256GB Reddish Brown | Superi.ge,"Honor X9d Reddish Brown მოდელი აღჭურვილია 6.79"" AMOLED ეკრანით, Snapdragon 6 Gen 4 პროცესორით, 12GB RAM-ით, 108MP მთავარ კამერით, 8300 mAh ძლიერი ელემენტით და IP68/IP69K დაცვით, რაც უზრუნველყოფს გამძლე და მაღალწარმად სმარტფონს",,,ქართული ტიპი დაემატა,არა
9888,S45476,https://superi.ge/honor-x9d-8gb-256gb-forest-green/,mobiluri-teleponebi,Honor X9d 8GB/256GB Forest Green,მობილური ტელეფონი Honor X9d 8GB/256GB Forest Green,Honor X9d 8GB/256GB Forest Green | Superi.ge,მობილური ტელეფონი Honor X9d 8GB/256GB Forest Green | Superi.ge,"Honor X9d Forest Green აღჭურვილია 6.79"" AMOLED ეკრანით, Snapdragon 6 Gen 4 პროცესორით, 108 MP მთავარ კამერით, 8300 mAh დიდი ელემენტით, 66 W სწრაფი დამუხტვით და IP68/IP69K დაცვით, რაც უზრუნველყოფს გამძლე და მაღალწარმად სმარტფონს",,,ქართული ტიპი დაემატა,არა
9887,S20083,https://superi.ge/honor-x9d-8gb-256gb-sunrise-gold/,mobiluri-teleponebi,Honor X9d 8GB/256GB Sunrise Gold,მობილური ტელეფონი Honor X9d 8GB/256GB Sunrise Gold,Honor X9d 8GB/256GB Sunrise Gold | Superi.ge,მობილური ტელეფონი Honor X9d 8GB/256GB Sunrise Gold | Superi.ge,"Honor X9d Sunrise Gold გამორჩეულია 6.79"" AMOLED ეკრანით, Snapdragon 6 Gen 4 ჩიპსეტით, 108 MP მთავარ კამერით, 8300 mAh ელემენტით, 66 W სწრაფი დამუხტვით და IP68/IP69K დაცვით, რაც უზრუნველყოფს გამძლე და მაღალწარმად მოწყობილობას",,,ქართული ტიპი დაემატა,არა
8299,167285,https://superi.ge/infinix-smart-9-3gb-64gb-black/,mobiluri-teleponebi,Infinix Smart 9 3GB/64GB Black,მობილური ტელეფონი Infinix Smart 9 3GB/64GB Black,Infinix Smart 9 3GB/64GB Black | Superi.ge,მობილური ტელეფონი Infinix Smart 9 3GB/64GB Black | Superi.ge,"Infinix Smart 9 — მძლავრი Android 14 სმარტფონი 120Hz ეკრანით, Helio G81 პროცესორით, 5000 mAh ბატარეით და წყალგამძლე IP54 სტანდარტით ყოველდღიური მოხმარებისთვის.",,,ქართული ტიპი დაემატა,არა
10095,S28615,https://superi.ge/motorola-moto-edge-60-12-256gb-5g-green/,mobiluri-teleponebi,Motorola Moto Edge 60 12/256GB 5G Green,მობილური ტელეფონი Motorola Moto Edge 60 12/256GB 5G Green,Motorola Moto Edge 60 12/256GB 5G Green | Superi.ge,მობილური ტელეფონი Motorola Moto Edge 60 12/256GB 5G Green,"Motorola Moto Edge 60 12/256GB 5G Green სმარტფონი აერთიანებს თანამედროვე P-OLED ეკრანს 6.67"" 120Hz განახლებით, 256GB მეხსიერებას, 12GB RAM-ს და 5200 mAh ელემენტს, სწრაფი დამუხტვით 68W, Mediatek Dimensity 7300 ჩიპსეტით, Android 15–ით",,,ქართული ტიპი დაემატა,არა
10092,S51233,https://superi.ge/motorola-moto-g06-lte-4-128gb-tapestry/,mobiluri-teleponebi,Motorola Moto G06 LTE 4/128GB Tapestry,მობილური ტელეფონი Motorola Moto G06 LTE 4/128GB Tapestry,Motorola Moto G06 LTE 4/128GB Tapestry | Superi.ge,მობილური ტელეფონი Motorola Moto G06 LTE 4/128GB Tapestry,"Motorola Moto G06 LTE 4/128GB Tapestry სმარტფონი 6.88"" HD+ IPS LCD ეკრანით, 120 Hz განახლებით, Mediatek Helio G81 Extreme ჩიპსეტით, 5200 mAh ელემენტით, Dual SIM, Micro SD, Type-C პორტით და IP64 დაცვით",,,ქართული ტიპი დაემატა,არა
10093,S35991,https://superi.ge/motorola-moto-g06-lte-4-128gb-tendril/,mobiluri-teleponebi,Motorola Moto G06 LTE 4/128GB Tendril,მობილური ტელეფონი Motorola Moto G06 LTE 4/128GB Tendril,Motorola Moto G06 LTE 4/128GB Tendril | Superi.ge,მობილური ტელეფონი Motorola Moto G06 LTE 4/128GB Tendril,"Motorola Moto G06 LTE 4/128GB Tendril არის ძლიერი სმარტფონი 6.88"" ეკრანით, 120 Hz განახლებით, 5200 mAh ელემენტით და Mali-G52 MC2 გრაფიკით, იდეალური ყოველდღიური გამოყენებისთვის Android 15 სისტემაზე",,,ქართული ტიპი დაემატა,არა
10220,S57784,https://superi.ge/motorola-moto-g57-power-5g-8-256gb-corsair/,mobiluri-teleponebi,Motorola Moto G57 Power 5G 8/256GB Corsair,მობილური ტელეფონი Motorola Moto G57 Power 5G 8/256GB Corsair,Motorola Moto G57 Power 5G 8/256GB Corsair | Superi.ge,მობილური ტელეფონი Motorola Moto G57 Power 5G 8/256GB Corsair,"Motorola Moto G57 Power 5G 8/256GB Corsair – გამძლე სმარტფონი 120 Hz IPS ეკრანით, 7000 mAh ელემენტით და 5G მხარდაჭერით. ძლიერი ბატარეა და პრაქტიკული ფუნქციები ყოველდღიური გამოყენებისთვის",,,ქართული ტიპი დაემატა,არა
10221,S56161,https://superi.ge/motorola-moto-g57-power-5g-8-256gb-fluidity/,mobiluri-teleponebi,Motorola Moto G57 Power 5G 8/256GB Fluidity,მობილური ტელეფონი Motorola Moto G57 Power 5G 8/256GB Fluidity,Motorola Moto G57 Power 5G 8/256GB Fluidity | Superi.ge,მობილური ტელეფონი Motorola Moto G57 Power 5G 8/256GB Fluidity,"Motorola Moto G57 Power 5G 8/256GB Fluidity – ძლიერი სმარტფონი 120 Hz IPS ეკრანით, 7000 mAh ელემენტით და 5G მხარდაჭერით. გამძლე კორპუსი და პრაქტიკული შესაძლებლობები ყოველდღიური გამოყენებისთვის.",,,ქართული ტიპი დაემატა,არა
3750,S26900,https://superi.ge/samsung-galaxy-a16-a165f-4-128gb-lte-grey/,mobiluri-teleponebi,SAMSUNG GALAXY A16 (A165F) 4/128GB LTE GREY,მობილური ტელეფონი SAMSUNG GALAXY A16 (A165F) 4/128GB LTE GREY,SAMSUNG GALAXY A16 (A165F) 4/128GB LTE GREY | Superi.ge,მობილური ტელეფონი SAMSUNG GALAXY A16 (A165F) 4/128GB LTE GREY,შეიძინეთ Samsung Galaxy A16 (A165F) 4/128GB LTE ნაცრისფერი სმარტფონი საუკეთესო ფასად და ისიამოვნეთ თანამედროვე ტექნოლოგიებითა და მაღალი წარმადობით.,,,ქართული ტიპი დაემატა,არა
5215,164694,https://superi.ge/samsung-galaxy-a36-a366e-8gb-128gb-black/,mobiluri-teleponebi,SAMSUNG GALAXY A36 (A366E) 8GB/128GB BLACK,მობილური ტელეფონი SAMSUNG GALAXY A36 (A366E) 8GB/128GB BLACK,SAMSUNG GALAXY A36 (A366E) 8GB/128GB BLACK | Superi.ge,მობილური ტელეფონი SAMSUNG GALAXY A36 (A366E) 8GB/128GB BLACK,"​შეიძინეთ Samsung Galaxy A36 (A366E) 8GB/128GB შავი - უახლესი 5G სმარტფონი 2025 წლის 2 მარტს გამოსვლით! 6.7"" Super AMOLED 120Hz ეკრანი, Snapdragon 6 Gen 3 პროცესორი, 50MP სამმაგი კამერა, 5000mAh ბატარეა 45W სწრაფი დამუხტვით. აღმოაჩინეთ უმაღლესი წარმადობა",,,ქართული ტიპი დაემატა,არა
5216,164697,https://superi.ge/samsung-galaxy-a36-a366e-8gb-128gb-violet/,mobiluri-teleponebi,SAMSUNG GALAXY A36 (A366E) 8GB/128GB VIOLET,მობილური ტელეფონი SAMSUNG GALAXY A36 (A366E) 8GB/128GB VIOLET,SAMSUNG GALAXY A36 (A366E) 8GB/128GB VIOLET | Superi.ge,მობილური ტელეფონი SAMSUNG GALAXY A36 (A366E) 8GB/128GB VIOLET,"Samsung Galaxy A36 (A366E) იასამნისფერი: 8GB RAM, 128GB მეხსიერება, 5000mAh ბატარეა 45W სწრაფი დამუხტვით. Android 15, Snapdragon 6 Gen 3 და 50MP სამმაგი კამერა",,,ქართული ტიპი დაემატა,არა
9480,S79949,https://superi.ge/samsung-galaxy-a07-a075fd-4-128gb-black/,mobiluri-teleponebi,Samsung Galaxy A07 A075FD 4/128GB Black,მობილური ტელეფონი Samsung Galaxy A07 A075FD 4/128GB Black,Samsung Galaxy A07 A075FD 4/128GB Black | Superi.ge,მობილური ტელეფონი Samsung Galaxy A07 A075FD 4/128GB Black,შეიძინეთ Samsung Galaxy A07 A075FD 4/128GB შავი სმარტფონი საუკეთესო ფასად. ისიამოვნეთ მაღალი წარმადობითა და დიდი მეხსიერებით ყოველდღიური ამოცანებისთვის.,,,ქართული ტიპი დაემატა,არა
9481,S35712,https://superi.ge/samsung-galaxy-a07-a075fd-4-64gb-violet/,mobiluri-teleponebi,Samsung Galaxy A07 A075FD 4/64GB Violet,მობილური ტელეფონი Samsung Galaxy A07 A075FD 4/64GB Violet,Samsung Galaxy A07 A075FD 4/64GB Violet | Superi.ge,მობილური ტელეფონი Samsung Galaxy A07 A075FD 4/64GB Violet,შეიძინეთ Samsung Galaxy A07 A075FD 4/64GB Violet სმარტფონი საუკეთესო ფასად და ისიამოვნეთ თანამედროვე ტექნოლოგიებით.,,,ქართული ტიპი დაემატა,არა
9734,I97083,https://superi.ge/samsung-galaxy-a56-black-128gb-sm-a566ezkacau/,mobiluri-teleponebi,Samsung Galaxy A56 Black 8/128GB SM-A566EZKACAU,მობილური ტელეფონი Samsung Galaxy A56 Black 8/128GB SM-A566EZKACAU,Samsung Galaxy A56 Black 8/128GB SM-A566EZKACAU | Superi.ge,მობილური ტელეფონი Samsung Galaxy A56 Black 8/128GB SM-A566EZKACAU,"Samsung Galaxy A56 — 6.7"" Super AMOLED 120Hz ეკრანით, 5G მხარდაჭერით, 50MP კამერით OIS-ით და 5000 mAh აკუმულატორით. ძლიერი Exynos 1580 პროცესორი, IP67 დაცვა და სწრაფი 45W დატენვა ყოველდღიური კომფორტისთვის",,,ქართული ტიპი დაემატა,არა
13675,S93108,https://superi.ge/samsung-sm-a085f-galaxy-a08-6gb-128gb-lte-duos-dark-blue/,mobiluri-teleponebi,Samsung SM-A085F Galaxy A08 6GB/128GB LTE Duos dark blue მობილური ტელეფონი,,Samsung SM-A085F Galaxy A08 6GB/128GB LTE Duos dark blue მობილური ტელეფონი | Superi.ge,,"Samsung SM-A085F Galaxy A08 6GB/128GB LTE Duos dark blue მობილური ტელეფონი — დეტალური მახასიათებლები, ფასი და ხელმისაწვდომობა იხილეთ Superi.ge-ზე.","Samsung SM-A085F Galaxy A08 6GB/128GB LTE Duos dark blue მობილური ტელეფონი: სერია Galaxy A08, sim ტიპი Nano-SIM + Nano-SIM, მობილური ქსელები GSM / HSPA / LTE.",,meta description: შაბლონური/გაბმული სიტყვები,არა
6219,S30975,https://superi.ge/xiaomi-redmi-a5-lte-3-64gb-black/,mobiluri-teleponebi,XIAOMI REDMI A5 LTE (3/64GB) BLACK,მობილური ტელეფონი XIAOMI REDMI A5 LTE (3/64GB) BLACK,XIAOMI REDMI A5 LTE (3/64GB) BLACK | Superi.ge,მობილური ტელეფონი XIAOMI REDMI A5 LTE (3/64GB) BLACK | Superi.ge,"Xiaomi Redmi A5 LTE (3/64GB): 6.88"" 120Hz IPS დისპლეი, 32MP კამერა, 5200 mAh ბატარეა, Android 15, Unisoc T7250 პროცესორი. შეიძინეთ ხელმისაწვდომ ფასად!",,,ქართული ტიპი დაემატა,არა
10197,S21252,https://superi.ge/xiaomi-17-ultra-nfc-16-512gb-5g-global-version-black/,mobiluri-teleponebi,Xiaomi 17 Ultra NFC (16/512GB) 5G Global Version black,მობილური ტელეფონი Xiaomi 17 Ultra NFC (16/512GB) 5G Global Version black,Xiaomi 17 Ultra NFC (16/512GB) 5G Global Version black | Superi.ge,მობილური ტელეფონი Xiaomi 17 Ultra NFC (16/512GB) 5G Global,"Xiaomi 17 Ultra 16/512GB Black – ფლაგმანური სმარტფონი 6.9” LTPO AMOLED 120Hz ეკრანით, Snapdragon 8 Elite Gen 5 პროცესორით, Leica 200MP კამერით და 6800mAh ბატარეით. მხარდაჭერილია 5G, Wi-Fi 7 და 90W სწრაფი დატენვა",,,ქართული ტიპი დაემატა,არა
10196,S41871,https://superi.ge/xiaomi-17-ultra-nfc-16-512gb-5g-global-version-green/,mobiluri-teleponebi,Xiaomi 17 Ultra NFC (16/512GB) 5G Global Version green,მობილური ტელეფონი Xiaomi 17 Ultra NFC (16/512GB) 5G Global Version green,Xiaomi 17 Ultra NFC (16/512GB) 5G Global Version green | Superi.ge,მობილური ტელეფონი Xiaomi 17 Ultra NFC (16/512GB) 5G Global,"Xiaomi 17 Ultra 16/512GB Green – ფლაგმანური სმარტფონი 6.9” LTPO AMOLED 120Hz ეკრანით, Snapdragon 8 Elite Gen 5 პროცესორით, Leica 200MP კამერით და 6800mAh ბატარეით. მხარდაჭერილია 5G, Wi-Fi 7 და 90W სწრაფი დატენვა",,,ქართული ტიპი დაემატა,არა
9492,S81836,https://superi.ge/xiaomi-poco-c71-lte-4-128gb-blue/,mobiluri-teleponebi,Xiaomi Poco C71 LTE 4/128GB Blue,მობილური ტელეფონი Xiaomi Poco C71 LTE 4/128GB Blue,Xiaomi Poco C71 LTE 4/128GB Blue | Superi.ge,მობილური ტელეფონი Xiaomi Poco C71 LTE 4/128GB Blue | Superi.ge,შეიძინეთ Xiaomi Poco C71 LTE 4/128GB ლურჯი სმარტფონი საუკეთესო ფასად. ისიამოვნეთ მაღალი წარმადობითა და დიდი მეხსიერებით ყოველდღიური ამოცანებისთვის.,,,ქართული ტიპი დაემატა,არა
10059,S33781,https://superi.ge/xiaomi-poco-c85-lte-8-256gb-purple/,mobiluri-teleponebi,Xiaomi Poco C85 LTE 8/256GB Purple,მობილური ტელეფონი Xiaomi Poco C85 LTE 8/256GB Purple,Xiaomi Poco C85 LTE 8/256GB Purple | Superi.ge,მობილური ტელეფონი Xiaomi Poco C85 LTE 8/256GB Purple | Superi.ge,"Xiaomi Poco C85 LTE 8/256GB Purple სმარტფონი 6.9"" HD+ IPS LCD ეკრანით, Helio G81 Ultra ჩიპსეტით, 8GB RAM-ით, 256GB მეხსიერებით, 50MP კამერით, 6000mAh ელემენტით, 33W დამუხტვით და რეკომენდებული აქსესუარების პაკეტით",,,ქართული ტიპი დაემატა,არა
15701,S36830,https://superi.ge/xiaomi-redmi-note-17-pro-5g-8-256gb-black/,mobiluri-teleponebi,Xiaomi Redmi Note 17 Pro 5G 8/256GB Black,მობილური ტელეფონი Xiaomi Redmi Note 17 Pro 5G 8/256GB Black,Xiaomi Redmi Note 17 Pro 5G 8/256GB Black | Superi.ge,მობილური ტელეფონი Xiaomi Redmi Note 17 Pro 5G 8/256GB Black,"Xiaomi Redmi Note 17 Pro 5G მობილური ტელეფონი 6.83"" ეკრანით, 8/256 GB მეხსიერებით, 8340 mAh ელემენტითა და 5G მხარდაჭერით.",,,ქართული ტიპი დაემატა,არა
15700,S20845,https://superi.ge/xiaomi-redmi-note-17-pro-5g-8-256gb-blue/,mobiluri-teleponebi,Xiaomi Redmi Note 17 Pro 5G 8/256GB Blue,მობილური ტელეფონი Xiaomi Redmi Note 17 Pro 5G 8/256GB Blue,Xiaomi Redmi Note 17 Pro 5G 8/256GB Blue | Superi.ge,მობილური ტელეფონი Xiaomi Redmi Note 17 Pro 5G 8/256GB Blue,"Xiaomi Redmi Note 17 Pro 5G მობილური ტელეფონი 6.83"" ეკრანით, 8/256 GB მეხსიერებით, 8340 mAh ელემენტითა და 5G მხარდაჭერით.",,,ქართული ტიპი დაემატა,არა
15702,S93553,https://superi.ge/xiaomi-redmi-note-17-pro-5g-8-256gb-orange/,mobiluri-teleponebi,Xiaomi Redmi Note 17 Pro 5G 8/256GB Orange,მობილური ტელეფონი Xiaomi Redmi Note 17 Pro 5G 8/256GB Orange,Xiaomi Redmi Note 17 Pro 5G 8/256GB Orange | Superi.ge,მობილური ტელეფონი Xiaomi Redmi Note 17 Pro 5G 8/256GB Orange,"Xiaomi Redmi Note 17 Pro 5G მობილური ტელეფონი 6.83"" ეკრანით, 8/256 GB მეხსიერებით, 8340 mAh ელემენტითა და 5G მხარდაჭერით.",,,ქართული ტიპი დაემატა,არა
1232,181368,https://superi.ge/apple-iphone-12-64gb-black/,mobiluri-teleponebi,მობილური ტელეფონი APPLE IPHONE 12 64GB BLACK,,მობილური ტელეფონი APPLE IPHONE 12 64GB BLACK,,"ეკრანი: 6.1"" (1170 x 2532), Super Retina XDR OLED პროცესორი: Apple A14 Bionic (5 nm) ოპერატიული მეხსიერება: 4GB შიდა მეხსიერების მოცულობა: 64GB კამერა: 12 MP + 12 MP / 12 MP + TOF 3D Camera მხარდაჭერა: 5G ზომა: 146.7 x 71.5 x 7.4 მმ / ფერი: შავი","მობილური ტელეფონი APPLE IPHONE 12 64GB BLACK: sim ბარათის რაოდენობა 1, sim ბარათის ტიპი Nano-SIM ეკრანი, დიაგონალი 6.1"", გაფართოება 1170 x 2532.",,meta description: სპეციფიკაციების ჩამონათვალი,არა
292,220809,https://superi.ge/nokia-c21-ta-1352-2gb-32gb-grey/,mobiluri-teleponebi,მობილური ტელეფონი NOKIA C21 (TA-1352) 2GB/32GB GREY,,მობილური ტელეფონი NOKIA C21 (TA-1352) 2GB/32GB GREY,,"ეკრანი: 6.52"" (1600 x 720), IPS LCD პროცესორი: Unisoc SC9863A ოპერატიული მეხსიერება: 2GB შიდა მეხსიერების მოცულობა: 32GB კამერა: 8 MP / 5 MP მხარდაჭერა: 4G ზომა: 169.9 x 77.9 x 8.8 მმ / წონა: 195 გრ","მობილური ტელეფონი NOKIA C21 (TA-1352) 2GB/32GB GREY: 4g LTE, sim ბარათის რაოდენობა 2, sim ბარათის ტიპი Nano-SIM ეკრანი, დიაგონალი 6.52"".",,meta description: სპეციფიკაციების ჩამონათვალი,არა
506,213973,https://superi.ge/tecno-camon-19-neo-ch6i-6gb-128gb-nfc-eco-black/,mobiluri-teleponebi,მობილური ტელეფონი TECNO CAMON 19 NEO (CH6I) 6GB/128GB NFC ECO BLACK,,მობილური TECNO CAMON 19 NEO 6GB/128GB NFC BLACK,,"ეკრანი: 6.8"" (1080 x 2460), IPS LCD პროცესორი: MediaTek Helio G85 (12nm) ოპერატიული მეხსიერება: 6GB შიდა მეხსიერების მოცულობა: 128GB კამერა: 48 MP + 2MP / 32 MP მხარდაჭერა: 2G, 3G, 4G, GPS, NFC ზომა: 168.8 x 76.9 x 8.5 მმ","მობილური ტელეფონი TECNO CAMON 19 NEO (CH6I) 6GB/128GB NFC ECO BLACK: sim ბარათის რაოდენობა 2, sim ბარათის ტიპი Nano-Sim ეკრანი, დიაგონალი 6.8"".",,meta description: სპეციფიკაციების ჩამონათვალი,არა
500,214049,https://superi.ge/tecno-pova-3-6gb-128gb-nfc-eco-black/,mobiluri-teleponebi,მობილური ტელეფონი TECNO POVA 3 6GB/128GB NFC ECO BLACK,,მობილური ტელეფონი TECNO POVA 3 6GB/128GB NFC ECO BLACK,,"ეკრანი: 6.9"" (1080 x 2460), IPS LCD, 90Hz პროცესორი: MediaTek Helio G88 (12nm) ოპერატიული მეხსიერება: 6GB შიდა მეხსიერების მოცულობა: 128GB მხარდაჭერა: 4G, GPS, NFC ფერი: შავი","მობილური ტელეფონი TECNO POVA 3 6GB/128GB NFC ECO BLACK: 4g LTE, sim ბარათის რაოდენობა 2, sim ბარათის ტიპი Nano-Sim ეკრანი, დიაგონალი 6.9"".",,meta description: სპეციფიკაციების ჩამონათვალი,არა
497,214052,https://superi.ge/tecno-pova-neo-6gb-128gb-geek-blue/,mobiluri-teleponebi,მობილური ტელეფონი TECNO POVA NEO 6GB/128GB GEEK BLUE,,მობილური ტელეფონი TECNO POVA NEO 6GB/128GB GEEK BLUE,,"ეკრანი: 6.8"" (720 x 1640), IPS LCD პროცესორი: MediaTek Helio G25 (12 nm) ოპერატიული მეხსიერება: 6 GB შიდა მეხსიერების მოცულობა: 128 GB მხარდაჭერა: 4G ფერი: ლურჯი","მობილური ტელეფონი TECNO POVA NEO 6GB/128GB GEEK BLUE: 4g LTE, sim ბარათის რაოდენობა 2, sim ბარათის ტიპი Nano-Sim ეკრანი, დიაგონალი 6.8"".",,meta description: სპეციფიკაციების ჩამონათვალი,არა
2103,236166,https://superi.ge/xiaomi-redmi-12-8gb-256gb-nfc-black/,mobiluri-teleponebi,მობილური ტელეფონი XIAOMI REDMI 12 (GLOBAL VERSION) 8GB/256GB NFC MIDNIGHT BLACK,,მობილური XIAOMI REDMI 12 (8GB/256GB) NFC BLACK,,ოპერატიული მეხსიერება: 8GB შიდა მეხსიერების მოცულობა: 256GB კამერა: 50 MP + 8 MP + 2 MP / 8 MP ოპერაციული სისტემის ვერსია: 13 (MIUI 14) აკუმულატორის მოცულობა: 5000 mAh,"მობილური ტელეფონი XIAOMI REDMI 12 (GLOBAL VERSION) 8GB/256GB NFC MIDNIGHT BLACK: სიჩქარე HSPA, LTE, sim ბარათის რაოდენობა 2, sim ბარათის ტიპი Nano-SIM ეკრანი.",,meta description: სპეციფიკაციების ჩამონათვალი,არა
12004,S97732,https://superi.ge/asus-rog-strix-z890-f-gaming-wifi/,motherboard,"დედა დაფა ASUS, ROG STRIX Z890-F GAMING WIFI",,"დედა დაფა ASUS, ROG STRIX Z890-F GAMING WIFI | Superi.ge",,"დედა დაფა ASUS, ROG STRIX Z890-F GAMING WIFI — მახასიათებლები, ფასი და ხელმისაწვდომობა იხილეთ Superi.ge-ზე და შეარჩიეთ სასურველი მოდელი ონლაინ.","დედა დაფა ASUS, ROG STRIX Z890-F GAMING WIFI: კატეგორია გეიმინგ დედაპლატა, სოკეტი LGA 1851, ჩიპსეტი Intel Z890, ფორმ-ფაქტორი EATX.",,meta description: შაბლონური/გაბმული სიტყვები,არა
2622,DY003,https://superi.ge/dyson-sv25-v8-absolute-silver/,mtversasrutebi,DYSON SV25 V8 ABSOLUTE SILVER,მტვერსასრუტი DYSON SV25 V8 ABSOLUTE SILVER,DYSON SV25 V8 ABSOLUTE SILVER,მტვერსასრუტი DYSON SV25 V8 ABSOLUTE SILVER | Superi.ge,"Dyson SV25 V8 Absolute – მაქსიმალური სისუფთავე თქვენი სახლისთვის. უსადენო, მძლავრი, მრავალფუნქციური მტვერსასრუტი Dyson-ის ინოვაციური ტექნოლოგიით.",,,ქართული ტიპი დაემატა,არა
2623,229762,https://superi.ge/dyson-sv28-v11-absolute-extra-nickel-red/,mtversasrutebi,DYSON SV28 V11 ABSOLUTE EXTRA NICKEL/RED,მტვერსასრუტი DYSON SV28 V11 ABSOLUTE EXTRA NICKEL/RED,DYSON SV28 V11 ABSOLUTE EXTRA NICKEL/RED,მტვერსასრუტი DYSON SV28 V11 ABSOLUTE EXTRA NICKEL/RED | Superi.ge,"DYSON SV28 V11 ABSOLUTE EXTRA NICKEL/RED — შესრუტვის სიმძლავრე 185 W და კონტეინერის ტევადობა 0,77 ლ. ფასი და ხელმისაწვდომობა იხილეთ Superi.ge-ზე.","მტვერსასრუტი DYSON SV28 V11 ABSOLUTE EXTRA NICKEL/RED: შესრუტვის სიმძლავრე 185 W, კონტეინერის ტევადობა 0,77 ლ, დასუფთავების ტიპი მშრალი.",,ქართული ტიპი დაემატა; meta description: შაბლონური/გაბმული სიტყვები,არა
2624,234477,https://superi.ge/dyson-v12-dt-slim-absolute-gray/,mtversasrutebi,DYSON V12 DT SLIM ABSOLUTE GRAY,მტვერსასრუტი DYSON V12 DT SLIM ABSOLUTE GRAY,DYSON V12 DT SLIM ABSOLUTE GRAY,მტვერსასრუტი DYSON V12 DT SLIM ABSOLUTE GRAY | Superi.ge,DYSON V12 DT SLIM ABSOLUTE GRAY — შესრუტვის სიმძლავრე 16 W და მტვრის კონტეინერის მოცულობა 340 მლ. ფასი და ხელმისაწვდომობა იხილეთ Superi.ge-ზე.,"მტვერსასრუტი DYSON V12 DT SLIM ABSOLUTE GRAY: შესრუტვის სიმძლავრე 16 W, მტვრის კონტეინერის მოცულობა 340 მლ, კვების ტიპი უსადენო, დასუფთავების ტიპი მშრალი.",,ქართული ტიპი დაემატა; meta description: შაბლონური/გაბმული სიტყვები,არა
14934,S91344,https://superi.ge/dreame-z40-aquacycle-pro-cordless-vacuum-cleaner-grey/,mtversasrutebi,Dreame Z40 AquaCycle Pro Cordless Vacuum Cleaner Grey,მტვერსასრუტი Dreame Z40 AquaCycle Pro Cordless Vacuum Cleaner Grey,Dreame Z40 AquaCycle Pro Cordless Vacuum Cleaner Grey | Superi.ge,მტვერსასრუტი Dreame Z40 AquaCycle Pro Cordless Vacuum Cleaner,"Dreame Z40 AquaCycle Pro Cordless Vacuum Cleaner ნაცრისფერი ვერტიკალური მტვერსასრუტი 610 W სიმძლავრით, 30000 Pa შეწოვის ძალით, 0.5 ლ კონტეინერით, HEPA ფილტრითა და 90 წუთამდე მუშაობის დროით.",,,ქართული ტიპი დაემატა,არა
8337,I92427,https://superi.ge/dyson-sv47-v15-detect-absolute-yellow-iron/,mtversasrutebi,Dyson SV47 V15 Detect Absolute - Yellow/Iron,მტვერსასრუტი Dyson SV47 V15 Detect Absolute - Yellow/Iron,Dyson SV47 V15 Detect Absolute - Yellow/Iron | Superi.ge,მტვერსასრუტი Dyson SV47 V15 Detect Absolute | Superi.ge,"​Dyson SV47 V15​ მძლავრი ხელის მტვერსასრუტი მშრალი წმენდისთვის, 14 ციკლონის ტექნოლოგიით და HEPA ფილტრით, მუშაობის ხანგრძლივობით 60 წუთამდე და შესრუტვის სიმძლავრით 240 A.W​",,,ქართული ტიპი დაემატა,არა
8441,DY037,https://superi.ge/dyson-v15s-detect-submarine-wet-and-dry-vacuum-cleaner-yellow-nickel/,mtversasrutebi,Dyson V15s Detect Submarine™ wet and dry vacuum cleaner - Yellow/Nickel,მტვერსასრუტი Dyson V15s Detect Submarine™ wet and dry vacuum cleaner - Yellow/Nickel,Dyson V15s Detect Submarine™ wet and dry vacuum cleaner - Yellow/Nickel | Superi.ge,მტვერსასრუტი Dyson V15s Detect Submarine™ wet and dry vacuum,"Dyson SV47 V15S Detect Submarine უსადენო მტვერსასრუტი მშრალი და სველი წმენდისთვის, 240 AW შეწოვის სიმძლავრით, HEPA ფილტრითა და 60-წუთიანი აკუმულატორის მუშაობით – სრულყოფილი სისუფთავე და კომფორტი.",,,ქართული ტიპი დაემატა,არა
8336,I96796,https://superi.ge/dyson-wr01-washg1-wet-and-dry-black-ultra-blue/,mtversasrutebi,Dyson WR01 WashG1 Wet and Dry - Black/Ultra Blue,მტვერსასრუტი Dyson WR01 WashG1 Wet and Dry - Black/Ultra Blue,Dyson WR01 WashG1 Wet and Dry - Black/Ultra Blue | Superi.ge,მტვერსასრუტი Dyson WR01 WashG1 Wet and Dry | Superi.ge,"​Dyson WR01 WashG1​ არის მაღალტექნოლოგიური ხელის მტვერსასრუტი სველი და მშრალი წმენდისთვის, ძლიერი ელემენტით, ეკრანით და თვითგაწმენდის ფუნქციით — იდეალური დიდი სივრცისთვის​",,,ქართული ტიპი დაემატა,არა
14936,S62701,https://superi.ge/lydsto-window-cleaning-robot-wl07-max-white/,mtversasrutebi,Lydsto Window Cleaning Robot WL07 MAX White,ფანჯრის საწმენდი რობოტი Lydsto WL07 MAX White,Lydsto Window Cleaning Robot WL07 MAX White | Superi.ge,ფანჯრის საწმენდი რობოტი Lydsto WL07 MAX White | Superi.ge,"Lydsto Window Cleaning Robot WL07 MAX თეთრი ფანჯრის საწმენდი რობოტი 72 W სიმძლავრით, 8000 Pa შეწოვის ძალითა და 30 წუთამდე მუშაობის დროით.",,,ქართული ტიპი დაემატა,არა
14937,S92802,https://superi.ge/lydsto-window-robot-wl09-white/,mtversasrutebi,Lydsto Window Robot WL09 White,ფანჯრის საწმენდი რობოტი Lydsto Window Robot WL09 White,Lydsto Window Robot WL09 White | Superi.ge,ფანჯრის საწმენდი რობოტი Lydsto Window Robot WL09 White,"Lydsto Window Robot WL09 თეთრი ფანჯრის საწმენდი რობოტი 72 W სიმძლავრით, 6000 Pa შეწოვის ძალითა და 30 წუთამდე მუშაობის დროით.",,,ქართული ტიპი დაემატა,არა
14932,S98378,https://superi.ge/roborock-cordless-stick-vacuum-cleaner-h60-hub-white/,mtversasrutebi,Roborock Cordless Stick Vacuum Cleaner H60 Hub White,რობოტი მტვერსასრუტი Roborock Cordless Stick Vacuum Cleaner H60 Hub White,Roborock Cordless Stick Vacuum Cleaner H60 Hub White | Superi.ge,რობოტი მტვერსასრუტი Roborock Cordless Stick Vacuum Cleaner,"Roborock Cordless Stick Vacuum Cleaner H60 Hub თეთრი ვერტიკალური მტვერსასრუტი 2 ლ კონტეინერით, HEPA ფილტრითა და 60 წუთამდე მუშაობის დროით.",,,ქართული ტიპი დაემატა,არა
14933,S47606,https://superi.ge/roborock-cordless-stick-vacuumcleaner-h60-hub-ultra-white/,mtversasrutebi,Roborock Cordless Stick VacuumCleaner H60 Hub Ultra White,რობოტი მტვერსასრუტი Roborock Cordless Stick VacuumCleaner H60 Hub Ultra White,Roborock Cordless Stick VacuumCleaner H60 Hub Ultra White | Superi.ge,რობოტი მტვერსასრუტი Roborock Cordless Stick VacuumCleaner H60,"Roborock Cordless Stick VacuumCleaner H60 Hub Ultra თეთრი ვერტიკალური მტვერსასრუტი 3 ლ კონტეინერით, HEPA ფილტრითა და 90 წუთამდე მუშაობის დროით.",,,ქართული ტიპი დაემატა,არა
14917,S33969,https://superi.ge/roborock-robot-vacuum-cleaner-dock-qr-798-white/,mtversasrutebi,Roborock Robot Vacuum Cleaner Dock QR 798 White,რობოტი მტვერსასრუტი Roborock Dock QR 798 White,Roborock Robot Vacuum Cleaner Dock QR 798 White | Superi.ge,რობოტი მტვერსასრუტი Roborock Dock QR 798 White | Superi.ge,"Roborock Robot Vacuum Cleaner Dock QR 798 თეთრი რობოტი მტვერსასრუტი 10000 Pa შეწოვის ძალით, 0.33 ლ კონტეინერით, HEPA ფილტრითა და 180 წუთამდე მუშაობის დროით.",,,ქართული ტიპი დაემატა,არა
14927,S82786,https://superi.ge/roborock-robot-vacuum-cleaner-qrevo-edge-5v1-black/,mtversasrutebi,Roborock Robot Vacuum Cleaner Qrevo Edge 5V1 Black,რობოტი მტვერსასრუტი Roborock Qrevo Edge 5V1 Black,Roborock Robot Vacuum Cleaner Qrevo Edge 5V1 Black | Superi.ge,რობოტი მტვერსასრუტი Roborock Qrevo Edge 5V1 Black | Superi.ge,"Roborock Robot Vacuum Cleaner Qrevo Edge 5V1 შავი რობოტი მტვერსასრუტი 17000 Pa შეწოვის ძალით, 0.325 ლ კონტეინერით, HEPA ფილტრითა და 180 წუთამდე მუშაობის დროით.",,,ქართული ტიპი დაემატა,არა
14913,S41853,https://superi.ge/roborock-robot-vacuum-q10-vf-black/,mtversasrutebi,Roborock Robot Vacuum Q10 VF Black,რობოტი მტვერსასრუტი Roborock Robot Vacuum Q10 VF Black,Roborock Robot Vacuum Q10 VF Black | Superi.ge,რობოტი მტვერსასრუტი Roborock Robot Vacuum Q10 VF Black,"Roborock Robot Vacuum Q10 VF შავი რობოტი მტვერსასრუტი 10000 Pa შეწოვის ძალით, 0.5 ლ კონტეინერით, HEPA ფილტრითა და 150 წუთამდე მუშაობის დროით.",,,ქართული ტიპი დაემატა,არა
14914,S40970,https://superi.ge/roborock-robot-vacuum-q10-vf-white/,mtversasrutebi,Roborock Robot Vacuum Q10 VF White,რობოტი მტვერსასრუტი Roborock Robot Vacuum Q10 VF White,Roborock Robot Vacuum Q10 VF White | Superi.ge,რობოტი მტვერსასრუტი Roborock Robot Vacuum Q10 VF White,"Roborock Robot Vacuum Q10 VF თეთრი რობოტი მტვერსასრუტი 10000 Pa შეწოვის ძალით, 0.5 ლ კონტეინერით, HEPA ფილტრითა და 150 წუთამდე მუშაობის დროით.",,,ქართული ტიპი დაემატა,არა
14922,S31829,https://superi.ge/roborock-robot-vacuum-qrevo-c-pro-black/,mtversasrutebi,Roborock Robot Vacuum Qrevo C Pro Black,რობოტი მტვერსასრუტი Roborock Robot Vacuum Qrevo C Pro Black,Roborock Robot Vacuum Qrevo C Pro Black | Superi.ge,რობოტი მტვერსასრუტი Roborock Robot Vacuum Qrevo C Pro Black,"Roborock Robot Vacuum Qrevo C Pro შავი რობოტი მტვერსასრუტი 18500 Pa შეწოვის ძალით, 0.325 ლ კონტეინერით, HEPA ფილტრითა და 180 წუთამდე მუშაობის დროით.",,,ქართული ტიპი დაემატა,არა
14923,S85624,https://superi.ge/roborock-robot-vacuum-qrevo-edge-2-pro-white/,mtversasrutebi,Roborock Robot Vacuum Qrevo Edge 2 Pro White,რობოტი მტვერსასრუტი Roborock Robot Vacuum Qrevo Edge 2 Pro White,Roborock Robot Vacuum Qrevo Edge 2 Pro White | Superi.ge,რობოტი მტვერსასრუტი Roborock Robot Vacuum Qrevo Edge 2 Pro White,"Roborock Robot Vacuum Qrevo Edge 2 Pro თეთრი რობოტი მტვერსასრუტი 25000 Pa შეწოვის ძალით, 0.245 ლ კონტეინერით, HEPA ფილტრითა და 190 წუთამდე მუშაობის დროით.",,,ქართული ტიპი დაემატა,არა
14924,S91884,https://superi.ge/roborock-robot-vacuum-saros-20-with-refill-and-drainage-system-black/,mtversasrutebi,Roborock Robot Vacuum Saros 20 with Refill & Drainage System Black,რობოტი მტვერსასრუტი Roborock Robot Vacuum Saros 20 with Refill & Drainage System Black,Roborock Robot Vacuum Saros 20 with Refill & Drainage System Black | Superi.ge,რობოტი მტვერსასრუტი Roborock Robot Vacuum Saros 20 with,"Roborock Robot Vacuum Saros 20 with Refill & Drainage System შავი რობოტი მტვერსასრუტი 36000 Pa შეწოვის ძალით, 0.259 ლ კონტეინერით, HEPA ფილტრითა და 200 წუთამდე მუშაობის დროით.",,,ქართული ტიპი დაემატა,არა
14935,S35846,https://superi.ge/roborock-wet-and-dry-vacuum-cleaner-f25-gen-2-black/,mtversasrutebi,Roborock Wet and Dry Vacuum Cleaner F25 Gen 2 Black,რობოტი მტვერსასრუტი Roborock Wet and Dry Vacuum Cleaner F25 Gen 2 Black,Roborock Wet and Dry Vacuum Cleaner F25 Gen 2 Black | Superi.ge,რობოტი მტვერსასრუტი Roborock Wet and Dry Vacuum Cleaner F25,"Roborock Wet and Dry Vacuum Cleaner F25 Gen 2 შავი სველი და მშრალი წმენდის მტვერსასრუტი 20000 Pa შეწოვის ძალით, HEPA ფილტრითა და 60 წუთამდე მუშაობის დროით.",,,ქართული ტიპი დაემატა,არა
14915,S30918,https://superi.ge/xiaomi-robot-vacuum-5-pro-white/,mtversasrutebi,Xiaomi Robot Vacuum 5 Pro White,რობოტი მტვერსასრუტი Xiaomi Robot Vacuum 5 Pro White,Xiaomi Robot Vacuum 5 Pro White | Superi.ge,რობოტი მტვერსასრუტი Xiaomi Robot Vacuum 5 Pro White | Superi.ge,"Xiaomi Robot Vacuum 5 Pro თეთრი რობოტი მტვერსასრუტი 20000 Pa შეწოვის ძალით, 0.29 ლ კონტეინერითა და HEPA ფილტრით.",,,ქართული ტიპი დაემატა,არა
14926,S21590,https://superi.ge/xiaomi-robot-vacuum-6-max-dark-grey/,mtversasrutebi,Xiaomi Robot Vacuum 6 Max Dark Grey,რობოტი მტვერსასრუტი Xiaomi Robot Vacuum 6 Max Dark Grey,Xiaomi Robot Vacuum 6 Max Dark Grey | Superi.ge,რობოტი მტვერსასრუტი Xiaomi Robot Vacuum 6 Max Dark Grey,"Xiaomi Robot Vacuum 6 Max ნაცრისფერი რობოტი მტვერსასრუტი 35000 Pa შეწოვის ძალით, 0.28 ლ კონტეინერითა და HEPA ფილტრით.",,,ქართული ტიპი დაემატა,არა
14925,S40949,https://superi.ge/xiaomi-robot-vacuum-6-white/,mtversasrutebi,Xiaomi Robot Vacuum 6 White,რობოტი მტვერსასრუტი Xiaomi Robot Vacuum 6 White,Xiaomi Robot Vacuum 6 White | Superi.ge,რობოტი მტვერსასრუტი Xiaomi Robot Vacuum 6 White | Superi.ge,"Xiaomi Robot Vacuum 6 თეთრი რობოტი მტვერსასრუტი 30000 Pa შეწოვის ძალით, 0.28 ლ კონტეინერითა და HEPA ფილტრით.",,,ქართული ტიპი დაემატა,არა
14921,S72201,https://superi.ge/xiaomi-robot-vacuum-h50-pro-white/,mtversasrutebi,Xiaomi Robot Vacuum H50 Pro White,რობოტი მტვერსასრუტი Xiaomi Robot Vacuum H50 Pro White,Xiaomi Robot Vacuum H50 Pro White | Superi.ge,რობოტი მტვერსასრუტი Xiaomi Robot Vacuum H50 Pro White | Superi.ge,"Xiaomi Robot Vacuum H50 Pro თეთრი რობოტი მტვერსასრუტი 15000 Pa შეწოვის ძალით, 2.5 ლ კონტეინერით, HEPA ფილტრითა და 180 წუთამდე მუშაობის დროით.",,,ქართული ტიპი დაემატა,არა
14920,S27203,https://superi.ge/xiaomi-robot-vacuum-h50-white/,mtversasrutebi,Xiaomi Robot Vacuum H50 White,რობოტი მტვერსასრუტი Xiaomi Robot Vacuum H50 White,Xiaomi Robot Vacuum H50 White | Superi.ge,რობოტი მტვერსასრუტი Xiaomi Robot Vacuum H50 White | Superi.ge,"Xiaomi Robot Vacuum H50 თეთრი რობოტი მტვერსასრუტი 10000 Pa შეწოვის ძალით, 2.5 ლ კონტეინერით, HEPA ფილტრითა და 180 წუთამდე მუშაობის დროით.",,,ქართული ტიპი დაემატა,არა
14918,S97219,https://superi.ge/xiaomi-robot-vacuum-s40-pro-white/,mtversasrutebi,Xiaomi Robot Vacuum S40 Pro White,რობოტი მტვერსასრუტი Xiaomi Robot Vacuum S40 Pro White,Xiaomi Robot Vacuum S40 Pro White | Superi.ge,რობოტი მტვერსასრუტი Xiaomi Robot Vacuum S40 Pro White | Superi.ge,"Xiaomi Robot Vacuum S40 Pro თეთრი რობოტი მტვერსასრუტი 15000 Pa შეწოვის ძალით, 0.43 ლ კონტეინერით, HEPA ფილტრითა და 180 წუთამდე მუშაობის დროით.",,,ქართული ტიპი დაემატა,არა
14919,S31801,https://superi.ge/xiaomi-robot-vacuum-s40c-white/,mtversasrutebi,Xiaomi Robot Vacuum S40C White,რობოტი მტვერსასრუტი Xiaomi Robot Vacuum S40C White,Xiaomi Robot Vacuum S40C White | Superi.ge,რობოტი მტვერსასრუტი Xiaomi Robot Vacuum S40C White | Superi.ge,"Xiaomi Robot Vacuum S40C თეთრი რობოტი მტვერსასრუტი 5000 Pa შეწოვის ძალით, 0.52 ლ კონტეინერით, HEPA ფილტრითა და 120 წუთამდე მუშაობის დროით.",,,ქართული ტიპი დაემატა,არა
14916,S68257,https://superi.ge/xiaomi-robot-vasuum-5-white/,mtversasrutebi,Xiaomi Robot Vaсuum 5 White,რობოტი მტვერსასრუტი Xiaomi Robot Vacuum 5 White,Xiaomi Robot Vaсuum 5 White | Superi.ge,რობოტი მტვერსასრუტი Xiaomi Robot Vacuum 5 White | Superi.ge,"Xiaomi Robot Vaсuum 5 თეთრი რობოტი მტვერსასრუტი 20000 Pa შეწოვის ძალით, 0.29 ლ კონტეინერითა და HEPA ფილტრით.",,xiaomi-robot-vacuum-5-white,კირილიცა → ლათინური; ქართული ტიპი დაემატა,არა
14929,S76053,https://superi.ge/xiaomi-truclean-w20-wet-dry-vacuum-white/,mtversasrutebi,Xiaomi Truclean W20 Wet Dry Vacuum White,მტვერსასრუტი Xiaomi Truclean W20 Wet Dry Vacuum White,Xiaomi Truclean W20 Wet Dry Vacuum White | Superi.ge,მტვერსასრუტი Xiaomi Truclean W20 Wet Dry Vacuum White | Superi.ge,"Xiaomi Truclean W20 Wet Dry Vacuum თეთრი სველი და მშრალი წმენდის მტვერსასრუტი 200 W სიმძლავრით, 15000 Pa შეწოვის ძალით, 0.55 ლ კონტეინერით, HEPA ფილტრითა და 30 წუთამდე მუშაობის დროით.",,,ქართული ტიპი დაემატა,არა
14930,S21648,https://superi.ge/xiaomi-truclean-w30-pro-wet-dry-vacuum/,mtversasrutebi,Xiaomi Truclean W30 Pro Wet Dry Vacuum,მტვერსასრუტი Xiaomi Truclean W30 Pro Wet Dry Vacuum,Xiaomi Truclean W30 Pro Wet Dry Vacuum | Superi.ge,მტვერსასრუტი Xiaomi Truclean W30 Pro Wet Dry Vacuum | Superi.ge,"Xiaomi Truclean W30 Pro Wet Dry Vacuum თეთრი სველი და მშრალი წმენდის მტვერსასრუტი 200 W სიმძლავრით, 18000 Pa შეწოვის ძალით, 0.7 ლ კონტეინერითა და 40 წუთამდე მუშაობის დროით.",,,ქართული ტიპი დაემატა,არა
14928,S45641,https://superi.ge/xiaomi-vacuum-cleaner-g20-lite-white/,mtversasrutebi,Xiaomi Vacuum Cleaner G20 Lite White,მტვერსასრუტი Xiaomi Vacuum Cleaner G20 Lite White,Xiaomi Vacuum Cleaner G20 Lite White | Superi.ge,მტვერსასრუტი Xiaomi Vacuum Cleaner G20 Lite White | Superi.ge,"Xiaomi Vacuum Cleaner G20 Lite თეთრი ვერტიკალური მტვერსასრუტი 215 W სიმძლავრით, 18000 Pa შეწოვის ძალით, 0.55 ლ კონტეინერით, HEPA ფილტრითა და 45 წუთამდე მუშაობის დროით.",,,ქართული ტიპი დაემატა,არა
12000,2E-VC2012SSD,https://superi.ge/2e-powerclean-2e-vc2012ssd/,mtversasrutebi,ინდუსტრიული მტვერსასრუტი 2E PowerClean (2E-VC2012SSD),,ინდუსტრიული მტვერსასრუტი 2E PowerClean (2E-VC2012SSD) | Superi.ge,,"ინდუსტრიული მტვერსასრუტი 2E PowerClean (2E-VC2012SSD) — მახასიათებლები, ფასი და ხელმისაწვდომობა იხილეთ Superi.ge-ზე და შეარჩიეთ სასურველი მოდელი ონლაინ.","ინდუსტრიული მტვერსასრუტი 2E PowerClean (2E-VC2012SSD): კატეგორია ინდუსტრიული მტვერსასრუტი, წმენდის ტიპი მშრალი და სველი წმენდა, კვების ტიპი ქსელის.",,meta description: შაბლონური/გაბმული სიტყვები,არა
1792,193296,https://superi.ge/arnica-et13212/,mtversasrutebi,მტვერსასრუტი ARNICA ET13212,,მტვერსასრუტი ARNICA ET13212|Superi.ge,,"მტვერსასრუტი ARNICA ET13212 — სიმძლავრე 850 W. დეტალური მახასიათებლები, ფასი და ხელმისაწვდომობა იხილეთ Superi.ge-ზე. შეუკვეთეთ ონლაინ.","მტვერსასრუტი ARNICA ET13212: სიმძლავრე 850 W, ფილტრის ტიპი HEPA, კვების ტიპი ქსელის, დასუფთავების რადიუსი 7 მ. ✓ ოფიციალური გარანტია ✓ მიწოდება საქართველოში.",,meta description: შაბლონური/გაბმული სიტყვები,არა
1348,193290,https://superi.ge/arnica-et13213/,mtversasrutebi,მტვერსასრუტი ARNICA ET13213,,მტვერსასრუტი ARNICA ET13213 | Superi.ge,,"ტიპი: ვერტიკალური სიმძლავრე: 850 W ფილტრის ტიპი: HEPA დასუფთავების რადიუსი: 7 მ კვების ტიპი: ქსელის ფერი: შავი, იასამნისფერი წონა: 1.7 კგ","მტვერსასრუტი ARNICA ET13213: სიმძლავრე 850 W, ფილტრის ტიპი HEPA, კვების ტიპი ქსელის, დასუფთავების რადიუსი 7 მ. ✓ ოფიციალური გარანტია ✓ მიწოდება საქართველოში.",,meta description: სპეციფიკაციების ჩამონათვალი,არა
692,193411,https://superi.ge/arnica-pika-et14411/,mtversasrutebi,მტვერსასრუტი ARNICA PIKA ET14411,,მტვერსასრუტი ARNICA PIKA ET14411,,"მტვერსასრუტი ARNICA PIKA ET14411 — სიმძლავრე 2400 W და შესრუტვის სიმძლავრე 750 W. დეტალური მახასიათებლები, ფასი და ხელმისაწვდომობა იხილეთ Superi.ge-ზე.","მტვერსასრუტი ARNICA PIKA ET14411: სიმძლავრე 2400 W, შესრუტვის სიმძლავრე 750 W, კონტეინერის ტევადობა 2.5 ლ, ჰაერის ფილტრი Washable AFS სისტემა.",,meta description: შაბლონური/გაბმული სიტყვები,არა
1468,195136,https://superi.ge/arshia-vc150-2295/,mtversasrutebi,მტვერსასრუტი ARSHIA VC150-2295,,მტვერსასრუტი ARSHIA VC150-2295,,"მტვერსასრუტი ARSHIA VC150-2295 — სიმძლავრე 1800–2400 W. დეტალური მახასიათებლები, ფასი და ხელმისაწვდომობა იხილეთ Superi.ge-ზე.","მტვერსასრუტი ARSHIA VC150-2295: სიმძლავრე 1800- 2400 W, დასუფთავების ტიპი მშრალი, ფილტრის ტიპი HEPA, კვების ტიპი ქსელის.",,meta description: შაბლონური/გაბმული სიტყვები,არა
140,CT0000007983,https://superi.ge/beko-vcc-44824-aw/,mtversasrutebi,მტვერსასრუტი BEKO VCC 44824 AW,,მტვერსასრუტი BEKO VCC 44824 AW,,"მტვერსასრუტი BEKO VCC 44824 AW — მაქსიმალური სიმძლავრე 800 W და ხმაურის დონე 72 dB. დეტალური მახასიათებლები, ფასი და ხელმისაწვდომობა იხილეთ Superi.ge-ზე.","მტვერსასრუტი BEKO VCC 44824 AW: მაქსიმალური სიმძლავრე 800 W, ხმაურის დონე 72 dB, ფილტრის ტიპი HEPA, კვების ტიპი დენზე.",,meta description: შაბლონური/გაბმული სიტყვები,არა
434,212672,https://superi.ge/bort-bvc-95/,mtversasrutebi,მტვერსასრუტი BORT BVC-95,,მტვერსასრუტი BORT BVC-95|Superi.ge,,"მტვერსასრუტი BORT BVC-95 — სიმძლავრე 95 W. დეტალური მახასიათებლები, ფასი და ხელმისაწვდომობა იხილეთ Superi.ge-ზე. შეუკვეთეთ ონლაინ.","მტვერსასრუტი BORT BVC-95: სიმძლავრე 95 W, კვება ავტომობილის სანთებელიდან, ძაბვა 12 V. ✓ ოფიციალური გარანტია ✓ მიწოდება საქართველოში.",,meta description: შაბლონური/გაბმული სიტყვები,არა
3145,I69444,https://superi.ge/bosch-bbhf214r/,mtversasrutebi,მტვერსასრუტი BOSCH BBHF214R,,მტვერსასრუტი BOSCH BBHF214R,,"მტვერსასრუტი BOSCH BBHF214R — მექანიკური მართვა და მტვრის კონტეინერის მოცულობა 0,4 ლ. დეტალური მახასიათებლები, ფასი და ხელმისაწვდომობა იხილეთ Superi.ge-ზე.","მტვერსასრუტი BOSCH BBHF214R: რეჟიმების რაოდენობა 2, მართვის ტიპი მექანიკური, მტვრის კონტეინერის მოცულობა 0.4 ლ, კვების ტიპი აკუმულატორი.",,meta description: შაბლონური/გაბმული სიტყვები,არა
3057,I73103,https://superi.ge/bosch-bch85n/,mtversasrutebi,მტვერსასრუტი BOSCH BCH85N,,მტვერსასრუტი BOSCH BCH85N,,"მტვერსასრუტი BOSCH BCH85N — ხმაურის დონე 81 dB A და მტვრის კონტეინერის მოცულობა 0,9 ლ. დეტალური მახასიათებლები, ფასი და ხელმისაწვდომობა იხილეთ Superi.ge-ზე.","მტვერსასრუტი BOSCH BCH85N: მტვრის კონტეინერის მოცულობა 0,9 ლ, დასუფთავების ტიპი მშრალი, ხმაურის დონე 81 dB(A), კვების ტიპი აკუმულატორი.",,meta description: შაბლონური/გაბმული სიტყვები,არა
3068,I91543,https://superi.ge/bosch-bch86hyg1/,mtversasrutebi,მტვერსასრუტი BOSCH BCH86HYG1,,მტვერსასრუტი BOSCH BCH86HYG1,,"მტვერსასრუტი BOSCH BCH86HYG1 — მტვრის კონტეინერის მოცულობა 900 მლ. დეტალური მახასიათებლები, ფასი და ხელმისაწვდომობა იხილეთ Superi.ge-ზე.","მტვერსასრუტი BOSCH BCH86HYG1: მტვრის კონტეინერის მოცულობა 900 მლ, კვების ტიპი უსადენო, დასუფთავების ტიპი მშრალი, ძაბვა 28 V.",,meta description: შაბლონური/გაბმული სიტყვები,არა
3058,I70902,https://superi.ge/bosch-bch86sil1/,mtversasrutebi,მტვერსასრუტი BOSCH BCH86SIL1,,მტვერსასრუტი BOSCH BCH86SIL1,,"მტვერსასრუტი BOSCH BCH86SIL1 — ხმაურის დონე 79 dB A და მტვრის კონტეინერის მოცულობა 0,9 ლ. ფასი და ხელმისაწვდომობა იხილეთ Superi.ge-ზე.","მტვერსასრუტი BOSCH BCH86SIL1: მტვრის კონტეინერის მოცულობა 0,9 ლ, დასუფთავების ტიპი მშრალი, ხმაურის დონე 79 dB(A), კვების ტიპი აკუმულატორი.",,meta description: შაბლონური/გაბმული სიტყვები,არა
3085,S29252,https://superi.ge/bosch-bchf2mx20/,mtversasrutebi,მტვერსასრუტი BOSCH BCHF2MX20,,მტვერსასრუტი BOSCH BCHF2MX20,,"მტვერსასრუტი BOSCH BCHF2MX20 — ხმაურის დონე 81 dB A და მტვრის კონტეინერის მოცულობა 0,4 ლ. ფასი და ხელმისაწვდომობა იხილეთ Superi.ge-ზე.","მტვერსასრუტი BOSCH BCHF2MX20: მტვრის კონტეინერის მოცულობა 0,4 ლ, დასუფთავების ტიპი მშრალი, ხმაურის დონე 81 dB(A), კვების ტიპი აკუმულატორი.",,meta description: შაბლონური/გაბმული სიტყვები,არა
701,S45308,https://superi.ge/bosch-bcs711pet/,mtversasrutebi,მტვერსასრუტი BOSCH BCS711PET,,მტვერსასრუტი BOSCH BCS711PET|Superi.ge,,"მტვერსასრუტი BOSCH BCS711PET — ხმაურის დონე 82 dB და მტვრის კონტეინერის მოცულობა 0,3 ლ. დეტალური მახასიათებლები, ფასი და ხელმისაწვდომობა იხილეთ Superi.ge-ზე.","მტვერსასრუტი BOSCH BCS711PET: მტვრის კონტეინერის მოცულობა 0.3 ლ, დასუფთავების ტიპი მშრალი, ხმაურის დონე 82 dB, კვების ტიპი აკუმულატორი.",,meta description: შაბლონური/გაბმული სიტყვები,არა
3030,S68532,https://superi.ge/bosch-bcs711xxl/,mtversasrutebi,მტვერსასრუტი BOSCH BCS711XXL,,მტვერსასრუტი BOSCH BCS711XXL,,"მტვერსასრუტი BOSCH BCS711XXL — ხმაურის დონე 82 dB A მახასი და მექანიკური მართვა. დეტალური მახასიათებლები, ფასი და ხელმისაწვდომობა იხილეთ Superi.ge-ზე.","მტვერსასრუტი BOSCH BCS711XXL: რეჟიმების რაოდენობა 3, მართვის ტიპი მექანიკური, წმენდის ტიპი მშრალი, კვების ტიპი აკუმულატორი.",,meta description: შაბლონური/გაბმული სიტყვები,არა
1480,S17202,https://superi.ge/bosch-bcs712xxl/,mtversasrutebi,მტვერსასრუტი BOSCH BCS712XXL,,მტვერსასრუტი BOSCH BCS712XXL|Superi.ge,,"მტვერსასრუტი BOSCH BCS712XXL — ხმაურის დონე 82 dB A re 1 pW და მტვრის კონტეინერის მოცულობა 0,3 ლ. ფასი და ხელმისაწვდომობა იხილეთ Superi.ge-ზე.","მტვერსასრუტი BOSCH BCS712XXL: მტვრის კონტეინერის მოცულობა 0.3 ლ, დასუფთავების ტიპი მშრალი, ხმაურის დონე 82 dB(A) re 1 pW, კვების ტიპი აკუმულატორი.",,meta description: შაბლონური/გაბმული სიტყვები,არა
1599,S80712,https://superi.ge/bosch-bgc05aaa1/,mtversasrutebi,მტვერსასრუტი BOSCH BGC05AAA1,,მტვერსასრუტი BOSCH BGC05AAA1|Superi.ge,,"მტვერსასრუტი BOSCH BGC05AAA1 — მაქსიმალური სიმძლავრე 700 W. დეტალური მახასიათებლები, ფასი და ხელმისაწვდომობა იხილეთ Superi.ge-ზე.","მტვერსასრუტი BOSCH BGC05AAA1: ენერგო ეფექტურობის კლასი A, მტვრის ემისიის კლასი A, მყარი ზედაპირის მოსუფთავების კლასი A, მაქსიმალური სიმძლავრე 700 W.",,meta description: შაბლონური/გაბმული სიტყვები,არა
3130,S48011,https://superi.ge/bosch-bgc21hyg1/,mtversasrutebi,მტვერსასრუტი BOSCH BGC21HYG1,,მტვერსასრუტი BOSCH BGC21HYG1,,"მტვერსასრუტი BOSCH BGC21HYG1 — მტვრის კონტეინერის მოცულობა 2 ლ. დეტალური მახასიათებლები, ფასი და ხელმისაწვდომობა იხილეთ Superi.ge-ზე.","მტვერსასრუტი BOSCH BGC21HYG1: მტვრის კონტეინერის მოცულობა 2 ლ, დასუფთავების რადიუსი 10 მ, დასუფთავების ტიპი მშრალი, მილის ტიპი ტელესკოპური.",,meta description: შაბლონური/გაბმული სიტყვები,არა
3054,S64172,https://superi.ge/bosch-bgs05a222/,mtversasrutebi,მტვერსასრუტი BOSCH BGS05A222,,მტვერსასრუტი BOSCH BGS05A222,,"მტვერსასრუტი BOSCH BGS05A222 — სიმძლავრე 700 W და ხმაურის დონე 78 dB A მახასიათებ. დეტალური მახასიათებლები, ფასი და ხელმისაწვდომობა იხილეთ Superi.ge-ზე.","მტვერსასრუტი BOSCH BGS05A222: სიმძლავრე 700 W, მტვრის კონტეინერის მოცულობა 1.5 ლ, დასუფთავების რადიუსი 9 მ, დასუფთავების ტიპი მშრალი.",,meta description: შაბლონური/გაბმული სიტყვები,არა
1478,I76832,https://superi.ge/bosch-bgs21pow2/,mtversasrutebi,მტვერსასრუტი BOSCH BGS21POW2,,მტვერსასრუტი BOSCH BGS21POW2|Superi.ge,,"მტვერსასრუტი BOSCH BGS21POW2 — მაქსიმალური სიმძლავრე 750 W და მტვრის კონტეინერის მოცულობა 2,0 ლ. ფასი და ხელმისაწვდომობა იხილეთ Superi.ge-ზე.","მტვერსასრუტი BOSCH BGS21POW2: მაქსიმალური სიმძლავრე 750 W, მტვრის კონტეინერის მოცულობა 2.0 ლ, დასუფთავების ტიპი მშრალი, ფილტრის ტიპი HEPA.",,meta description: შაბლონური/გაბმული სიტყვები,არა
709,S27148,https://superi.ge/bosch-bgs412000/,mtversasrutebi,მტვერსასრუტი BOSCH BGS412000,,მტვერსასრუტი BOSCH BGS412000 | Superi.ge,,ტიპი: ტომრის გარეშე (კონტეინერით) მაქსიმალური სიმძლავრე: 1800 W მტვრის კონტეინერის მოცულობა: 2.4 ლ ფილტრის ტიპი: HEPA ზომა: 267 x 324 x 474 მმ / ფერი: ლურჯი,"მტვერსასრუტი BOSCH BGS412000: სერია სერია 6, მაქსიმალური სიმძლავრე 1800 W, მტვრის კონტეინერის მოცულობა 2.4 ლ, დასუფთავების ტიპი მშრალი.",,meta description: სპეციფიკაციების ჩამონათვალი,არა
3084,S11232,https://superi.ge/bosch-bgs41hyg1/,mtversasrutebi,მტვერსასრუტი BOSCH BGS41HYG1,,მტვერსასრუტი BOSCH BGS41HYG1,,"მტვერსასრუტი BOSCH BGS41HYG1 — სიმძლავრე 550 W და ხმაურის დონე 72 dB A მახასიათე. დეტალური მახასიათებლები, ფასი და ხელმისაწვდომობა იხილეთ Superi.ge-ზე.","მტვერსასრუტი BOSCH BGS41HYG1: სიმძლავრე 550 W, მტვრის კონტეინერის მოცულობა 2.4 ლ, დასუფთავების რადიუსი 10 მ, დასუფთავების ტიპი მშრალი.",,meta description: შაბლონური/გაბმული სიტყვები,არა
703,I73563,https://superi.ge/bosch-bgs7pet/,mtversasrutebi,მტვერსასრუტი BOSCH BGS7PET,,მტვერსასრუტი BOSCH BGS7PET|Superi.ge,,"მტვერსასრუტი BOSCH BGS7PET — მტვრის კონტეინერის მოცულობა 3 ლ. დეტალური მახასიათებლები, ფასი და ხელმისაწვდომობა იხილეთ Superi.ge-ზე.","მტვერსასრუტი BOSCH BGS7PET: მტვრის კონტეინერის მოცულობა 3 ლ, დასუფთავების ტიპი მშრალი, ფილტრის ტიპი რეცხვადი HEPA, მუშაობის რადიუსი 11 მ.",,meta description: შაბლონური/გაბმული სიტყვები,არა
3055,I74813,https://superi.ge/bosch-bgs7pow1/,mtversasrutebi,მტვერსასრუტი BOSCH BGS7POW1,,მტვერსასრუტი BOSCH BGS7POW1,,"მტვერსასრუტი BOSCH BGS7POW1 — მოცულობა 3 ლ, სიმძლავრე 800 W და მექანიკური მართვა. დეტალური მახასიათებლები, ფასი და ხელმისაწვდომობა იხილეთ Superi.ge-ზე.","მტვერსასრუტი BOSCH BGS7POW1: სიმძლავრე 800 W, მტვრის ტომრის მოცულობა 3 ლ, დასუფთავების ტიპი მშრალი, მართვის ტიპი მექანიკური.",,meta description: შაბლონური/გაბმული სიტყვები,არა
3064,S93626,https://superi.ge/bosch-bwd421pet/,mtversasrutebi,მტვერსასრუტი BOSCH BWD421PET,,მტვერსასრუტი BOSCH BWD421PET,,"მტვერსასრუტი BOSCH BWD421PET — სიმძლავრე 1400 W და მტვრის კონტეინერის მოცულობა 3 ლ. დეტალური მახასიათებლები, ფასი და ხელმისაწვდომობა იხილეთ Superi.ge-ზე.","მტვერსასრუტი BOSCH BWD421PET: სიმძლავრე 1400 W, მტვრის კონტეინერის მოცულობა 3 ლ, დასუფთავების ტიპი მშრალი/სველი, ფილტრის ტიპი რეცხვადი HEPA.",,meta description: შაბლონური/გაბმული სიტყვები,არა
2228,227353,https://superi.ge/dyson-sv30-v12-slim-absolute-grey/,mtversasrutebi,მტვერსასრუტი DYSON SV30 V12 SLIM ABSOLUTE GREY,,მტვერსასრუტი DYSON SV30 V12 SLIM ABSOLUTE GREY,,მტვერსასრუტი DYSON SV30 V12 SLIM ABSOLUTE GREY — სიმძლავრე 545 W და შესრუტვის სიმძლავრე 150 W. ფასი და ხელმისაწვდომობა იხილეთ Superi.ge-ზე.,"მტვერსასრუტი DYSON SV30 V12 SLIM ABSOLUTE GREY: სიმძლავრე 545 W, შესრუტვის სიმძლავრე 150 W, კონტეინერის ტევადობა 350 მლ, დასუფთავების ტიპი მშრალი.",,meta description: შაბლონური/გაბმული სიტყვები,არა
699,176453,https://superi.ge/franko-fvc-1156/,mtversasrutebi,მტვერსასრუტი FRANKO FVC-1156,,მტვერსასრუტი FRANKO FVC-1156|Superi.ge,,"მტვერსასრუტი FRANKO FVC-1156 — სიმძლავრე 450 W და მაქსიმალური სიმძლავრე 2000–2200 W. დეტალური მახასიათებლები, ფასი და ხელმისაწვდომობა იხილეთ Superi.ge-ზე.","მტვერსასრუტი FRANKO FVC-1156: მაქსიმალური სიმძლავრე 2000-2200 W, შეწოვის სიმძლავრე 450 W, დასუფთავების ტიპი მშრალი, მტვრის კონტეინერის მოცულობა 3.5 ლ.",,meta description: შაბლონური/გაბმული სიტყვები,არა
713,173721,https://superi.ge/franko-fvc-1157/,mtversasrutebi,მტვერსასრუტი FRANKO FVC-1157,,მტვერსასრუტი FRANKO FVC-1157|Superi.ge,,"მტვერსასრუტი FRANKO FVC-1157 — სიმძლავრე 450 W და მაქსიმალური სიმძლავრე 2600 W. დეტალური მახასიათებლები, ფასი და ხელმისაწვდომობა იხილეთ Superi.ge-ზე.","მტვერსასრუტი FRANKO FVC-1157: მაქსიმალური სიმძლავრე 2600 W, შეწოვის სიმძლავრე 450 W, მტვრის კონტეინერის მოცულობა 2 ლ, ფილტრის ტიპი HEPA.",,meta description: შაბლონური/გაბმული სიტყვები,არა
3164,I70145,https://superi.ge/gorenje-svc216gfw/,mtversasrutebi,მტვერსასრუტი GORENJE SVC216GFW,,მტვერსასრუტი GORENJE SVC216GFW,,"მტვერსასრუტი GORENJE SVC216GFW — მტვრის კონტეინერის მოცულობა 500 მლ. დეტალური მახასიათებლები, ფასი და ხელმისაწვდომობა იხილეთ Superi.ge-ზე.","მტვერსასრუტი GORENJE SVC216GFW: მტვრის კონტეინერის მოცულობა 500 მლ, კვების ტიპი უსადენო, დასუფთავების ტიპი მშრალი, ფილტრის ტიპი HEPA.",,meta description: შაბლონური/გაბმული სიტყვები,არა
3179,I91740,https://superi.ge/gorenje-vc1801sfabkr/,mtversasrutebi,მტვერსასრუტი GORENJE VC1801SFABKR,,მტვერსასრუტი GORENJE VC1801SFABKR,,"მტვერსასრუტი GORENJE VC1801SFABKR — სიმძლავრე 1800 W და შესრუტვის სიმძლავრე 280 W. დეტალური მახასიათებლები, ფასი და ხელმისაწვდომობა იხილეთ Superi.ge-ზე.","მტვერსასრუტი GORENJE VC1801SFABKR: სიმძლავრე 1800 W, შესრუტვის სიმძლავრე 280 W, მტვრის კონტეინერის მოცულობა 3 ლ, დასუფთავების რადიუსი 8 მ.",,meta description: შაბლონური/გაბმული სიტყვები,არა
3147,I65345,https://superi.ge/gorenje-vc2302galrcy/,mtversasrutebi,მტვერსასრუტი GORENJE VC2302GALRCY,,მტვერსასრუტი GORENJE VC2302GALRCY,,"მტვერსასრუტი GORENJE VC2302GALRCY — მოცულობა 3,3 ლ, სიმძლავრე 2300 W და შესრუტვის სიმძლავრე 330 W. ფასი და ხელმისაწვდომობა იხილეთ Superi.ge-ზე.","მტვერსასრუტი GORENJE VC2302GALRCY: სიმძლავრე 2300 W, შესრუტვის სიმძლავრე 330 W, კონტეინერის მოცულობა 3.3 ლ, დასუფთავების ტიპი მშრალი.",,meta description: შაბლონური/გაბმული სიტყვები,არა
3178,I61752,https://superi.ge/gorenje-vc2303galbkcy/,mtversasrutebi,მტვერსასრუტი GORENJE VC2303GALBKCY,,მტვერსასრუტი GORENJE VC2303GALBKCY,,"მტვერსასრუტი GORENJE VC2303GALBKCY — სიმძლავრე 2300 W და შესრუტვის სიმძლავრე 330 W. დეტალური მახასიათებლები, ფასი და ხელმისაწვდომობა იხილეთ Superi.ge-ზე.","მტვერსასრუტი GORENJE VC2303GALBKCY: სიმძლავრე 2300 W, შესრუტვის სიმძლავრე 330 W, მტვრის კონტეინერის მოცულობა 3.3 ლ, დასუფთავების რადიუსი 8 მ.",,meta description: შაბლონური/გაბმული სიტყვები,არა
3087,I90060,https://superi.ge/gorenje-vce03sprcy/,mtversasrutebi,მტვერსასრუტი GORENJE VCE03SPRCY,,მტვერსასრუტი GORENJE VCE03SPRCY,,"მტვერსასრუტი GORENJE VCE03SPRCY — სიმძლავრე 800 W და ხმაურის დონე 79 dB. დეტალური მახასიათებლები, ფასი და ხელმისაწვდომობა იხილეთ Superi.ge-ზე.","მტვერსასრუტი GORENJE VCE03SPRCY: სიმძლავრე 800 W, მტვრის კონტეინერის მოცულობა 1.7 ლ, დასუფთავების ტიპი მშრალი, ხმაურის დონე 79 dB.",,meta description: შაბლონური/გაბმული სიტყვები,არა
3131,I95081,https://superi.ge/gorenje-vcea03gapracy/,mtversasrutebi,მტვერსასრუტი GORENJE VCEA03GAPRACY,,მტვერსასრუტი GORENJE VCEA03GAPRACY,,"მტვერსასრუტი GORENJE VCEA03GAPRACY — ხმაურის დონე 67 dB A და მტვრის კონტეინერის მოცულობა 3,3 ლ. ფასი და ხელმისაწვდომობა იხილეთ Superi.ge-ზე.","მტვერსასრუტი GORENJE VCEA03GAPRACY: მტვრის კონტეინერის მოცულობა 3.3 ლ, დასუფთავების რადიუსი 10 მ, დასუფთავების ტიპი მშრალი, ხმაურის დონე 67 dB(A).",,meta description: შაბლონური/გაბმული სიტყვები,არა
707,186798,https://superi.ge/ilife-h70-cordless-stick-vacuum-cleaner/,mtversasrutebi,მტვერსასრუტი ILIFE H70 CORDLESS STICK VACUUM CLEANER,,მტვერსასრუტი ILIFE H70 CORDLESS STICK VACUUM CLEANER,,"მტვერსასრუტი ILIFE H70 CORDLESS STICK VACUUM CLEANER — სიმძლავრე 21500Pa. დეტალური მახასიათებლები, ფასი და ხელმისაწვდომობა იხილეთ Superi.ge-ზე.","მტვერსასრუტი ILIFE H70 CORDLESS STICK VACUUM CLEANER: შეწოვის სიმძლავრე 21500Pa, მტვრის კონტეინერის მოცულობა 1.2 ლ, კვების ტიპი აკუმულატორი.",,meta description: შაბლონური/გაბმული სიტყვები,არა
2974,I93360,https://superi.ge/karcher-vc-3-1-198-053-0/,mtversasrutebi,მტვერსასრუტი KARCHER VC 3 (1.198-053.0),,მტვერსასრუტი KARCHER VC 3 (1.198-053.0),,"მტვერსასრუტი KARCHER VC 3 (1.198-053.0) — მოცულობა 0,9 ლ და სიმძლავრე 700 W. დეტალური მახასიათებლები, ფასი და ხელმისაწვდომობა იხილეთ Superi.ge-ზე.","მტვერსასრუტი KARCHER VC 3 (1.198-053.0): სიმძლავრე 700 W, ნარჩენების კონტეინერის მოცულობა 0.9 ლ, დასუფთავების ტიპი მშრალი, ხმის დონე 76 dB(A).",,meta description: შაბლონური/გაბმული სიტყვები,არა
711,208011,https://superi.ge/karcher-wd-3s-1-628-135-0/,mtversasrutebi,მტვერსასრუტი KARCHER WD 3S (1.628-135.0),,მტვერსასრუტი KARCHER WD 3S (1.628-135.0),,მტვერსასრუტი KARCHER WD 3S (1.628-135.0) — სიმძლავრე 1000 W და მტვრის კონტეინერის მოცულობა 17 ლ. ფასი და ხელმისაწვდომობა იხილეთ Superi.ge-ზე.,"მტვერსასრუტი KARCHER WD 3S (1.628-135.0): სიმძლავრე 1000 W, მტვრის კონტეინერის მოცულობა 17 ლ, დასუფთავების ტიპი მშრალი / ნოტიო.",,meta description: შაბლონური/გაბმული სიტყვები,არა
2446,I89371,https://superi.ge/lg-a9n-prime-bbwqcis/,mtversasrutebi,მტვერსასრუტი LG A9N-PRIME.BBWQCIS,,მტვერსასრუტი LG A9N-PRIME.BBWQCIS,,"მტვერსასრუტი LG A9N-PRIME.BBWQCIS — სიმძლავრე 450 W და ინვერტორული ძრავა. დეტალური მახასიათებლები, ფასი და ხელმისაწვდომობა იხილეთ Superi.ge-ზე.","მტვერსასრუტი LG A9N-PRIME.BBWQCIS: ძრავის ტიპი ინვერტორული, სიმძლავრე 450 W, მტვრის კონტეინერის მოცულობა 440 მლ, კვების ტიპი უსადენო.",,meta description: შაბლონური/გაბმული სიტყვები,არა
3872,S72942,https://superi.ge/midea-p8-plus-mp08gebk-ds/,mtversasrutebi,მტვერსასრუტი MIDEA P8 PLUS (MP08GEBK-DS),,მტვერსასრუტი MIDEA P8 PLUS (MP08GEBK-DS) | Superi.ge,,მიდეას უსადენო მტვერსასრუტს MP08GEBK-DS აქვს ავტომატური დაცლა ფერი : შავი სიმძლავრე : 350W შეწოვის ძალა : 120W სადგამის ძალა :1100 w ელემენტი: 2000 mAh მუშობის ხანგრძლივობა : 10/20/60წთ,"მტვერსასრუტი MIDEA P8 PLUS (MP08GEBK-DS): მტვრის კონტეინერის მოცულობა 600 მლ, სიმძლავრე 350 W, შეწოვის ძალა 120 W, სადგამის სიმძლავრე 1100 W.",,meta description: სპეციფიკაციების ჩამონათვალი,არა
3175,I57017,https://superi.ge/rowenta-ro3786ea/,mtversasrutebi,მტვერსასრუტი ROWENTA RO3786EA,,მტვერსასრუტი ROWENTA RO3786EA,,"მტვერსასრუტი ROWENTA RO3786EA — მოცულობა 1,5 ლ და სიმძლავრე 700 W. დეტალური მახასიათებლები, ფასი და ხელმისაწვდომობა იხილეთ Superi.ge-ზე.","მტვერსასრუტი ROWENTA RO3786EA: სიმძლავრე 700 W, კონტეინერის მოცულობა 1.5 ლ, დასუფთავების ტიპი მშრალი, ფილტრაციის დონე 2.",,meta description: შაბლონური/გაბმული სიტყვები,არა
143,212197,https://superi.ge/samsung-vc07m2110sr/,mtversasrutebi,მტვერსასრუტი SAMSUNG VC07M2110SR,,მტვერსასრუტი SAMSUNG VC07M2110SR,,"მტვერსასრუტი SAMSUNG VC07M2110SR — სიმძლავრე 700 W და შესრუტვის სიმძლავრე 180 W. დეტალური მახასიათებლები, ფასი და ხელმისაწვდომობა იხილეთ Superi.ge-ზე.","მტვერსასრუტი SAMSUNG VC07M2110SR: სიმძლავრე 700 W, შესრუტვის სიმძლავრე 180 W, მტვრის კონტეინერის მოცულობა 1.5 ლ, დასუფთავების რადიუსი 9 მ.",,meta description: შაბლონური/გაბმული სიტყვები,არა
148,I69305,https://superi.ge/samsung-vc15k4130hb/,mtversasrutebi,მტვერსასრუტი SAMSUNG VC15K4130HB,,მტვერსასრუტი SAMSUNG VC15K4130HB,,"მტვერსასრუტი SAMSUNG VC15K4130HB — მოცულობა 1,3 ლ, სიმძლავრე 390 W და მაქსიმალური სიმძლავრე 1500 W. ფასი და ხელმისაწვდომობა იხილეთ Superi.ge-ზე.","მტვერსასრუტი SAMSUNG VC15K4130HB: მაქსიმალური სიმძლავრე 1500 W, შეწოვის სიმძლავრე 390 W, მტვრის შემგროვებლის მოცულობა 1.3 ლ, წმენდის ტიპი მშრალი.",,meta description: შაბლონური/გაბმული სიტყვები,არა
837,S51270,https://superi.ge/samsung-vc18m21a0sb-ev/,mtversasrutebi,მტვერსასრუტი SAMSUNG VC18M21A0SB/EV,,მტვერსასრუტი SAMSUNG VC18M21A0SB/EV,,მტვერსასრუტი SAMSUNG VC18M21A0SB/EV — შესრუტვის სიმძლავრე 380 W და მაქსიმალური სიმძლავრე 1800 W. ფასი და ხელმისაწვდომობა იხილეთ Superi.ge-ზე.,"მტვერსასრუტი SAMSUNG VC18M21A0SB/EV: მაქსიმალური სიმძლავრე 1800 W, შესრუტვის სიმძლავრე 380 W, მტვრის კონტეინერის მოცულობა 1,5 ლ.",,meta description: შაბლონური/გაბმული სიტყვები,არა
688,S67383,https://superi.ge/samsung-vcc4520s3s/,mtversasrutebi,მტვერსასრუტი SAMSUNG VCC4520S3S,,მტვერსასრუტი SAMSUNG VCC4520S3S,,"მაქსიმალური სიმძლავრე: 1600 W შესრუტვის სიმძლავრე: 350 W მტვერსასრუტის კონტეინერის ტევადობა: 1,3 ლ ფილტრი: მიკრო ხმაურის დონე: 80 dB ფერი: ნაცრისფერი, შავი","მტვერსასრუტი SAMSUNG VCC4520S3S: მაქსიმალური სიმძლავრე 1600 W, შესრუტვის სიმძლავრე 350 W, მტვერსასრუტის კონტეინერის ტევადობა 1,3 ლ, ფილტრი მიკრო.",,meta description: სპეციფიკაციების ჩამონათვალი,არა
1487,131916,https://superi.ge/samsung-vcc5241s3k-xev/,mtversasrutebi,მტვერსასრუტი SAMSUNG VCC5241S3K/XEV,,მტვერსასრუტი SAMSUNG VCC5241S3K/XEV,,"მტვერსასრუტი SAMSUNG VCC5241S3K/XEV — ტევადობა 2,4 ლ და შესრუტვის სიმძლავრე 410 W. დეტალური მახასიათებლები, ფასი და ხელმისაწვდომობა იხილეთ Superi.ge-ზე.","მტვერსასრუტი SAMSUNG VCC5241S3K/XEV: მაქსიმალური სიმძლავრე 1800 W, შესრუტვის სიმძლავრე 410 W, დალაგების ტიპი მშრალი, ტომრის ტევადობა 2,4 ლ.",,meta description: შაბლონური/გაბმული სიტყვები,არა
147,S29915,https://superi.ge/samsung-vcc8836v36-xev/,mtversasrutebi,მტვერსასრუტი SAMSUNG VCC8836V36/XEV,,მტვერსასრუტი SAMSUNG VCC8836V36/XEV,,მტვერსასრუტი SAMSUNG VCC8836V36/XEV — შესრუტვის სიმძლავრე 430 W და მაქსიმალური სიმძლავრე 2200 W. ფასი და ხელმისაწვდომობა იხილეთ Superi.ge-ზე.,"მტვერსასრუტი SAMSUNG VCC8836V36/XEV: მაქსიმალური სიმძლავრე 2200 W, შესრუტვის სიმძლავრე 430 W, მტვრის კონტეინერის მოცულობა 2 ლ, მოქმედების რადიუსი 10 მ.",,meta description: შაბლონური/გაბმული სიტყვები,არა
838,S77562,https://superi.ge/samsung-vcc885bh36-xev/,mtversasrutebi,მტვერსასრუტი SAMSUNG VCC885BH36/XEV,,მტვერსასრუტი SAMSUNG VCC885BH36/XEV,,"ტიპი: კონტეინერით მაქსიმალური სიმძლავრე: 2200 W შესრუტვის სიმძლავრე: 430 W მტვერსასრუტის კონტეინერის ტევადობა: 2 ლ ფილტრი: HEPA 13, მიკროფიბერი ფერი: ლურჯი","მტვერსასრუტი SAMSUNG VCC885BH36/XEV: მაქსიმალური სიმძლავრე 2200 W, შესრუტვის სიმძლავრე 430 W, კონტეინერის ტევადობა 2 ლ, ფილტრი HEPA 13, მიკროფიბერი.",,meta description: სპეციფიკაციების ჩამონათვალი,არა
119,S44693,https://superi.ge/samsung-vcc885hh3p-xev/,mtversasrutebi,მტვერსასრუტი SAMSUNG VCC885HH3P/XEV,,მტვერსასრუტი SAMSUNG VCC885HH3P/XEV,,"ტიპი: კონტეინერით მაქსიმალური სიმძლავრე: 2200 W შესრუტვის სიმძლავრე: 430 W მტვერსასრუტის კონტეინერის ტევადობა: 2 ლ ფილტრი: HEPA 13, მიკროფიბერი ფერი: წითელი","მტვერსასრუტი SAMSUNG VCC885HH3P/XEV: მაქსიმალური სიმძლავრე 2200 W, შესრუტვის სიმძლავრე 430 W, კონტეინერის ტევადობა 2ლ, ფილტრი HEPA 13, მიკროფიბერი.",,meta description: სპეციფიკაციების ჩამონათვალი,არა
689,195484,https://superi.ge/vox-sl307/,mtversasrutebi,მტვერსასრუტი VOX SL307,,მტვერსასრუტი VOX SL307|Superi.ge,,"მტვერსასრუტი VOX SL307 — ტევადობა 4 ლ, სიმძლავრე 2400 W და შესრუტვის სიმძლავრე 380 W. დეტალური მახასიათებლები, ფასი და ხელმისაწვდომობა იხილეთ Superi.ge-ზე.","მტვერსასრუტი VOX SL307: სიმძლავრე 2400 W, შესრუტვის სიმძლავრე 380 W, ტევადობა 4 ლ, დასუფთავების ტიპი მშრალი.",,meta description: შაბლონური/გაბმული სიტყვები,არა
681,2900000065956,https://superi.ge/midea-m3s/,mtversasrutebi,რობოტი მტვერსასრუტი MIDEA M3S,,რობოტი მტვერსასრუტი MIDEA M3S|Superi.ge,,რობოტი მტვერსასრუტი MIDEA M3S — შესრუტვის სიმძლავრე 2000Pa და მაქსიმალური სიმძლავრე 40 W. ფასი და ხელმისაწვდომობა იხილეთ Superi.ge-ზე.,"რობოტი მტვერსასრუტი MIDEA M3S: მაქსიმალური შესრუტვის სიმძლავრე 2000Pa, მაქსიმალური სიმძლავრე 40 W, მტვრის კონტეინერის მოცულობა 360 მლ, კვება აკუმულატორი.",,meta description: შაბლონური/გაბმული სიტყვები,არა
2721,2000000062693,https://superi.ge/midea-m6/,mtversasrutebi,რობოტი მტვერსასრუტი MIDEA M6,,რობოტი მტვერსასრუტი MIDEA M6,,რობოტი მტვერსასრუტი MIDEA M6 — შესრუტვის სიმძლავრე 2000Pa და მაქსიმალური სიმძლავრე BLDC–40 W. ფასი და ხელმისაწვდომობა იხილეთ Superi.ge-ზე.,"რობოტი მტვერსასრუტი MIDEA M6: ფართობი 200 მ², მაქსიმალური შესრუტვის სიმძლავრე 2000Pa, მაქსიმალური სიმძლავრე BLDC - 40W, მტვრის კონტეინერის მოცულობა 600 მლ.",,meta description: შაბლონური/გაბმული სიტყვები,არა
2725,S32601,https://superi.ge/midea-s8/,mtversasrutebi,რობოტი მტვერსასრუტი MIDEA S8+,,რობოტი მტვერსასრუტი MIDEA S8+,,"რობოტი მტვერსასრუტი MIDEA S8+ — ელექტრონული მართვა და ავზის მოცულობა 150 & 210 მლ. დეტალური მახასიათებლები, ფასი და ხელმისაწვდომობა იხილეთ Superi.ge-ზე.","რობოტი მტვერსასრუტი MIDEA S8+: მართვის ტიპი ელექტრონული, ნავიგაციის სისტემა LDS, შესრუტვის ძალა 4000Pa (+19000Pa), წყლის ავზის მოცულობა 150 & 210 მლ.",,meta description: შაბლონური/გაბმული სიტყვები,არა
2357,239377,https://superi.ge/cansus-150-00-00018334/,nadzvisxe,ნაძვის ხე CANSUS 150სმ (00-00018334),,ნაძვის ხე CANSUS 150სმ (00-00018334),,"შეიძინეთ ნაძვის ხე CANSUS 150სმ (00-00018334) — მახასიათებლები, ფასი და ხელმისაწვდომობა იხილეთ Superi.ge-ზე და შეარჩიეთ სასურველი მოდელი ონლაინ.","ნაძვის ხე CANSUS 150სმ (00-00018334): სიმაღლე 150 სმ, წონა 2.5 კგ. ✓ ოფიციალური გარანტია ✓ მიწოდება საქართველოში.",,meta description: შაბლონური/გაბმული სიტყვები,არა
2360,239389,https://superi.ge/cansus-240-00-00018337/,nadzvisxe,ნაძვის ხე CANSUS 240სმ (00-00018337),,ნაძვის ხე CANSUS 240სმ (00-00018337),,"შეიძინეთ ნაძვის ხე CANSUS 240სმ (00-00018337) — მახასიათებლები, ფასი და ხელმისაწვდომობა იხილეთ Superi.ge-ზე და შეარჩიეთ სასურველი მოდელი ონლაინ.","ნაძვის ხე CANSUS 240სმ (00-00018337): სიმაღლე 240 სმ, წონა 9 კგ. ✓ ოფიციალური გარანტია ✓ განვადება ✓ მიწოდება საქართველოში.",,meta description: შაბლონური/გაბმული სიტყვები,არა
2358,239383,https://superi.ge/cansus-300-00-00018338/,nadzvisxe,ნაძვის ხე CANSUS 300სმ (00-00018338),,ნაძვის ხე CANSUS 300სმ (00-00018338),,"შეიძინეთ ნაძვის ხე CANSUS 300სმ (00-00018338) — მახასიათებლები, ფასი და ხელმისაწვდომობა იხილეთ Superi.ge-ზე და შეარჩიეთ სასურველი მოდელი ონლაინ.","ნაძვის ხე CANSUS 300სმ (00-00018338): სიმაღლე 300სმ, წონა 20 კგ. ✓ ოფიციალური გარანტია ✓ განვადება ✓ მიწოდება საქართველოში.",,meta description: შაბლონური/გაბმული სიტყვები,არა
10325,S24156,https://superi.ge/asus-rog-strix-g16-2025-g615jpr-s5101-eclipse-gray/,noutbuqebi,ASUS ROG Strix G16'' 2025 G615JPR-S5101 - Eclipse Gray,ნოუთბუქი ASUS ROG Strix G16'' 2025 G615JPR-S5101 - Eclipse Gray,ASUS ROG Strix G16'' 2025 G615JPR-S5101 - Eclipse Gray | Superi.ge,ნოუთბუქი ASUS ROG Strix G16'' 2025 G615JPR-S5101 | Superi.ge,"Asus ROG Strix G16 (2025) ძლიერი გეიმინგ ლეპტოპი Intel Core i9-14900HX პროცესორით და RTX 5070 ვიდეო ბარათით. 16'' 240Hz 2.5K ეკრანი, 32GB DDR5 RAM და 1TB SSD უზრუნველყოფს მაქსიმალურ წარმადობას თამაშებისა და პროფესიონალური სამუშაოსთვის.",,,ქართული ტიპი დაემატა,არა
10319,173270,https://superi.ge/asus-tuf-gaming-f16-fx608jpr-rv019-16-jaeger-gray/,noutbuqebi,ASUS TUF Gaming F16 FX608JPR-RV019 16'' - Jaeger Gray,ნოუთბუქი ASUS TUF Gaming F16 FX608JPR-RV019 16'' - Jaeger Gray,ASUS TUF Gaming F16 FX608JPR-RV019 16'' - Jaeger Gray | Superi.ge,ნოუთბუქი ASUS TUF Gaming F16 FX608JPR-RV019 16'' | Superi.ge,"Asus TUF Gaming F16 ძლიერი გეიმინგ ლეპტოპი Intel Core i7-14650HX პროცესორით და RTX 5070 ვიდეო ბარათით. 16'' 165Hz IPS ეკრანი, 16GB DDR5 RAM და 1TB SSD უზრუნველყოფს მაღალ წარმადობას თამაშებისა და პროფესიონალური სამუშაოსთვის.",,,ქართული ტიპი დაემატა,არა
10317,167933,https://superi.ge/asus-tuf-gaming-f16-16-fx608jm-rv057-jaeger-gray/,noutbuqebi,Asus TUF Gaming F16 16'' (FX608JM-RV057) - Jaeger Gray,ნოუთბუქი Asus TUF Gaming F16 16'' (FX608JM-RV057) - Jaeger Gray,Asus TUF Gaming F16 16'' (FX608JM-RV057) - Jaeger Gray | Superi.ge,ნოუთბუქი Asus TUF Gaming F16 16'' (FX608JM-RV057) | Superi.ge,"Asus TUF Gaming F16 ძლიერი გეიმინგ ლეპტოპი Intel Core i5-13450HX პროცესორით და RTX 5060 ვიდეო ბარათით. 16'' 165Hz ეკრანი, 32GB DDR5 RAM და 1TB SSD უზრუნველყოფს მაღალ წარმადობას თანამედროვე თამაშებისთვის და სამუშაოსთვის.",,,ქართული ტიპი დაემატა,არა
14415,S73142,https://superi.ge/dell-16-dc16251-16-fhd-touch-core-7-150u-16gb-1tb-backlit-fingerprint-ubuntu-platinum-silver-note/,noutbuqebi,"DELL 16 DC16251 16"" FHD+ Touch Core 7 150U 16GB 1TB Backlit Fingerprint, Platinum Silver Notebook DC16251","ნოუთბუქი DELL 16 DC16251 16"" FHD+ Touch Core 7 150U 16GB 1TB Backlit Fingerprint, Platinum Silver Notebook DC16251","DELL 16 DC16251 16"" FHD+ Touch Core 7 150U 16GB 1TB Backlit Fingerprint, Platinum Silver Notebook DC16251 | Superi.ge","ნოუთბუქი DELL 16 DC16251 16"" FHD+ Touch Core 7 150U 16GB 1TB","DELL DC16251 16"" ნოუთბუქი Full HD+ IPS სენსორული ეკრანით, Intel® CoreTM 7 150U პროცესორით, 16 GB DDR5 ოპერატიული მეხსიერებითა და 1 TB NVMe SSD-ით.",,,ქართული ტიპი დაემატა,არა
14419,S75661,https://superi.ge/dell-16-dc16251-16-2-5k-core-7-150u-16gb-512gb-backlit-fingerprint-platinum-silver-notebook/,noutbuqebi,"DELL 16 DC16251, 16"" 2.5K Core 7 150U 16GB 512GB Backlit Fingerprint, Platinum Silver Notebook","ნოუთბუქი DELL 16 DC16251, 16"" 2.5K Core 7 150U 16GB 512GB Backlit Fingerprint, Platinum Silver Notebook","DELL 16 DC16251, 16"" 2.5K Core 7 150U 16GB 512GB Backlit Fingerprint, Platinum Silver Notebook | Superi.ge","ნოუთბუქი DELL 16 DC16251, 16"" 2.5K Core 7 150U 16GB 512GB","DELL DC16251 ნოუთბუქი 16"" 2.5K IPS ეკრანით, Intel® CoreTM 7 150U პროცესორით, 16 GB DDR5 ოპერატიული მეხსიერებითა და 512 GB NVMe SSD-ით.",,,ქართული ტიპი დაემატა,არა
14423,S49737,https://superi.ge/dell-pro-15-essential-15-6-fhd-120hz-i5-1334u-16gb-1tb-fingerprint-ubuntu-platinum-silver-notebook/,noutbuqebi,"DELL Pro 15 Essential 15.6"" (PV15250_RPLU_003_M_UBUNTU) Platinum Silver","ნოუთბუქი DELL Pro 15 Essential 15.6"" (PV15250_RPLU_003_M_UBUNTU) Platinum Silver","DELL Pro 15 Essential 15.6"" (PV15250_RPLU_003_M_UBUNTU) Platinum Silver | Superi.ge","ნოუთბუქი DELL Pro 15 Essential 15.6""","DELL Pro 15 Essential PV15250 ბიზნეს ნოუთბუქი 15.6"" Full HD IPS 120 Hz ეკრანით, Intel® CoreTM i5-1334U პროცესორით, 16 GB DDR5 ოპერატიული მეხსიერებითა და 1 TB NVMe SSD-ით.",,,ქართული ტიპი დაემატა,არა
14349,S61569,https://superi.ge/dell-15-dc15250-15-6-120hz-i5-1334u-1x16gb-512gb-ssd-silver-aluminum/,noutbuqebi,"Dell 15 DC15250 15.6"" 120Hz/ i5 (DC15250_RPLU_003_M_UBU_GE) Silver","ნოუთბუქი Dell 15 DC15250 15.6"" 120Hz/ i5 (DC15250_RPLU_003_M_UBU_GE) Silver","Dell 15 DC15250 15.6"" 120Hz/ i5 (DC15250_RPLU_003_M_UBU_GE) Silver | Superi.ge","ნოუთბუქი Dell 15 DC15250 15.6"" 120Hz/ i5","Dell 15 DC15250 ნოუთბუქი 15.6"" Full HD IPS 120 Hz ეკრანით, Intel® CoreTM i5-1334U პროცესორით, 16 GB DDR4 RAM-ით, 512 GB NVMe SSD-ით, Wi-Fi 6 და ExpressCharge ტექნოლოგიით.",,,ქართული ტიპი დაემატა,არა
14359,S18675,https://superi.ge/hp-omnibook-5-16-2k-ips-ultra-7-255u-16gb-ddr5-512gb-gen4-sky-blue-clamshell-canopyr-25c1-bk9y9/,noutbuqebi,"HP OmniBook 5 16"" 2K IPS Ultra 7-255U,16GB DDR5 512GB Gen4, Sky Blue, Clamshell | CanopyR 25C1 BK9Y9EA","ნოუთბუქი HP OmniBook 5 16"" 2K IPS Ultra 7-255U,16GB DDR5 512GB Gen4, Sky Blue, Clamshell | CanopyR 25C1 BK9Y9EA","HP OmniBook 5 16"" 2K IPS Ultra 7-255U,16GB DDR5 512GB Gen4, Sky Blue, Clamshell | CanopyR 25C1 BK9Y9EA | Superi.ge","ნოუთბუქი HP OmniBook 5 16"" 2K IPS Ultra 7-255U,16GB DDR5","HP OmniBook 5 BK9Y9EA ნოუთბუქი 16"" FHD+ IPS ეკრანით, Intel® CoreTM Ultra 7 255U პროცესორით, 16 GB RAM-ით, 512 GB NVMe SSD-ით, Wi-Fi 6-ითა და HP Fast Charge ტექნოლოგიით.",,,ქართული ტიპი დაემატა,არა
13887,S47856,https://superi.ge/lenovo-thinkpad-t16-g4-21qe0066gx-black/,noutbuqebi,Lenovo ThinkPad T16 G4 21QE0066GX · black,ნოუთბუქი Lenovo ThinkPad T16 G4 21QE0066GX · black,Lenovo ThinkPad T16 G4 21QE0066GX · black | Superi.ge,ნოუთბუქი Lenovo ThinkPad T16 G4 21QE0066GX · black | Superi.ge,"Lenovo ThinkPad T16 G4 21QE0066GX ბიზნეს ლეპტოპი 16-დუიმიანი IPS ეკრანით, Intel Core Ultra 7-255U პროცესორით, Intel Graphics გრაფიკით, 16 GB DDR5 ოპერატიული და 512 GB SSD მეხსიერებით.",,,ქართული ტიპი დაემატა,არა
15553,S45106,https://superi.ge/msi-prestige-14-flip-vincent-van-gogh-edition-9s7-14t234-413-starry-night/,noutbuqebi,MSI Prestige 14 Flip Vincent van Gogh Edition 9S7-14T234-413 · starry night,ნოუთბუქი MSI Prestige 14 Flip Vincent van Gogh Edition 9S7-14T234-413 · starry night,MSI Prestige 14 Flip Vincent van Gogh Edition 9S7-14T234-413 · starry night | Superi.ge,ნოუთბუქი MSI Prestige 14 Flip Vincent van Gogh Edition,"MSI Prestige 14 Flip Vincent van Gogh Edition 9S7-14T234-413 ბიზნეს ლეპტოპი 14"" სენსორული OLED ეკრანით, Intel Core Ultra X9-378H პროცესორით, Intel Arc Graphics გრაფიკით, 32 GB LPDDR5X ოპერატიული მეხსიერებითა და 1 TB SSD მეხსიერებით.",,,ქართული ტიპი დაემატა,არა
14018,S95443,https://superi.ge/notebook-asustek-vivobook-go-15-6-fhd-ryzen-5-40-16gb-512gb-ssd-amd-radeon-graphics-win-11-home-black/,noutbuqebi,"Notebook/ Asustek/ Vivobook Go 15.6"" FHD Ryzen 5 40 16GB 512GB SSD AMD Radeon Graphics Win 11 Home Black","ნოუთბუქი Notebook/ Asustek/ Vivobook Go 15.6"" FHD Ryzen 5 40 16GB 512GB SSD AMD Radeon Graphics Win 11 Home Black","Notebook/ Asustek/ Vivobook Go 15.6"" FHD Ryzen 5 40 16GB 512GB SSD AMD Radeon Graphics Win 11 Home Black | Superi.ge","ნოუთბუქი Notebook/ Asustek/ Vivobook Go 15.6"" FHD Ryzen 5 40","Asus Vivobook Go E1504FA-BQ5769W საოფისე და ბიზნეს ლეპტოპი 15.6-დუიმიანი Full HD IPS ეკრანით, AMD Ryzen 5 40 პროცესორით, 16 GB LPDDR5 ოპერატიული მეხსიერებით, 512 GB SSD-ითა და Wi-Fi 6E მხარდაჭერით.",,,ქართული ტიპი დაემატა,არა
14029,S36425,https://superi.ge/notebook-asustek-tuf-a16-16-fhd-165hz-ryzen-9-8940hx-16gb-512gb-ssd-rtx-5060-8gb-win-11-home-jaeger-gray/,noutbuqebi,ნოუთბუქი ASUS TUF A16 16'' FHD+ 165Hz (FA608PM-RV040W) Jaeger Gray,,ნოუთბუქი ASUS TUF A16 16'' FHD+ 165Hz (FA608PM-RV040W) Jaeger Gray | Superi.ge,,"შეიძინეთ ნოუთბუქი ASUS TUF A16 16'' FHD+ 165Hz (FA608PM-RV040W) Jaeger Gray — დეტალური მახასიათებლები, ფასი და ხელმისაწვდომობა იხილეთ Superi.ge-ზე.","ნოუთბუქი ASUS TUF A16 16'' FHD+ 165Hz (FA608PM-RV040W) Jaeger Gray: სერია TUF Gaming A16, ოპერაციული სისტემა Windows 11 Home, ეკრანის დიაგონალი 16"".",,meta description: შაბლონური/გაბმული სიტყვები,არა
14012,S86922,https://superi.ge/notebook-asustek-asus-tuf-gaming-a15-15-6-fhd-144hz-ryzen-7-8845hs-8gb-512gb-ssd-rtx-3050-win-11-home-graphite-black/,noutbuqebi,ნოუთბუქი ASUS TUF Gaming A15 15.6'' FHD 144Hz (FA506NCG-HN375W) Graphite Black,,ნოუთბუქი ASUS TUF Gaming A15 15.6'' FHD 144Hz (FA506NCG-HN375W) Graphite Black | Superi.ge,,"ნოუთბუქი ASUS TUF Gaming A15 15.6'' FHD 144Hz (FA506NCG-HN375W) Graphite Black — დეტალური მახასიათებლები, ფასი და ხელმისაწვდომობა იხილეთ Superi.ge-ზე.","ნოუთბუქი ASUS TUF Gaming A15 15.6'' FHD 144Hz (FA506NCG-HN375W) Graphite Black: სერია TUF Gaming A15, ოპერაციული სისტემა Windows 11 Home, ეკრანის ტიპი IPS.",,meta description: შაბლონური/გაბმული სიტყვები,არა
14030,S47497,https://superi.ge/notebook-asustek-asus-tuf-gaming-f16-16-fhd-144hz-i7-14650hx-16gb-512gb-rtx-5050-win-11-home-jaeger-gray/,noutbuqebi,ნოუთბუქი ASUS TUF Gaming F16 16'' FHD+ 144Hz (FX608JHI-TU272W) Jaeger Gray,,ნოუთბუქი ASUS TUF Gaming F16 16'' FHD+ 144Hz (FX608JHI-TU272W) Jaeger Gray | Superi.ge,,"ნოუთბუქი ASUS TUF Gaming F16 16'' FHD+ 144Hz (FX608JHI-TU272W) Jaeger Gray — დეტალური მახასიათებლები, ფასი და ხელმისაწვდომობა იხილეთ Superi.ge-ზე.","ნოუთბუქი ASUS TUF Gaming F16 16'' FHD+ 144Hz (FX608JHI-TU272W) Jaeger Gray: სერია TUF Gaming F16, ოპერაციული სისტემა Windows 11 Home, ეკრანის დიაგონალი 16"".",,meta description: შაბლონური/გაბმული სიტყვები,არა
14031,S15136,https://superi.ge/notebook-asustek-asus-tuf-gaming-f16-16-fhd-165hz-i7-14650hx-16gb-512gb-rtx-5060-win-11-home-jaeger-gray/,noutbuqebi,ნოუთბუქი ASUS TUF Gaming F16 16'' FHD+ 165Hz (FX608JMI-TU394W) Jaeger Gray,,ნოუთბუქი ASUS TUF Gaming F16 16'' FHD+ 165Hz (FX608JMI-TU394W) Jaeger Gray | Superi.ge,,"ნოუთბუქი ASUS TUF Gaming F16 16'' FHD+ 165Hz (FX608JMI-TU394W) Jaeger Gray — დეტალური მახასიათებლები, ფასი და ხელმისაწვდომობა იხილეთ Superi.ge-ზე.","ნოუთბუქი ASUS TUF Gaming F16 16'' FHD+ 165Hz (FX608JMI-TU394W) Jaeger Gray: სერია TUF Gaming F16, ოპერაციული სისტემა Windows 11 Home, ეკრანის დიაგონალი 16"".",,meta description: შაბლონური/გაბმული სიტყვები,არა
15280,S95858,https://superi.ge/anker-nano-power-bank-slim-5000mah-a1665h21-white/,portatuli-damtenebi,Anker Nano Power Bank Slim 5000mAh A1665H21 White,პორტატული დამტენი Anker Nano Power Bank Slim 5000mAh A1665H21 White,Anker Nano Power Bank Slim 5000mAh A1665H21 White | Superi.ge,პორტატული დამტენი Anker Nano Power Bank Slim 5000mAh A1665H21,"Anker Nano Power Bank Slim 5000mAh A1665H21 თეთრი მაგნიტური პორტატული დამტენი 5000 mAh ტევადობით, 15 W სიმძლავრით, MagSafe მაგნიტური დამაგრებით, უსადენო დამუხტვითა და USB-C გამოსასვლელით.",,,ქართული ტიპი დაემატა,არა
15294,S47698,https://superi.ge/belkin-magnetic-wireless-power-bank-5000mah-with-stand-bpd004btbk-black/,portatuli-damtenebi,Belkin Magnetic Wireless Power Bank 5000mAh With Stand BPD004BTBK Black,პორტატული დამტენი Belkin Magnetic Wireless Power Bank 5000mAh With Stand BPD004BTBK Black,Belkin Magnetic Wireless Power Bank 5000mAh With Stand BPD004BTBK Black | Superi.ge,პორტატული დამტენი Belkin Magnetic Wireless Power Bank 5000mAh,"Belkin Magnetic Wireless Power Bank 5000mAh With Stand BPD004BTBK შავი მაგნიტური პორტატული დამტენი 5000 mAh ტევადობით, 7.5 W სიმძლავრით, MagSafe მაგნიტური დამაგრებით, უსადენო დამუხტვითა და USB-C გამოსასვლელით.",,,ქართული ტიპი დაემატა,არა
15281,S66367,https://superi.ge/belkin-magnetic-wireless-power-bank-5000mah-with-stand-bpd004btwt-white/,portatuli-damtenebi,Belkin Magnetic Wireless Power Bank 5000mAh With Stand BPD004BTWT White,პორტატული დამტენი Belkin Magnetic Wireless Power Bank 5000mAh With Stand BPD004BTWT White,Belkin Magnetic Wireless Power Bank 5000mAh With Stand BPD004BTWT White | Superi.ge,პორტატული დამტენი Belkin Magnetic Wireless Power Bank 5000mAh,"Belkin Magnetic Wireless Power Bank 5000mAh With Stand BPD004BTWT თეთრი მაგნიტური პორტატული დამტენი 5000 mAh ტევადობით, 7.5 W სიმძლავრით, MagSafe მაგნიტური დამაგრებით, უსადენო დამუხტვითა და USB-C გამოსასვლელით.",,,ქართული ტიპი დაემატა,არა
15283,S18557,https://superi.ge/belkin-magnetic-wireless-power-bank-qi2-15w-10000mah-with-stand-bpd008btwh-white/,portatuli-damtenebi,Belkin Magnetic Wireless Power Bank Qi2 15W 10000mAh With Stand BPD008BTWH White,პორტატული დამტენი Belkin Magnetic Wireless Power Bank Qi2 15W 10000mAh With Stand BPD008BTWH White,Belkin Magnetic Wireless Power Bank Qi2 15W 10000mAh With Stand BPD008BTWH White | Superi.ge,პორტატული დამტენი Belkin Magnetic Wireless Power Bank Qi2 15W,"Belkin Magnetic Wireless Power Bank Qi2 15W 10000mAh With Stand BPD008BTWH თეთრი მაგნიტური პორტატული დამტენი 10000 mAh ტევადობით, 15 W სიმძლავრით, MagSafe მაგნიტური დამაგრებით, უსადენო დამუხტვითა და USB-C გამოსასვლელით.",,,ქართული ტიპი დაემატა,არა
15285,S36639,https://superi.ge/belkin-magnetic-wireless-power-bank-qi2-15w-5000mah-with-stand-bpd006btbk-black/,portatuli-damtenebi,Belkin Magnetic Wireless Power Bank Qi2 15W 5000mAh With Stand BPD006BTBK Black,პორტატული დამტენი Belkin Magnetic Wireless Power Bank Qi2 15W 5000mAh With Stand BPD006BTBK Black,Belkin Magnetic Wireless Power Bank Qi2 15W 5000mAh With Stand BPD006BTBK Black | Superi.ge,პორტატული დამტენი Belkin Magnetic Wireless Power Bank Qi2 15W,"Belkin Magnetic Wireless Power Bank Qi2 15W 5000mAh With Stand BPD006BTBK შავი მაგნიტური პორტატული დამტენი 5000 mAh ტევადობით, 15 W სიმძლავრით, MagSafe მაგნიტური დამაგრებით, უსადენო დამუხტვითა და USB-C გამოსასვლელით.",,,ქართული ტიპი დაემატა,არა
15282,S21876,https://superi.ge/belkin-magnetic-wireless-power-bank-qi2-15w-8000mah-with-stand-bpd007btwh-white/,portatuli-damtenebi,Belkin Magnetic Wireless Power Bank Qi2 15W 8000mAh With Stand BPD007BTWH White,პორტატული დამტენი Belkin Magnetic Wireless Power Bank Qi2 15W 8000mAh With Stand BPD007BTWH White,Belkin Magnetic Wireless Power Bank Qi2 15W 8000mAh With Stand BPD007BTWH White | Superi.ge,პორტატული დამტენი Belkin Magnetic Wireless Power Bank Qi2 15W,"Belkin Magnetic Wireless Power Bank Qi2 15W 8000mAh With Stand BPD007BTWH თეთრი მაგნიტური პორტატული დამტენი 8000 mAh ტევადობით, 15 W სიმძლავრით, MagSafe მაგნიტური დამაგრებით, უსადენო დამუხტვითა და USB-C გამოსასვლელით.",,,ქართული ტიპი დაემატა,არა
15288,S47452,https://superi.ge/belkin-power-bank-10000mah-with-display-bpb027hqbk-black/,portatuli-damtenebi,Belkin Power Bank 10000mAh With Display BPB027HQBK Black,პორტატული დამტენი Belkin Power Bank 10000mAh With Display BPB027HQBK Black,Belkin Power Bank 10000mAh With Display BPB027HQBK Black | Superi.ge,პორტატული დამტენი Belkin Power Bank 10000mAh With Display,"Belkin Power Bank 10000mAh With Display BPB027HQBK შავი პორტატული დამტენი 10000 mAh ტევადობით, 20 W სიმძლავრით, ჩაშენებული კაბელითა და USB-C გამოსასვლელით.",,,ქართული ტიპი დაემატა,არა
15289,S66237,https://superi.ge/belkin-power-bank-10000mah-with-display-bpb027hqwh-white/,portatuli-damtenebi,Belkin Power Bank 10000mAh With Display BPB027HQWH White,პორტატული დამტენი Belkin Power Bank 10000mAh With Display BPB027HQWH White,Belkin Power Bank 10000mAh With Display BPB027HQWH White | Superi.ge,პორტატული დამტენი Belkin Power Bank 10000mAh With Display,"Belkin Power Bank 10000mAh With Display BPB027HQWH თეთრი პორტატული დამტენი 10000 mAh ტევადობით, 20 W სიმძლავრით, ჩაშენებული კაბელითა და USB-C გამოსასვლელით.",,,ქართული ტიპი დაემატა,არა
15291,S71988,https://superi.ge/belkin-power-bank-10000mah-with-integrated-cable-bpb021hqbk-black/,portatuli-damtenebi,Belkin Power Bank 10000mAh With Integrated Cable BPB021HQBK Black,პორტატული დამტენი Belkin Power Bank 10000mAh With Integrated Cable BPB021HQBK Black,Belkin Power Bank 10000mAh With Integrated Cable BPB021HQBK Black | Superi.ge,პორტატული დამტენი Belkin Power Bank 10000mAh With Integrated,"Belkin Power Bank 10000mAh With Integrated Cable BPB021HQBK შავი პორტატული დამტენი 10000 mAh ტევადობით, 20 W სიმძლავრით, ჩაშენებული კაბელითა და USB-C გამოსასვლელით.",,,ქართული ტიპი დაემატა,არა
15292,S51357,https://superi.ge/belkin-power-bank-10000mah-with-integrated-cable-bpb021hqbl-blue/,portatuli-damtenebi,Belkin Power Bank 10000mAh With Integrated Cable BPB021HQBL Blue,პორტატული დამტენი Belkin Power Bank 10000mAh With Integrated Cable BPB021HQBL Blue,Belkin Power Bank 10000mAh With Integrated Cable BPB021HQBL Blue | Superi.ge,პორტატული დამტენი Belkin Power Bank 10000mAh With Integrated,"Belkin Power Bank 10000mAh With Integrated Cable BPB021HQBL ლურჯი პორტატული დამტენი 10000 mAh ტევადობით, 20 W სიმძლავრით, ჩაშენებული კაბელითა და USB-C გამოსასვლელით.",,,ქართული ტიპი დაემატა,არა
15293,S58591,https://superi.ge/belkin-power-bank-10000mah-with-integrated-cable-bpb021hqpk-pink/,portatuli-damtenebi,Belkin Power Bank 10000mAh With Integrated Cable BPB021HQPK Pink,პორტატული დამტენი Belkin Power Bank 10000mAh With Integrated Cable BPB021HQPK Pink,Belkin Power Bank 10000mAh With Integrated Cable BPB021HQPK Pink | Superi.ge,პორტატული დამტენი Belkin Power Bank 10000mAh With Integrated,"Belkin Power Bank 10000mAh With Integrated Cable BPB021HQPK ვარდისფერი პორტატული დამტენი 10000 mAh ტევადობით, 20 W სიმძლავრით, ჩაშენებული კაბელითა და USB-C გამოსასვლელით.",,,ქართული ტიპი დაემატა,არა
15284,S39295,https://superi.ge/belkin-power-bank-15w-10000mah-bpb011btbk-black/,portatuli-damtenebi,Belkin Power Bank 15W 10000mAh BPB011BTBK Black,პორტატული დამტენი Belkin Power Bank 15W 10000mAh BPB011BTBK Black,Belkin Power Bank 15W 10000mAh BPB011BTBK Black | Superi.ge,პორტატული დამტენი Belkin Power Bank 15W 10000mAh BPB011BTBK Black,"Belkin Power Bank 15W 10000mAh BPB011BTBK შავი პორტატული დამტენი 10000 mAh ტევადობით, 18 W სიმძლავრითა და USB-C და USB-A გამოსასვლელებით.",,,ქართული ტიპი დაემატა,არა
15286,S21565,https://superi.ge/belkin-power-bank-15w-20000mah-bpb012btbk-black/,portatuli-damtenebi,Belkin Power Bank 15W 20000mAh BPB012BTBK Black,პორტატული დამტენი Belkin Power Bank 15W 20000mAh BPB012BTBK Black,Belkin Power Bank 15W 20000mAh BPB012BTBK Black | Superi.ge,პორტატული დამტენი Belkin Power Bank 15W 20000mAh BPB012BTBK Black,"Belkin Power Bank 15W 20000mAh BPB012BTBK შავი პორტატული დამტენი 20000 mAh ტევადობით, 15 W სიმძლავრითა და USB-C და USB-A გამოსასვლელებით.",,,ქართული ტიპი დაემატა,არა
15287,S96059,https://superi.ge/belkin-power-bank-20000mah-with-integrated-cable-bpb024hqbk-black/,portatuli-damtenebi,Belkin Power Bank 20000mAh With Integrated Cable BPB024HQBK Black,პორტატული დამტენი Belkin Power Bank 20000mAh With Integrated Cable BPB024HQBK Black,Belkin Power Bank 20000mAh With Integrated Cable BPB024HQBK Black | Superi.ge,პორტატული დამტენი Belkin Power Bank 20000mAh With Integrated,"Belkin Power Bank 20000mAh With Integrated Cable BPB024HQBK შავი პორტატული დამტენი 20000 mAh ტევადობით, 30 W სიმძლავრით, ჩაშენებული კაბელითა და USB-C და USB-A გამოსასვლელებით.",,,ქართული ტიპი დაემატა,არა
15290,S74880,https://superi.ge/belkin-power-bank-65w-20000mah-digital-display-bpb020btbk-black/,portatuli-damtenebi,Belkin Power Bank 65W 20000mAh Digital Display BPB020BTBK Black,პორტატული დამტენი Belkin Power Bank 65W 20000mAh Digital Display BPB020BTBK Black,Belkin Power Bank 65W 20000mAh Digital Display BPB020BTBK Black | Superi.ge,პორტატული დამტენი Belkin Power Bank 65W 20000mAh Digital,"Belkin Power Bank 65W 20000mAh Digital Display BPB020BTBK შავი პორტატული დამტენი 20000 mAh ტევადობით, 65 W სიმძლავრითა და USB-C და USB-A გამოსასვლელებით.",,,ქართული ტიპი დაემატა,არა
15297,S86950,https://superi.ge/belkin-slim-magnetic-wireless-power-bank-qi2-15w-10000mah-with-stand-bpd016hqbk-black/,portatuli-damtenebi,Belkin Slim Magnetic Wireless Power Bank Qi2 15W 10000mAh With Stand BPD016HQBK Black,პორტატული დამტენი Belkin Slim Magnetic Wireless Power Bank Qi2 15W 10000mAh With Stand BPD016HQBK Black,Belkin Slim Magnetic Wireless Power Bank Qi2 15W 10000mAh With Stand BPD016HQBK Black | Superi.ge,პორტატული დამტენი Belkin Slim Magnetic Wireless Power Bank,"Belkin Slim Magnetic Wireless Power Bank Qi2 15W 10000mAh With Stand BPD016HQBK შავი მაგნიტური პორტატული დამტენი 10000 mAh ტევადობით, 15 W სიმძლავრით, MagSafe მაგნიტური დამაგრებით, უსადენო დამუხტვითა და USB-C გამოსასვლელით.",,,ქართული ტიპი დაემატა,არა
15298,S13869,https://superi.ge/belkin-slim-magnetic-wireless-power-bank-qi2-15w-10000mah-with-stand-bpd016hqwh-white/,portatuli-damtenebi,Belkin Slim Magnetic Wireless Power Bank Qi2 15W 10000mAh With Stand BPD016HQWH White,პორტატული დამტენი Belkin Slim Magnetic Wireless Power Bank Qi2 15W 10000mAh With Stand BPD016HQWH White,Belkin Slim Magnetic Wireless Power Bank Qi2 15W 10000mAh With Stand BPD016HQWH White | Superi.ge,პორტატული დამტენი Belkin Slim Magnetic Wireless Power Bank,"Belkin Slim Magnetic Wireless Power Bank Qi2 15W 10000mAh With Stand BPD016HQWH თეთრი მაგნიტური პორტატული დამტენი 10000 mAh ტევადობით, 15 W სიმძლავრით, MagSafe მაგნიტური დამაგრებით, უსადენო დამუხტვითა და USB-C გამოსასვლელით.",,,ქართული ტიპი დაემატა,არა
15296,S94636,https://superi.ge/belkin-slim-magnetic-wireless-power-bank-qi2-15w-5000mah-with-stand-bpd011hqbk-black/,portatuli-damtenebi,Belkin Slim Magnetic Wireless Power Bank Qi2 15W 5000mAh With Stand BPD011HQBK Black,პორტატული დამტენი Belkin Slim Magnetic Wireless Power Bank Qi2 15W 5000mAh With Stand BPD011HQBK Black,Belkin Slim Magnetic Wireless Power Bank Qi2 15W 5000mAh With Stand BPD011HQBK Black | Superi.ge,პორტატული დამტენი Belkin Slim Magnetic Wireless Power Bank,"Belkin Slim Magnetic Wireless Power Bank Qi2 15W 5000mAh With Stand BPD011HQBK შავი მაგნიტური პორტატული დამტენი 5000 mAh ტევადობით, 15 W სიმძლავრით, MagSafe მაგნიტური დამაგრებით, უსადენო დამუხტვითა და USB-C გამოსასვლელით.",,,ქართული ტიპი დაემატა,არა
15267,S58155,https://superi.ge/canyon-power-bank-onpower-505-slim-magnetic-5000-beige-cns-cpb505be/,portatuli-damtenebi,Canyon power bank OnPower 505 slim Magnetic 5000 Beige (CNS-CPB505BE),პორტატული დამტენი Canyon power bank OnPower 505 slim Magnetic 5000 Beige (CNS-CPB505BE),Canyon power bank OnPower 505 slim Magnetic 5000 Beige (CNS-CPB505BE) | Superi.ge,პორტატული დამტენი Canyon power bank OnPower 505 slim Magnetic,"Canyon power bank OnPower 505 slim Magnetic 5000 კრემისფერი მაგნიტური პორტატული დამტენი 5000 mAh ტევადობით, 20 W სიმძლავრით, MagSafe მაგნიტური დამაგრებით, უსადენო დამუხტვითა და USB-C გამოსასვლელით.",,,ქართული ტიპი დაემატა,არა
15258,S73958,https://superi.ge/celly-minimag-pb-3000-black/,portatuli-damtenebi,Celly MINIMAG PB 3000 BLACK,პორტატული დამტენი Celly MINIMAG PB 3000 BLACK,Celly MINIMAG PB 3000 BLACK | Superi.ge,პორტატული დამტენი Celly MINIMAG PB 3000 BLACK | Superi.ge,"Celly MINIMAG PB 3000 შავი მაგნიტური პორტატული დამტენი 3000 mAh ტევადობით, 5 W სიმძლავრით, MagSafe მაგნიტური დამაგრებითა და USB-C გამოსასვლელით.",,,ქართული ტიპი დაემატა,არა
15257,S83288,https://superi.ge/celly-minimag-pb-3000-lilac/,portatuli-damtenebi,Celly MINIMAG PB 3000 LILAC,პორტატული დამტენი Celly MINIMAG PB 3000 LILAC,Celly MINIMAG PB 3000 LILAC | Superi.ge,პორტატული დამტენი Celly MINIMAG PB 3000 LILAC | Superi.ge,"Celly MINIMAG PB 3000 LILAC იისფერი მაგნიტური პორტატული დამტენი 3000 mAh ტევადობით, 5 W სიმძლავრით, MagSafe მაგნიტური დამაგრებითა და USB-C გამოსასვლელით.",,,ქართული ტიპი დაემატა,არა
15259,S94680,https://superi.ge/celly-minimag-pb-3000-orange/,portatuli-damtenebi,Celly MINIMAG PB 3000 ORANGE,პორტატული დამტენი Celly MINIMAG PB 3000 ORANGE,Celly MINIMAG PB 3000 ORANGE | Superi.ge,პორტატული დამტენი Celly MINIMAG PB 3000 ORANGE | Superi.ge,"Celly MINIMAG PB 3000 ნარინჯისფერი მაგნიტური პორტატული დამტენი 3000 mAh ტევადობით, 5 W სიმძლავრით, MagSafe მაგნიტური დამაგრებითა და USB-C გამოსასვლელით.",,,ქართული ტიპი დაემატა,არა
15260,S77773,https://superi.ge/celly-minimag-pb-3000-white/,portatuli-damtenebi,Celly MINIMAG PB 3000 WHITE,პორტატული დამტენი Celly MINIMAG PB 3000 WHITE,Celly MINIMAG PB 3000 WHITE | Superi.ge,პორტატული დამტენი Celly MINIMAG PB 3000 WHITE | Superi.ge,"Celly MINIMAG PB 3000 თეთრი მაგნიტური პორტატული დამტენი 3000 mAh ტევადობით, 5 W სიმძლავრით, MagSafe მაგნიტური დამაგრებითა და USB-C გამოსასვლელით.",,,ქართული ტიპი დაემატა,არა
15253,S56780,https://superi.ge/celly-magsafe-pb-match-5000mah-blue/,portatuli-damtenebi,Celly MagSafe PB MATCH 5000MAH BLUE,პორტატული დამტენი Celly MagSafe PB MATCH 5000MAH BLUE,Celly MagSafe PB MATCH 5000MAH BLUE | Superi.ge,პორტატული დამტენი Celly MagSafe PB MATCH 5000MAH BLUE | Superi.ge,"Celly MagSafe PB MATCH 5000MAH ლურჯი მაგნიტური პორტატული დამტენი 5000 mAh ტევადობით, 20 W სიმძლავრით, MagSafe მაგნიტური დამაგრებით, უსადენო დამუხტვითა და USB-C გამოსასვლელით.",,,ქართული ტიპი დაემატა,არა
15254,S41229,https://superi.ge/celly-magsafe-pb-match-5000mah-orange/,portatuli-damtenebi,Celly MagSafe PB MATCH 5000MAH ORANGE,პორტატული დამტენი Celly MagSafe PB MATCH 5000MAH ORANGE,Celly MagSafe PB MATCH 5000MAH ORANGE | Superi.ge,პორტატული დამტენი Celly MagSafe PB MATCH 5000MAH ORANGE,"Celly MagSafe PB MATCH 5000MAH ნარინჯისფერი მაგნიტური პორტატული დამტენი 5000 mAh ტევადობით, 20 W სიმძლავრით, MagSafe მაგნიტური დამაგრებით, უსადენო დამუხტვითა და USB-C გამოსასვლელით.",,,ქართული ტიპი დაემატა,არა
15255,S90068,https://superi.ge/celly-magsafe-pb-match-5000mah-white/,portatuli-damtenebi,Celly MagSafe PB MATCH 5000MAH WHITE,პორტატული დამტენი Celly MagSafe PB MATCH 5000MAH WHITE,Celly MagSafe PB MATCH 5000MAH WHITE | Superi.ge,პორტატული დამტენი Celly MagSafe PB MATCH 5000MAH WHITE,"Celly MagSafe PB MATCH 5000MAH თეთრი მაგნიტური პორტატული დამტენი 5000 mAh ტევადობით, 20 W სიმძლავრით, MagSafe მაგნიტური დამაგრებით, უსადენო დამუხტვითა და USB-C გამოსასვლელით.",,,ქართული ტიპი დაემატა,არა
15256,S44073,https://superi.ge/celly-magsafe-powerbank-5000mah-bk/,portatuli-damtenebi,Celly MagSafe POWERBANK 5000MAH BK,პორტატული დამტენი Celly MagSafe POWERBANK 5000MAH BK,Celly MagSafe POWERBANK 5000MAH BK | Superi.ge,პორტატული დამტენი Celly MagSafe POWERBANK 5000MAH BK | Superi.ge,"Celly MagSafe POWERBANK 5000MAH BK შავი მაგნიტური პორტატული დამტენი 5000 mAh ტევადობით, 15 W სიმძლავრით, MagSafe მაგნიტური დამაგრებით, უსადენო დამუხტვითა და USB-C გამოსასვლელით.",,,ქართული ტიპი დაემატა,არა
15261,S25581,https://superi.ge/celly-powerbank-energy-5000mah-evo-bk/,portatuli-damtenebi,Celly POWERBANK ENERGY 5000MAH EVO BK,პორტატული დამტენი Celly POWERBANK ENERGY 5000MAH EVO BK,Celly POWERBANK ENERGY 5000MAH EVO BK | Superi.ge,პორტატული დამტენი Celly POWERBANK ENERGY 5000MAH EVO BK,"Celly POWERBANK ENERGY 5000MAH EVO BK შავი პორტატული დამტენი 5000 mAh ტევადობით, 10 W სიმძლავრითა და USB-C და USB-A გამოსასვლელებით.",,,ქართული ტიპი დაემატა,არა
15262,S86542,https://superi.ge/celly-powerbank-energy-5000mah-evo-blue/,portatuli-damtenebi,Celly POWERBANK ENERGY 5000MAH EVO BLUE,პორტატული დამტენი Celly POWERBANK ENERGY 5000MAH EVO BLUE,Celly POWERBANK ENERGY 5000MAH EVO BLUE | Superi.ge,პორტატული დამტენი Celly POWERBANK ENERGY 5000MAH EVO BLUE,"Celly POWERBANK ENERGY 5000MAH EVO ლურჯი პორტატული დამტენი 5000 mAh ტევადობით, 10 W სიმძლავრითა და USB-C და USB-A გამოსასვლელებით.",,,ქართული ტიპი დაემატა,არა
15263,S32629,https://superi.ge/celly-usb-c-power-bank-5000mah-white/,portatuli-damtenebi,Celly USB-C Power Bank (5000mAh) White,პორტატული დამტენი Celly USB-C Power Bank (5000mAh) White,Celly USB-C Power Bank (5000mAh) White | Superi.ge,პორტატული დამტენი Celly USB-C Power Bank (5000mAh) White,Celly USB-C Power Bank (5000mAh) თეთრი პორტატული დამტენი 5000 mAh ტევადობითა და USB-C და USB-A გამოსასვლელებით.,,,ქართული ტიპი დაემატა,არა
15264,S18330,https://superi.ge/hoco-j153-stability-power-bank-10000mah-black/,portatuli-damtenebi,Hoco J153 Stability power bank(10000mAh) black,პორტატული დამტენი Hoco J153 Stability power bank(10000mAh) black,Hoco J153 Stability power bank(10000mAh) black | Superi.ge,პორტატული დამტენი Hoco J153 Stability power bank(10000mAh) black,"Hoco J153 Stability power bank(10000mAh) შავი პორტატული დამტენი 10000 mAh ტევადობით, 20 W სიმძლავრითა და USB-C გამოსასვლელით.",,,ქართული ტიპი დაემატა,არა
15265,S28634,https://superi.ge/hoco-j153-stability-power-bank-10000mah-white/,portatuli-damtenebi,Hoco J153 Stability power bank(10000mAh) white,პორტატული დამტენი Hoco J153 Stability power bank(10000mAh) white,Hoco J153 Stability power bank(10000mAh) white | Superi.ge,პორტატული დამტენი Hoco J153 Stability power bank(10000mAh) white,"Hoco J153 Stability power bank(10000mAh) თეთრი პორტატული დამტენი 10000 mAh ტევადობით, 20 W სიმძლავრითა და USB-C გამოსასვლელით.",,,ქართული ტიპი დაემატა,არა
15266,S45131,https://superi.ge/hoco-j87-tacker-pd20wqc3-0-power-bank-10000mah-black/,portatuli-damtenebi,Hoco J87 Tacker PD20W+QC3.0 Power Bank (10000mAh) Black,პორტატული დამტენი Hoco J87 Tacker PD20W+QC3.0 Power Bank (10000mAh) Black,Hoco J87 Tacker PD20W+QC3.0 Power Bank (10000mAh) Black | Superi.ge,პორტატული დამტენი Hoco J87 Tacker PD20W+QC3.0 Power Bank,"Hoco J87 Tacker PD20W+QC3.0 Power Bank (10000mAh) შავი პორტატული დამტენი 10000 mAh ტევადობით, 20 W სიმძლავრითა და USB-C და USB-A გამოსასვლელებით.",,,ქართული ტიპი დაემატა,არა
15273,S70763,https://superi.ge/xiaomi-165w-power-bank-10000mah-integrated-cable-gray/,portatuli-damtenebi,Xiaomi 165W Power Bank 10000mAh Integrated Cable Gray,პორტატული დამტენი Xiaomi 165W Power Bank 10000mAh Integrated Cable Gray,Xiaomi 165W Power Bank 10000mAh Integrated Cable Gray | Superi.ge,პორტატული დამტენი Xiaomi 165W Power Bank 10000mAh Integrated,"Xiaomi 165W Power Bank 10000mAh Integrated Cable ნაცრისფერი პორტატული დამტენი 10000 mAh ტევადობით, 165 W სიმძლავრით, ჩაშენებული კაბელითა და USB-C გამოსასვლელით.",,,ქართული ტიპი დაემატა,არა
15715,S53542,https://superi.ge/xiaomi-33w-integrated-cable-power-bank-10000mah-blue/,portatuli-damtenebi,Xiaomi 33W Integrated Cable Power Bank 10000mAh Blue,პორტატული დამტენი Xiaomi 33W Integrated Cable Power Bank 10000mAh Blue,Xiaomi 33W Integrated Cable Power Bank 10000mAh Blue | Superi.ge,პორტატული დამტენი Xiaomi 33W Integrated Cable Power Bank,"Xiaomi 33W Integrated Cable Power Bank 10000mAh ლურჯი პორტატული დამტენი 10000 mAh ტევადობით, 33 W სიმძლავრით, ჩაშენებული კაბელითა და USB-C და USB-A გამოსასვლელებით.",,,ქართული ტიპი დაემატა,არა
15716,S91336,https://superi.ge/xiaomi-33w-integrated-cable-power-bank-10000mah-tan/,portatuli-damtenebi,Xiaomi 33W Integrated Cable Power Bank 10000mAh Tan,პორტატული დამტენი Xiaomi 33W Integrated Cable Power Bank 10000mAh Tan,Xiaomi 33W Integrated Cable Power Bank 10000mAh Tan | Superi.ge,პორტატული დამტენი Xiaomi 33W Integrated Cable Power Bank,"Xiaomi 33W Integrated Cable Power Bank 10000mAh ბეჟი პორტატული დამტენი 10000 mAh ტევადობით, 33 W სიმძლავრით, ჩაშენებული კაბელითა და USB-C და USB-A გამოსასვლელებით.",,,ქართული ტიპი დაემატა,არა
15714,S26171,https://superi.ge/xiaomi-33w-integrated-cable-power-bank-20000mah-blue/,portatuli-damtenebi,Xiaomi 33W Integrated Cable Power Bank 20000mAh Blue,პორტატული დამტენი Xiaomi 33W Integrated Cable Power Bank 20000mAh Blue,Xiaomi 33W Integrated Cable Power Bank 20000mAh Blue | Superi.ge,პორტატული დამტენი Xiaomi 33W Integrated Cable Power Bank,"Xiaomi 33W Integrated Cable Power Bank 20000mAh ლურჯი პორტატული დამტენი 20000 mAh ტევადობით, 33 W სიმძლავრით, ჩაშენებული კაბელითა და USB-C და USB-A გამოსასვლელებით.",,,ქართული ტიპი დაემატა,არა
15271,S52009,https://superi.ge/xiaomi-33w-integrated-cable-power-bank-20000mah-white/,portatuli-damtenebi,Xiaomi 33W Integrated Cable Power Bank 20000mAh White,პორტატული დამტენი Xiaomi 33W Integrated Cable Power Bank 20000mAh White,Xiaomi 33W Integrated Cable Power Bank 20000mAh White | Superi.ge,პორტატული დამტენი Xiaomi 33W Integrated Cable Power Bank,"Xiaomi 33W Integrated Cable Power Bank 20000mAh თეთრი პორტატული დამტენი 20000 mAh ტევადობით, 33 W სიმძლავრით, ჩაშენებული კაბელითა და USB-C და USB-A გამოსასვლელებით.",,,ქართული ტიპი დაემატა,არა
15277,S23139,https://superi.ge/xiaomi-67w-power-bank-10000mah-integrated-cable-tan/,portatuli-damtenebi,Xiaomi 67W Power Bank 10000mAh Integrated Cable Tan,პორტატული დამტენი Xiaomi 67W Power Bank 10000mAh Integrated Cable Tan,Xiaomi 67W Power Bank 10000mAh Integrated Cable Tan | Superi.ge,პორტატული დამტენი Xiaomi 67W Power Bank 10000mAh Integrated,"Xiaomi 67W Power Bank 10000mAh Integrated Cable Tan ბეჟი პორტატული დამტენი 10000 mAh ტევადობით, 67 W სიმძლავრით, ჩაშენებული კაბელითა და USB-C და USB-A გამოსასვლელებით.",,,ქართული ტიპი დაემატა,არა
15279,S86518,https://superi.ge/xiaomi-67w-power-bank-20000mah-integrated-cable-ice-blue/,portatuli-damtenebi,Xiaomi 67W Power Bank 20000mAh Integrated Cable Ice Blue,პორტატული დამტენი Xiaomi 67W Power Bank 20000mAh Integrated Cable Ice Blue,Xiaomi 67W Power Bank 20000mAh Integrated Cable Ice Blue | Superi.ge,პორტატული დამტენი Xiaomi 67W Power Bank 20000mAh Integrated,"Xiaomi 67W Power Bank 20000mAh Integrated Cable Ice ლურჯი პორტატული დამტენი 20000 mAh ტევადობით, 67 W სიმძლავრით, ჩაშენებული კაბელითა და USB-C და USB-A გამოსასვლელებით.",,,ქართული ტიპი დაემატა,არა
15719,S44018,https://superi.ge/xiaomi-67w-power-bank-20000mah-integrated-cable-tan/,portatuli-damtenebi,Xiaomi 67W Power Bank 20000mAh Integrated Cable Tan,პორტატული დამტენი Xiaomi 67W Power Bank 20000mAh Integrated Cable Tan,Xiaomi 67W Power Bank 20000mAh Integrated Cable Tan | Superi.ge,პორტატული დამტენი Xiaomi 67W Power Bank 20000mAh Integrated,"Xiaomi 67W Power Bank 20000mAh Integrated Cable ბეჟი პორტატული დამტენი 20000 mAh ტევადობით, 67 W სიმძლავრით, ჩაშენებული კაბელითა და USB-C და USB-A გამოსასვლელებით.",,,ქართული ტიპი დაემატა,არა
15718,S93601,https://superi.ge/xiaomi-magnetic-power-bank-10000mah-with-built-in-stand-beige/,portatuli-damtenebi,Xiaomi Magnetic Power Bank 10000mAh with Built-in Stand Beige,პორტატული დამტენი Xiaomi Magnetic Power Bank 10000mAh with Built-in Stand Beige,Xiaomi Magnetic Power Bank 10000mAh with Built-in Stand Beige | Superi.ge,პორტატული დამტენი Xiaomi Magnetic Power Bank 10000mAh with,"Xiaomi Magnetic Power Bank 10000mAh with Built-in Stand ბეჟი მაგნიტური პორტატული დამტენი 10000 mAh ტევადობით, 33 W სიმძლავრით, MagSafe მაგნიტური დამაგრებით, უსადენო დამუხტვითა და USB-C გამოსასვლელით.",,,ქართული ტიპი დაემატა,არა
15278,S73748,https://superi.ge/xiaomi-magnetic-power-bank-10000mah-with-built-in-stand-black/,portatuli-damtenebi,Xiaomi Magnetic Power Bank 10000mAh with Built-in Stand Black,პორტატული დამტენი Xiaomi Magnetic Power Bank 10000mAh with Built-in Stand Black,Xiaomi Magnetic Power Bank 10000mAh with Built-in Stand Black | Superi.ge,პორტატული დამტენი Xiaomi Magnetic Power Bank 10000mAh with,"Xiaomi Magnetic Power Bank 10000mAh with Built-in Stand შავი მაგნიტური პორტატული დამტენი 10000 mAh ტევადობით, 33 W სიმძლავრით, MagSafe მაგნიტური დამაგრებით, უსადენო დამუხტვითა და USB-C გამოსასვლელით.",,,ქართული ტიპი დაემატა,არა
15717,S12588,https://superi.ge/xiaomi-magnetic-power-bank-10000mah-with-built-in-stand-blue/,portatuli-damtenebi,Xiaomi Magnetic Power Bank 10000mAh with Built-in Stand Blue,პორტატული დამტენი Xiaomi Magnetic Power Bank 10000mAh with Built-in Stand Blue,Xiaomi Magnetic Power Bank 10000mAh with Built-in Stand Blue | Superi.ge,პორტატული დამტენი Xiaomi Magnetic Power Bank 10000mAh with,"Xiaomi Magnetic Power Bank 10000mAh with Built-in Stand ლურჯი მაგნიტური პორტატული დამტენი 10000 mAh ტევადობით, 33 W სიმძლავრით, MagSafe მაგნიტური დამაგრებით, უსადენო დამუხტვითა და USB-C გამოსასვლელით.",,,ქართული ტიპი დაემატა,არა
15272,S67099,https://superi.ge/xiaomi-magnetic-power-bank-6000mah-bhr9074gl-white/,portatuli-damtenebi,Xiaomi Magnetic Power Bank 6000mAh BHR9074GL White,პორტატული დამტენი Xiaomi Magnetic Power Bank 6000mAh BHR9074GL White,Xiaomi Magnetic Power Bank 6000mAh BHR9074GL White | Superi.ge,პორტატული დამტენი Xiaomi Magnetic Power Bank 6000mAh,"Xiaomi Magnetic Power Bank 6000mAh BHR9074GL თეთრი მაგნიტური პორტატული დამტენი 6000 mAh ტევადობით, 15 W სიმძლავრით, MagSafe მაგნიტური დამაგრებით, უსადენო დამუხტვითა და USB-C გამოსასვლელით.",,,ქართული ტიპი დაემატა,არა
15269,S45867,https://superi.ge/xiaomi-power-bank-10000mah-bhr9072gl-blue/,portatuli-damtenebi,Xiaomi Power Bank 10000mAh BHR9072GL Blue,პორტატული დამტენი Xiaomi Power Bank 10000mAh BHR9072GL Blue,Xiaomi Power Bank 10000mAh BHR9072GL Blue | Superi.ge,პორტატული დამტენი Xiaomi Power Bank 10000mAh BHR9072GL Blue,"Xiaomi Power Bank 10000mAh BHR9072GL ლურჯი პორტატული დამტენი 10000 mAh ტევადობით, 22.5 W სიმძლავრითა და USB-C და USB-A გამოსასვლელებით.",,,ქართული ტიპი დაემატა,არა
15270,S31614,https://superi.ge/xiaomi-power-bank-10000mah-bhr9072gl-white/,portatuli-damtenebi,Xiaomi Power Bank 10000mAh BHR9072GL White,პორტატული დამტენი Xiaomi Power Bank 10000mAh BHR9072GL White,Xiaomi Power Bank 10000mAh BHR9072GL White | Superi.ge,პორტატული დამტენი Xiaomi Power Bank 10000mAh BHR9072GL White,"Xiaomi Power Bank 10000mAh BHR9072GL თეთრი პორტატული დამტენი 10000 mAh ტევადობით, 22.5 W სიმძლავრითა და USB-C და USB-A გამოსასვლელებით.",,,ქართული ტიპი დაემატა,არა
15720,S44667,https://superi.ge/xiaomi-power-bank-integrated-cable-20000mah-bhr9738gl-light-gray/,portatuli-damtenebi,Xiaomi Power Bank Integrated Cable 20000mAh BHR9738GL Light Gray,პორტატული დამტენი Xiaomi Power Bank Integrated Cable 20000mAh BHR9738GL Light Gray,Xiaomi Power Bank Integrated Cable 20000mAh BHR9738GL Light Gray | Superi.ge,პორტატული დამტენი Xiaomi Power Bank Integrated Cable 20000mAh,"Xiaomi Power Bank Integrated Cable 20000mAh BHR9738GL ნაცრისფერი პორტატული დამტენი 20000 mAh ტევადობით, 22.5 W სიმძლავრით, ჩაშენებული კაბელითა და USB-C და USB-A გამოსასვლელებით.",,,ქართული ტიპი დაემატა,არა
15295,S41149,https://superi.ge/xiaomi-power-bank-integrated-cable-20000mah-bhr9740gl-dark-gray/,portatuli-damtenebi,Xiaomi Power Bank Integrated Cable 20000mAh BHR9740GL Dark Gray,პორტატული დამტენი Xiaomi Power Bank Integrated Cable 20000mAh BHR9740GL Dark Gray,Xiaomi Power Bank Integrated Cable 20000mAh BHR9740GL Dark Gray | Superi.ge,პორტატული დამტენი Xiaomi Power Bank Integrated Cable 20000mAh,"Xiaomi Power Bank Integrated Cable 20000mAh BHR9740GL ნაცრისფერი პორტატული დამტენი 20000 mAh ტევადობით, 22.5 W სიმძლავრით, ჩაშენებული კაბელითა და USB-C და USB-A გამოსასვლელებით.",,,ქართული ტიპი დაემატა,არა
15268,S47457,https://superi.ge/xiaomi-redmi-fast-charge-power-bank-20000-mah-18w-pb200lzm-black/,portatuli-damtenebi,Xiaomi Redmi Fast Charge Power Bank 20000 mAh 18W PB200LZM Black,პორტატული დამტენი Xiaomi Redmi Fast Charge Power Bank 20000 mAh 18W PB200LZM Black,Xiaomi Redmi Fast Charge Power Bank 20000 mAh 18W PB200LZM Black | Superi.ge,პორტატული დამტენი Xiaomi Redmi Fast Charge Power Bank 20000,"Xiaomi Redmi Fast Charge Power Bank 20000 mAh 18W PB200LZM შავი პორტატული დამტენი 20000 mAh ტევადობით, 18 W სიმძლავრითა და USB-A გამოსასვლელით.",,,ქართული ტიპი დაემატა,არა
15274,S81055,https://superi.ge/xiaomi-super-slim-magnetic-power-bank-5000mah-blue/,portatuli-damtenebi,Xiaomi Super Slim Magnetic Power Bank 5000mAh Blue,პორტატული დამტენი Xiaomi Super Slim Magnetic Power Bank 5000mAh Blue,Xiaomi Super Slim Magnetic Power Bank 5000mAh Blue | Superi.ge,პორტატული დამტენი Xiaomi Super Slim Magnetic Power Bank,"Xiaomi Super Slim Magnetic Power Bank 5000mAh ლურჯი მაგნიტური პორტატული დამტენი 5000 mAh ტევადობით, 22.5 W სიმძლავრით, MagSafe მაგნიტური დამაგრებით, უსადენო დამუხტვითა და USB-C გამოსასვლელით.",,,ქართული ტიპი დაემატა,არა
15275,S40887,https://superi.ge/xiaomi-super-slim-magnetic-power-bank-5000mah-gold/,portatuli-damtenebi,Xiaomi Super Slim Magnetic Power Bank 5000mAh Gold,პორტატული დამტენი Xiaomi Super Slim Magnetic Power Bank 5000mAh Gold,Xiaomi Super Slim Magnetic Power Bank 5000mAh Gold | Superi.ge,პორტატული დამტენი Xiaomi Super Slim Magnetic Power Bank,"Xiaomi Super Slim Magnetic Power Bank 5000mAh ოქროსფერი მაგნიტური პორტატული დამტენი 5000 mAh ტევადობით, 22.5 W სიმძლავრით, MagSafe მაგნიტური დამაგრებით, უსადენო დამუხტვითა და USB-C გამოსასვლელით.",,,ქართული ტიპი დაემატა,არა
15276,S93185,https://superi.ge/xiaomi-super-slim-magnetic-power-bank-5000mah-purple/,portatuli-damtenebi,Xiaomi Super Slim Magnetic Power Bank 5000mAh Purple,პორტატული დამტენი Xiaomi Super Slim Magnetic Power Bank 5000mAh Purple,Xiaomi Super Slim Magnetic Power Bank 5000mAh Purple | Superi.ge,პორტატული დამტენი Xiaomi Super Slim Magnetic Power Bank,"Xiaomi Super Slim Magnetic Power Bank 5000mAh იისფერი მაგნიტური პორტატული დამტენი 5000 mAh ტევადობით, 22.5 W სიმძლავრით, MagSafe მაგნიტური დამაგრებით, უსადენო დამუხტვითა და USB-C გამოსასვლელით.",,,ქართული ტიპი დაემატა,არა
15299,S71437,https://superi.ge/xiaomi-ultra-slim-power-bank-5000mah-grey/,portatuli-damtenebi,Xiaomi Ultra Slim Power Bank 5000mAh Grey,პორტატული დამტენი Xiaomi Ultra Slim Power Bank 5000mAh Grey,Xiaomi Ultra Slim Power Bank 5000mAh Grey | Superi.ge,პორტატული დამტენი Xiaomi Ultra Slim Power Bank 5000mAh Grey,"Xiaomi Ultra Slim Power Bank 5000mAh ნაცრისფერი პორტატული დამტენი 5000 mAh ტევადობით, 20 W სიმძლავრითა და USB-C გამოსასვლელით.",,,ქართული ტიპი დაემატა,არა
5086,156821,https://superi.ge/canyon-pb-2010-cne-cpb2010dg-27000mah/,portatuli-damtenebi,პორტატული დამტენი CANYON PB-2010 CNE-CPB2010DG (27000mAh),,პორტატული დამტენი CANYON PB-2010 CNE-CPB2010DG (27000mAh) | Superi.ge,,"პორტატული დამტენი CANYON PB-2010 CNE-CPB2010DG (27000mAh) — სიმძლავრე 140 W. დეტალური მახასიათებლები, ფასი და ხელმისაწვდომობა იხილეთ Superi.ge-ზე.","პორტატული დამტენი CANYON PB-2010 CNE-CPB2010DG (27000mAh): პროდუქტის ტიპი პორტატული დამტენი, მაქსიმალური გამომავალი სიმძლავრე 140 W.",,meta description: შაბლონური/გაბმული სიტყვები,არა
3221,25683,https://superi.ge/ugreen-pb312-20000mah/,portatuli-damtenebi,პორტატული დამტენი UGREEN PB312 (20000mAh),,პორტატული დამტენი UGREEN PB312 (20000mAh) BLACK,,ბრენდი: UGREEN მოდელი: PB312(25683) მოცულობა: 20000 mAh 3.7V (74Wh) USB-C შემავალი /გამომავალი USB-A გამომავალი LED დისფლეი 22.5W სწრაფი დამუხტვა,"პორტატული დამტენი UGREEN PB312 (20000mAh): პროდუქტის ტიპი პორტატული დამტენი, usb-c შემავალი/გამომავალი 5V=3A 9V=2.22A 12V=1.67A 20W, ჯამური გამომავალი 5V=3A.",,meta description: სპეციფიკაციების ჩამონათვალი,არა
5083,25185,https://superi.ge/ugreen-pb502-nexode-10000mah/,portatuli-damtenebi,პორტატული დამტენი UGREEN PB502 NEXODE (10000mAh),,პორტატული დამტენი UGREEN PB502 NEXODE (10000mAh) | Superi.ge,,"პორტატული დამტენი UGREEN PB502 NEXODE (10000mAh) — სიმძლავრე 30 W. დეტალური მახასიათებლები, ფასი და ხელმისაწვდომობა იხილეთ Superi.ge-ზე.","პორტატული დამტენი UGREEN PB502 NEXODE (10000mAh): პროდუქტის ტიპი პორტატული დამტენი, სადენის სიგრძე usb-c 0.5 მ, სიმძლავრე 30W, ტექნოლოგია PD, QC, AFC, SCP.",,meta description: შაბლონური/გაბმული სიტყვები,არა
5082,35338,https://superi.ge/ugreen-pb503-5000mah/,portatuli-damtenebi,პორტატული დამტენი UGREEN PB503 (5000mAh),,პორტატული დამტენი UGREEN PB503 (5000mAh) | Superi.ge,,"პორტატული დამტენი UGREEN PB503 (5000mAh) — სიმძლავრე 5000 mAh 18 Wh. დეტალური მახასიათებლები, ფასი და ხელმისაწვდომობა იხილეთ Superi.ge-ზე.","პორტატული დამტენი UGREEN PB503 (5000mAh): პროდუქტის ტიპი პორტატული დამტენი, მთლიანი სიმძლავრე 5000 mAh (18 Wh), აკუმულატორის ტიპი ლითიუმის პოლიმერი.",,meta description: შაბლონური/გაბმული სიტყვები,არა
5085,S91486,https://superi.ge/ugreen-sc200-200w/,portatuli-damtenebi,პორტატული დამტენი მზის ენერგიით UGREEN SC200 200W,,პორტატული დამტენი მზის ენერგიით UGREEN SC200 200W | Superi.ge,,"პორტატული დამტენი მზის ენერგიით UGREEN SC200 200W — მახასიათებლები, ფასი და ხელმისაწვდომობა იხილეთ Superi.ge-ზე და შეარჩიეთ სასურველი მოდელი ონლაინ.","პორტატული დამტენი მზის ენერგიით UGREEN SC200 200W: დასაკეცი მზის პანელი 200 W, კონვერტაციის ეფექტურობა 23%.",,meta description: შაბლონური/გაბმული სიტყვები,არა
5087,S26562,https://superi.ge/lenovo-go-usb-c-laptop-power-bank-20000-mah/,portatuli-damtenebi,პორტატული დამტენი ნოუთბუქებისთვის LENOVO GO USB-C LAPTOP POWER BANK (20000 mAh),,პორტატული დამტენი LENOVO GO (20000 mAh),,პორტატული დამტენი ნოუთბუქებისთვის LENOVO GO USB-C LAPTOP POWER BANK (20000 mAh) — სიმძლავრე 65 W. ფასი და ხელმისაწვდომობა იხილეთ Superi.ge-ზე.,"პორტატული დამტენი ნოუთბუქებისთვის LENOVO GO USB-C LAPTOP POWER BANK (20000 mAh): პროდუქტის ტიპი ნოუთბუქის პორტატული დამტენი, მოცულობა 20 000 mAh.",,meta description: შაბლონური/გაბმული სიტყვები,არა
13309,S11767,https://superi.ge/canon-i-sensys-mf3010-bundle-with-2-cartridges-5252b034aa-black/,printerebi,Canon i-SENSYS MF3010 Bundle with 2 cartridges 5252B034AA - Black,პრინტერი Canon i-SENSYS MF3010 Bundle with 2 cartridges 5252B034AA - Black,Canon i-SENSYS MF3010 Bundle with 2 cartridges 5252B034AA - Black | Superi.ge,პრინტერი Canon i-SENSYS MF3010 Bundle with 2 cartridges,"Canon i-SENSYS 5252B034AA მულტიფუნქციური შავ-თეთრი ლაზერული პრინტერი ბეჭდვის, სკანირებისა და კოპირების ფუნქციებით, 1200 × 600 dpi ბეჭდვის გარჩევადობით, 150-ფურცლიანი ქაღალდის კასეტით და 2 × Canon 725 Black კარტრიჯით",,,ქართული ტიპი დაემატა,არა
14358,S56096,https://superi.ge/epson-ecotank-l15150-all-in-one-printer-a3/,printerebi,Epson EcoTank L15150 All In One Printer A3+ (C11CH72404),პრინტერი Epson EcoTank L15150 Printer A3+ (C11CH72404),Epson EcoTank L15150 All In One Printer A3+ (C11CH72404) | Superi.ge,პრინტერი Epson EcoTank L15150 Printer A3+ (C11CH72404),"Epson EcoTank L15150 ფერადი A3+ მრავალფუნქციური პრინტერი ბეჭდვის, სკანირების, კოპირებისა და ფაქსის ფუნქციებით, ავტომატური Duplex პროცესებით, 50-ფურცლიანი ADF-ით, PrecisionCore Heat-Free ტექნოლოგიით, Wi-Fi და Ethernet კავშირით.",,,ქართული ტიპი დაემატა,არა
2097,S19666,https://superi.ge/epson-l14150-c11ch96404/,printerebi,მრავალფუნქციური მოწყობილობა EPSON L14150 (C11CH96404),,მრავალფუნქციური მოწყობილობა EPSON L14150 (C11CH96404),,"მრავალფუნქციური მოწყობილობა EPSON L14150 (C11CH96404) — დიაგონალი 6,8 სმ პრინტერის. დეტალური მახასიათებლები, ფასი და ხელმისაწვდომობა იხილეთ Superi.ge-ზე.","მრავალფუნქციური მოწყობილობა EPSON L14150 (C11CH96404): ბეჭდვის ტექნოლოგია ჭავლური, დისპლეის დიაგონალი 6.8 სმ პრინტერის ფუნქციები, ბეჭდვის ტიპი ფერადი.",,meta description: შაბლონური/გაბმული სიტყვები,არა
3135,S47156,https://superi.ge/hp-laser-mfp-137fnw-4zb84a/,printerebi,მრავალფუნქციური მოწყობილობა HP LASER MFP 137FNW (4ZB84A),,მრავალფუნქციური მოწყობილობა HP LASER MFP 137FNW (4ZB84A),,"შეიძინეთ მრავალფუნქციური მოწყობილობა HP LASER MFP 137FNW (4ZB84A) — დეტალური მახასიათებლები, ფასი და ხელმისაწვდომობა იხილეთ Superi.ge-ზე.","მრავალფუნქციური მოწყობილობა HP LASER MFP 137FNW (4ZB84A): ბეჭდვის ტექნოლოგია ლაზერული, ბეჭდვის ტიპი შავ-თეთრი.",,meta description: შაბლონური/გაბმული სიტყვები,არა
3141,140551,https://superi.ge/canon-maxify-gx5040-5550c009aa5550c009ab/,printerebi,პრინტერი CANON MAXIFY GX5040 (5550C009AA_5550C009AB),,პრინტერი CANON MAXIFY GX5040 (5550C009AA_5550C009AB),,"პრინტერი CANON MAXIFY GX5040 (5550C009AA_5550C009AB) — მახასიათებლები, ფასი და ხელმისაწვდომობა იხილეთ Superi.ge-ზე და შეარჩიეთ სასურველი მოდელი ონლაინ.","პრინტერი CANON MAXIFY GX5040 (5550C009AA_5550C009AB): ფუნქციები ბეჭდვა, ბეჭდვის ტექნოლოგია ჭავლური, დისპლეის ტიპი LCD პრინტერის ფუნქციები.",,meta description: შაბლონური/გაბმული სიტყვები,არა
14966,S32767,https://superi.ge/aurzen-magplay-dual-sided-mount-for-zip-projector-black/,proeqtorebi-da-aqsesuarebi,Aurzen MagPlay Dual-Sided Mount for ZIP Projector Black,"პროექტორის სამაგრი Aurzen MagPlay ZIP პროექტორისთვის, შავი",Aurzen MagPlay Dual-Sided Mount for ZIP Projector Black | Superi.ge,"პროექტორის სამაგრი Aurzen MagPlay ZIP პროექტორისთვის, შავი",Aurzen MagPlay Dual-Sided Mount for ZIP Projector შავი პროექტორის სამაგრი მაგნიტური დამჭერითა და ვაკუუმის სამაგრით.,,,ქართული ტიპი დაემატა,არა
14965,S76768,https://superi.ge/wanbo-projector-round-desk-bracket/,proeqtorebi-da-aqsesuarebi,Wanbo Projector Round Desk Bracket,პროექტორის მაგიდის სადგამი Wanbo,Wanbo Projector Round Desk Bracket | Superi.ge,პროექტორის მაგიდის სადგამი Wanbo | Superi.ge,Wanbo Projector Round Desk Bracket შავი პროექტორის სადგამი 5 კგ-მდე ტვირთამწეობით.,,,ქართული ტიპი დაემატა,არა
14964,S73130,https://superi.ge/xiaomi-smart-projector-l1-black/,proeqtori,Xiaomi Smart Projector L1 Black,პროექტორი Xiaomi Smart Projector L1 Black,Xiaomi Smart Projector L1 Black | Superi.ge,პროექტორი Xiaomi Smart Projector L1 Black | Superi.ge,"Xiaomi Smart Projector L1 შავი პროექტორი Full HD გარჩევადობით, 200 ISO ლუმენ სიკაშკაშით, ავტოფოკუსით, Android სისტემითა და Chromecast-ით.",,,ქართული ტიპი დაემატა,არა
2607,V11HA86340,https://superi.ge/epson-v11ha86340-co-wx02/,proeqtori,პროექტორი EPSON V11HA86340 CO-WX02,,პროექტორი EPSON V11HA86340 CO-WX02,,"პროექტორი EPSON V11HA86340 CO-WX02 — ეკრანის ზომა 25–378 inch. დეტალური მახასიათებლები, ფასი და ხელმისაწვდომობა იხილეთ Superi.ge-ზე.","პროექტორი EPSON V11HA86340 CO-WX02: ტექნოლოგია LCD:3 P-Si TFT, ეკრანის ზომა 25-378 inch, განათების ტიპი power (W UHE): 188, ნათურის ხანგრძლივობა 6000 სთ.",,meta description: შაბლონური/გაბმული სიტყვები,არა
15616,S62083,https://superi.ge/sbox-psmt-135-2/,proeqtoris-ekranebi,პროექტორის ეკრანი SBOX PSMT-135-2,,პროექტორის ეკრანი SBOX PSMT-135-2 | Superi.ge,,SBOX PSMT-135-2 პროექტორის ეკრანი 240 x 240 სმ ზომითა და 16:9 / 4:3 / 1:1 თანაფარდობით.,პროექტორის ეკრანი SBOX PSMT-135-2: გამოსახულების თანაფარდობა 16:9 / 4:3 / 1:1. ✓ ოფიციალური გარანტია ✓ განვადება ✓ მიწოდება საქართველოში.,,meta description: სპეციფიკაციების ჩამონათვალი,არა
12058,BR8484E,https://superi.ge/burio-electric-screen-200x200cm-br8484e/,proeqtoris-ekranebi,პროექტორის ეკრანი: BURIO Electric screen 200x200cm - BR8484E,,პროექტორის ეკრანი: BURIO Electric screen 200x200cm - BR8484E | Superi.ge,,პროექტორის ეკრანი: BURIO Electric screen 200x200cm - BR8484E — ეკრანის ზომა 200 × 200 სმ. ფასი და ხელმისაწვდომობა იხილეთ Superi.ge-ზე.,"პროექტორის ეკრანი: BURIO Electric screen 200x200cm - BR8484E: მონტაჟის ტიპი კედელზე ან ჭერზე მონტაჟი, ეკრანის ზომა 200 × 200 სმ, ეკრანის ფორმატი 1:1.",,meta description: შაბლონური/გაბმული სიტყვები,არა
2947,SA0000006606,https://superi.ge/korkmaz-a2863-set-6pcs/,qvabebisa-da-tapebis-nakrebebi,ქვაბების ნაკრები KORKMAZ A2863 SET 6PCS,,ქვაბების ნაკრები KORKMAZ A2863 SET 6PCS,,"ქვაბების ნაკრები KORKMAZ A2863 SET 6PCS — მოცულობა 2 ლ. დეტალური მახასიათებლები, ფასი და ხელმისაწვდომობა იხილეთ Superi.ge-ზე.","ქვაბების ნაკრები KORKMAZ A2863 SET 6PCS: ტაფის მოცულობა 2 ლ, ქვაბის მოცლობა 3 ლ, ქვაბის მოცლობა 4.6 ლ, პატარა ქვაბის მოცლობა 3 ლ.",,meta description: შაბლონური/გაბმული სიტყვები,არა
3972,S52751,https://superi.ge/ninja-c35000eu-5-pcs/,qvabebisa-da-tapebis-nakrebebi,ქვაბების ნაკრები NINJA C35000EU 5 PCS,,ქვაბების ნაკრები NINJA C35000EU 5 PCS | Superi.ge,,"შეიძინეთ ქვაბების ნაკრები NINJA C35000EU 5 PCS — მახასიათებლები, ფასი და ხელმისაწვდომობა იხილეთ Superi.ge-ზე და შეარჩიეთ სასურველი მოდელი ონლაინ.","ქვაბების ნაკრები NINJA C35000EU 5 PCS: ღუმელში თავსებადობა 260 ° C, მასალა ანოდირებული ალუმინი, სახელურის მასალა უჟანგავი ფოლადი, წონა 5,5 კგ.",,meta description: შაბლონური/გაბმული სიტყვები,არა
2378,S42839,https://superi.ge/tefal-g720s674-18-10/,qvabebisa-da-tapebis-nakrebebi,ქვაბების ნაკრები TEFAL G720S674 18/10,,ქვაბების ნაკრები TEFAL G720S674 18/10,,"შეიძინეთ ქვაბების ნაკრები TEFAL G720S674 18/10 — მახასიათებლები, ფასი და ხელმისაწვდომობა იხილეთ Superi.ge-ზე და შეარჩიეთ სასურველი მოდელი ონლაინ.","ქვაბების ნაკრები TEFAL G720S674 18/10: ნაკრებში შემავალი ქვაბების რაოდენობა 6, ღუმელთან თავსებადობა 210°C-მდე (თავსახურის გარეშე).",,meta description: შაბლონური/გაბმული სიტყვები,არა
3083,S63717,https://superi.ge/tefal-h852sa56-10pcs/,qvabebisa-da-tapebis-nakrebebi,ქვაბების ნაკრები TEFAL H852SA56 10PCS,,ქვაბების ნაკრები TEFAL H852SA56 10PCS,,"შეიძინეთ ქვაბების ნაკრები TEFAL H852SA56 10PCS — მახასიათებლები, ფასი და ხელმისაწვდომობა იხილეთ Superi.ge-ზე და შეარჩიეთ სასურველი მოდელი ონლაინ.","ქვაბების ნაკრები TEFAL H852SA56 10PCS: სერია Nordica, ფოლადის ტიპი 18/10, თავსახურის მასალა მინა, მასალა უჟანგავი ფოლადი.",,meta description: შაბლონური/გაბმული სიტყვები,არა
1928,S45233,https://superi.ge/gorenje-cwsa08hc/,qvabebisa-da-tapebis-nakrebebi,ქვაბებისა და ტაფების ნაკრები GORENJE CWSA08HC,,ქვაბებისა და ტაფების ნაკრები GORENJE CWSA08HC,,"ქვაბებისა და ტაფების ნაკრები GORENJE CWSA08HC — მახასიათებლები, ფასი და ხელმისაწვდომობა იხილეთ Superi.ge-ზე და შეარჩიეთ სასურველი მოდელი ონლაინ.","ქვაბებისა და ტაფების ნაკრები GORENJE CWSA08HC: ნაკრებში შემავალი პროდუქტის რაოდენობა 5, 1 x ქვაბი თავსახურით (ზომა) 20 x 10 სმ.",,meta description: შაბლონური/გაბმული სიტყვები,არა
2499,226571,https://superi.ge/naturel-nt10pc-set1-gry/,qvabebisa-da-tapebis-nakrebebi,ქვაბებისა და ტაფების ნაკრები NATUREL NT10PC SET1 GRY,,ქვაბებისა და ტაფების ნაკრები NATUREL NT10PC SET1 GRY,,"ქვაბებისა და ტაფების ნაკრები NATUREL NT10PC SET1 GRY — მახასიათებლები, ფასი და ხელმისაწვდომობა იხილეთ Superi.ge-ზე და შეარჩიეთ სასურველი მოდელი ონლაინ.","ქვაბებისა და ტაფების ნაკრები NATUREL NT10PC SET1 GRY: ნაკრებში შემავალი ნივთების რაოდენობა 10, 1 x ქვაბი თავსახურით (ზომა / მოცულობა) 28 სმ / 5.8 ლ.",,meta description: შაბლონური/გაბმული სიტყვები,არა
10357,133789,https://superi.ge/asus-tuf-gaming-ax3000-dual-band-wifi-6-gaming-router-90ig0790-mu9b00/,routers,ASUS TUF Gaming AX3000 Dual Band WiFi 6 Gaming Router 90IG0790-MU9B00,როუტერი ASUS TUF Gaming AX3000 Dual Band WiFi 6 Gaming Router 90IG0790-MU9B00,ASUS TUF Gaming AX3000 Dual Band WiFi 6 Gaming Router 90IG0790-MU9B00 | Superi.ge,როუტერი ASUS TUF Gaming AX3000 Dual Band WiFi 6 Gaming Router,"ASUS TUF Gaming AX3000 Wi-Fi 6 როუტერი 3000 Mbps სიჩქარით, ორბენდიანი 2.4GHz და 5GHz მხარდაჭერით, 4 გარე ანტენით და ძლიერი უსაფრთხოების ფუნქციებით. იდეალურია გეიმინგისთვის და მაღალი სიჩქარის სტაბილური ქსელისთვის",,,ქართული ტიპი დაემატა,არა
15441,S61247,https://superi.ge/asus-zenwifi-ax-mini-xd4-b-3-pk-3-packs/,routers,ASUS ZenWiFi AX Mini XD4 (B-3-PK) (3 Packs),როუტერი ASUS ZenWiFi AX Mini XD4 (B-3-PK) (3 Packs),ASUS ZenWiFi AX Mini XD4 (B-3-PK) (3 Packs) | Superi.ge,როუტერი ASUS ZenWiFi AX Mini XD4 (B-3-PK) (3 Packs) | Superi.ge,ASUS ZenWiFi AX Mini XD4 Mesh Wi-Fi სისტემა Wi-Fi 6 სტანდარტითა და 3 მოწყობილობის ნაკრებით.,,,ქართული ტიპი დაემატა,არა
15426,S82951,https://superi.ge/asus-zenwifi-bd4/,routers,ASUS ZenWiFi BD4,როუტერი ASUS ZenWiFi BD4,ASUS ZenWiFi BD4 | Superi.ge,როუტერი ASUS ZenWiFi BD4 | Superi.ge,ASUS ZenWiFi BD4 Mesh Wi-Fi სისტემა Wi-Fi 7 სტანდარტით.,,,ქართული ტიპი დაემატა,არა
15442,S74595,https://superi.ge/asus-zenwifi-xd6-series-xd6-xd6s-1-pack/,routers,ASUS ZenWiFi XD6 Series (XD6/XD6S) (1 Pack),როუტერი ASUS ZenWiFi XD6 Series (XD6/XD6S) (1 Pack),ASUS ZenWiFi XD6 Series (XD6/XD6S) (1 Pack) | Superi.ge,როუტერი ASUS ZenWiFi XD6 Series (XD6/XD6S) (1 Pack) | Superi.ge,ASUS ZenWiFi XD6 Series Mesh Wi-Fi სისტემა Wi-Fi 6 სტანდარტით.,,,ქართული ტიპი დაემატა,არა
14225,S59186,https://superi.ge/network-active-router-tp-link-tp-link-deco-be25-1-pack-be3600-whole-home-mesh-wifi-7-system/,routers,Network Active/ Router/ TP-Link/ TP-link Deco BE25(1-pack) BE3600 Whole Home Mesh WiFi 7 System,როუტერი Network Active/ Router/ TP-Link/ TP-link Deco BE25(1-pack) BE3600 Whole Home Mesh WiFi 7 System,Network Active/ Router/ TP-Link/ TP-link Deco BE25(1-pack) BE3600 Whole Home Mesh WiFi 7 System | Superi.ge,როუტერი Network Active/ Router/ TP-Link/ TP-link Deco,"TP-Link Deco BE25(1-pack) BE3600 Wi-Fi 7 Mesh სისტემა 2.4 GHz და 5 GHz დიაპაზონებით, 2882 Mbps-მდე Wi-Fi სიჩქარით, 2.5 Gbps ქსელური პორტებით, WPA3 და VPN მხარდაჭერით.",,,ქართული ტიპი დაემატა,არა
15427,S52264,https://superi.ge/tp-link-4g-ac1200-dual-band-wi-fi-archer-mr402-outdoor-white/,routers,TP-Link 4G AC1200 Dual Band Wi-Fi Archer MR402-OUTDOOR - White,როუტერი TP-Link 4G AC1200 Dual Band Wi-Fi Archer MR402-OUTDOOR - White,TP-Link 4G AC1200 Dual Band Wi-Fi Archer MR402-OUTDOOR - White | Superi.ge,როუტერი TP-Link 4G AC1200 Dual Band Wi-Fi Archer MR402-OUTDOOR,"TP-Link Archer MR402-OUTDOOR 4G როუტერი Wi-Fi 5 სტანდარტით, AC1200 სიჩქარით, 4G LTE მხარდაჭერითა და გარე მონტაჟის შესაძლებლობით.",,,ქართული ტიპი დაემატა,არა
15437,S94061,https://superi.ge/tp-link-ax3000-wi-fi-6-unit-with-poe-deco-x50-poe-1-pack-white/,routers,TP-Link AX3000 Wi-Fi 6 Unit with PoE Deco X50-PoE(1-pack) - White,როუტერი TP-Link AX3000 Wi-Fi 6 Unit with PoE Deco X50-PoE(1-pack) - White,TP-Link AX3000 Wi-Fi 6 Unit with PoE Deco X50-PoE(1-pack) - White | Superi.ge,როუტერი TP-Link AX3000 Wi-Fi 6 Unit with PoE Deco X50-PoE(1-pack),TP-Link Deco X50-PoE(1-pack) Mesh Wi-Fi სისტემა Wi-Fi 6 სტანდარტითა და AX3000 სიჩქარით.,,,ქართული ტიპი დაემატა,არა
10358,S98107,https://superi.ge/tp-link-archer-ge230-be3600-dual-band-wi-fi-7-gaming-router/,routers,TP-Link Archer GE230 BE3600 Dual-Band Wi-Fi 7 Gaming Router,როუტერი TP-Link Archer GE230 BE3600 Dual-Band Wi-Fi 7 Gaming Router,TP-Link Archer GE230 BE3600 Dual-Band Wi-Fi 7 Gaming Router | Superi.ge,როუტერი TP-Link Archer GE230 BE3600 Dual-Band Wi-Fi 7 Gaming,"TP-Link Archer GE230 Wi-Fi 7 Gaming Router BE3600 სიჩქარით, 2.5Gbps პორტებით, Game Acceleration და HomeShield უსაფრთხოებით. იდეალური არჩევანია სწრაფი და სტაბილური გეიმინგ ქსელისთვის.",,,ქართული ტიპი დაემატა,არა
15428,S86262,https://superi.ge/tp-link-deco-be25-2-pack-be3600-whole-home-mesh-wi-fi-7-system/,routers,TP-Link Deco BE25(2-pack) BE3600 Whole Home Mesh Wi-Fi 7 System,როუტერი TP-Link Deco BE25(2-pack) BE3600 Whole Home Mesh Wi-Fi 7 System,TP-Link Deco BE25(2-pack) BE3600 Whole Home Mesh Wi-Fi 7 System | Superi.ge,როუტერი TP-Link Deco BE25(2-pack) BE3600 Whole Home Mesh,"TP-Link Deco BE25(2-pack) Mesh Wi-Fi სისტემა Wi-Fi 7 სტანდარტით, BE3600 სიჩქარითა და 2 მოწყობილობის ნაკრებით.",,,ქართული ტიპი დაემატა,არა
15429,S87889,https://superi.ge/tp-link-deco-be25-outdoor-1-pack-be3600-outdoor-indoor-mesh-wi-fi-7-unit/,routers,TP-Link Deco BE25-Outdoor(1-pack) BE3600 Outdoor/Indoor Mesh Wi-Fi 7 Unit,როუტერი TP-Link Deco BE25-Outdoor(1-pack) BE3600 Outdoor/Indoor Mesh Wi-Fi 7 Unit,TP-Link Deco BE25-Outdoor(1-pack) BE3600 Outdoor/Indoor Mesh Wi-Fi 7 Unit | Superi.ge,როუტერი TP-Link Deco BE25-Outdoor(1-pack) BE3600,"TP-Link Deco BE25-Outdoor(1-pack) Mesh Wi-Fi სისტემა Wi-Fi 7 სტანდარტით, BE3600 სიჩქარითა და გარე მონტაჟის შესაძლებლობით.",,,ქართული ტიპი დაემატა,არა
15430,S31165,https://superi.ge/tp-link-deco-be65-1-pack-be9300-white/,routers,TP-Link Deco BE65(1-pack) BE9300 White,როუტერი TP-Link Deco BE65(1-pack) BE9300 White,TP-Link Deco BE65(1-pack) BE9300 White | Superi.ge,როუტერი TP-Link Deco BE65(1-pack) BE9300 White | Superi.ge,TP-Link Deco BE65(1-pack) Mesh Wi-Fi სისტემა Wi-Fi 7 სტანდარტითა და BE9300 სიჩქარით.,,,ქართული ტიპი დაემატა,არა
15432,S65149,https://superi.ge/tp-link-deco-m4-3-pack-ac1200-whole-home-mesh-wi-fi-system/,routers,TP-Link Deco M4 (3-pack) AC1200 Whole Home Mesh Wi-Fi System,როუტერი TP-Link Deco M4 (3-pack) AC1200 Whole Home Mesh Wi-Fi System,TP-Link Deco M4 (3-pack) AC1200 Whole Home Mesh Wi-Fi System | Superi.ge,როუტერი TP-Link Deco M4 (3-pack) AC1200 Whole Home Mesh Wi-Fi,"TP-Link Deco M4 Mesh Wi-Fi სისტემა Wi-Fi 5 სტანდარტით, AC1200 სიჩქარითა და 3 მოწყობილობის ნაკრებით.",,,ქართული ტიპი დაემატა,არა
15431,S39907,https://superi.ge/tp-link-deco-m4-2-pack-ac1200-whole-home-mesh-wi-fi-system/,routers,TP-Link Deco M4(2-pack) AC1200 Whole Home Mesh Wi-Fi System,როუტერი TP-Link Deco M4(2-pack) AC1200 Whole Home Mesh Wi-Fi System,TP-Link Deco M4(2-pack) AC1200 Whole Home Mesh Wi-Fi System | Superi.ge,როუტერი TP-Link Deco M4(2-pack) AC1200 Whole Home Mesh Wi-Fi,"TP-Link Deco M4(2-pack) Mesh Wi-Fi სისტემა Wi-Fi 5 სტანდარტით, AC1200 სიჩქარითა და 2 მოწყობილობის ნაკრებით.",,,ქართული ტიპი დაემატა,არა
15433,S20692,https://superi.ge/tp-link-deco-x10-4g-1-pack-4gax1500-whole-home-mesh-wi-fi-6-gateway/,routers,TP-Link Deco X10-4G(1-pack) 4G+AX1500 Whole Home Mesh Wi-Fi 6 Gateway,როუტერი TP-Link Deco X10-4G(1-pack) 4G+AX1500 Whole Home Mesh Wi-Fi 6 Gateway,TP-Link Deco X10-4G(1-pack) 4G+AX1500 Whole Home Mesh Wi-Fi 6 Gateway | Superi.ge,როუტერი TP-Link Deco X10-4G(1-pack) 4G+AX1500 Whole Home Mesh,"TP-Link Deco X10-4G(1-pack) 4G Mesh Wi-Fi როუტერი Wi-Fi 6 სტანდარტით, AX1500 სიჩქარითა და 4G LTE მხარდაჭერით.",,,ქართული ტიპი დაემატა,არა
15434,S22481,https://superi.ge/tp-link-deco-x50-1-pack-ax3000-whole-home-mesh-wi-fi-6-unit/,routers,TP-Link Deco X50(1-pack) AX3000 Whole Home Mesh Wi-Fi 6 Unit,როუტერი TP-Link Deco X50(1-pack) AX3000 Whole Home Mesh Wi-Fi 6 Unit,TP-Link Deco X50(1-pack) AX3000 Whole Home Mesh Wi-Fi 6 Unit | Superi.ge,როუტერი TP-Link Deco X50(1-pack) AX3000 Whole Home Mesh Wi-Fi,TP-Link Deco X50(1-pack) Mesh Wi-Fi სისტემა Wi-Fi 6 სტანდარტითა და AX3000 სიჩქარით.,,,ქართული ტიპი დაემატა,არა
15435,S41065,https://superi.ge/tp-link-deco-x50-3-pack-ax3000-whole-home-mesh-wi-fi-6-system/,routers,TP-Link Deco X50(3-pack) AX3000 Whole Home Mesh Wi-Fi 6 System,როუტერი TP-Link Deco X50(3-pack) AX3000 Whole Home Mesh Wi-Fi 6 System,TP-Link Deco X50(3-pack) AX3000 Whole Home Mesh Wi-Fi 6 System | Superi.ge,როუტერი TP-Link Deco X50(3-pack) AX3000 Whole Home Mesh Wi-Fi,"TP-Link Deco X50(3-pack) Mesh Wi-Fi სისტემა Wi-Fi 6 სტანდარტით, AX3000 სიჩქარითა და 3 მოწყობილობის ნაკრებით.",,,ქართული ტიპი დაემატა,არა
15436,S60076,https://superi.ge/tp-link-deco-x50-outdoor-1-pack-ax3000-outdoor-mesh-wi-fi-6-unit/,routers,TP-Link Deco X50-Outdoor(1-pack) AX3000 Outdoor Mesh Wi-Fi 6 Unit,როუტერი TP-Link Deco X50-Outdoor(1-pack) AX3000 Outdoor Mesh Wi-Fi 6 Unit,TP-Link Deco X50-Outdoor(1-pack) AX3000 Outdoor Mesh Wi-Fi 6 Unit | Superi.ge,როუტერი TP-Link Deco X50-Outdoor(1-pack) AX3000 Outdoor Mesh,"TP-Link Deco X50-Outdoor(1-pack) Mesh Wi-Fi სისტემა Wi-Fi 6 სტანდარტით, AX3000 სიჩქარითა და გარე მონტაჟის შესაძლებლობით.",,,ქართული ტიპი დაემატა,არა
15438,S34836,https://superi.ge/tp-link-deco-x55-1-pack-ax3000-white/,routers,TP-Link Deco X55(1-pack) AX3000 White,როუტერი TP-Link Deco X55(1-pack) AX3000 White,TP-Link Deco X55(1-pack) AX3000 White | Superi.ge,როუტერი TP-Link Deco X55(1-pack) AX3000 White | Superi.ge,TP-Link Deco X55(1-pack) Mesh Wi-Fi სისტემა Wi-Fi 6 სტანდარტითა და AX3000 სიჩქარით.,,,ქართული ტიპი დაემატა,არა
14194,S62993,https://superi.ge/network-active-router-tp-link-tp-link-deco-xe75-pro-3-pack-axe5400-whole-home-mesh-wi-fi-6e-syst/,routers,TP-Link Deco XE75 Pro AXE5400 Whole Home Mesh Wi-Fi 6E System,როუტერი TP-Link Deco XE75 Pro AXE5400 Whole Home Mesh Wi-Fi 6E System,TP-Link Deco XE75 Pro AXE5400 Whole Home Mesh Wi-Fi 6E System | Superi.ge,როუტერი TP-Link Deco XE75 Pro AXE5400 Whole Home Mesh Wi-Fi,"TP-Link Deco XE75 Pro AXE5400 Wi-Fi 6E Mesh სისტემა 3 მოწყობილობის კომპლექტით, 2.4 GHz, 5 GHz და 6 GHz დიაპაზონებით, 2402 Mbps-მდე სიჩქარით, WPA3 უსაფრთხოებითა და 4 შიდა ანტენით.",,,ქართული ტიპი დაემატა,არა
15439,S80988,https://superi.ge/tp-link-m7450-lte-advanced-mobile-wi-fi/,routers,TP-Link M7450 LTE-Advanced Mobile Wi-Fi,როუტერი TP-Link M7450 LTE-Advanced Mobile Wi-Fi,TP-Link M7450 LTE-Advanced Mobile Wi-Fi | Superi.ge,როუტერი TP-Link M7450 LTE-Advanced Mobile Wi-Fi | Superi.ge,TP-Link M7450 მობილური 4G როუტერი 4G LTE მხარდაჭერით.,,,ქართული ტიპი დაემატა,არა
15440,S15720,https://superi.ge/tp-link-tl-mr100-outdoor-300mbps-wireless-n-4g-lte-outdoor-router/,routers,TP-Link TL-MR100-Outdoor 300Mbps Wireless N 4G LTE Outdoor Router,როუტერი TP-Link TL-MR100-Outdoor 300Mbps Wireless N 4G LTE Outdoor Router,TP-Link TL-MR100-Outdoor 300Mbps Wireless N 4G LTE Outdoor Router | Superi.ge,როუტერი TP-Link TL-MR100-Outdoor 300Mbps Wireless N 4G LTE,"TP-Link TL-MR100-Outdoor 4G როუტერი Wi-Fi 4 სტანდარტით, 300 Mbps სიჩქარით, 4G LTE მხარდაჭერითა და გარე მონტაჟის შესაძლებლობით.",,,ქართული ტიპი დაემატა,არა
3961,S45946,https://superi.ge/tp-link-archer-mr500-4g-cat6-ac1200-lte/,routers,როუტერი TP-Link ARCHER MR500 4G+ CAT6 AC1200 LTE,,როუტერი TP-Link ARCHER MR500 4G+ CAT6 AC1200 LTE | Superi.ge,,"როუტერი TP-Link ARCHER MR500 4G+ CAT6 AC1200 LTE — მახასიათებლები, ფასი და ხელმისაწვდომობა იხილეთ Superi.ge-ზე და შეარჩიეთ სასურველი მოდელი ონლაინ.","როუტერი TP-Link ARCHER MR500 4G+ CAT6 AC1200 LTE: სიმ ბარათის ტიპი Nano SIM, სიხშირის დიაპაზონი 2.4 GHz - 5 GHz.",,meta description: შაბლონური/გაბმული სიტყვები,არა
3213,20110981,https://superi.ge/riken-225-55r17-101v-snow/,saburavebi,საბურავი RIKEN 225/55R17 101V SNOW (ზამთრის),,საბურავი RIKEN 225/55R17 101V SNOW,,"საბურავი RIKEN 225/55R17 101V SNOW (ზამთრის) — მახასიათებლები, ფასი და ხელმისაწვდომობა იხილეთ Superi.ge-ზე და შეარჩიეთ სასურველი მოდელი ონლაინ.","საბურავი RIKEN 225/55R17 101V SNOW (ზამთრის): დანიშნულება მსუბუქი ავტომობილის, რაოდენობა 1, სეზონი ზამთარი, საბურავის სიგანე 225.",,meta description: შაბლონური/გაბმული სიტყვები,არა
2932,FRM-145ECM,https://superi.ge/ardesto-frm-145ecm-142/,sakinule,საყინულე ARDESTO FRM-145ECM (142ლ),,საყინულე ARDESTO FRM-145ECM (142ლ),,"საყინულე ARDESTO FRM-145ECM (142ლ) — მოცულობა 142 ლიტრი. დეტალური მახასიათებლები, ფასი და ხელმისაწვდომობა იხილეთ Superi.ge-ზე.","საყინულე ARDESTO FRM-145ECM (142ლ): პროდუქტის ტიპი საყინულე, მთლიანი მოცულობა 142 ლიტრი, მენეჯმენტი ელექტრონული, ენერგიის მოხმარების კლასი A+.",,meta description: შაბლონური/გაბმული სიტყვები,არა
2933,FRM-200ECM,https://superi.ge/ardesto-frm-200ecm-195/,sakinule,საყინულე ARDESTO FRM-200ECM (195ლ),,საყინულე ARDESTO FRM-200ECM (195ლ),,"საყინულე ARDESTO FRM-200ECM (195ლ) — საერთო მოცულობა 198 ლიტრი. დეტალური მახასიათებლები, ფასი და ხელმისაწვდომობა იხილეთ Superi.ge-ზე.","საყინულე ARDESTO FRM-200ECM (195ლ): პროდუქტის ტიპი საყინულე, საერთო მოცულობა 198 ლიტრი, გალღობის სისტემა სტატიკური.",,meta description: შაბლონური/გაბმული სიტყვები,არა
2935,FRM-250ECM,https://superi.ge/ardesto-frm-250ecm-249/,sakinule,საყინულე ARDESTO FRM-250ECM (249ლ),,საყინულე ARDESTO FRM-250ECM (249ლ),,"საყინულე ARDESTO FRM-250ECM (249ლ) — მოცულობა 249 ლ. დეტალური მახასიათებლები, ფასი და ხელმისაწვდომობა იხილეთ Superi.ge-ზე.","საყინულე ARDESTO FRM-250ECM (249ლ): პროდუქტის ტიპი საყინულე, მოცულობა 249 ლ, ენერგოეფექტურობის კლასი A++, კონტროლის ტიპი ელექტრონული.",,meta description: შაბლონური/გაბმული სიტყვები,არა
2934,URM-85M90,https://superi.ge/ardesto-urm-85m90-83/,sakinule,საყინულე ARDESTO URM-85M90 (83ლ),,საყინულე ARDESTO URM-85M90 (83ლ),,"საყინულე ARDESTO URM-85M90 (83ლ) — მოცულობა 93 ლ სასარგებლო. დეტალური მახასიათებლები, ფასი და ხელმისაწვდომობა იხილეთ Superi.ge-ზე.","საყინულე ARDESTO URM-85M90 (83ლ): პროდუქტის ტიპი საყინულე, ყუთების რაოდენობა 3, ენერგიის მოხმარების კლასი A+, ცივი შენახვის დრო 3 სთ.",,meta description: შაბლონური/გაბმული სიტყვები,არა
12045,CFD285,https://superi.ge/chigo-cfd285-230/,sakinule,საყინულე Chigo CFD285 (230ლ),,საყინულე Chigo CFD285 (230ლ) | Superi.ge,,"საყინულე Chigo CFD285 (230ლ) — მოცულობა 230 ლ. დეტალური მახასიათებლები, ფასი და ხელმისაწვდომობა იხილეთ Superi.ge-ზე. შეუკვეთეთ ონლაინ.","საყინულე Chigo CFD285 (230ლ): კატეგორია საყინულე, მოცულობა 230 ლ, სისტემა ნახევრად მშრალი ფუნქციები და, კვების წყარო ქსელი.",,meta description: შაბლონური/გაბმული სიტყვები,არა
663,S99685,https://superi.ge/gorenje-f492pw/,sakinule,საყინულე GORENJE F492PW,,საყინულე GORENJE F492PW|Superi.ge,,"საყინულე GORENJE F492PW — მოცულობა 91 ლ. დეტალური მახასიათებლები, ფასი და ხელმისაწვდომობა იხილეთ Superi.ge-ზე. შეუკვეთეთ ონლაინ.","საყინულე GORENJE F492PW: მთლიანი მოცულობა 91 ლ, სასარგებლო მოცულობა 81 ლ, ენერგოეფექტურობის კლასი A++, კლიმატის კლასი ST/T/N.",,meta description: შაბლონური/გაბმული სიტყვები,არა
3180,I95050,https://superi.ge/gorenje-fh50bpw-500l/,sakinule,საყინულე GORENJE FH50BPW (500L),,საყინულე GORENJE FH50BPW (500L),,"საყინულე GORENJE FH50BPW (500L) — საერთო მოცულობა 500 ლ და მექანიკური მართვა. დეტალური მახასიათებლები, ფასი და ხელმისაწვდომობა იხილეთ Superi.ge-ზე.","საყინულე GORENJE FH50BPW (500L): მართვის ტიპი მექანიკური, საერთო მოცულობა 500 ლ, გალღობის სისტემა ნახევრად მშრალი, კარების რაოდენობა 2.",,meta description: შაბლონური/გაბმული სიტყვები,არა
3023,I90759,https://superi.ge/gorenje-fn619few5/,sakinule,საყინულე GORENJE FN619FEW5,,საყინულე GORENJE FN619FEW5,,"საყინულე GORENJE FN619FEW5 — მოცულობა 310 ლ და მექანიკური მართვა. დეტალური მახასიათებლები, ფასი და ხელმისაწვდომობა იხილეთ Superi.ge-ზე.","საყინულე GORENJE FN619FEW5: მართვის ტიპი მექანიკური, სასარგებლო მოცულობა 310 ლ, გაგრილების სისტემა No Frost (მშრალი გაყინვა), გალღობის სისტემა ავტომატური.",,meta description: შაბლონური/გაბმული სიტყვები,არა
1959,FC-26DD4SA,https://superi.ge/hisense-fc-26dd4sa/,sakinule,საყინულე HISENSE FC-26DD4SA,,საყინულე HISENSE FC-26DD4SA|Superi.ge,,"საყინულე HISENSE FC-26DD4SA — საერთო მოცულობა 198 ლ და მექანიკური მართვა. დეტალური მახასიათებლები, ფასი და ხელმისაწვდომობა იხილეთ Superi.ge-ზე.","საყინულე HISENSE FC-26DD4SA: მართვის ტიპი მექანიკური, საერთო მოცულობა 198 ლ, ენერგომოხმარების კლასი A+, ტემპერატურის დიაპაზონი -6° - +18 °C.",,meta description: შაბლონური/გაბმული სიტყვები,არა
3092,SCF-K200HL-WH3 ,https://superi.ge/sharp-scf-k200hl-wh3-145l/,sakinule,საყინულე SHARP SCF-K200HL-WH3 (145L),,საყინულე SHARP SCF-K200HL-WH3 (145L),,"საყინულე SHARP SCF-K200HL-WH3 (145L) — მოცულობა 145 ლიტრი. დეტალური მახასიათებლები, ფასი და ხელმისაწვდომობა იხილეთ Superi.ge-ზე.","საყინულე SHARP SCF-K200HL-WH3 (145L): მოცულობა 145 ლიტრი, ფრეონის ტიპი R600a, განათება LED. ✓ ოფიციალური გარანტია ✓ განვადება ✓ მიწოდება საქართველოში.",,meta description: შაბლონური/გაბმული სიტყვები,არა
3091,SCF-K270H-WH3,https://superi.ge/sharp-scf-k270h-wh3-200l/,sakinule,საყინულე SHARP SCF-K270H-WH3 (200L),,საყინულე SHARP SCF-K270H-WH3 (200L),,"საყინულე SHARP SCF-K270H-WH3 (200L) — მოცულობა 200 ლიტრი. დეტალური მახასიათებლები, ფასი და ხელმისაწვდომობა იხილეთ Superi.ge-ზე.","საყინულე SHARP SCF-K270H-WH3 (200L): მოცულობა 200 ლიტრი, ფრეონის ტიპი R600a, განათება LED. ✓ ოფიციალური გარანტია ✓ განვადება ✓ მიწოდება საქართველოში.",,meta description: შაბლონური/გაბმული სიტყვები,არა
3090,SCF-K350H-WH3,https://superi.ge/sharp-scf-k350h-wh3-251l/,sakinule,საყინულე SHARP SCF-K350H-WH3 (251L),,საყინულე SHARP SCF-K350H-WH3 (251L),,"საყინულე SHARP SCF-K350H-WH3 (251L) — მოცულობა 251 ლიტრი. დეტალური მახასიათებლები, ფასი და ხელმისაწვდომობა იხილეთ Superi.ge-ზე.","საყინულე SHARP SCF-K350H-WH3 (251L): მოცულობა 251 ლიტრი, ფრეონის ტიპი R600a, განათება LED. ✓ ოფიციალური გარანტია ✓ განვადება ✓ მიწოდება საქართველოში.",,meta description: შაბლონური/გაბმული სიტყვები,არა
3089,SCF-K440H-WH3 ,https://superi.ge/sharp-scf-k440h-wh3-316l/,sakinule,საყინულე SHARP SCF-K440H-WH3 (316L),,საყინულე SHARP SCF-K440H-WH3 (316L),,"საყინულე SHARP SCF-K440H-WH3 (316L) — მოცულობა 380 ლიტრი. დეტალური მახასიათებლები, ფასი და ხელმისაწვდომობა იხილეთ Superi.ge-ზე.","საყინულე SHARP SCF-K440H-WH3 (316L): მოცულობა 380 ლიტრი, ფრეონის ტიპი R600a, განათება LED. ✓ ოფიციალური გარანტია ✓ განვადება ✓ მიწოდება საქართველოში.",,meta description: შაბლონური/გაბმული სიტყვები,არა
3088,SCF-K520H-WH3,https://superi.ge/sharp-scf-k520h-wh3-380l/,sakinule,საყინულე SHARP SCF-K520H-WH3 (380L),,საყინულე SHARP SCF-K520H-WH3 (380L),,"საყინულე SHARP SCF-K520H-WH3 (380L) — მოცულობა 380 ლიტრი. დეტალური მახასიათებლები, ფასი და ხელმისაწვდომობა იხილეთ Superi.ge-ზე.","საყინულე SHARP SCF-K520H-WH3 (380L): მოცულობა 380 ლიტრი, გალღობის სისტემა მექანიკური, ფრეონის ტიპი R600a, განათება LED.",,meta description: შაბლონური/გაბმული სიტყვები,არა
1760,S98680,https://superi.ge/vestel-rn270fr3ei-w/,sakinule,საყინულე VESTEL RN270FR3EI-W,,საყინულე VESTEL RN270FR3EI-W|Superi.ge,,"საყინულე VESTEL RN270FR3EI-W — მოცულობა 172 ლ და მექანიკური მართვა. დეტალური მახასიათებლები, ფასი და ხელმისაწვდომობა იხილეთ Superi.ge-ზე.","საყინულე VESTEL RN270FR3EI-W: მართვის ტიპი მექანიკური, სასარგებლო მოცულობა 172 ლ, გაგრილების სისტემა No Frost (მშრალი გაყინვა), გალღობის სისტემა ავტომატური.",,meta description: შაბლონური/გაბმული სიტყვები,არა
2862,08016,https://superi.ge/alneo-s13ow01-400/,sakinule,საყინულე მაცივარი ALNEO S13OW01 (400ლ),,საყინულე მაცივარი ALNEO S13OW01 (400ლ),,"საყინულე მაცივარი ALNEO S13OW01 (400ლ) — საერთო მოცულობა 400 ლ და ხმაურის დონე 42 DB. დეტალური მახასიათებლები, ფასი და ხელმისაწვდომობა იხილეთ Superi.ge-ზე.","საყინულე მაცივარი ALNEO S13OW01 (400ლ): საერთო მოცულობა 400 ლ, ენერგო მოხმარება A+, ხმაურის დონე 42 DB, კომპლექტაცია 1 X BADE.",,meta description: შაბლონური/გაბმული სიტყვები,არა
1321,CR8073,https://superi.ge/camry-cr8073/,sakinule,ყინულის აპარატი CAMRY CR8073,,ყინულის აპარატი CAMRY CR8073|Superi.ge,,"ყინულის აპარატი CAMRY CR8073 — მოცულობა 2,2 ლ. დეტალური მახასიათებლები, ფასი და ხელმისაწვდომობა იხილეთ Superi.ge-ზე. შეუკვეთეთ ონლაინ.","ყინულის აპარატი CAMRY CR8073: წყლის ავზის მოცულობა მოცულობა 2.2 ლ, ყინულის წარმოება 12kg/24h, კლიმატის კლასი N, ხმაურის დონე 70 dB.",,meta description: შაბლონური/გაბმული სიტყვები,არა
2976,SA0000009565,https://superi.ge/vox-em2101/,sakinule,ყინულის აპარატი VOX EM2101,,ყინულის აპარატი VOX EM2101,,"ყინულის აპარატი VOX EM2101 — ტევადობა 1,8 ლ და ხმაურის დონე 60 დბ. დეტალური მახასიათებლები, ფასი და ხელმისაწვდომობა იხილეთ Superi.ge-ზე.","ყინულის აპარატი VOX EM2101: ყინულის რაოდენობა 12 კგ / 24 სთ, წყლის ავზის ტევადობა 1,8 ლ, ხმაურის დონე 60 დბ, სიმძლავრე 100 ვტ.",,meta description: შაბლონური/გაბმული სიტყვები,არა
5089,S50394,https://superi.ge/bosch-gin81aef0u/,sakinule,ჩასაშენებელი საყინულე BOSCH GIN81AEF0U,,ჩასაშენებელი საყინულე BOSCH GIN81AEF0U | Superi.ge,,"შეიძინეთ ჩასაშენებელი საყინულე BOSCH GIN81AEF0U — მახასიათებლები, ფასი და ხელმისაწვდომობა იხილეთ Superi.ge-ზე და შეარჩიეთ სასურველი მოდელი ონლაინ.","ჩასაშენებელი საყინულე BOSCH GIN81AEF0U: პროდუქტის ტიპი საყინულე მაცივარი, სერია Series 6, მაცივრის სტილი ერთკარიანი, მუშაობის პრინციპი მშრალი ყინვა.",,meta description: შაბლონური/გაბმული სიტყვები,არა
3878,S75038,https://superi.ge/midea-mdre306fzf01-212-l/,sakinule,ჩასაშენებელი საყინულე MIDEA MDRE306FZF01 (212 L),,ჩასაშენებელი საყინულე MIDEA MDRE306FZF01 (212 L) | Superi.ge,,"ჩასაშენებელი საყინულე MIDEA MDRE306FZF01 (212 L) — მოცულობა 212 ლ. დეტალური მახასიათებლები, ფასი და ხელმისაწვდომობა იხილეთ Superi.ge-ზე.","ჩასაშენებელი საყინულე MIDEA MDRE306FZF01 (212 L): მოცულობა 212 ლ, კლიმატის კლასი N/ST, ენერგიის მოხმარება A+, ხმაურის დონე 41დბ.",,meta description: შაბლონური/გაბმული სიტყვები,არა
6331,13010113,https://superi.ge/dingqi-13010113-350w-13mm/,samsheneblo-khelsatskoebi,ვერტიკალური საბურღი DINGQI 13010113 (350W/13MM),,ვერტიკალური საბურღი DINGQI 13010113 (350W/13MM) | Superi.ge,,"ვერტიკალური საბურღი DINGQI 13010113 (350W/13MM) — მახასიათებლები, ფასი და ხელმისაწვდომობა იხილეთ Superi.ge-ზე და შეარჩიეთ სასურველი მოდელი ონლაინ.","ვერტიკალური საბურღი DINGQI 13010113 (350W/13MM): ბურღვის რიცხვი 180 - 3320 ბრ/წთ, სიმძლავრე 350W, ვაზნა 13 მმ, წონა 56 კგ"".",,meta description: შაბლონური/გაბმული სიტყვები,არა
6310,JFS1601,https://superi.ge/jifa-jfs1601-120-w/,samsheneblo-khelsatskoebi,ფიგურების გამოსაყვანი ბეწვა ხერხი JIFA JFS1601 (120 W),,ფიგურების გამოსაყვანი ბეწვა ხერხი JIFA JFS1601 (120 W) | Superi.ge,,"ფიგურების გამოსაყვანი ბეწვა ხერხი JIFA JFS1601 (120 W) — სიმძლავრე 120 W 1A. დეტალური მახასიათებლები, ფასი და ხელმისაწვდომობა იხილეთ Superi.ge-ზე.","ფიგურების გამოსაყვანი ბეწვა ხერხი JIFA JFS1601 (120 W): ნომინალური ძაბვა 230V~ 120V~, ნომინალური სიმძლავრე 120 W 1A, უმოქმედობის სიჩქარე 500-1, 700 წთ-¹.",,meta description: შაბლონური/გაბმული სიტყვები,არა
14005,S64045,https://superi.ge/kitchen-machine-kenwood-khc30-070gy-kitchen-machine/,samzareulos-kombainebi,Kitchen Machine/ KENWOOD KHC30.070GY Kitchen Machine,სამზარეულოს კომბაინი Kitchen Machine/ KENWOOD KHC30.070GY Kitchen Machine,Kitchen Machine/ KENWOOD KHC30.070GY Kitchen Machine | Superi.ge,სამზარეულოს კომბაინი Kitchen Machine/ KENWOOD KHC30.070GY,"Kenwood KHC30.070GY სამზარეულოს კომბაინი 1000 W სიმძლავრით, 4.3 ლ მეტალის თასით, 11 საცმით, ხორცსაკეპით, ბლენდერით, ციტრუსის წვენსაწურითა და Pulse ფუნქციით.",,,ქართული ტიპი დაემატა,არა
1943,190151,https://superi.ge/toorx-516gawpp-ultra-compact-walkingpad-wp-p-candy-rose/,sarbeni-bilikebi,სარბენი ბილიკი TOORX 516GAWPP ULTRA COMPACT WALKINGPAD WP-P CANDY ROSE,,სარბენი ბილიკი TOORX 516GAWPP ULTRA COMPACT,,სარბენი ბილიკი TOORX 516GAWPP ULTRA COMPACT WALKINGPAD WP-P CANDY ROSE — მაქსიმალური დატვირთვა 100 კგ. ფასი და ხელმისაწვდომობა იხილეთ Superi.ge-ზე.,"სარბენი ბილიკი TOORX 516GAWPP ULTRA COMPACT WALKINGPAD WP-P CANDY ROSE: მაქსიმალური დატვირთვა 100 კგ, ძრავის ტიპი 2 HP, სიჩქარე 0.5-6 კმ/სთ.",,meta description: შაბლონური/გაბმული სიტყვები,არა
2126,231865,https://superi.ge/vileda-turbo-smart-4023103208476/,saretskh-satsmendi-sashualebebi,იატაკის საწმენდი VILEDA TURBO SMART (4023103208476),,იატაკის საწმენდი VILEDA TURBO SMART (4023103208476),,"იატაკის საწმენდი VILEDA TURBO SMART (4023103208476) — მახასიათებლები, ფასი და ხელმისაწვდომობა იხილეთ Superi.ge-ზე და შეარჩიეთ სასურველი მოდელი ონლაინ.","იატაკის საწმენდი VILEDA TURBO SMART (4023103208476): მასალა მეტალი, პლასტმასი, ჯოხის სიგრძე 130 სმ. ✓ ოფიციალური გარანტია ✓ განვადება ✓ მიწოდება საქართველოში.",,meta description: შაბლონური/გაბმული სიტყვები,არა
1560,212754,https://superi.ge/aeg-l6se47sre/,saretskhi-manqanebi,სარეცხი მანქანა AEG L6SE47SRE,,სარეცხი მანქანა AEG L6SE47SRE|Superi.ge,,"სარეცხი მანქანა AEG L6SE47SRE — სიმძლავრე 2200 W, მაქსიმალური სიჩქარე 1400 ბრ/წთ და ინვერტორული ძრავა. ფასი და ხელმისაწვდომობა იხილეთ Superi.ge-ზე.","სარეცხი მანქანა AEG L6SE47SRE: ჩატვირთვის ტიპი ფრონტალური, ძრავის ტიპი ინვერტორული, სიმძლავრე 2200 W, სარეცხის მაქსიმალური ჩატვირთვა 7 კგ.",,meta description: შაბლონური/გაბმული სიტყვები,არა
871,206763,https://superi.ge/ardesto-swmg-7121w/,saretskhi-manqanebi,სარეცხი მანქანა ARDESTO SWMG-7121W,,სარეცხი მანქანა ARDESTO SWMG-7121W,,"სარეცხი მანქანა ARDESTO SWMG-7121W — ტევადობა 7 კგ, მაქსიმალური სიჩქარე 1200 ბრ/წთ და ღვედიანი ძრავა. ფასი და ხელმისაწვდომობა იხილეთ Superi.ge-ზე.","სარეცხი მანქანა ARDESTO SWMG-7121W: ჩატვირთვის ტიპი ფრონტალური, ტევადობა 7 კგ, ბრუნვის მაქსიმალური სიჩქარე 1200 ბრ/წთ, ძრავის ტიპი ღვედიანი.",,meta description: შაბლონური/გაბმული სიტყვები,არა
1379,S27582,https://superi.ge/beko-b5df-t-510447-m/,saretskhi-manqanebi,სარეცხი მანქანა BEKO B5DF T 510447 M,,სარეცხი მანქანა BEKO B5DF T 510447 M,,"სარეცხი მანქანა BEKO B5DF T 510447 M — მოცულობა 6 კგ და მაქსიმალური სიჩქარე 1400 ბრ/წთ. დეტალური მახასიათებლები, ფასი და ხელმისაწვდომობა იხილეთ Superi.ge-ზე.","სარეცხი მანქანა BEKO B5DF T 510447 M: ჩატვირთვის ტიპი ფრონტალური, სარეცხის მაქსიმალური ჩატვირთვა 10 კგ, გაშრობის მოცულობა 6 კგ.",,meta description: შაბლონური/გაბმული სიტყვები,არა
1668,229274,https://superi.ge/beko-htv-7736-xsht-b300/,saretskhi-manqanebi,სარეცხი მანქანა BEKO HTV 7736 XSHT B300,,სარეცხი მანქანა BEKO HTV 7736 XSHT B300,,სარეცხი მანქანა BEKO HTV 7736 XSHT B300 — მოცულობა 4 კგ და მაქსიმალური სიჩქარე 1400 ბრ/წ. ფასი და ხელმისაწვდომობა იხილეთ Superi.ge-ზე.,"სარეცხი მანქანა BEKO HTV 7736 XSHT B300: მაქსიმალური ჩატვირთვა 7 კგ, საშრობის მოცულობა 4 კგ, ჩატვირთვის ტიპი ფრონტალური.",,meta description: შაბლონური/გაბმული სიტყვები,არა
896,214477,https://superi.ge/beko-rspe78612s/,saretskhi-manqanebi,სარეცხი მანქანა BEKO RSPE78612S,,სარეცხი მანქანა BEKO RSPE78612S,,სარეცხი მანქანა BEKO RSPE78612S — მაქსიმალური სიჩქარე 1200 ბრ/წთ და მართვის ტიპი ელექტრონული/მექა. ფასი და ხელმისაწვდომობა იხილეთ Superi.ge-ზე.,"სარეცხი მანქანა BEKO RSPE78612S: ჩატვირთვის ტიპი ფრონტალური, ძაბვა 230 ვ, მაქსიმალური ჩატვირთვა 7 კგ, სიხშირე 50 Hz.",,meta description: შაბლონური/გაბმული სიტყვები,არა
897,213184,https://superi.ge/beko-wspe7612a/,saretskhi-manqanebi,სარეცხი მანქანა BEKO WSPE7612A,,სარეცხი მანქანა BEKO WSPE7612A,,"სარეცხი მანქანა BEKO WSPE7612A — მაქსიმალური სიჩქარე 1200 ბრ/წ. დეტალური მახასიათებლები, ფასი და ხელმისაწვდომობა იხილეთ Superi.ge-ზე.","სარეცხი მანქანა BEKO WSPE7612A: მაქსიმალური ჩატვირთვა 7 კგ, ჩატვირთვის ტიპი წინა, ეკრანის ტიპი Digital Display, ბრუნვის მაქსიმალური სიჩქარე 1200 ბრ/წ.",,meta description: შაბლონური/გაბმული სიტყვები,არა
898,S97414,https://superi.ge/beko-wsre-6512-prs/,saretskhi-manqanebi,სარეცხი მანქანა BEKO WSRE 6512 PRS,,სარეცხი მანქანა BEKO WSRE 6512 PRS,,"სარეცხი მანქანა BEKO WSRE 6512 PRS — ტევადობა 6 კგ, მაქსიმალური სიჩქარე 1000 ბრ/წთ და ინვერტორული ძრავა. ფასი და ხელმისაწვდომობა იხილეთ Superi.ge-ზე.","სარეცხი მანქანა BEKO WSRE 6512 PRS: ჩატვირთვის ტიპი ფრონტალური, ტევადობა 6 კგ, ბრუნვის მაქსიმალური სიჩქარე 1000 ბრ/წთ, გაწურვის კლასი C.",,meta description: შაბლონური/გაბმული სიტყვები,არა
857,S68800,https://superi.ge/beko-wsre-6512-prw/,saretskhi-manqanebi,სარეცხი მანქანა BEKO WSRE 6512 PRW,,სარეცხი მანქანა BEKO WSRE 6512 PRW,,ჩატვირთვის ტიპი: ფრონტალური სარეცხის მაქსიმალური ჩატვირთვა: 6 კგ ბრუნვის მაქსიმალური სიჩქარე: 1000 ბრ/წთ ენერგომოხმარების კლასი: A ძრავის ტიპი: ინვერტორული ზომა: 84 x 45 x 60 მმ ფერი: თეთრი,"სარეცხი მანქანა BEKO WSRE 6512 PRW: ჩატვირთვის ტიპი ფრონტალური, ტევადობა 6 კგ, ბრუნვის მაქსიმალური სიჩქარე 1000 ბრ/წთ, გაწურვის კლასი C.",,meta description: სპეციფიკაციების ჩამონათვალი,არა
899,S94086,https://superi.ge/beko-wsre7512prw/,saretskhi-manqanebi,სარეცხი მანქანა BEKO WSRE7512PRW,,სარეცხი მანქანა BEKO WSRE7512PRW,,სარეცხი მანქანა BEKO WSRE7512PRW — მაქსიმალური სიჩქარე 1000 ბრ/წთ და მართვის ტიპი ელექტრონული/მექა. ფასი და ხელმისაწვდომობა იხილეთ Superi.ge-ზე.,"სარეცხი მანქანა BEKO WSRE7512PRW: ჩატვირთვის ტიპი ფრონტალური, ძაბვა 230 ვ, მაქსიმალური ჩატვირთვა 7 კგ, სიხშირე 50 Hz.",,meta description: შაბლონური/გაბმული სიტყვები,არა
1669,229275,https://superi.ge/beko-wtv-8712-xw-b100/,saretskhi-manqanebi,სარეცხი მანქანა BEKO WTV 8712 XW B100,,სარეცხი მანქანა BEKO WTV 8712 XW B100,,"სარეცხი მანქანა BEKO WTV 8712 XW B100 — მაქსიმალური სიჩქარე 1400 ბრ/წთ. დეტალური მახასიათებლები, ფასი და ხელმისაწვდომობა იხილეთ Superi.ge-ზე.","სარეცხი მანქანა BEKO WTV 8712 XW B100: ჩატვირთვის ტიპი ფრონტალური, სარეცხის მაქსიმალური ჩატვირთვა 8 კგ, ბრუნვის მაქსიმალური სიჩქარე 1400 ბრ/წთ.",,meta description: შაბლონური/გაბმული სიტყვები,არა
889,CT0000005244,https://superi.ge/beko-wtv-9612-xs-nova/,saretskhi-manqanebi,სარეცხი მანქანა BEKO WTV 9612 XS NOVA,,სარეცხი მანქანა BEKO WTV 9612 XS NOVA,,"სარეცხი მანქანა BEKO WTV 9612 XS NOVA — მაქსიმალური სიჩქარე 1200 ბრ/წ. დეტალური მახასიათებლები, ფასი და ხელმისაწვდომობა იხილეთ Superi.ge-ზე.","სარეცხი მანქანა BEKO WTV 9612 XS NOVA: მაქსიმალური ჩატვირთვა 9 კგ, ჩატვირთვის ტიპი ფრონტალური, ბრუნვის მაქსიმალური სიჩქარე 1200 ბრ/წ.",,meta description: შაბლონური/გაბმული სიტყვები,არა
3034,I90207,https://superi.ge/bosch-wan24200me-8/,saretskhi-manqanebi,სარეცხი მანქანა BOSCH WAN24200ME (8კგ),,სარეცხი მანქანა BOSCH WAN24200ME (8კგ),,"სარეცხი მანქანა BOSCH WAN24200ME (8კგ) — მაქსიმალური სიჩქარე 1200 ბრ/წთ. დეტალური მახასიათებლები, ფასი და ხელმისაწვდომობა იხილეთ Superi.ge-ზე.","სარეცხი მანქანა BOSCH WAN24200ME (8კგ): ჩატვირთვის ტიპი ფრონტალური, მაქსიმალური ჩატვირთვა 8 კგ, ბრუნვის მაქსიმალური სიჩქარე 1200 ბრ/წთ.",,meta description: შაბლონური/გაბმული სიტყვები,არა
3047,I90204,https://superi.ge/bosch-wan2420xme-8/,saretskhi-manqanebi,სარეცხი მანქანა BOSCH WAN2420XME (8კგ),,სარეცხი მანქანა BOSCH WAN2420XME (8კგ),,"სარეცხი მანქანა BOSCH WAN2420XME (8კგ) — მაქსიმალური სიჩქარე 1200 ბრ/წთ. დეტალური მახასიათებლები, ფასი და ხელმისაწვდომობა იხილეთ Superi.ge-ზე.","სარეცხი მანქანა BOSCH WAN2420XME (8კგ): ჩატვირთვის ტიპი ფრონტალური, სარეცხის მაქსიმალური ჩატვირთვა 8 კგ, ბრუნვის მაქსიმალური სიჩქარე 1200 ბრ/წთ.",,meta description: შაბლონური/გაბმული სიტყვები,არა
865,220751,https://superi.ge/bosch-wav28m80me/,saretskhi-manqanebi,სარეცხი მანქანა BOSCH WAV28M80ME,,სარეცხი მანქანა BOSCH WAV28M80ME,,"სარეცხი მანქანა BOSCH WAV28M80ME — მოცულობა 65 ლ, მაქსიმალური სიჩქარე 1400 ბრ/წთ და ხმაურის დონე 47. ფასი და ხელმისაწვდომობა იხილეთ Superi.ge-ზე.","სარეცხი მანქანა BOSCH WAV28M80ME: ჩატვირთვის ტიპი ფრონტალური, მაქსიმალური ჩატვირთვა 9 კგ, ბრუნვის მაქსიმალური სიჩქარე 1400 ბრ/წთ, დოლურის მოცულობა 65 ლ.",,meta description: შაბლონური/გაბმული სიტყვები,არა
3032,I69416,https://superi.ge/bosch-wav28mx0me-9/,saretskhi-manqanebi,სარეცხი მანქანა BOSCH WAV28MX0ME (9კგ),,სარეცხი მანქანა BOSCH WAV28MX0ME (9კგ),,"სარეცხი მანქანა BOSCH WAV28MX0ME (9კგ) — მაქსიმალური სიჩქარე 1400 ბრ/წთ. დეტალური მახასიათებლები, ფასი და ხელმისაწვდომობა იხილეთ Superi.ge-ზე.","სარეცხი მანქანა BOSCH WAV28MX0ME (9კგ): ჩატვირთვის ტიპი ფრონტალური, მაქსიმალური ჩატვირთვა 9 კგ, ენერგო ეფექტურობის კლასი A+++, ეკრანი LED.",,meta description: შაბლონური/გაბმული სიტყვები,არა
3045,I91229,https://superi.ge/bosch-wga24400me-9/,saretskhi-manqanebi,სარეცხი მანქანა BOSCH WGA24400ME (9კგ),,სარეცხი მანქანა BOSCH WGA24400ME (9კგ),,"სარეცხი მანქანა BOSCH WGA24400ME (9კგ) — მაქსიმალური სიჩქარე 1400 ბრ/წთ. დეტალური მახასიათებლები, ფასი და ხელმისაწვდომობა იხილეთ Superi.ge-ზე.","სარეცხი მანქანა BOSCH WGA24400ME (9კგ): ჩატვირთვის ტიპი ფრონტალური, სარეცხის მაქსიმალური ჩატვირთვა 9 კგ, ბრუნვის მაქსიმალური სიჩქარე 1400 ბრ/წთ.",,meta description: შაბლონური/გაბმული სიტყვები,არა
3017,I92665,https://superi.ge/bosch-wga244zrme-9/,saretskhi-manqanebi,სარეცხი მანქანა BOSCH WGA244ZRME (9კგ),,სარეცხი მანქანა BOSCH WGA244ZRME (9კგ),,"სარეცხი მანქანა BOSCH WGA244ZRME (9კგ) — მაქსიმალური სიჩქარე 1400 ბრ/წთ. დეტალური მახასიათებლები, ფასი და ხელმისაწვდომობა იხილეთ Superi.ge-ზე.","სარეცხი მანქანა BOSCH WGA244ZRME (9კგ): ჩატვირთვის ტიპი ფრონტალური, მაქსიმალური ჩატვირთვა 9 კგ, ენერგო ეფექტურობის კლასი A+++, ეკრანი LED.",,meta description: შაბლონური/გაბმული სიტყვები,არა
3035,S66929,https://superi.ge/bosch-wga25400me-10/,saretskhi-manqanebi,სარეცხი მანქანა BOSCH WGA25400ME (10კგ),,სარეცხი მანქანა BOSCH WGA25400ME (10კგ),,"სარეცხი მანქანა BOSCH WGA25400ME (10კგ) — მაქსიმალური სიჩქარე 1400 ბრ/წთ. დეტალური მახასიათებლები, ფასი და ხელმისაწვდომობა იხილეთ Superi.ge-ზე.","სარეცხი მანქანა BOSCH WGA25400ME (10კგ): ჩატვირთვის ტიპი ფრონტალური, სარეცხის მაქსიმალური ჩატვირთვა 10 კგ, ბრუნვის მაქსიმალური სიჩქარე 1400 ბრ/წთ.",,meta description: შაბლონური/გაბმული სიტყვები,არა
3093,I93720,https://superi.ge/bosch-wgb24400me-9/,saretskhi-manqanebi,სარეცხი მანქანა BOSCH WGB24400ME (9კგ),,სარეცხი მანქანა BOSCH WGB24400ME (9კგ),,"სარეცხი მანქანა BOSCH WGB24400ME (9კგ) — მაქსიმალური სიჩქარე 1400 ბრ/წთ. დეტალური მახასიათებლები, ფასი და ხელმისაწვდომობა იხილეთ Superi.ge-ზე.","სარეცხი მანქანა BOSCH WGB24400ME (9კგ): ჩატვირთვის ტიპი ფრონტალური, მაქსიმალური ჩატვირთვა 9 კგ, ენერგო ეფექტურობის კლასი A+++, ეკრანი LED.",,meta description: შაბლონური/გაბმული სიტყვები,არა
3016,I93719,https://superi.ge/bosch-wgb2440xme-9/,saretskhi-manqanebi,სარეცხი მანქანა BOSCH WGB2440XME (9კგ),,სარეცხი მანქანა BOSCH WGB2440XME (9კგ),,"სარეცხი მანქანა BOSCH WGB2440XME (9კგ) — მაქსიმალური სიჩქარე 1400 ბრ/წთ. დეტალური მახასიათებლები, ფასი და ხელმისაწვდომობა იხილეთ Superi.ge-ზე.","სარეცხი მანქანა BOSCH WGB2440XME (9კგ): ჩატვირთვის ტიპი ფრონტალური, მაქსიმალური ჩატვირთვა 9 კგ, ენერგო ეფექტურობის კლასი A+++, ეკრანი LED.",,meta description: შაბლონური/გაბმული სიტყვები,არა
3049,I93629,https://superi.ge/bosch-wgb256a0me-10/,saretskhi-manqanebi,სარეცხი მანქანა BOSCH WGB256A0ME (10კგ),,სარეცხი მანქანა BOSCH WGB256A0ME (10კგ),,"სარეცხი მანქანა BOSCH WGB256A0ME (10კგ) — მაქსიმალური სიჩქარე 1600 ბრ/წთ. დეტალური მახასიათებლები, ფასი და ხელმისაწვდომობა იხილეთ Superi.ge-ზე.","სარეცხი მანქანა BOSCH WGB256A0ME (10კგ): ჩატვირთვის ტიპი ფრონტალური, სარეცხის მაქსიმალური ჩატვირთვა 10 კგ, ბრუნვის მაქსიმალური სიჩქარე 1600 ბრ/წთ.",,meta description: შაბლონური/გაბმული სიტყვები,არა
6206,CWF704G,https://superi.ge/chigo-cwf704g-7/,saretskhi-manqanebi,სარეცხი მანქანა CHIGO CWF704G (7კგ),,სარეცხი მანქანა CHIGO CWF704G (7კგ) | Superi.ge,,"სარეცხი მანქანა CHIGO CWF704G (7კგ) — მართვის ტიპი ელექტრონული/მექანიკური. დეტალური მახასიათებლები, ფასი და ხელმისაწვდომობა იხილეთ Superi.ge-ზე.","სარეცხი მანქანა CHIGO CWF704G (7კგ): ჩატვირთვის ტიპი ფრონტალური, მართვის ტიპი ელექტრონული / მექანიკური, მაქსიმალური ჩატვირთვა 7 კგ.",,meta description: შაბლონური/გაბმული სიტყვები,არა
3041,I92638,https://superi.ge/daewoo-wm610t1wu0ge-6/,saretskhi-manqanebi,სარეცხი მანქანა DAEWOO WM610T1WU0GE (6კგ),,სარეცხი მანქანა DAEWOO WM610T1WU0GE (6კგ),,"სარეცხი მანქანა DAEWOO WM610T1WU0GE (6კგ) — მაქსიმალური სიჩქარე 1200 ბრ/წთ. დეტალური მახასიათებლები, ფასი და ხელმისაწვდომობა იხილეთ Superi.ge-ზე.","სარეცხი მანქანა DAEWOO WM610T1WU0GE (6კგ): ჩატვირთვის ტიპი ფრონტალური, სარეცხის მაქსიმალური ჩატვირთვა 6 კგ, ბრუნვის მაქსიმალური სიჩქარე 1200 ბრ/წთ.",,meta description: შაბლონური/გაბმული სიტყვები,არა
3040,I92362,https://superi.ge/daewoo-wm914t3wb0ge-9/,saretskhi-manqanebi,სარეცხი მანქანა DAEWOO WM914T3WB0GE (9კგ),,სარეცხი მანქანა DAEWOO WM914T3WB0GE (9კგ),,"სარეცხი მანქანა DAEWOO WM914T3WB0GE (9კგ) — მაქსიმალური სიჩქარე 1400 ბრ/წთ. დეტალური მახასიათებლები, ფასი და ხელმისაწვდომობა იხილეთ Superi.ge-ზე.","სარეცხი მანქანა DAEWOO WM914T3WB0GE (9კგ): ჩატვირთვის ტიპი ფრონტალური, სარეცხის მაქსიმალური ჩატვირთვა 9 კგ, ბრუნვის მაქსიმალური სიჩქარე 1400 ბრ/წთ.",,meta description: შაბლონური/გაბმული სიტყვები,არა
959,181167,https://superi.ge/electrolux-ew6f4r28b/,saretskhi-manqanebi,სარეცხი მანქანა ELECTROLUX EW6F4R28B,,სარეცხი მანქანა ELECTROLUX EW6F4R28B,,"სარეცხი მანქანა ELECTROLUX EW6F4R28B — მაქსიმალური სიჩქარე 1200 ბრ/წთ. დეტალური მახასიათებლები, ფასი და ხელმისაწვდომობა იხილეთ Superi.ge-ზე.","სარეცხი მანქანა ELECTROLUX EW6F4R28B: ჩატვირთვის ტიპი ფრონტალური, სარეცხის მაქსიმალური ჩატვირთვა 8 კგ, ბრუნვის მაქსიმალური სიჩქარე 1200 ბრ/წთ.",,meta description: შაბლონური/გაბმული სიტყვები,არა
946,173032,https://superi.ge/electrolux-ew6s5r06w/,saretskhi-manqanebi,სარეცხი მანქანა ELECTROLUX EW6S5R06W,,სარეცხი მანქანა ELECTROLUX EW6S5R06W,,"სარეცხი მანქანა ELECTROLUX EW6S5R06W — ტევადობა 6 კგ და მაქსიმალური სიჩქარე 1000 ბრ/წთ. დეტალური მახასიათებლები, ფასი და ხელმისაწვდომობა იხილეთ Superi.ge-ზე.","სარეცხი მანქანა ELECTROLUX EW6S5R06W: ჩატვირთვის ტიპი ფრონტალური, ტევადობა 6 კგ, ბრუნვის მაქსიმალური სიჩქარე 1000 ბრ/წთ, რეცხვის კლასი A.",,meta description: შაბლონური/გაბმული სიტყვები,არა
2413,137603,https://superi.ge/electrolux-ew6t4rf061/,saretskhi-manqanebi,სარეცხი მანქანა ELECTROLUX EW6T4RF061,,სარეცხი მანქანა ELECTROLUX EW6T4RF061,,"სარეცხი მანქანა ELECTROLUX EW6T4RF061 — მაქსიმალური სიჩქარე 1000 ბრ/წთ. დეტალური მახასიათებლები, ფასი და ხელმისაწვდომობა იხილეთ Superi.ge-ზე.","სარეცხი მანქანა ELECTROLUX EW6T4RF061: ჩატვირთვის ტიპი ვერტიკალური (ზედა), სარეცხის მაქსიმალური ჩატვირთვა 6 კგ, ბრუნვის მაქსიმალური სიჩქარე 1000 ბრ/წთ.",,meta description: შაბლონური/გაბმული სიტყვები,არა
3192,S74791,https://superi.ge/gorenje-w2nhai94aps-c/,saretskhi-manqanebi,სარეცხი მანქანა GORENJE W2NHAI94APS/C,,სარეცხი მანქანა GORENJE W2NHAI94APS/C,,სარეცხი მანქანა GORENJE W2NHAI94APS/C — მაქსიმალური სიჩქარე 1400 ბრ/წთ და ინვერტორული PowerDrive ძრავა. ფასი და ხელმისაწვდომობა იხილეთ Superi.ge-ზე.,"სარეცხი მანქანა GORENJE W2NHAI94APS/C: ჩატვირთვის ტიპი ფრონტალური, ძრავის ტიპი ინვერტორული (PowerDrive), სარეცხის მაქსიმალური ჩატვირთვა 9 კგ.",,meta description: შაბლონური/გაბმული სიტყვები,არა
1666,I74644,https://superi.ge/gorenje-whe60sfs/,saretskhi-manqanebi,სარეცხი მანქანა GORENJE WHE60SFS,,სარეცხი მანქანა GORENJE WHE60SFS,,"სარეცხი მანქანა GORENJE WHE60SFS — მოცულობა 43 ლ და მაქსიმალური სიჩქარე 1000 ბრ/წთ. დეტალური მახასიათებლები, ფასი და ხელმისაწვდომობა იხილეთ Superi.ge-ზე.","სარეცხი მანქანა GORENJE WHE60SFS: ჩატვირთვის ტიპი ფრონტალური, მაქსიმალური ჩატვირთვა 6 კგ, ბრუნვის მაქსიმალური სიჩქარე 1000 ბრ/წთ, დოლურის მოცულობა 43 ლ.",,meta description: შაბლონური/გაბმული სიტყვები,არა
2838,I75161,https://superi.ge/gorenje-whe72sfs-7/,saretskhi-manqanebi,სარეცხი მანქანა GORENJE WHE72SFS (7კგ),,სარეცხი მანქანა GORENJE WHE72SFS (7კგ),,"სარეცხი მანქანა GORENJE WHE72SFS (7კგ) — მოცულობა 43 ლ და მექანიკური მართვა. დეტალური მახასიათებლები, ფასი და ხელმისაწვდომობა იხილეთ Superi.ge-ზე.","სარეცხი მანქანა GORENJE WHE72SFS (7კგ): ჩატვირთვის ტიპი ფრონტალური, მართვის ტიპი მექანიკური, მაქსიმალური ჩატვირთვა 7 კგ, ენერგოეფექტურობის კლასი A.",,meta description: შაბლონური/გაბმული სიტყვები,არა
2455,I90336,https://superi.ge/gorenje-wnei14as-10/,saretskhi-manqanebi,სარეცხი მანქანა GORENJE WNEI14AS 10კგ,,სარეცხი მანქანა GORENJE WNEI14AS 10კგ,,"სარეცხი მანქანა GORENJE WNEI14AS 10კგ — მაქსიმალური სიჩქარე 1400 ბრ/წთ. დეტალური მახასიათებლები, ფასი და ხელმისაწვდომობა იხილეთ Superi.ge-ზე.","სარეცხი მანქანა GORENJE WNEI14AS 10კგ: ჩატვირთვის ტიპი ფრონტალური, ძრავის ტიპი ინვ 10 ბრუნვის, მაქსიმალური სიჩქარე 1400 ბრ/წთ, ენერგოე ფექტურობის კლასი A+++.",,meta description: შაბლონური/გაბმული სიტყვები,არა
2955,I76091,https://superi.ge/gorenje-wnei72sb-7/,saretskhi-manqanebi,სარეცხი მანქანა GORENJE WNEI72SB (7კგ),,სარეცხი მანქანა GORENJE WNEI72SB (7კგ),,სარეცხი მანქანა GORENJE WNEI72SB (7კგ) — მოცულობა 49 ლ და მართვის ტიპი მექანიკური სენსორული. ფასი და ხელმისაწვდომობა იხილეთ Superi.ge-ზე.,"სარეცხი მანქანა GORENJE WNEI72SB (7კგ): ჩატვირთვის ტიპი ფრონტალური, მართვის ტიპი მექანიკური, სენსორული, მაქსიმალური ჩატვირთვა 7 კგ.",,meta description: შაბლონური/გაბმული სიტყვები,არა
1394,I86508,https://superi.ge/gorenje-wnei84sds/,saretskhi-manqanebi,სარეცხი მანქანა GORENJE WNEI84SDS,,სარეცხი მანქანა GORENJE WNEI84SDS,,სარეცხი მანქანა GORENJE WNEI84SDS — მაქსიმალური სიჩქარე 1400 ბრ/წთ და ინვერტორული PowerDrive ძრავა. ფასი და ხელმისაწვდომობა იხილეთ Superi.ge-ზე.,"სარეცხი მანქანა GORENJE WNEI84SDS: ჩატვირთვის ტიპი ფრონტალური, ძრავის ტიპი ინვერტორული (PowerDrive), სარეცხის მაქსიმალური ჩატვირთვა 8 კგ.",,meta description: შაბლონური/გაბმული სიტყვები,არა
3193,S60357,https://superi.ge/gorenje-wnhai1x4aps-c-10-5/,saretskhi-manqanebi,სარეცხი მანქანა GORENJE WNHAI1X4APS/C (10.5კგ),,სარეცხი მანქანა GORENJE WNHAI1X4APS/C (10.5კგ),,"სარეცხი მანქანა GORENJE WNHAI1X4APS/C (10.5კგ) — მაქსიმალური სიჩქარე 1400 ბრ/წთ. დეტალური მახასიათებლები, ფასი და ხელმისაწვდომობა იხილეთ Superi.ge-ზე.","სარეცხი მანქანა GORENJE WNHAI1X4APS/C (10.5კგ): ჩატვირთვის ტიპი ფრონტალური, ძრავის ტიპი ინვერტორული (PowerDrive), სარეცხის მაქსიმალური ჩატვირთვა 10.5 კგ.",,meta description: შაბლონური/გაბმული სიტყვები,არა
4002,I92521,https://superi.ge/gorenje-wnhei84as-r-8/,saretskhi-manqanebi,სარეცხი მანქანა GORENJE WNHEI84AS/R (8 კგ),,სარეცხი მანქანა GORENJE WNHEI84AS/R (8 კგ) | Superi.ge,,"სარეცხი მანქანა GORENJE WNHEI84AS/R (8 კგ) — მაქსიმალური სიჩქარე 1400 ბრ/წთ. დეტალური მახასიათებლები, ფასი და ხელმისაწვდომობა იხილეთ Superi.ge-ზე.","სარეცხი მანქანა GORENJE WNHEI84AS/R (8 კგ): ჩატვირთვის ტიპი ფრონტალური, სარეცხის მაქსიმალური ჩატვირთვა 8 კგ, ბრუნვის მაქსიმალური სიჩქარე 1400 ბრ/წთ.",,meta description: შაბლონური/გაბმული სიტყვები,არა
3014,S78494,https://superi.ge/graetz-wd8614w-8/,saretskhi-manqanebi,სარეცხი მანქანა GRAETZ WD8614W (8კგ),,სარეცხი მანქანა GRAETZ WD8614W (8კგ),,"სარეცხი მანქანა GRAETZ WD8614W (8კგ) — მოცულობა 6 კგ და მაქსიმალური სიჩქარე 1400 ბრ/წთ. დეტალური მახასიათებლები, ფასი და ხელმისაწვდომობა იხილეთ Superi.ge-ზე.","სარეცხი მანქანა GRAETZ WD8614W (8კგ): ჩატვირთვის ტიპი ფრონტალური (შრობის ფუნქციით), სარეცხის მაქსიმალური ჩატვირთვა 8 კგ, შრობის მოცულობა 6 კგ.",,meta description: შაბლონური/გაბმული სიტყვები,არა
12971,S44884,https://superi.ge/haier-hw110-bd14397u1-11/,saretskhi-manqanebi,სარეცხი მანქანა HAIER HW110-BD14397U1 (11კგ),,სარეცხი მანქანა HAIER HW110-BD14397U1 (11კგ) | Superi.ge,,"სარეცხი მანქანა HAIER HW110-BD14397U1 (11კგ) — მახასიათებლები, ფასი და ხელმისაწვდომობა იხილეთ Superi.ge-ზე და შეარჩიეთ სასურველი მოდელი ონლაინ.","სარეცხი მანქანა HAIER HW110-BD14397U1 (11კგ): სერია X Series 11, კონსტრუქციის ტიპი ცალკე მდგომი, ჩატვირთვის ტიპი წინა, მართვის ტიპი სენსორული.",,meta description: შაბლონური/გაბმული სიტყვები,არა
12969,S39117,https://superi.ge/haier-hwd100-bd14397u1-11/,saretskhi-manqanebi,სარეცხი მანქანა HAIER HWD100-BD14397U1 (11კგ),,სარეცხი მანქანა HAIER HWD100-BD14397U1 (11კგ) | Superi.ge,,"სარეცხი მანქანა HAIER HWD100-BD14397U1 (11კგ) — მახასიათებლები, ფასი და ხელმისაწვდომობა იხილეთ Superi.ge-ზე და შეარჩიეთ სასურველი მოდელი ონლაინ.","სარეცხი მანქანა HAIER HWD100-BD14397U1 (11კგ): სერია X Series 11, კონსტრუქციის ტიპი ცალკე მდგომი, ჩატვირთვის ტიპი წინა, მართვის ტიპი სენსორული.",,meta description: შაბლონური/გაბმული სიტყვები,არა
910,190613,https://superi.ge/hotpoint-ariston-nm11-845-ws-a-eu-n/,saretskhi-manqanebi,სარეცხი მანქანა HOTPOINT ARISTON NM11 845 WS A EU N,,სარეცხი მანქანა HOTPOINT ARISTON NM11 845 WS A EU N,,სარეცხი მანქანა HOTPOINT ARISTON NM11 845 WS A EU N — ტევადობა 8 კგ და მაქსიმალური სიჩქარე 1351 ბრ/წთ. ფასი და ხელმისაწვდომობა იხილეთ Superi.ge-ზე.,"სარეცხი მანქანა HOTPOINT ARISTON NM11 845 WS A EU N: ჩატვირთვის ტიპი ფრონტალური, ტევადობა 8 კგ, ბრუნვის მაქსიმალური სიჩქარე 1351 ბრ/წთ, გაწურვის კლასი B.",,meta description: შაბლონური/გაბმული სიტყვები,არა
1405,225270,https://superi.ge/indesit-bwsa-71052x-wwv-ru/,saretskhi-manqanebi,სარეცხი მანქანა INDESIT BWSA 71052X WWV RU,,სარეცხი მანქანა INDESIT BWSA 71052X WWV RU,,ბრენდი: INDESIT მოდელი: BWSA 71052X WWV RU ჩატვირთვის ტიპი: ფრონტალური სარეცხის მაქსიმალური ჩატვირთვა: 7 კგ ბრუნვის მაქსიმალური სიჩქარე: 1000 ბრ/წთ რეცხვის კლასი: A,"სარეცხი მანქანა INDESIT BWSA 71052X WWV RU: ჩატვირთვის ტიპი ფრონტალური, ბრუნვის მაქსიმალური სიჩქარე 1000 ბრ/წთ, რეცხვის კლასი A, გაწურვის კლასი C.",,meta description: სპეციფიკაციების ჩამონათვალი,არა
1403,225263,https://superi.ge/indesit-bwsd-61051-wwv-ru/,saretskhi-manqanebi,სარეცხი მანქანა INDESIT BWSD 61051 WWV RU,,სარეცხი მანქანა INDESIT BWSD 61051 WWV RU,,"სარეცხი მანქანა INDESIT BWSD 61051 WWV RU — მაქსიმალური სიჩქარე 1000 ბრ/წთ. დეტალური მახასიათებლები, ფასი და ხელმისაწვდომობა იხილეთ Superi.ge-ზე.","სარეცხი მანქანა INDESIT BWSD 61051 WWV RU: ჩატვირთვის ტიპი ფრონტალური, ბრუნვის მაქსიმალური სიჩქარე 1000 ბრ/წთ, რეცხვის კლასი A, გაწურვის კლასი C.",,meta description: შაბლონური/გაბმული სიტყვები,არა
1404,225267,https://superi.ge/indesit-bwse-61051-wwv-ru/,saretskhi-manqanebi,სარეცხი მანქანა INDESIT BWSE 61051 WWV RU,,სარეცხი მანქანა INDESIT BWSE 61051 WWV RU,,ჩატვირთვის ტიპი: ფრონტალური სარეცხის მაქსიმალური ჩატვირთვა: 6 კგ ბრუნვის მაქსიმალური სიჩქარე: 1000 ბრ/წთ რეცხვის კლასი: A ხმაურის დონე: 59/76 db ფერი: თეთრი,"სარეცხი მანქანა INDESIT BWSE 61051 WWV RU: ჩატვირთვის ტიპი ფრონტალური, ბრუნვის მაქსიმალური სიჩქარე 1000 ბრ/წთ, რეცხვის კლასი A, გაწურვის კლასი C.",,meta description: სპეციფიკაციების ჩამონათვალი,არა
1406,225277,https://superi.ge/indesit-bwse-71252x-wsv-ru/,saretskhi-manqanebi,სარეცხი მანქანა INDESIT BWSE 71252X WSV RU,,სარეცხი მანქანა INDESIT BWSE 71252X WSV RU,,"ბრენდი: Indesit მოდელი: BWSE 71252X WSV RU ჩატვირთვის ტიპი: ფრონტალური სარეცხის მაქსიმალური ჩატვირთვა: 7 კგ ბრუნვის მაქსიმალური სიჩქარე: 1200 ბრ/წთ ზომა (სიმაღლე, სიგანე, სიღრმე): 85 x 59.5 x 43.5 სმ","სარეცხი მანქანა INDESIT BWSE 71252X WSV RU: ჩატვირთვის ტიპი ფრონტალური, ბრუნვის მაქსიმალური სიჩქარე 1200 ბრ/წთ, რეცხვის კლასი A, გაწურვის კლასი B.",,meta description: სპეციფიკაციების ჩამონათვალი,არა
1407,225274,https://superi.ge/indesit-bwse-81293x-wsv-ru/,saretskhi-manqanebi,სარეცხი მანქანა INDESIT BWSE 81293X WSV RU,,სარეცხი მანქანა INDESIT BWSE 81293X WSV RU,,"სარეცხი მანქანა INDESIT BWSE 81293X WSV RU — მაქსიმალური სიჩქარე 1200 ბრ/წთ. დეტალური მახასიათებლები, ფასი და ხელმისაწვდომობა იხილეთ Superi.ge-ზე.","სარეცხი მანქანა INDESIT BWSE 81293X WSV RU: ჩატვირთვის ტიპი ფრონტალური, ბრუნვის მაქსიმალური სიჩქარე 1200 ბრ/წთ, რეცხვის კლასი A, გაწურვის კლასი B.",,meta description: შაბლონური/გაბმული სიტყვები,არა
11988,00-00014660,https://superi.ge/indesit-win610s-6kg/,saretskhi-manqanebi,სარეცხი მანქანა Indesit WIN610S (6KG),,სარეცხი მანქანა Indesit WIN610S (6KG) | Superi.ge,,"სარეცხი მანქანა Indesit WIN610S (6KG) — უნივერსალური ძრავა. დეტალური მახასიათებლები, ფასი და ხელმისაწვდომობა იხილეთ Superi.ge-ზე.","სარეცხი მანქანა Indesit WIN610S (6KG): არტიკული 4680037173463, კატეგორია ვიწრო სარეცხი მანქანა, ძრავის ტიპი უნივერსალური, დისპლეი LED.",,meta description: შაბლონური/გაბმული სიტყვები,არა
1378,170932,https://superi.ge/lg-f-2j3ns0w/,saretskhi-manqanebi,სარეცხი მანქანა LG F-2J3NS0W,,სარეცხი მანქანა LG F-2J3NS0W|Superi.ge,,"სარეცხი მანქანა LG F-2J3NS0W — მაქსიმალური სიჩქარე 1200 ბრ/წთ და ინვერტორული ძრავა. დეტალური მახასიათებლები, ფასი და ხელმისაწვდომობა იხილეთ Superi.ge-ზე.","სარეცხი მანქანა LG F-2J3NS0W: ჩატვირთვის ტიპი ფრონტალური, ძრავის ტიპი ინვერტორული, სარეცხის მაქსიმალური ჩატვირთვა 6 კგ.",,meta description: შაბლონური/გაბმული სიტყვები,არა
861,183085,https://superi.ge/lg-f2h6hs8s/,saretskhi-manqanebi,სარეცხი მანქანა LG F2H6HS8S,,სარეცხი მანქანა LG F2H6HS8S | Superi.ge,,მაქსიმალური ჩატვირთვა: 7 კგ ბრუნვის მაქსიმალური სიჩქარე: 1200 ბრ/წთ ენერგომოხმარების კლასი: A რეცხვის კლასი: A გაწურვის კლასი: B ზომა: 600 × 450 × 850 სმ,"სარეცხი მანქანა LG F2H6HS8S: მაქსიმალური ჩატვირთვა 7 კგ, ჩატვირთვის ტიპი ფრონტალური, ბრუნვის მაქსიმალური სიჩქარე 1200 ბრ/წთ, ენერგომოხმარების კლასი A.",,meta description: სპეციფიკაციების ჩამონათვალი,არა
1578,07001,https://superi.ge/lg-f2j3hs2w/,saretskhi-manqanebi,სარეცხი მანქანა LG F2J3HS2W,,სარეცხი მანქანა LG F2J3HS2W|Superi.ge,,"სარეცხი მანქანა LG F2J3HS2W — მაქსიმალური სიჩქარე 1200 ბრ/წთ, ინვერტორული ძრავა და ელექტრონული მართვა. ფასი და ხელმისაწვდომობა იხილეთ Superi.ge-ზე.","სარეცხი მანქანა LG F2J3HS2W: ჩატვირთვის ტიპი ფრონტალური, მაქსიმალური ჩატვირთვა 7 კგ, ბრუნვის მაქსიმალური სიჩქარე 1200 ბრ/წთ, ძრავის ტიპი ინვერტორული.",,meta description: შაბლონური/გაბმული სიტყვები,არა
3133,07015,https://superi.ge/lg-f2t2tym1s/,saretskhi-manqanebi,სარეცხი მანქანა LG F2T2TYM1S,,სარეცხი მანქანა LG F2T2TYM1S,,"სარეცხი მანქანა LG F2T2TYM1S — მოცულობა 55 ლ რე და მაქსიმალური სიჩქარე 1200 ბრ/წთ. დეტალური მახასიათებლები, ფასი და ხელმისაწვდომობა იხილეთ Superi.ge-ზე.","სარეცხი მანქანა LG F2T2TYM1S: ჩატვირთვის ტიპი ფრონტალური, მაქსიმალური ჩატვირთვა 8 კგ, ბრუნვის მაქსიმალური სიჩქარე 1200 ბრ/წთ.",,meta description: შაბლონური/გაბმული სიტყვები,არა
2484,07017,https://superi.ge/lg-f2v5gg2s/,saretskhi-manqanebi,სარეცხი მანქანა LG F2V5GG2S,,სარეცხი მანქანა LG F2V5GG2S,,"სარეცხი მანქანა LG F2V5GG2S — მაქსიმალური სიჩქარე 1200 ბრ/წთ და ინვერტორ ძრავა. დეტალური მახასიათებლები, ფასი და ხელმისაწვდომობა იხილეთ Superi.ge-ზე.","სარეცხი მანქანა LG F2V5GG2S: ჩატვირთვის ტიპი ფრონტალური, მაქსიმალური ჩატვირთვა 8.5 კგ, მაქსიმალური საშრობი დატვირთვა 5 კგ.",,meta description: შაბლონური/გაბმული სიტყვები,არა
3731,07024,https://superi.ge/lg-f2v5hylyj-ambpmer-7/,saretskhi-manqanebi,სარეცხი მანქანა LG F2V5HYLYJ.AMBPMER (7კგ),,სარეცხი მანქანა LG F2V5HYLYJ.AMBPMER (7კგ) | Superi.ge,,"სარეცხი მანქანა LG F2V5HYLYJ.AMBPMER (7კგ) — ინვერტერი ძრავა. დეტალური მახასიათებლები, ფასი და ხელმისაწვდომობა იხილეთ Superi.ge-ზე.","სარეცხი მანქანა LG F2V5HYLYJ.AMBPMER (7კგ): კონსტრუქციის ტიპი ცალკე მდგომი, კონტროლის ტიპი ელექტრონული, ეკრანი LED, ძრავის ტიპი ინვერტერი.",,meta description: შაბლონური/გაბმული სიტყვები,არა
929,218963,https://superi.ge/lg-f2v7gw1w/,saretskhi-manqanebi,სარეცხი მანქანა LG F2V7GW1W,,სარეცხი მანქანა LG F2V7GW1W | Superi.ge,,ჩატვირთვის ტიპი: ფრონტალური მაქსიმალური ჩატვირთვა: 8.5 კგ ბრუნვის მაქსიმალური სიჩქარე: 1200 ბრ/წთ ენერგომოხმარების კლასი: A ხმაურის დონე: 52/70 dB ზომა: 600 х 470 х 850 მმ / ფერი: თეთრი,"სარეცხი მანქანა LG F2V7GW1W: ჩატვირთვის ტიპი ფრონტალური, მაქსიმალური ჩატვირთვა 8.5 კგ, ბრუნვის მაქსიმალური სიჩქარე 1200 ბრ/წთ, ძრავის ტიპი ინვერტორული.",,meta description: სპეციფიკაციების ჩამონათვალი,არა
8439,07028,https://superi.ge/lg-f2v7gwl1w-abwpmer-white-8-5/,saretskhi-manqanebi,სარეცხი მანქანა LG F2V7GWL1W.ABWPMER - White (8.5კგ),,სარეცხი მანქანა LG F2V7GWL1W.ABWPMER - White (8.5კგ) | Superi.ge,,"სარეცხი მანქანა LG F2V7GWL1W.ABWPMER - White (8.5კგ) — მახასიათებლები, ფასი და ხელმისაწვდომობა იხილეთ Superi.ge-ზე და შეარჩიეთ სასურველი მოდელი ონლაინ.","სარეცხი მანქანა LG F2V7GWL1W.ABWPMER - White (8.5კგ): კონსტრუქციის ტიპი ცალკე მდგომი, კონტროლის ტიპი ელექტრონული, ძრავის ტიპი ინვერტორული.",,meta description: შაბლონური/გაბმული სიტყვები,არა
930,07005,https://superi.ge/lg-f2v9gw9p/,saretskhi-manqanebi,სარეცხი მანქანა LG F2V9GW9P,,სარეცხი მანქანა LG F2V9GW9P|Superi.ge,,"სარეცხი მანქანა LG F2V9GW9P — მაქსიმალური სიჩქარე 1200 ბრ/წთ და ინვერტორული ძრავა. დეტალური მახასიათებლები, ფასი და ხელმისაწვდომობა იხილეთ Superi.ge-ზე.","სარეცხი მანქანა LG F2V9GW9P: ჩატვირთვის ტიპი ფრონტალური, მაქსიმალური ჩატვირთვა 8.5 კგ, ბრუნვის მაქსიმალური სიჩქარე 1200 ბრ/წთ, ძრავის ტიპი ინვერტორული.",,meta description: შაბლონური/გაბმული სიტყვები,არა
2860,07019,https://superi.ge/lg-f4j3vyg6j-9/,saretskhi-manqanebi,სარეცხი მანქანა LG F4J3VYG6J (9კგ),,სარეცხი მანქანა LG F4J3VYG6J (9კგ),,"სარეცხი მანქანა LG F4J3VYG6J (9კგ) — მაქსიმალური სიჩქარე 1400 ბრ/წთ. დეტალური მახასიათებლები, ფასი და ხელმისაწვდომობა იხილეთ Superi.ge-ზე.","სარეცხი მანქანა LG F4J3VYG6J (9კგ): მაქსიმალური ჩატვირთვა 9 კგ, ჩატვირთვის ტიპი ფრონტალური, ბრუნვის მაქსიმალური სიჩქარე 1400 ბრ/წთ, ენერგომოხმარების კლასი A.",,meta description: შაბლონური/გაბმული სიტყვები,არა
880,207248,https://superi.ge/lg-f4v5vs0w/,saretskhi-manqanebi,სარეცხი მანქანა LG F4V5VS0W,,სარეცხი მანქანა LG F4V5VS0W|Superi.ge,,სარეცხი მანქანა LG F4V5VS0W — მაქსიმალური სიჩქარე 1400 ბრ/წთ და ინვერტორული/პირდაპირი წამყვანი ძრავა. ფასი და ხელმისაწვდომობა იხილეთ Superi.ge-ზე.,"სარეცხი მანქანა LG F4V5VS0W: ჩატვირთვის ტიპი ფრონტალური, სარეცხის მაქსიმალური ჩატვირთვა 9 კგ, ბრუნვის მაქსიმალური სიჩქარე 1400 ბრ/წთ.",,meta description: შაბლონური/გაბმული სიტყვები,არა
2697,07007,https://superi.ge/lg-f4v5vs2s/,saretskhi-manqanebi,სარეცხი მანქანა LG F4V5VS2S,,სარეცხი მანქანა LG F4V5VS2S,,"სარეცხი მანქანა LG F4V5VS2S — მაქსიმალური სიჩქარე 1400 ბრ/წთ, წყლის მოხმარება 56 ლ და ელექტრონული მართვა. ფასი და ხელმისაწვდომობა იხილეთ Superi.ge-ზე.","სარეცხი მანქანა LG F4V5VS2S: ჩატვირთვის ტიპი ფრონტალური, მაქსიმალური ჩატვირთვა 9 კგ, ბრუნვის მაქსიმალური სიჩქარე 1400 ბრ/წთ, წყლის მოხმარება 56 ლ.",,meta description: შაბლონური/გაბმული სიტყვები,არა
12737,S38406,https://superi.ge/lg-f4x5eypy8-agwqme3-11/,saretskhi-manqanebi,სარეცხი მანქანა LG F4X5EYPY8.AGWQME3 (11კგ),,სარეცხი მანქანა LG F4X5EYPY8.AGWQME3 (11კგ) | Superi.ge,,"სარეცხი მანქანა LG F4X5EYPY8.AGWQME3 (11კგ) — ინვერტორული ძირითადი ძრავა. დეტალური მახასიათებლები, ფასი და ხელმისაწვდომობა იხილეთ Superi.ge-ზე.","სარეცხი მანქანა LG F4X5EYPY8.AGWQME3 (11კგ): კონსტრუქციის ტიპი ცალკე მდგომი, ჩატვირთვის ტიპი წინა, მართვის ტიპი ელექტრონული, ღილაკებით.",,meta description: შაბლონური/გაბმული სიტყვები,არა
162,S17225,https://superi.ge/midea-mf100w60/,saretskhi-manqanebi,სარეცხი მანქანა MIDEA MF100W60,,სარეცხი მანქანა MIDEA MF100W60,,ჩატვირთვის ტიპი: ფრონტალური სარეცხის მაქსიმალური ჩატვირთვა: 6 კგ ბრუნვის მაქსიმალური სიჩქარე: 1000 ბრ/წთ ენერგომოხმარების კლასი: A+++ პროგრამების რაოდენობა: 15,"სარეცხი მანქანა MIDEA MF100W60: ჩატვირთვის ტიპი ფრონტალური, სარეცხის მაქსიმალური ჩატვირთვა 6 კგ, ბრუნვის მაქსიმალური სიჩქარე 1000 ბრ/წთ.",,meta description: სპეციფიკაციების ჩამონათვალი,არა
3764,S37884,https://superi.ge/midea-mfa01w70b-w-7/,saretskhi-manqanebi,სარეცხი მანქანა MIDEA MFA01W70B/W (7კგ),,სარეცხი მანქანა MIDEA MFA01W70B/W (7კგ) | Superi.ge,,"სარეცხი მანქანა MIDEA MFA01W70B/W (7კგ) — მაქსიმალური სიჩქარე 1200 ბრ/წთ. დეტალური მახასიათებლები, ფასი და ხელმისაწვდომობა იხილეთ Superi.ge-ზე.","სარეცხი მანქანა MIDEA MFA01W70B/W (7კგ): ჩატვირთვის ტიპი ფრონტალური, სარეცხის მაქსიმალური ჩატვირთვა 7 კგ, ბრუნვის მაქსიმალური სიჩქარე 1200 ბრ/წთ.",,meta description: შაბლონური/გაბმული სიტყვები,არა
3765,S10132,https://superi.ge/midea-mfa01w80b-w-8/,saretskhi-manqanebi,სარეცხი მანქანა MIDEA MFA01W80B/W (8კგ),,სარეცხი მანქანა MIDEA MFA01W80B/W (8კგ) | Superi.ge,,"სარეცხი მანქანა MIDEA MFA01W80B/W (8კგ) — მაქსიმალური სიჩქარე 1400 ბრ/წთ. დეტალური მახასიათებლები, ფასი და ხელმისაწვდომობა იხილეთ Superi.ge-ზე.","სარეცხი მანქანა MIDEA MFA01W80B/W (8კგ): ჩატვირთვის ტიპი ფრონტალური, სარეცხის მაქსიმალური ჩატვირთვა 8 კგ, ბრუნვის მაქსიმალური სიჩქარე 1400 ბრ/წთ.",,meta description: შაბლონური/გაბმული სიტყვები,არა
890,203422,https://superi.ge/samsung-wd12tp34dsh-lp/,saretskhi-manqanebi,სარეცხი მანქანა SAMSUNG WD12TP34DSH/LP,,სარეცხი მანქანა SAMSUNG WD12TP34DSH/LP,,"სარეცხი მანქანა SAMSUNG WD12TP34DSH/LP — ტევადობა 12 კგ, მაქსიმალური სიჩქარე 1400 ბრ/წთ და ინვენტორული ძრავა. ფასი და ხელმისაწვდომობა იხილეთ Superi.ge-ზე.","სარეცხი მანქანა SAMSUNG WD12TP34DSH/LP: ჩატვირთვის ტიპი ფრონტალური, ტევადობა 12 კგ, საშრობი სარეცხის ტევადობა 8 კგ, ბრუნვის მაქსიმალური სიჩქარე 1400 ბრ/წთ.",,meta description: შაბლონური/გაბმული სიტყვები,არა
912,203425,https://superi.ge/samsung-wf18t8000gv-lp/,saretskhi-manqanebi,სარეცხი მანქანა SAMSUNG WF18T8000GV/LP,,სარეცხი მანქანა SAMSUNG WF18T8000GV/LP,,"სარეცხი მანქანა SAMSUNG WF18T8000GV/LP — ტევადობა 18 კგ, მაქსიმალური სიჩქარე 1100 ბრ/წთ და DIT ძრავა. ფასი და ხელმისაწვდომობა იხილეთ Superi.ge-ზე.","სარეცხი მანქანა SAMSUNG WF18T8000GV/LP: ჩატვირთვის ტიპი ფრონტალური, ტევადობა 18 კგ, ბრუნვის მაქსიმალური სიჩქარე 1100 ბრ/წთ, ძრავის ტიპი DIT.",,meta description: შაბლონური/გაბმული სიტყვები,არა
1442,228243,https://superi.ge/samsung-ww11bb744cge-lp/,saretskhi-manqanebi,სარეცხი მანქანა SAMSUNG WW11BB744CGE/LP,,სარეცხი მანქანა SAMSUNG WW11BB744CGE/LP,,"სარეცხი მანქანა SAMSUNG WW11BB744CGE/LP — მაქსიმალური სიჩქარე 1400 ბრ/წთ. დეტალური მახასიათებლები, ფასი და ხელმისაწვდომობა იხილეთ Superi.ge-ზე.","სარეცხი მანქანა SAMSUNG WW11BB744CGE/LP: ჩატვირთვის ტიპი ფრონტალური, სარეცხის მაქსიმალური ჩატვირთვა 11 კგ, ბრუნვის მაქსიმალური სიჩქარე 1400 ბრ/წთ.",,meta description: შაბლონური/გაბმული სიტყვები,არა
1665,229385,https://superi.ge/samsung-ww11bga047aelp/,saretskhi-manqanebi,სარეცხი მანქანა SAMSUNG WW11BGA047AELP,,სარეცხი მანქანა SAMSUNG WW11BGA047AELP,,"სარეცხი მანქანა SAMSUNG WW11BGA047AELP — მაქსიმალური სიჩქარე 1400 ბრ/წთ. დეტალური მახასიათებლები, ფასი და ხელმისაწვდომობა იხილეთ Superi.ge-ზე.","სარეცხი მანქანა SAMSUNG WW11BGA047AELP: ჩატვირთვის ტიპი ფრონტალური, ძრავის ტიპი ინვერტორული, სარეცხის მაქსიმალური ჩატვირთვა 11 კგ.",,meta description: შაბლონური/გაბმული სიტყვები,არა
901,I76505,https://superi.ge/samsung-ww12tp84dsh-lp/,saretskhi-manqanebi,სარეცხი მანქანა SAMSUNG WW12TP84DSH/LP,,სარეცხი მანქანა SAMSUNG WW12TP84DSH/LP,,სარეცხი მანქანა SAMSUNG WW12TP84DSH/LP — ტევადობა 12 კგ და მაქსიმალური სიჩქარე 1400 ბრ/წთ. ფასი და ხელმისაწვდომობა იხილეთ Superi.ge-ზე.,"სარეცხი მანქანა SAMSUNG WW12TP84DSH/LP: ჩატვირთვის ტიპი ფრონტალური, ტევადობა 12 კგ, საშრობი სარეცხის ტევადობა 8 კგ, ბრუნვის მაქსიმალური სიჩქარე 1400 ბრ/წთ.",,meta description: შაბლონური/გაბმული სიტყვები,არა
875,204910,https://superi.ge/samsung-ww12tp84dsx-lp/,saretskhi-manqanebi,სარეცხი მანქანა SAMSUNG WW12TP84DSX/LP,,სარეცხი მანქანა SAMSUNG WW12TP84DSX/LP,,"სარეცხი მანქანა SAMSUNG WW12TP84DSX/LP — მაქსიმალური სიჩქარე 1400 ბრ/წთ. დეტალური მახასიათებლები, ფასი და ხელმისაწვდომობა იხილეთ Superi.ge-ზე.","სარეცხი მანქანა SAMSUNG WW12TP84DSX/LP: ჩატვირთვის ტიპი ფრონტალური, მაქსიმალური ჩატვირთვა 12 კგ, ბრუნვის მაქსიმალური სიჩქარე 1400 ბრ/წთ.",,meta description: შაბლონური/გაბმული სიტყვები,არა
2327,145330,https://superi.ge/samsung-ww60ag4s00celp/,saretskhi-manqanebi,სარეცხი მანქანა SAMSUNG WW60AG4S00CELP,,სარეცხი მანქანა SAMSUNG WW60AG4S00CELP,,სარეცხი მანქანა SAMSUNG WW60AG4S00CELP — მაქსიმალური სიჩქარე 1000 ბრ/წთ და წყლის მოხმარება ერთ ციკლ. ფასი და ხელმისაწვდომობა იხილეთ Superi.ge-ზე.,"სარეცხი მანქანა SAMSUNG WW60AG4S00CELP: ჩატვირთვის ტიპი ფრონტალური, ძრავის ტიპი ინვერტორული, სარეცხის მაქსიმალური ჩატვირთვა 6 კგ.",,meta description: შაბლონური/გაბმული სიტყვები,არა
2448,238354,https://superi.ge/samsung-ww65ag4s20cxlp/,saretskhi-manqanebi,სარეცხი მანქანა SAMSUNG WW65AG4S20CXLP,,სარეცხი მანქანა SAMSUNG WW65AG4S20CXLP,,"სარეცხი მანქანა SAMSUNG WW65AG4S20CXLP — მაქსიმალური სიჩქარე 1200 ბრ/წთ. დეტალური მახასიათებლები, ფასი და ხელმისაწვდომობა იხილეთ Superi.ge-ზე.","სარეცხი მანქანა SAMSUNG WW65AG4S20CXLP: ჩატვირთვის ტიპი ფრონტალური, სარეცხის მაქსიმალური ჩატვირთვა 6.5 კგ, ბრუნვის მაქსიმალური სიჩქარე 1200 ბრ/წთ.",,meta description: შაბლონური/გაბმული სიტყვები,არა
2495,143739,https://superi.ge/samsung-ww70agas25axlp-7kg/,saretskhi-manqanebi,სარეცხი მანქანა SAMSUNG WW70AGAS25AXLP 7KG,,სარეცხი მანქანა SAMSUNG WW70AGAS25AXLP 7KG,,"სარეცხი მანქანა SAMSUNG WW70AGAS25AXLP 7KG — მაქსიმალური სიჩქარე 1200 ბრ/წთ. დეტალური მახასიათებლები, ფასი და ხელმისაწვდომობა იხილეთ Superi.ge-ზე.","სარეცხი მანქანა SAMSUNG WW70AGAS25AXLP 7KG: ჩატვირთვის ტიპი ფრონტალური, ძრავის ტიპი ციფრული ინვერტორული, სარეცხის მაქსიმალური ჩატვირთვა 7 კგ.",,meta description: შაბლონური/გაბმული სიტყვები,არა
2155,117727,https://superi.ge/samsung-ww70t3020bw-lp/,saretskhi-manqanebi,სარეცხი მანქანა SAMSUNG WW70T3020BW/LP,,სარეცხი მანქანა SAMSUNG WW70T3020BW/LP,,"სარეცხი მანქანა SAMSUNG WW70T3020BW/LP — მაქსიმალური სიჩქარე 1200 ბრ/წთ. დეტალური მახასიათებლები, ფასი და ხელმისაწვდომობა იხილეთ Superi.ge-ზე.","სარეცხი მანქანა SAMSUNG WW70T3020BW/LP: ჩატვირთვის ტიპი ფრონტალური, სარეცხის მაქსიმალური ჩატვირთვა 7 კგ, ბრუნვის მაქსიმალური სიჩქარე 1200 ბრ/წთ.",,meta description: შაბლონური/გაბმული სიტყვები,არა
909,186546,https://superi.ge/samsung-ww70ta046ae-le/,saretskhi-manqanebi,სარეცხი მანქანა SAMSUNG WW70TA046AE/LE,,სარეცხი მანქანა SAMSUNG WW70TA046AE/LE,,"სარეცხი მანქანა SAMSUNG WW70TA046AE/LE — მაქსიმალური სიჩქარე 1400 ბრ/წთ. დეტალური მახასიათებლები, ფასი და ხელმისაწვდომობა იხილეთ Superi.ge-ზე.","სარეცხი მანქანა SAMSUNG WW70TA046AE/LE: ჩატვირთვის ტიპი ფრონტალური, სარეცხის მაქსიმალური ჩატვირთვა 7 კგ, ბრუნვის მაქსიმალური სიჩქარე 1400 ბრ/წთ.",,meta description: შაბლონური/გაბმული სიტყვები,არა
1673,117728,https://superi.ge/samsung-ww80t3040bs-lp/,saretskhi-manqanebi,სარეცხი მანქანა SAMSUNG WW80T3040BS/LP,,სარეცხი მანქანა SAMSUNG WW80T3040BS/LP,,"სარეცხი მანქანა SAMSUNG WW80T3040BS/LP — მაქსიმალური სიჩქარე 1400 ბრ/წთ. დეტალური მახასიათებლები, ფასი და ხელმისაწვდომობა იხილეთ Superi.ge-ზე.","სარეცხი მანქანა SAMSUNG WW80T3040BS/LP: ჩატვირთვის ტიპი ფრონტალური, სარეცხის მაქსიმალური ჩატვირთვა 8 კგ, ბრუნვის მაქსიმალური სიჩქარე 1400 ბრ/წთ.",,meta description: შაბლონური/გაბმული სიტყვები,არა
884,117323,https://superi.ge/samsung-ww90t4041ce-lp/,saretskhi-manqanebi,სარეცხი მანქანა SAMSUNG WW90T4041CE/LP,,სარეცხი მანქანა SAMSUNG WW90T4041CE/LP,,ჩატვირთვის ტიპი: ფრონტალური სარეცხის მაქსიმალური ჩატვირთვა: 9 კგ ბრუნვის მაქსიმალური სიჩქარე: 1400 ბრ/წთ ენერგომოხმარების კლასი: A+++ რეცხვის კლასი: A ზომა: 850 x 600 x 550 მმ / ფერი: თეთრი,"სარეცხი მანქანა SAMSUNG WW90T4041CE/LP: ჩატვირთვის ტიპი ფრონტალური, სარეცხის მაქსიმალური ჩატვირთვა 9 კგ, ბრუნვის მაქსიმალური სიჩქარე 1400 ბრ/წთ.",,meta description: სპეციფიკაციების ჩამონათვალი,არა
1401,224805,https://superi.ge/samsung-ww90t604clh-lp/,saretskhi-manqanebi,სარეცხი მანქანა SAMSUNG WW90T604CLH/LP,,სარეცხი მანქანა SAMSUNG WW90T604CLH/LP,,ჩატვირთვის ტიპი: ფრონტალური სარეცხის მაქსიმალური ჩატვირთვა: 9 კგ ბრუნვის მაქსიმალური სიჩქარე: 1400 ბრ/წთ ენერგომოხმარების კლასი: A+++ რეცხვის კლასი: A ხმაურის დონე (რეცხვა/გაწურვა): 53/74 db ძრავის ტიპი: ინვერტორული ფერი თეთრი,"სარეცხი მანქანა SAMSUNG WW90T604CLH/LP: ჩატვირთვის ტიპი ფრონტალური, სარეცხის მაქსიმალური ჩატვირთვა 9 კგ, ბრუნვის მაქსიმალური სიჩქარე 1400 ბრ/წთ.",,meta description: სპეციფიკაციების ჩამონათვალი,არა
1392,210764,https://superi.ge/toshiba-tw-bk100g4uz-sk/,saretskhi-manqanebi,სარეცხი მანქანა TOSHIBA TW-BK100G4UZ (SK),,სარეცხი მანქანა TOSHIBA TW-BK100G4UZ (SK),,"სარეცხი მანქანა TOSHIBA TW-BK100G4UZ (SK) — მაქსიმალური სიჩქარე 1400 ბრ/წთ. დეტალური მახასიათებლები, ფასი და ხელმისაწვდომობა იხილეთ Superi.ge-ზე.","სარეცხი მანქანა TOSHIBA TW-BK100G4UZ (SK): ჩატვირთვის ტიპი ფრონტალური, მაქსიმალური ჩატვირთვა 9 კგ, ძრავის ტიპი ინვერტორული, ენერგოეფექტურობის კლასი A+++.",,meta description: შაბლონური/გაბმული სიტყვები,არა
969,210768,https://superi.ge/toshiba-tw-bk100g4uz-wk/,saretskhi-manqanebi,სარეცხი მანქანა TOSHIBA TW-BK100G4UZ (WK),,სარეცხი მანქანა TOSHIBA TW-BK100G4UZ (WK),,ჩატვირთვის ტიპი: ფრონტალური მაქსიმალური ჩატვირთვა: 9 კგ ენერგოეფექტურობის კლასი: A+++ რეცხვის კლასი: A ბრუნვის მაქსიმალური სიჩქარე: 1400 ბრ/წთ ზომა: 595 x 615 x 850 მმ,"სარეცხი მანქანა TOSHIBA TW-BK100G4UZ (WK): ჩატვირთვის ტიპი ფრონტალური, მაქსიმალური ჩატვირთვა 9 კგ, ძრავის ტიპი ინვერტორული, ენერგოეფექტურობის კლასი A+++.",,meta description: სპეციფიკაციების ჩამონათვალი,არა
962,210769,https://superi.ge/toshiba-tw-bk110g4uz-sk/,saretskhi-manqanebi,სარეცხი მანქანა TOSHIBA TW-BK110G4UZ (SK),,სარეცხი მანქანა TOSHIBA TW-BK110G4UZ (SK),,ჩატვირთვის ტიპი: ფრონტალური მაქსიმალური ჩატვირთვა: 10 კგ ენერგოეფექტურობის კლასი: A+++ ბრუნვის მაქსიმალური სიჩქარე: 1400 ბრ/წთ ზომა: 595 x 615 x 850 მმ / ფერი: ვერცხლისფერი,"სარეცხი მანქანა TOSHIBA TW-BK110G4UZ (SK): ჩატვირთვის ტიპი ფრონტალური, მაქსიმალური ჩატვირთვა 10 კგ, ძრავის ტიპი ინვერტორული, ენერგოეფექტურობის კლასი A+++.",,meta description: სპეციფიკაციების ჩამონათვალი,არა
964,210772,https://superi.ge/toshiba-tw-bk110g4uz-wk/,saretskhi-manqanebi,სარეცხი მანქანა TOSHIBA TW-BK110G4UZ (WK),,სარეცხი მანქანა TOSHIBA TW-BK110G4UZ (WK),,"სარეცხი მანქანა TOSHIBA TW-BK110G4UZ (WK) — მაქსიმალური სიჩქარე 1400 ბრ/წთ. დეტალური მახასიათებლები, ფასი და ხელმისაწვდომობა იხილეთ Superi.ge-ზე.","სარეცხი მანქანა TOSHIBA TW-BK110G4UZ (WK): ჩატვირთვის ტიპი ფრონტალური, მაქსიმალური ჩატვირთვა 10 კგ, ძრავის ტიპი ინვერტორული, ენერგოეფექტურობის კლასი A+++.",,meta description: შაბლონური/გაბმული სიტყვები,არა
1386,210763,https://superi.ge/toshiba-tw-bk90g4uz-sk/,saretskhi-manqanebi,სარეცხი მანქანა TOSHIBA TW-BK90G4UZ (SK),,სარეცხი მანქანა TOSHIBA TW-BK90G4UZ (SK),,ჩატვირთვის ტიპი: ფრონტალური მაქსიმალური ჩატვირთვა: 8 კგ რეცხვის კლასი: A ენერგოეფექტურობის კლასი: A+++ ბრუნვის მაქსიმალური სიჩქარე: 1400 ბრ/წთ ზომა: 595 x 615 x 850 მმ / ფერი: ვერცხლისფერი,"სარეცხი მანქანა TOSHIBA TW-BK90G4UZ (SK): ჩატვირთვის ტიპი ფრონტალური, მაქსიმალური ჩატვირთვა 8 კგ, ძრავის ტიპი ინვერტორული, რეცხვის კლასი A.",,meta description: სპეციფიკაციების ჩამონათვალი,არა
970,210759,https://superi.ge/toshiba-tw-bk90g4uz-wk/,saretskhi-manqanebi,სარეცხი მანქანა TOSHIBA TW-BK90G4UZ (WK),,სარეცხი მანქანა TOSHIBA TW-BK90G4UZ (WK),,"სარეცხი მანქანა TOSHIBA TW-BK90G4UZ (WK) — მაქსიმალური სიჩქარე 1400 ბრ/წთ. დეტალური მახასიათებლები, ფასი და ხელმისაწვდომობა იხილეთ Superi.ge-ზე.","სარეცხი მანქანა TOSHIBA TW-BK90G4UZ (WK): ჩატვირთვის ტიპი ფრონტალური, მაქსიმალური ჩატვირთვა 8 კგ, ძრავის ტიპი ინვერტორული, ენერგოეფექტურობის კლასი A+++.",,meta description: შაბლონური/გაბმული სიტყვები,არა
1399,210744,https://superi.ge/toshiba-tw-bl100a4uz-ss/,saretskhi-manqanebi,სარეცხი მანქანა TOSHIBA TW-BL100A4UZ (SS),,სარეცხი მანქანა TOSHIBA TW-BL100A4UZ (SS),,ჩატვირთვის ტიპი: ფრონტალური მაქსიმალური ჩატვირთვა: 9 კგ ენერგოეფექტურობის კლასი: A+++ ბრუნვის მაქსიმალური სიჩქარე: 1200 ბრ/წთ სწრაფი რეცხვა: 15 წთ ფერი:ვერცხლისფერი,"სარეცხი მანქანა TOSHIBA TW-BL100A4UZ (SS): ჩატვირთვის ტიპი ფრონტალური, მაქსიმალური ჩატვირთვა 9 კგ, ძრავის ტიპი ინვერტორული, ენერგოეფექტურობის კლასი A+++.",,meta description: სპეციფიკაციების ჩამონათვალი,არა
966,210740,https://superi.ge/toshiba-tw-bl100a4uz-wk/,saretskhi-manqanebi,სარეცხი მანქანა TOSHIBA TW-BL100A4UZ (WK),,სარეცხი მანქანა TOSHIBA TW-BL100A4UZ (WK),,"სარეცხი მანქანა TOSHIBA TW-BL100A4UZ (WK) — მაქსიმალური სიჩქარე 1200 ბრ/წთ. დეტალური მახასიათებლები, ფასი და ხელმისაწვდომობა იხილეთ Superi.ge-ზე.","სარეცხი მანქანა TOSHIBA TW-BL100A4UZ (WK): ჩატვირთვის ტიპი ფრონტალური, მაქსიმალური ჩატვირთვა 9 კგ, ძრავის ტიპი ინვერტორული, ენერგოეფექტურობის კლასი A+++.",,meta description: შაბლონური/გაბმული სიტყვები,არა
3907,TW-BL70A2UZ,https://superi.ge/toshiba-tw-bl70a2uz-ss-6/,saretskhi-manqanebi,სარეცხი მანქანა TOSHIBA TW-BL70A2UZ(SS) (6 კგ),,სარეცხი მანქანა TOSHIBA TW-BL70A2UZ(SS) (6 კგ) | Superi.ge,,სარეცხი მანქანა TOSHIBA TW-BL70A2UZ(SS) (6 კგ) — მაქსიმალური სიჩქარე 1200 ბრ/წთ და ინვერტორული ძრავა. ფასი და ხელმისაწვდომობა იხილეთ Superi.ge-ზე.,"სარეცხი მანქანა TOSHIBA TW-BL70A2UZ(SS) (6 კგ): ჩატვირთვის ტიპი ფრონტალური, მაქსიმალური ჩატვირთვა 6 კგ, ძრავის ტიპი ინვერტორული, ენერგოეფექტურობის კლასი A+++.",,meta description: შაბლონური/გაბმული სიტყვები,არა
3908,TW-BL70A2UZ(WK),https://superi.ge/toshiba-tw-bl70a2uz-wk-6/,saretskhi-manqanebi,სარეცხი მანქანა TOSHIBA TW-BL70A2UZ(WK) (6 კგ),,სარეცხი მანქანა TOSHIBA TW-BL70A2UZ(WK) (6 კგ) | Superi.ge,,ბრენდი: Toshiba მოდელი/PN: TW-BL70A2UZ(WK) კონსტრუქციის ტიპი: ცალკე მდგომი კონტროლის ტიპი: ელექტრო / ღილაკები ეკრანი: დიახ ინვერტორული ძრავა: დიახ ზომა: 85 x 44 x 59.5 სმ,"სარეცხი მანქანა TOSHIBA TW-BL70A2UZ(WK) (6 კგ): ჩატვირთვის ტიპი ფრონტალური, მაქსიმალური ჩატვირთვა 6 კგ, ძრავის ტიპი ინვერტორული, ენერგოეფექტურობის კლასი A+++.",,meta description: სპეციფიკაციების ჩამონათვალი,არა
968,210752,https://superi.ge/toshiba-tw-bl80a2uz-wk/,saretskhi-manqanebi,სარეცხი მანქანა TOSHIBA TW-BL80A2UZ (WK),,სარეცხი მანქანა TOSHIBA TW-BL80A2UZ (WK),,"სარეცხი მანქანა TOSHIBA TW-BL80A2UZ (WK) — მაქსიმალური სიჩქარე 1200 ბრ/წთ. დეტალური მახასიათებლები, ფასი და ხელმისაწვდომობა იხილეთ Superi.ge-ზე.","სარეცხი მანქანა TOSHIBA TW-BL80A2UZ (WK): ჩატვირთვის ტიპი ფრონტალური, მაქსიმალური ჩატვირთვა 7 კგ, ძრავის ტიპი ინვერტორული, ენერგოეფექტურობის კლასი A+++.",,meta description: შაბლონური/გაბმული სიტყვები,არა
965,215947,https://superi.ge/toshiba-tw-bl90a4uz-wk/,saretskhi-manqanebi,სარეცხი მანქანა TOSHIBA TW-BL90A4UZ (WK),,სარეცხი მანქანა TOSHIBA TW-BL90A4UZ (WK),,"სარეცხი მანქანა TOSHIBA TW-BL90A4UZ (WK) — მაქსიმალური სიჩქარე 1200 ბრ/წთ. დეტალური მახასიათებლები, ფასი და ხელმისაწვდომობა იხილეთ Superi.ge-ზე.","სარეცხი მანქანა TOSHIBA TW-BL90A4UZ (WK): ჩატვირთვის ტიპი ფრონტალური, მაქსიმალური ჩატვირთვა 8 კგ, ძრავის ტიპი ინვერტორული, ენერგოეფექტურობის კლასი A+++.",,meta description: შაბლონური/გაბმული სიტყვები,არა
902,217822,https://superi.ge/vestel-w508t1/,saretskhi-manqanebi,სარეცხი მანქანა VESTEL W508T1,,სარეცხი მანქანა VESTEL W508T1|Superi.ge,,"სარეცხი მანქანა VESTEL W508T1 — მოცულობა 44 ლ და მაქსიმალური სიჩქარე 800 ბრ/წთ. დეტალური მახასიათებლები, ფასი და ხელმისაწვდომობა იხილეთ Superi.ge-ზე.","სარეცხი მანქანა VESTEL W508T1: ჩატვირთვის ტიპი ფრონტალური, სარეცხის მაქსიმალური ჩატვირთვა 5 კგ, ბრუნვის მაქსიმალური სიჩქარე 800 ბრ/წთ.",,meta description: შაბლონური/გაბმული სიტყვები,არა
931,S28338,https://superi.ge/vestel-w610t2ds/,saretskhi-manqanebi,სარეცხი მანქანა VESTEL W610T2DS,,სარეცხი მანქანა VESTEL W610T2DS,,"სარეცხი მანქანა VESTEL W610T2DS — მაქსიმალური სიჩქარე 1000 ბრ/წთ. დეტალური მახასიათებლები, ფასი და ხელმისაწვდომობა იხილეთ Superi.ge-ზე.","სარეცხი მანქანა VESTEL W610T2DS: ჩატვირთვის ტიპი ფრონტალური, სარეცხის მაქსიმალური ჩატვირთვა 6 კგ, ბრუნვის მაქსიმალური სიჩქარე 1000 ბრ/წთ.",,meta description: შაბლონური/გაბმული სიტყვები,არა
943,211455,https://superi.ge/vestfrost-vw48ff2w/,saretskhi-manqanebi,სარეცხი მანქანა VESTFROST VW48FF2W,,სარეცხი მანქანა VESTFROST VW48FF2W,,"სარეცხი მანქანა VESTFROST VW48FF2W — მაქსიმალური სიჩქარე 800 ბრ/წთ. დეტალური მახასიათებლები, ფასი და ხელმისაწვდომობა იხილეთ Superi.ge-ზე.","სარეცხი მანქანა VESTFROST VW48FF2W: ჩატვირთვის ტიპი ფრონტალური, სარეცხის მაქსიმალური ჩატვირთვა 4 კგ, ბრუნვის მაქსიმალური სიჩქარე 800 ბრ/წთ.",,meta description: შაბლონური/გაბმული სიტყვები,არა
944,207892,https://superi.ge/vestfrost-vw510ff4w/,saretskhi-manqanebi,სარეცხი მანქანა VESTFROST VW510FF4W,,სარეცხი მანქანა VESTFROST VW510FF4W,,"სარეცხი მანქანა VESTFROST VW510FF4W — მაქსიმალური სიჩქარე 1000 ბრ/წთ. დეტალური მახასიათებლები, ფასი და ხელმისაწვდომობა იხილეთ Superi.ge-ზე.","სარეცხი მანქანა VESTFROST VW510FF4W: ჩატვირთვის ტიპი ფრონტალური, სარეცხის მაქსიმალური ჩატვირთვა 5 კგ, ბრუნვის მაქსიმალური სიჩქარე 1000 ბრ/წთ.",,meta description: შაბლონური/გაბმული სიტყვები,არა
1583,129052,https://superi.ge/vestfrost-vw712ft2s/,saretskhi-manqanebi,სარეცხი მანქანა VESTFROST VW712FT2S,,სარეცხი მანქანა VESTFROST VW712FT2S,,ჩატვირთვის ტიპი: ფრონტალური სარეცხის მაქსიმალური ჩატვირთვა: 7 კგ ბრუნვის მაქსიმალური სიჩქარე: 1200 ბრ/წთ მართვის ტიპი: ელექტრონული / მექანიკური ზომა: 845 x 597 x 497 მმ / ფერი: ვერცხლისფერი,"სარეცხი მანქანა VESTFROST VW712FT2S: ჩატვირთვის ტიპი ფრონტალური, სარეცხის მაქსიმალური ჩატვირთვა 7 კგ, ბრუნვის მაქსიმალური სიჩქარე 1200 ბრ/წთ, რეცხვის კლასი A.",,meta description: სპეციფიკაციების ჩამონათვალი,არა
102,129049,https://superi.ge/vestfrost-vw712ft2w/,saretskhi-manqanebi,სარეცხი მანქანა VESTFROST VW712FT2W,,სარეცხი მანქანა VESTFROST VW712FT2W,,"სარეცხი მანქანა VESTFROST VW712FT2W — მაქსიმალური სიჩქარე 1200 ბრ/წთ. დეტალური მახასიათებლები, ფასი და ხელმისაწვდომობა იხილეთ Superi.ge-ზე.","სარეცხი მანქანა VESTFROST VW712FT2W: ჩატვირთვის ტიპი ფრონტალური, სარეცხის მაქსიმალური ჩატვირთვა 7 კგ, ბრუნვის მაქსიმალური სიჩქარე 1200 ბრ/წთ.",,meta description: შაბლონური/გაბმული სიტყვები,არა
2901,129877,https://superi.ge/vestfrost-vw810ff4s-8/,saretskhi-manqanebi,სარეცხი მანქანა VESTFROST VW810FF4S (8კგ),,სარეცხი მანქანა VESTFROST VW810FF4S (8კგ),,"სარეცხი მანქანა VESTFROST VW810FF4S (8კგ) — მაქსიმალური სიჩქარე 1000 ბრ/წთ. დეტალური მახასიათებლები, ფასი და ხელმისაწვდომობა იხილეთ Superi.ge-ზე.","სარეცხი მანქანა VESTFROST VW810FF4S (8კგ): ჩატვირთვის ტიპი ფრონტალური, სარეცხის მაქსიმალური ჩატვირთვა 8 კგ, ბრუნვის მაქსიმალური სიჩქარე 1000 ბრ/წთ.",,meta description: შაბლონური/გაბმული სიტყვები,არა
1667,230066,https://superi.ge/vox-wm1280-sat2t15d/,saretskhi-manqanebi,სარეცხი მანქანა VOX WM1280-SAT2T15D,,სარეცხი მანქანა VOX WM1280-SAT2T15D,,"სარეცხი მანქანა VOX WM1280-SAT2T15D — მოცულობა 55 ლ და მაქსიმალური სიჩქარე 1200 ბრ/წთ. დეტალური მახასიათებლები, ფასი და ხელმისაწვდომობა იხილეთ Superi.ge-ზე.","სარეცხი მანქანა VOX WM1280-SAT2T15D: ჩატვირთვის ტიპი ფრონტალური, მაქსიმალური ჩატვირთვა 8 კგ, ბრუნვის მაქსიმალური სიჩქარე 1200 ბრ/წთ, დოლურის მოცულობა 55 ლ.",,meta description: შაბლონური/გაბმული სიტყვები,არა
1377,227833,https://superi.ge/vox-wm1288-sat2t15d/,saretskhi-manqanebi,სარეცხი მანქანა VOX WM1288-SAT2T15D,,სარეცხი მანქანა VOX WM1288-SAT2T15D,,"სარეცხი მანქანა VOX WM1288-SAT2T15D — მოცულობა 51 ლ და მაქსიმალური სიჩქარე 1200 ბრ/წთ. დეტალური მახასიათებლები, ფასი და ხელმისაწვდომობა იხილეთ Superi.ge-ზე.","სარეცხი მანქანა VOX WM1288-SAT2T15D: ჩატვირთვის ტიპი ფრონტალური, მაქსიმალური ჩატვირთვა 8 კგ, ბრუნვის მაქსიმალური სიჩქარე 1200 ბრ/წთ, დოლურის მოცულობა 51 ლ.",,meta description: შაბლონური/გაბმული სიტყვები,არა
903,201707,https://superi.ge/vox-wm1290-t14d/,saretskhi-manqanebi,სარეცხი მანქანა VOX WM1290-T14D,,სარეცხი მანქანა VOX WM1290-T14D,,"სარეცხი მანქანა VOX WM1290-T14D — მოცულობა 64 ლ და მაქსიმალური სიჩქარე 1200 ბრ/წთ. დეტალური მახასიათებლები, ფასი და ხელმისაწვდომობა იხილეთ Superi.ge-ზე.","სარეცხი მანქანა VOX WM1290-T14D: ჩატვირთვის ტიპი ფრონტალური, მაქსიმალური ჩატვირთვა 9 კგ, ბრუნვის მაქსიმალური სიჩქარე 1200 ბრ/წთ, დოლურის მოცულობა 64 ლ.",,meta description: შაბლონური/გაბმული სიტყვები,არა
1385,227710,https://superi.ge/vox-wm1410-sat15abldc/,saretskhi-manqanebi,სარეცხი მანქანა VOX WM1410-SAT15ABLDC,,სარეცხი მანქანა VOX WM1410-SAT15ABLDC,,სარეცხი მანქანა VOX WM1410-SAT15ABLDC — მოცულობა 62 ლ და მაქსიმალური სიჩქარე 1400 ბრ/წთ. ფასი და ხელმისაწვდომობა იხილეთ Superi.ge-ზე.,"სარეცხი მანქანა VOX WM1410-SAT15ABLDC: ჩატვირთვის ტიპი ფრონტალური, მაქსიმალური ჩატვირთვა 10 კგ, ბრუნვის მაქსიმალური სიჩქარე 1400 ბრ/წთ, დოლურის მოცულობა 62 ლ.",,meta description: შაბლონური/გაბმული სიტყვები,არა
1383,227774,https://superi.ge/vox-wm1490-sat2t15d/,saretskhi-manqanebi,სარეცხი მანქანა VOX WM1490-SAT2T15D,,სარეცხი მანქანა VOX WM1490-SAT2T15D,,"სარეცხი მანქანა VOX WM1490-SAT2T15D — მოცულობა 61 ლ, მაქსიმალური სიჩქარე 1400 ბრ/წთ და DC ძრავა. ფასი და ხელმისაწვდომობა იხილეთ Superi.ge-ზე.","სარეცხი მანქანა VOX WM1490-SAT2T15D: ჩატვირთვის ტიპი ფრონტალური, მაქსიმალური ჩატვირთვა 9 კგ, ბრუნვის მაქსიმალური სიჩქარე 1400 ბრ/წთ, დოლურის მოცულობა 61 ლ.",,meta description: შაბლონური/გაბმული სიტყვები,არა
1382,227790,https://superi.ge/vox-wm1495-t14qd/,saretskhi-manqanebi,სარეცხი მანქანა VOX WM1495-T14QD,,სარეცხი მანქანა VOX WM1495-T14QD,,"სარეცხი მანქანა VOX WM1495-T14QD — მოცულობა 59 ლ და მაქსიმალური სიჩქარე 1400 ბრ/წთ. დეტალური მახასიათებლები, ფასი და ხელმისაწვდომობა იხილეთ Superi.ge-ზე.","სარეცხი მანქანა VOX WM1495-T14QD: ჩატვირთვის ტიპი ფრონტალური, მაქსიმალური ჩატვირთვა 9 კგ, ბრუნვის მაქსიმალური სიჩქარე 1400 ბრ/წთ, დოლურის მოცულობა 59 ლ.",,meta description: შაბლონური/გაბმული სიტყვები,არა
3186,S69827,https://superi.ge/gorenje-w1d2a164ads-10-6/,saretskhi-manqanebi,სარეცხი მანქანა საშრობით GORENJE W1D2A164ADS (10/6კგ),,სარეცხი მანქანა საშრობით GORENJE W1D2A164ADS (10/6კგ),,"სარეცხი მანქანა საშრობით GORENJE W1D2A164ADS (10/6კგ) — ტევადობა 10 კგ. დეტალური მახასიათებლები, ფასი და ხელმისაწვდომობა იხილეთ Superi.ge-ზე.","სარეცხი მანქანა საშრობით GORENJE W1D2A164ADS (10/6კგ): ჩატვირთვის ტიპი ფრონტალური, ტევადობა 10 კგ, საშრობი სარეცხის ტევადობა 6 კგ.",,meta description: შაბლონური/გაბმული სიტყვები,არა
3187,S54670,https://superi.ge/gorenje-w1d2a854adps-8-5/,saretskhi-manqanebi,სარეცხი მანქანა საშრობით GORENJE W1D2A854ADPS (8/5კგ),,სარეცხი მანქანა საშრობით GORENJE W1D2A854ADPS (8/5კგ),,სარეცხი მანქანა საშრობით GORENJE W1D2A854ADPS (8/5კგ) — ტევადობა 8 კგ და მაქსიმალური სიჩქარე 1400 ბრ/წთ. ფასი და ხელმისაწვდომობა იხილეთ Superi.ge-ზე.,"სარეცხი მანქანა საშრობით GORENJE W1D2A854ADPS (8/5კგ): ჩატვირთვის ტიპი ფრონტალური, ტევადობა 8 კგ, საშრობი სარეცხის ტევადობა 5 კგ.",,meta description: შაბლონური/გაბმული სიტყვები,არა
12040,S33430,https://superi.ge/hitachi-bd-d802hvow/,saretskhi-manqanebi,სარეცხი მანქანა საშრობით HITACHI BD-D802HVOW,,სარეცხი მანქანა საშრობით HITACHI BD-D802HVOW | Superi.ge,,"სარეცხი მანქანა საშრობით HITACHI BD-D802HVOW — მახასიათებლები, ფასი და ხელმისაწვდომობა იხილეთ Superi.ge-ზე და შეარჩიეთ სასურველი მოდელი ონლაინ.","სარეცხი მანქანა საშრობით HITACHI BD-D802HVOW: ჩატვირთვის ტიპი წინა, რეცხვის მაქსიმალური ჩატვირთვა 8 კგ, შრობის მაქსიმალური ჩატვირთვა 5 კგ.",,meta description: შაბლონური/გაბმული სიტყვები,არა
5257,S35721,https://superi.ge/midea-mfk03w120b-s-12/,saretskhi-manqanebi,სარეცხის მანქანა MIDEA MFK03W120B/S (12კგ),სარეცხი მანქანა MIDEA MFK03W120B/S (12კგ),სარეცხის მანქანა MIDEA MFK03W120B/S (12კგ) | Superi.ge,სარეცხი მანქანა MIDEA MFK03W120B/S (12კგ) | Superi.ge,"​MIDEA MFK03W120B/S სარეცხი მანქანა (12კგ): A+++ ენერგოეფექტურობა, 1400 ბრ/წთ, ორთქლით რეცხვა, ინვერტორული ძრავა. იდეალურია დიდი ოჯახისთვის​",,,ბეჭდვითი შეცდომა,არა
3880,S98393,https://superi.ge/midea-mfk03w70b-s-7/,saretskhi-manqanebi,სარეცხის მანქანა MIDEA MFK03W70B/S (7კგ),სარეცხი მანქანა MIDEA MFK03W70B/S (7კგ),სარეცხის მანქანა MIDEA MFK03W70B/S (7კგ) | Superi.ge,სარეცხი მანქანა MIDEA MFK03W70B/S (7კგ) | Superi.ge,"Midea MFK03W70B/S 7 კგ ინვერტორული სარეცხი მანქანა 14 პროგრამით, ორთქლითა და ანტიბაქტერიული რეცხვით. LED ეკრანი, SpaCare ტექნოლოგია და ენერგოეფექტურობა A+++ უზრუნველყოფს კომფორტულ და ეკონომიურ გამოყენებას",,,ბეჭდვითი შეცდომა,არა
3981,S55935,https://superi.ge/midea-mfk03w80b-s-8/,saretskhi-manqanebi,სარეცხის მანქანა MIDEA MFK03W80B/S 8 კგ,სარეცხი მანქანა MIDEA MFK03W80B/S 8 კგ,სარეცხის მანქანა MIDEA MFK03W80B/S 8 კგ | Superi.ge,სარეცხი მანქანა MIDEA MFK03W80B/S 8 კგ | Superi.ge,"მიდეას სარეცხის მანქანა MFK03W80B/S აღჭურვილია ინვენტორული ძრავით, რაც უზრუნველყოფს ელექტრო ენერგიის დაზოგვას და აქვს სტანდარტულთან შედარებით უფრო დაბალი ხმა სარეცხის მანქანას აქვს 14 განსხვავებული რეცხვის რეჟიმი, რომელიც შეგიძლიათ მოარგოთ ყველანაირი ტიპ",,,ბეჭდვითი შეცდომა,არა
3185,I95170,https://superi.ge/bosch-wds28460me-8-5/,saretskhi-manqanebi,სარეცხის მანქანა საშრობით BOSCH WDS28460ME (8/5 კგ),სარეცხი მანქანა საშრობით BOSCH WDS28460ME (8/5 კგ),სარეცხის მანქანა საშრობით BOSCH WDS28460ME (8/5 კგ),სარეცხი მანქანა საშრობით BOSCH WDS28460ME (8/5 კგ) | Superi.ge,სარეცხის მანქანა საშრობით BOSCH WDS28460ME (8/5 კგ) — ტევადობა 8 კგ და მაქსიმალური სიჩქარე 1400 ბრ/წთ. ფასი და ხელმისაწვდომობა იხილეთ Superi.ge-ზე.,"სარეცხი მანქანა საშრობით BOSCH WDS28460ME (8/5 კგ): ჩატვირთვის ტიპი ფრონტალური, ტევადობა 8 კგ, საშრობი სარეცხის ტევადობა 5 კგ.",,ბეჭდვითი შეცდომა; meta description: შაბლონური/გაბმული სიტყვები,არა
13299,S40598,https://superi.ge/vestel-wd8b14t2-8-6/,saretskhi-manqanebi,სარეცხის მანქანა საშრობით VESTEL WD8B14T2 (8/6კგ),სარეცხი მანქანა საშრობით VESTEL WD8B14T2 (8/6კგ),სარეცხის მანქანა საშრობით VESTEL WD8B14T2 (8/6კგ) | Superi.ge,სარეცხი მანქანა საშრობით VESTEL WD8B14T2 (8/6კგ) | Superi.ge,"Vestel WD8B14T2 სარეცხი მანქანა საშრობით 8 კგ რეცხვისა და 6 კგ შრობის ტევადობით, BLDC ინვერტორული ძრავით, 1400 ბრ/წთ გაწურვით, 15 პროგრამით, კონდენსაციური შრობითა და სარეცხის დამატების ფუნქციით.",,,ბეჭდვითი შეცდომა,არა
3070,S78810,https://superi.ge/bosch-wqg1420ame-9/,sashrobebi,სარეცხის საშრობი მანქანა BOSCH WQG1420AME (9კგ),,სარეცხის საშრობი მანქანა BOSCH WQG1420AME (9კგ),,"სარეცხის საშრობი მანქანა BOSCH WQG1420AME (9კგ) — მოცულობა 9 კგ. დეტალური მახასიათებლები, ფასი და ხელმისაწვდომობა იხილეთ Superi.ge-ზე.","სარეცხის საშრობი მანქანა BOSCH WQG1420AME (9კგ): პროდუქტის ტიპი ცალკე მდგომი, შრობის მოცულობა 9 კგ, კონდენსაციის ეფექტურობის კლასი B.",,meta description: შაბლონური/გაბმული სიტყვები,არა
13679,S83866,https://superi.ge/gorenje-d2hna92w-c/,sashrobebi,სარეცხის საშრობი მანქანა GORENJE D2HNA92W/C,,სარეცხის საშრობი მანქანა GORENJE D2HNA92W/C | Superi.ge,,"სარეცხის საშრობი მანქანა GORENJE D2HNA92W/C — ელექტრონული მართვა. დეტალური მახასიათებლები, ფასი და ხელმისაწვდომობა იხილეთ Superi.ge-ზე.","სარეცხის საშრობი მანქანა GORENJE D2HNA92W/C: კონსტრუქციის ტიპი კონდენსაციური, თბური ტუმბოთი, მართვის ტიპი ელექტრონული, ეკრანი ციფრული.",,meta description: შაბლონური/გაბმული სიტყვები,არა
3012,S90572,https://superi.ge/bosch-wkd28543eu-7-4/,sashrobebi,ჩასაშენებელი სარეცხის საშრობი მანქანა BOSCH WKD28543EU (7/4 კგ),,ჩასაშენებელი სარეცხის საშრობი BOSCH WKD28543EU (7/4 კგ),,"ჩასაშენებელი სარეცხის საშრობი მანქანა BOSCH WKD28543EU (7/4 კგ) — მოცულობა 4 კგ. დეტალური მახასიათებლები, ფასი და ხელმისაწვდომობა იხილეთ Superi.ge-ზე.","ჩასაშენებელი სარეცხის საშრობი მანქანა BOSCH WKD28543EU (7/4 კგ): პროდუქტის ტიპი ჩასაშენებელი, მაქსიმალური ჩატვირთვა 7 კგ, შრობის მოცულობა 4 კგ.",,meta description: შაბლონური/გაბმული სიტყვები,არა
8339,10368,https://superi.ge/lego-chrysanthemum-10368/,satamashoebi,LEGO Chrysanthemum #10368,კონსტრუქტორი LEGO Chrysanthemum #10368,LEGO Chrysanthemum #10368 | Superi.ge,კონსტრუქტორი LEGO Chrysanthemum #10368 | Superi.ge,"LEGO Chrysanthemum 10368 ნაკრები 278 კუბიკით — შესანიშნავი დეკორატიული კონსტრუქცია ზრდასრულებისთვის. სტილური დიზაინი, მაღალი ხარისხი და საერთაშორისო უსაფრთხოების სტანდარტი",,,ქართული ტიპი დაემატა,არა
8341,10344,https://superi.ge/lego-constructor-botanicals-lucky-bamboo-10344/,satamashoebi,LEGO Constructor Botanicals Lucky Bamboo #10344,კონსტრუქტორი LEGO Constructor Botanicals Lucky Bamboo #10344,LEGO Constructor Botanicals Lucky Bamboo #10344 | Superi.ge,კონსტრუქტორი LEGO Constructor Botanicals Lucky Bamboo #10344,LEGO Lucky Bamboo 10344 – 325 კუბიკიანი დეკორატიული ნაკრები ზრდასრულებისთვის. ელეგანტური დიზაინი და რეალისტური ბამბუკის სახე შესანიშნავია საჩუქრად ან ინტერიერისთვის,,,ქართული ტიპი დაემატა,არა
8340,10343,https://superi.ge/lego-constructor-botanicals-mini-orchid-10343/,satamashoebi,LEGO Constructor Botanicals Mini Orchid #10343,კონსტრუქტორი LEGO Constructor Botanicals Mini Orchid #10343,LEGO Constructor Botanicals Mini Orchid #10343 | Superi.ge,კონსტრუქტორი LEGO Constructor Botanicals Mini Orchid #10343,LEGO Botanicals Mini Orchid 10343 ნაკრები 274 კუბიკით – ელეგანტური და ფერადი დეკორატიული კონსტრუქცია ზრდასრულებისთვის. იდეალურია საჩუქრად ან ინტერიერის გასაფორმებლად. ხარისხიანი და უსაფრთხო,,,ქართული ტიპი დაემატა,არა
8338,21251,https://superi.ge/lego-constructor-minecraft-steves-desert-expedition-21251/,satamashoebi,LEGO Constructor MINECRAFT STEVE'S DESERT EXPEDITION #21251,კონსტრუქტორი LEGO Constructor MINECRAFT STEVE'S DESERT EXPEDITION #21251,LEGO Constructor MINECRAFT STEVE'S DESERT EXPEDITION #21251 | Superi.ge,კონსტრუქტორი LEGO Constructor MINECRAFT STEVE'S DESERT,"LEGO Minecraft 21251 ნაკრები 75 კუბიკით, 3 მინი ფიგურითა და ავთენტური აქსესუარებით. განავითარებს მოტორულ და შემოქმედებით უნარებს. შესაფერისია 6+ ასაკის ბავშვებისთვის.",,,ქართული ტიპი დაემატა,არა
8343,76327,https://superi.ge/lego-constructor-super-heroes-iron-man-mk4-bust-76327/,satamashoebi,LEGO Constructor Super Heroes Iron Man MK4 Bust #76327,კონსტრუქტორი LEGO Constructor Super Heroes Iron Man MK4 Bust #76327,LEGO Constructor Super Heroes Iron Man MK4 Bust #76327 | Superi.ge,კონსტრუქტორი LEGO Constructor Super Heroes Iron Man MK4 Bust,"LEGO Iron Man MK4 Bust 76327 – 436 კუბიკიანი კოლექციური ნაკრები Marvel-ის თაყვანისმცემლებისთვის. იდეალურია ზრდასრულებისთვის, როგორც დეკორატიული და ხარისხიანი კონსტრუქცია.",,,ქართული ტიპი დაემატა,არა
8342,10442,https://superi.ge/lego-constructor-wild-animal-families-penguins-and-lions-10442/,satamashoebi,LEGO Constructor Wild Animal Families: Penguins & Lions #10442,კონსტრუქტორი LEGO Constructor Wild Animal Families: Penguins & Lions #10442,LEGO Constructor Wild Animal Families: Penguins & Lions #10442 | Superi.ge,კონსტრუქტორი LEGO Constructor Wild Animal Families: Penguins,"LEGO Wild Animal Families 10442 – 10 კუბიკიანი ნაკრები პინგვინებითა და ლომებით, შექმნილი 2+ ასაკის ბავშვებისთვის. უსაფრთხო, ფერადი და გასაოცრად გასართობი სწავლისა და თამაშისთვის.",,,ქართული ტიპი დაემატა,არა
2344,182574,https://superi.ge/llorens-crying-doll-aysel-33-cm-8426265333325/,satamashoebi,თოჯინა LLORENS CRYING DOLL AYSEL 33 CM (8426265333325),,თოჯინა LLORENS CRYING DOLL AYSEL 33 CM (8426265333325),,"თოჯინა LLORENS CRYING DOLL AYSEL 33 CM (8426265333325) — მახასიათებლები, ფასი და ხელმისაწვდომობა იხილეთ Superi.ge-ზე და შეარჩიეთ სასურველი მოდელი ონლაინ.","თოჯინა LLORENS CRYING DOLL AYSEL 33 CM (8426265333325): ასაკი 3-5 წლამდე, სიმაღლე 33 სმ. ✓ ოფიციალური გარანტია ✓ განვადება ✓ მიწოდება საქართველოში.",,meta description: შაბლონური/გაბმული სიტყვები,არა
2345,182704,https://superi.ge/llorens-martina-doll-40-cm-girl-8426265540303/,satamashoebi,თოჯინა LLORENS MARTINA DOLL 40 CM GIRL (8426265540303),,თოჯინა LLORENS MARTINA DOLL 40 CM GIRL (8426265540303),,"თოჯინა LLORENS MARTINA DOLL 40 CM GIRL (8426265540303) — მახასიათებლები, ფასი და ხელმისაწვდომობა იხილეთ Superi.ge-ზე და შეარჩიეთ სასურველი მოდელი ონლაინ.","თოჯინა LLORENS MARTINA DOLL 40 CM GIRL (8426265540303): ასაკი 3-5 წლამდე, სიმაღლე 40 სმ. ✓ ოფიციალური გარანტია ✓ განვადება ✓ მიწოდება საქართველოში.",,meta description: შაბლონური/გაბმული სიტყვები,არა
669,182736,https://superi.ge/llorens-nicole-doll-35-cm-girl-8426265535293/,satamashoebi,თოჯინა LLORENS NICOLE DOLL 35 CM GIRL (8426265535293),,თოჯინა LLORENS NICOLE DOLL 35 CM GIRL (8426265535293),,"თოჯინა LLORENS NICOLE DOLL 35 CM GIRL (8426265535293) — მახასიათებლები, ფასი და ხელმისაწვდომობა იხილეთ Superi.ge-ზე და შეარჩიეთ სასურველი მოდელი ონლაინ.","თოჯინა LLORENS NICOLE DOLL 35 CM GIRL (8426265535293): ასაკი 3-5 წლამდე, სიმაღლე 35 სმ. ✓ ოფიციალური გარანტია ✓ განვადება ✓ მიწოდება საქართველოში.",,meta description: შაბლონური/გაბმული სიტყვები,არა
733,182224,https://superi.ge/enchantimals/,satamashoebi,სათამაშო ENCHANTIMALS ჰიქსბი და ზღარბი,,სათამაშო ENCHANTIMALS ჰიქსბი და ზღარბი,,"სათამაშო ENCHANTIMALS ჰიქსბი და ზღარბი — მასალა პლასტმასი. დეტალური მახასიათებლები, ფასი და ხელმისაწვდომობა იხილეთ Superi.ge-ზე.","სათამაშო ENCHANTIMALS ჰიქსბი და ზღარბი: ბავშვის ასაკი 4 წლიდან, მასალა პლასტმასი. ✓ ოფიციალური გარანტია ✓ მიწოდება საქართველოში.",,meta description: შაბლონური/გაბმული სიტყვები,არა
742,222748,https://superi.ge/lego-city-4x4-off-roader-adventures/,satamashoebi,სათამაშო LEGO CITY - 4x4 OFF - ROADER ADVENTURES,,სათამაშო LEGO CITY - 4x4 OFF - ROADER ADVENTURES,,"სათამაშო LEGO CITY - 4x4 OFF - ROADER ADVENTURES — მასალა პლასტ. დეტალური მახასიათებლები, ფასი და ხელმისაწვდომობა იხილეთ Superi.ge-ზე.","სათამაშო LEGO CITY - 4x4 OFF - ROADER ADVENTURES: ასაკი 6+, ფიგურების რაოდენობა 252, მასალა პლასტმასი, წონა 1 კგ. ✓ ოფიციალური გარანტია ✓ მიწოდება საქართველოში.",,meta description: შაბლონური/გაბმული სიტყვები,არა
715,222782,https://superi.ge/lego-city-wild-animal-rescue-missions/,satamashoebi,სათამაშო LEGO CITY - WILD ANIMAL RESCUE MISSIONS,,სათამაშო LEGO CITY - WILD ANIMAL RESCUE MISSIONS,,ბრენდი: LEGO ასაკი: 6+ ფიგურების რაოდენობა: 246 ხელს უწყობს აზროვნების განვითარებას მასალა: პლასტმასი,"სათამაშო LEGO CITY - WILD ANIMAL RESCUE MISSIONS: ასაკი 6+, ფიგურების რაოდენობა 246, მასალა პლასტმასი, წონა 1 კგ.",,meta description: სპეციფიკაციების ჩამონათვალი,არა
735,222784,https://superi.ge/lego-city-rocket-launch-center/,satamashoebi,სათამაშო LEGO City - ROCKET LAUNCH CENTER,,სათამაშო LEGO City - ROCKET LAUNCH CENTER,,"სათამაშო LEGO City - ROCKET LAUNCH CENTER — მასალა პლას. დეტალური მახასიათებლები, ფასი და ხელმისაწვდომობა იხილეთ Superi.ge-ზე.","სათამაშო LEGO City - ROCKET LAUNCH CENTER: ასაკი 7+, ფიგურების რაოდენობა 1010, მასალა პლასტმასი, წონა 1 კგ.",,meta description: შაბლონური/გაბმული სიტყვები,არა
1022,222471,https://superi.ge/lego-jurassic-worlf-t-rex-and-atrociraptor-dinosaur/,satamashoebi,სათამაშო LEGO JURASSIC WORLF T. REX & ATROCIRAPTOR DINOSAUR BRAAKOUT (76948),,LEGO JURASSIC WORLF T. REX & ATROCIRAPTOR DINOSAUR,,"სათამაშო LEGO JURASSIC WORLF T. REX & ATROCIRAPTOR DINOSAUR BRAAKOUT (76948) — დეტალური მახასიათებლები, ფასი და ხელმისაწვდომობა იხილეთ Superi.ge-ზე.","სათამაშო LEGO JURASSIC WORLF T. REX & ATROCIRAPTOR DINOSAUR BRAAKOUT (76948): ასაკი 8 წლიდან, ფიგურების რაოდენობა 466, მასალა პლასტმასი, წონა 1.04 კგ.",,meta description: შაბლონური/გაბმული სიტყვები,არა
732,222524,https://superi.ge/lego-jurrasic-pteranodon-chase/,satamashoebi,სათამაშო LEGO JURRASIC - PTERANODON CHASE,,სათამაშო LEGO JURRASIC - PTERANODON CHASE,,"სათამაშო LEGO JURRASIC - PTERANODON CHASE — მასალა პლასტმასი. დეტალური მახასიათებლები, ფასი და ხელმისაწვდომობა იხილეთ Superi.ge-ზე.","სათამაშო LEGO JURRASIC - PTERANODON CHASE: ასაკი 4+, ფიგურების რაოდენობა 94, მასალა პლასტმასი, წონა 1 კგ. ✓ ოფიციალური გარანტია ✓ მიწოდება საქართველოში.",,meta description: შაბლონური/გაბმული სიტყვები,არა
2461,226321,https://superi.ge/lego-ninjago-the-hulkbuster-the-battle-of-wakanda-76247/,satamashoebi,სათამაშო LEGO NINJAGO - THE HULKBUSTER: THE BATTLE OF WAKANDA (76247),,სათამაშო LEGO NINJAGO - THE HULKBUSTER: THE BATTLE OF WAKANDA (76247),,"სათამაშო LEGO NINJAGO - THE HULKBUSTER: THE BATTLE OF WAKANDA (76247) — დეტალური მახასიათებლები, ფასი და ხელმისაწვდომობა იხილეთ Superi.ge-ზე.","სათამაშო LEGO NINJAGO - THE HULKBUSTER: THE BATTLE OF WAKANDA (76247): ასაკი 8 წლიდან, ასაწყობი ფიგურების რაოდენობა 385, წონა 1 კგ.",,meta description: შაბლონური/გაბმული სიტყვები,არა
2074,234602,https://superi.ge/total-tg103512-350w/,satibebi,ბალახის სათიბი TOTAL TG103512 (350W),,ბალახის სათიბი TOTAL TG103512 (350W),,"ბალახის სათიბი TOTAL TG103512 (350W) — სიმძლავრე 350 W. დეტალური მახასიათებლები, ფასი და ხელმისაწვდომობა იხილეთ Superi.ge-ზე.","ბალახის სათიბი TOTAL TG103512 (350W): სიმძლავრე 350 W, ბრუნვის სიჩქარე 11000 ბრ/წთ, ჭრის დიამეტრი 250 მმ (10""), ძუის დიამეტრი 1.4 მმ.",,meta description: შაბლონური/გაბმული სიტყვები,არა
1802,188219,https://superi.ge/royal-turbo-cg520g/,satibebi,სათიბი ROYAL TURBO CG520G,,სათიბი ROYAL TURBO CG520G|Superi.ge,,"სათიბი ROYAL TURBO CG520G — მოცულობა 52 cc და მაქსიმალური სიმძლავრე 2,8 KW. დეტალური მახასიათებლები, ფასი და ხელმისაწვდომობა იხილეთ Superi.ge-ზე.","სათიბი ROYAL TURBO CG520G: საწვავი ტიპი ბენზიზი, ძრავის მაქსიმალური სიმძლავრე 2.8 KW, ცილინდრის მოცულობა 52 cc, შაფტის დიამეტრი 28მმ.",,meta description: შაბლონური/გაბმული სიტყვები,არა
1712,177354,https://superi.ge/royal-turbo-rt-cg-520y-yellow/,satibebi,სათიბი ROYAL TURBO RT CG 520Y YELLOW,,სათიბი ROYAL TURBO RT CG 520Y YELLOW,,"სათიბი ROYAL TURBO RT CG 520Y YELLOW — მოცულობა 52,6 cc, ძრავის სიმძლავრე 2,8 kW და ავზის მოცულობა 0,9 ლ. ფასი და ხელმისაწვდომობა იხილეთ Superi.ge-ზე.","სათიბი ROYAL TURBO RT CG 520Y YELLOW: ძრავის სიმძლავრე 2.8 kW, ძრავის მოცულობა 52.6 cc, საწვავის ავზის მოცულობა 0.9 ლ, წონა 7.1 კგ.",,meta description: შაბლონური/გაბმული სიტყვები,არა
14707,S95008,https://superi.ge/segway-ninebot-kickscooter-max-g3-black/,skuterebi,Segway Ninebot KickScooter MAX G3 Black,ელექტრო სკუტერი Segway Ninebot KickScooter MAX G3 Black,Segway Ninebot KickScooter MAX G3 Black | Superi.ge,ელექტრო სკუტერი Segway Ninebot KickScooter MAX G3 Black,"Segway Ninebot KickScooter MAX G3 ელექტრო სკუტერი 850–2000 W სიმძლავრით, 25 კმ/სთ-მდე მაქსიმალური სიჩქარით, 80 კმ-მდე სავალი მანძილით, IPX6 დაცვითა და Segway Mobility აპლიკაციის მხარდაჭერით.",,,ქართული ტიპი დაემატა,არა
14708,S88464,https://superi.ge/segway-ninebot-kickscooter-e3-black/,skuterebi,Segway Ninebot Kickscooter E3 Black,ელექტრო სკუტერი Segway Ninebot Kickscooter E3 Black,Segway Ninebot Kickscooter E3 Black | Superi.ge,ელექტრო სკუტერი Segway Ninebot Kickscooter E3 Black | Superi.ge,"Segway Ninebot Kickscooter E3 ელექტრო სკუტერი 400–800 W სიმძლავრით, 25 კმ/სთ-მდე მაქსიმალური სიჩქარით, 45 კმ-მდე სავალი მანძილით, IPX5 დაცვითა და Segway Mobility აპლიკაციის მხარდაჭერით.",,,ქართული ტიპი დაემატა,არა
14709,S64230,https://superi.ge/segway-ninebot-kickscooter-e3-pro-black/,skuterebi,Segway Ninebot Kickscooter E3 Pro Black,ელექტრო სკუტერი Segway Ninebot Kickscooter E3 Pro Black,Segway Ninebot Kickscooter E3 Pro Black | Superi.ge,ელექტრო სკუტერი Segway Ninebot Kickscooter E3 Pro Black,"Segway Ninebot Kickscooter E3 Pro ელექტრო სკუტერი 400–800 W სიმძლავრით, 25 კმ/სთ-მდე მაქსიმალური სიჩქარით, 55 კმ-მდე სავალი მანძილით, IPX7 დაცვითა და Segway Mobility აპლიკაციის მხარდაჭერით.",,,ქართული ტიპი დაემატა,არა
14711,S83370,https://superi.ge/xiaomi-electric-scooter-6-lite-eu-black/,skuterebi,Xiaomi Electric Scooter 6 Lite EU Black,ელექტრო სკუტერი Xiaomi Electric Scooter 6 Lite EU Black,Xiaomi Electric Scooter 6 Lite EU Black | Superi.ge,ელექტრო სკუტერი Xiaomi Electric Scooter 6 Lite EU Black,"Xiaomi Electric Scooter 6 Lite EU ელექტრო სკუტერი 300–500 W სიმძლავრით, 20 კმ/სთ-მდე მაქსიმალური სიჩქარით, 25 კმ-მდე სავალი მანძილით, IPX4 დაცვითა და Mi Home აპლიკაციის მხარდაჭერით.",,,ქართული ტიპი დაემატა,არა
14712,S56705,https://superi.ge/xiaomi-electric-scooter-6-pro-eu-grey/,skuterebi,Xiaomi Electric Scooter 6 Pro EU Grey,ელექტრო სკუტერი Xiaomi Electric Scooter 6 Pro EU Grey,Xiaomi Electric Scooter 6 Pro EU Grey | Superi.ge,ელექტრო სკუტერი Xiaomi Electric Scooter 6 Pro EU Grey | Superi.ge,"Xiaomi Electric Scooter 6 Pro EU ელექტრო სკუტერი 400–1000 W სიმძლავრით, 20 კმ/სთ-მდე მაქსიმალური სიჩქარით, 70 კმ-მდე სავალი მანძილით, IPX5 დაცვითა და Mi Home აპლიკაციის მხარდაჭერით.",,,ქართული ტიპი დაემატა,არა
14710,S71200,https://superi.ge/xiaomi-electric-scooter-6-pro-grey/,skuterebi,Xiaomi Electric Scooter 6 Pro Grey,ელექტრო სკუტერი Xiaomi Electric Scooter 6 Pro Grey,Xiaomi Electric Scooter 6 Pro Grey | Superi.ge,ელექტრო სკუტერი Xiaomi Electric Scooter 6 Pro Grey | Superi.ge,"Xiaomi Electric Scooter 6 Pro ელექტრო სკუტერი 400–1000 W სიმძლავრით, 25 კმ/სთ-მდე მაქსიმალური სიჩქარით, 70 კმ-მდე სავალი მანძილით, IPX5 დაცვითა და Mi Home აპლიკაციის მხარდაჭერით.",,,ქართული ტიპი დაემატა,არა
2579,180893,https://superi.ge/kugoo-m2-pro/,skuterebi,ელექტრო სკუტერი KUGOO M2 PRO,,ელექტრო სკუტერი KUGOO M2 PRO,,"ელექტრო სკუტერი KUGOO M2 PRO — სიმძლავრე 350 W და მაქსიმალური სიჩქარე 30 კმ/სთ. დეტალური მახასიათებლები, ფასი და ხელმისაწვდომობა იხილეთ Superi.ge-ზე.","ელექტრო სკუტერი KUGOO M2 PRO: საბურავის ზომა 8.5"", მაქსიმალური დატვირთვა 120 კგ, ასაკი 7 წლიდან, სიმძლავრე 350 W.",,meta description: შაბლონური/გაბმული სიტყვები,არა
14689,S53622,https://superi.ge/apple-watch-se-3-gps-40mm-midnight-aluminium-case-with-midnight-sport-band-meh94-s-m/,smart-watches,Apple Watch SE 3 GPS 40mm Midnight Aluminium Case With Midnight Sport Band MEH94 S/M,ფიტნეს ბრასლეტი Apple Watch SE 3 GPS 40mm Midnight Aluminium Case With Midnight Sport Band MEH94 S/M,Apple Watch SE 3 GPS 40mm Midnight Aluminium Case With Midnight Sport Band MEH94 S/M | Superi.ge,ფიტნეს ბრასლეტი Apple Watch SE 3 GPS 40mm Midnight Aluminium,"Apple Watch SE 3 GPS 40mm მუქი ლურჯი სმარტ საათი Retina LTPO OLED ეკრანით, GPS-ით, 5 Wr წყალგამძლეობითა და 18 საათამდე მუშაობის დროით.",,,ქართული ტიპი დაემატა,არა
14690,S91676,https://superi.ge/apple-watch-se-3-gps-44mm-midnight-aluminium-case-with-midnight-sport-band-mehn4-s-m/,smart-watches,Apple Watch SE 3 GPS 44mm Midnight Aluminium Case With Midnight Sport Band MEHN4 S/M,ფიტნეს ბრასლეტი Apple Watch SE 3 GPS 44mm Midnight Aluminium Case With Midnight Sport Band MEHN4 S/M,Apple Watch SE 3 GPS 44mm Midnight Aluminium Case With Midnight Sport Band MEHN4 S/M | Superi.ge,ფიტნეს ბრასლეტი Apple Watch SE 3 GPS 44mm Midnight Aluminium,"Apple Watch SE 3 GPS 44mm მუქი ლურჯი სმარტ საათი Retina LTPO OLED ეკრანით, GPS-ით, 5 Wr წყალგამძლეობითა და 18 საათამდე მუშაობის დროით.",,,ქართული ტიპი დაემატა,არა
14691,S22941,https://superi.ge/apple-watch-se-3-gps-44mm-midnight-aluminium-case-with-midnight-sport-band-mehq4-m-l/,smart-watches,Apple Watch SE 3 GPS 44mm Midnight Aluminium Case With Midnight Sport Band MEHQ4 M/L,ფიტნეს ბრასლეტი Apple Watch SE 3 GPS 44mm Midnight Aluminium Case With Midnight Sport Band MEHQ4 M/L,Apple Watch SE 3 GPS 44mm Midnight Aluminium Case With Midnight Sport Band MEHQ4 M/L | Superi.ge,ფიტნეს ბრასლეტი Apple Watch SE 3 GPS 44mm Midnight Aluminium,"Apple Watch SE 3 GPS 44mm მუქი ლურჯი სმარტ საათი Retina LTPO OLED ეკრანით, GPS-ით, 5 Wr წყალგამძლეობითა და 18 საათამდე მუშაობის დროით.",,,ქართული ტიპი დაემატა,არა
14692,S17461,https://superi.ge/apple-watch-series-11-gps-42mm-jet-black-aluminium-case-with-black-sport-band-mequ4-m-l/,smart-watches,Apple Watch Series 11 GPS 42mm Jet Black Aluminium Case With Black Sport Band MEQU4 M/L,ფიტნეს ბრასლეტი Apple Watch Series 11 GPS 42mm Jet Black Aluminium Case With Black Sport Band MEQU4 M/L,Apple Watch Series 11 GPS 42mm Jet Black Aluminium Case With Black Sport Band MEQU4 M/L | Superi.ge,ფიტნეს ბრასლეტი Apple Watch Series 11 GPS 42mm Jet Black,"Apple Watch Series 11 GPS 42mm შავი სმარტ საათი Retina LTPO3 OLED ეკრანით, GPS-ით, 5 Wr წყალგამძლეობითა და 24 საათამდე მუშაობის დროით.",,,ქართული ტიპი დაემატა,არა
14693,S76445,https://superi.ge/apple-watch-series-11-gps-46mm-jet-black-aluminium-case-with-black-sport-band-meuw4-s-m/,smart-watches,Apple Watch Series 11 GPS 46mm Jet Black Aluminium Case With Black Sport Band MEUW4 S/M,ფიტნეს ბრასლეტი Apple Watch Series 11 GPS 46mm Jet Black Aluminium Case With Black Sport Band MEUW4 S/M,Apple Watch Series 11 GPS 46mm Jet Black Aluminium Case With Black Sport Band MEUW4 S/M | Superi.ge,ფიტნეს ბრასლეტი Apple Watch Series 11 GPS 46mm Jet Black,"Apple Watch Series 11 GPS 46mm შავი სმარტ საათი Retina LTPO3 OLED ეკრანით, GPS-ით, IP6X, 5 Wr წყალგამძლეობითა და 24 საათამდე მუშაობის დროით.",,,ქართული ტიპი დაემატა,არა
14695,S93585,https://superi.ge/apple-watch-series-11-gps-46mm-rose-gold-aluminium-case-with-light-blush-sb-mev64-s-m/,smart-watches,Apple Watch Series 11 GPS 46mm Rose Gold Aluminium Case With Light Blush SB MEV64 S/M,სმარტ საათი Apple Watch Series 11 GPS 46mm Rose Gold Aluminium Case With Light Blush SB MEV64 S/M,Apple Watch Series 11 GPS 46mm Rose Gold Aluminium Case With Light Blush SB MEV64 S/M | Superi.ge,სმარტ საათი Apple Watch Series 11 GPS 46mm Rose Gold,"Apple Watch Series 11 GPS 46mm ვარდისფერი სმარტ საათი Retina LTPO3 OLED ეკრანით, GPS-ით, IP6X, 5 Wr წყალგამძლეობითა და 24 საათამდე მუშაობის დროით.",,,ქართული ტიპი დაემატა,არა
14694,S38780,https://superi.ge/apple-watch-ultra-3-49mm-natural-titanium-case-with-anchor-blue-ocean-band-mewh4/,smart-watches,Apple Watch Ultra 3 49mm Natural Titanium Case With Anchor Blue Ocean Band MEWH4,ფიტნეს ბრასლეტი Apple Watch Ultra 3 49mm Natural Titanium Case With Anchor Blue Ocean Band MEWH4,Apple Watch Ultra 3 49mm Natural Titanium Case With Anchor Blue Ocean Band MEWH4 | Superi.ge,ფიტნეს ბრასლეტი Apple Watch Ultra 3 49mm Natural Titanium,"Apple Watch Ultra 3 49mm ნაცრისფერი სმარტ საათი Retina LTPO3 OLED ეკრანით, GPS-ით, IP6X, 10 Wr წყალგამძლეობითა და 42 საათამდე მუშაობის დროით.",,,ქართული ტიპი დაემატა,არა
14701,S88016,https://superi.ge/honor-watch-2-pro-black/,smart-watches,Honor Watch 2 Pro Black,სმარტ საათი Honor Watch 2 Pro Black,Honor Watch 2 Pro Black | Superi.ge,სმარტ საათი Honor Watch 2 Pro Black | Superi.ge,"Honor Watch 2 Pro შავი სმარტ საათი 1.97-დიუმიანი AMOLED ეკრანით, GPS-ით, 5 ATM, IP68 წყალგამძლეობითა და 14 დღემდე მუშაობის დროით.",,,ქართული ტიპი დაემატა,არა
14679,S94150,https://superi.ge/lagenio-kids-watch-k10-black/,smart-watches,Lagenio Kids Watch K10 Black,სმარტ საათი Lagenio Kids Watch K10 Black,Lagenio Kids Watch K10 Black | Superi.ge,სმარტ საათი Lagenio Kids Watch K10 Black | Superi.ge,"Lagenio Kids Watch K10 შავი ბავშვის სმარტ საათი 1.8-დიუმიანი TFT ეკრანით, GPS-ით, IP68 წყალგამძლეობითა და 3 დღემდე მუშაობის დროით.",,,ქართული ტიპი დაემატა,არა
14681,S36230,https://superi.ge/lagenio-kids-watch-k10-blue/,smart-watches,Lagenio Kids Watch K10 Blue,სმარტ საათი Lagenio Kids Watch K10 Blue,Lagenio Kids Watch K10 Blue | Superi.ge,სმარტ საათი Lagenio Kids Watch K10 Blue | Superi.ge,"Lagenio Kids Watch K10 ლურჯი ბავშვის სმარტ საათი 1.8-დიუმიანი TFT ეკრანით, GPS-ით, IP68 წყალგამძლეობითა და 3 დღემდე მუშაობის დროით.",,,ქართული ტიპი დაემატა,არა
14680,S61722,https://superi.ge/lagenio-kids-watch-k10-pink/,smart-watches,Lagenio Kids Watch K10 Pink,სმარტ საათი Lagenio Kids Watch K10 Pink,Lagenio Kids Watch K10 Pink | Superi.ge,სმარტ საათი Lagenio Kids Watch K10 Pink | Superi.ge,"Lagenio Kids Watch K10 ვარდისფერი ბავშვის სმარტ საათი 1.8-დიუმიანი TFT ეკრანით, GPS-ით, IP68 წყალგამძლეობითა და 3 დღემდე მუშაობის დროით.",,,ქართული ტიპი დაემატა,არა
14682,S13612,https://superi.ge/lagenio-kids-watch-k3-blue/,smart-watches,Lagenio Kids Watch K3 Blue,სმარტ საათი Lagenio Kids Watch K3 Blue,Lagenio Kids Watch K3 Blue | Superi.ge,სმარტ საათი Lagenio Kids Watch K3 Blue | Superi.ge,"Lagenio Kids Watch K3 ლურჯი ბავშვის სმარტ საათი 1.7-დიუმიანი TFT ეკრანით, GPS-ითა და IP68 წყალგამძლეობით.",,,ქართული ტიპი დაემატა,არა
14683,S19345,https://superi.ge/lagenio-kids-watch-k3-pink/,smart-watches,Lagenio Kids Watch K3 Pink,სმარტ საათი Lagenio Kids Watch K3 Pink,Lagenio Kids Watch K3 Pink | Superi.ge,სმარტ საათი Lagenio Kids Watch K3 Pink | Superi.ge,"Lagenio Kids Watch K3 ვარდისფერი ბავშვის სმარტ საათი 1.7-დიუმიანი TFT ეკრანით, GPS-ითა და IP68 წყალგამძლეობით.",,,ქართული ტიპი დაემატა,არა
14684,S53545,https://superi.ge/lagenio-kids-watch-k9-black/,smart-watches,Lagenio Kids Watch K9 Black,სმარტ საათი Lagenio Kids Watch K9 Black,Lagenio Kids Watch K9 Black | Superi.ge,სმარტ საათი Lagenio Kids Watch K9 Black | Superi.ge,"Lagenio Kids Watch K9 შავი ბავშვის სმარტ საათი 1.78-დიუმიანი AMOLED ეკრანით, GPS-ითა და IP68 წყალგამძლეობით.",,,ქართული ტიპი დაემატა,არა
14685,S40842,https://superi.ge/lagenio-kids-watch-k9-purple/,smart-watches,Lagenio Kids Watch K9 Purple,სმარტ საათი Lagenio Kids Watch K9 Purple,Lagenio Kids Watch K9 Purple | Superi.ge,სმარტ საათი Lagenio Kids Watch K9 Purple | Superi.ge,"Lagenio Kids Watch K9 იისფერი ბავშვის სმარტ საათი 1.78-დიუმიანი AMOLED ეკრანით, GPS-ითა და IP68 წყალგამძლეობით.",,,ქართული ტიპი დაემატა,არა
14696,S55513,https://superi.ge/realme-watch-5-silver/,smart-watches,Realme Watch 5 Silver,სმარტ საათი Realme Watch 5 Silver,Realme Watch 5 Silver | Superi.ge,სმარტ საათი Realme Watch 5 Silver | Superi.ge,"Realme Watch 5 ვერცხლისფერი სმარტ საათი 1.97-დიუმიანი AMOLED ეკრანით, GPS-ით, IP68 წყალგამძლეობითა და 14 დღემდე მუშაობის დროით.",,,ქართული ტიპი დაემატა,არა
14678,S93777,https://superi.ge/samsung-galaxy-fit-3-r390-pink-gold/,smart-watches,Samsung Galaxy Fit 3 R390 Pink Gold,სმარტ საათი Samsung Galaxy Fit 3 R390 Pink Gold,Samsung Galaxy Fit 3 R390 Pink Gold | Superi.ge,სმარტ საათი Samsung Galaxy Fit 3 R390 Pink Gold | Superi.ge,"Samsung Galaxy Fit 3 R390 ვარდისფერი სმარტ საათი 1.6-დიუმიანი AMOLED ეკრანით, GPS-ით, IP68 წყალგამძლეობითა და 13 დღემდე მუშაობის დროით.",,,ქართული ტიპი დაემატა,არა
14699,S72399,https://superi.ge/xiaomi-amazfit-active-3-premium-apex-silver/,smart-watches,Xiaomi Amazfit Active 3 Premium Apex Silver,სმარტ საათი Xiaomi Amazfit Active 3 Premium Apex Silver,Xiaomi Amazfit Active 3 Premium Apex Silver | Superi.ge,სმარტ საათი Xiaomi Amazfit Active 3 Premium Apex Silver,"Xiaomi Amazfit Active 3 Premium ვერცხლისფერი სმარტ საათი 1.32-დიუმიანი AMOLED ეკრანით, GPS-ით, 5 ATM წყალგამძლეობითა და 12 დღემდე მუშაობის დროით.",,,ქართული ტიპი დაემატა,არა
14700,S32181,https://superi.ge/xiaomi-amazfit-active-max-black/,smart-watches,Xiaomi Amazfit Active Max Black,სმარტ საათი Xiaomi Amazfit Active Max Black,Xiaomi Amazfit Active Max Black | Superi.ge,სმარტ საათი Xiaomi Amazfit Active Max Black | Superi.ge,"Xiaomi Amazfit Active Max შავი სმარტ საათი 1.5-დიუმიანი AMOLED ეკრანით, GPS-ით, 5 ATM წყალგამძლეობითა და 25 დღემდე მუშაობის დროით.",,,ქართული ტიპი დაემატა,არა
14688,S30730,https://superi.ge/xiaomi-amazfit-balance-2-black/,smart-watches,Xiaomi Amazfit Balance 2 Black,სმარტ საათი Xiaomi Amazfit Balance 2 Black,Xiaomi Amazfit Balance 2 Black | Superi.ge,სმარტ საათი Xiaomi Amazfit Balance 2 Black | Superi.ge,"Xiaomi Amazfit Balance 2 შავი სმარტ საათი 1.5-დიუმიანი AMOLED ეკრანით, GPS-ით, 10 ATM წყალგამძლეობითა და 21 დღემდე მუშაობის დროით.",,,ქართული ტიპი დაემატა,არა
14675,S91435,https://superi.ge/xiaomi-amazfit-pop-3s-black/,smart-watches,Xiaomi Amazfit Pop 3S Black,სმარტ საათი Xiaomi Amazfit Pop 3S Black,Xiaomi Amazfit Pop 3S Black | Superi.ge,სმარტ საათი Xiaomi Amazfit Pop 3S Black | Superi.ge,"Xiaomi Amazfit Pop 3S შავი სმარტ საათი 1.96-დიუმიანი AMOLED ეკრანით, GPS-ით, IP68 წყალგამძლეობითა და 12 დღემდე მუშაობის დროით.",,,ქართული ტიპი დაემატა,არა
14697,S63888,https://superi.ge/xiaomi-mibro-gs-explorer-black/,smart-watches,Xiaomi Mibro GS Explorer Black,სმარტ საათი Xiaomi Mibro GS Explorer Black,Xiaomi Mibro GS Explorer Black | Superi.ge,სმარტ საათი Xiaomi Mibro GS Explorer Black | Superi.ge,"Xiaomi Mibro GS Explorer შავი სმარტ საათი 1.32-დიუმიანი AMOLED ეკრანით, GPS-ით, 10 ATM წყალგამძლეობითა და 10 დღემდე მუშაობის დროით.",,,ქართული ტიპი დაემატა,არა
14698,S55433,https://superi.ge/xiaomi-mibro-gs-explorer-white/,smart-watches,Xiaomi Mibro GS Explorer White,სმარტ საათი Xiaomi Mibro GS Explorer White,Xiaomi Mibro GS Explorer White | Superi.ge,სმარტ საათი Xiaomi Mibro GS Explorer White | Superi.ge,"Xiaomi Mibro GS Explorer თეთრი სმარტ საათი 1.32-დიუმიანი AMOLED ეკრანით, GPS-ით, 10 ATM წყალგამძლეობითა და 10 დღემდე მუშაობის დროით.",,,ქართული ტიპი დაემატა,არა
14703,S41024,https://superi.ge/xiaomi-mibro-watch-fit-black/,smart-watches,Xiaomi Mibro Watch Fit Black,სმარტ საათი Xiaomi Mibro Watch Fit Black,Xiaomi Mibro Watch Fit Black | Superi.ge,სმარტ საათი Xiaomi Mibro Watch Fit Black | Superi.ge,"Xiaomi Mibro Watch Fit შავი სმარტ საათი 1.75-დიუმიანი AMOLED ეკრანით, GPS-ით, 5 ATM წყალგამძლეობითა და 8 დღემდე მუშაობის დროით.",,,ქართული ტიპი დაემატა,არა
14687,S51672,https://superi.ge/xiaomi-mibro-watch-gs-pro-2-dark-grey/,smart-watches,Xiaomi Mibro Watch GS Pro 2 Dark Grey,სმარტ საათი Xiaomi Mibro Watch GS Pro 2 Dark Grey,Xiaomi Mibro Watch GS Pro 2 Dark Grey | Superi.ge,სმარტ საათი Xiaomi Mibro Watch GS Pro 2 Dark Grey | Superi.ge,"Xiaomi Mibro Watch GS Pro 2 ნაცრისფერი სმარტ საათი 1.43-დიუმიანი AMOLED ეკრანით, GPS-ით, 5 ATM წყალგამძლეობითა და 20 დღემდე მუშაობის დროით.",,,ქართული ტიპი დაემატა,არა
14677,S18872,https://superi.ge/xiaomi-mibro-watch-lite-3-dark-grey/,smart-watches,Xiaomi Mibro Watch Lite 3 Dark Grey,სმარტ საათი Xiaomi Mibro Watch Lite 3 Dark Grey,Xiaomi Mibro Watch Lite 3 Dark Grey | Superi.ge,სმარტ საათი Xiaomi Mibro Watch Lite 3 Dark Grey | Superi.ge,"Xiaomi Mibro Watch Lite 3 ნაცრისფერი სმარტ საათი 1.3-დიუმიანი AMOLED ეკრანით, 2 ATM წყალგამძლეობითა და 30 დღემდე მუშაობის დროით.",,,ქართული ტიპი დაემატა,არა
14676,S29427,https://superi.ge/xiaomi-mibro-watch-lite-3-pro-grey/,smart-watches,Xiaomi Mibro Watch Lite 3 Pro Grey,სმარტ საათი Xiaomi Mibro Watch Lite 3 Pro Grey,Xiaomi Mibro Watch Lite 3 Pro Grey | Superi.ge,სმარტ საათი Xiaomi Mibro Watch Lite 3 Pro Grey | Superi.ge,"Xiaomi Mibro Watch Lite 3 Pro ნაცრისფერი სმარტ საათი 1.32-დიუმიანი AMOLED ეკრანით, GPS-ით, 5 ATM წყალგამძლეობითა და 60 დღემდე მუშაობის დროით.",,,ქართული ტიპი დაემატა,არა
14705,S45838,https://superi.ge/xiaomi-redmi-watch-6-active-silver/,smart-watches,Xiaomi Redmi Watch 6 Active Silver,სმარტ საათი Xiaomi Redmi Watch 6 Active Silver,Xiaomi Redmi Watch 6 Active Silver | Superi.ge,სმარტ საათი Xiaomi Redmi Watch 6 Active Silver | Superi.ge,"Xiaomi Redmi Watch 6 Active ვერცხლისფერი სმარტ საათი 1.85-დიუმიანი AMOLED ეკრანით, IP68 წყალგამძლეობითა და 18 დღემდე მუშაობის დროით.",,,ქართული ტიპი დაემატა,არა
14674,S45024,https://superi.ge/xiaomi-redmi-watch-6-blue/,smart-watches,Xiaomi Redmi Watch 6 Blue,სმარტ საათი Xiaomi Redmi Watch 6 Blue,Xiaomi Redmi Watch 6 Blue | Superi.ge,სმარტ საათი Xiaomi Redmi Watch 6 Blue | Superi.ge,"Xiaomi Redmi Watch 6 ლურჯი სმარტ საათი 2.07-დიუმიანი AMOLED ეკრანით, GPS-ით, 5 ATM წყალგამძლეობითა და 24 დღემდე მუშაობის დროით.",,,ქართული ტიპი დაემატა,არა
14706,S13160,https://superi.ge/xiaomi-redmi-watch-6-grey/,smart-watches,Xiaomi Redmi Watch 6 Grey,სმარტ საათი Xiaomi Redmi Watch 6 Grey,Xiaomi Redmi Watch 6 Grey | Superi.ge,სმარტ საათი Xiaomi Redmi Watch 6 Grey | Superi.ge,"Xiaomi Redmi Watch 6 ნაცრისფერი სმარტ საათი 2.07-დიუმიანი AMOLED ეკრანით, GPS-ით, 5 ATM წყალგამძლეობითა და 24 დღემდე მუშაობის დროით.",,,ქართული ტიპი დაემატა,არა
14704,S46330,https://superi.ge/xiaomi-redmi-watch-6-lite-grey/,smart-watches,Xiaomi Redmi Watch 6 Lite Grey,სმარტ საათი Xiaomi Redmi Watch 6 Lite Grey,Xiaomi Redmi Watch 6 Lite Grey | Superi.ge,სმარტ საათი Xiaomi Redmi Watch 6 Lite Grey | Superi.ge,"Xiaomi Redmi Watch 6 Lite ნაცრისფერი სმარტ საათი 1.96-დიუმიანი AMOLED ეკრანით, GPS-ით, 5 ATM წყალგამძლეობითა და 18 დღემდე მუშაობის დროით.",,,ქართული ტიპი დაემატა,არა
14686,S18208,https://superi.ge/xiaomi-smart-band-10-mystic-rose/,smart-watches,Xiaomi Smart Band 10 Mystic Rose,ფიტნეს ბრასლეტი Xiaomi Smart Band 10 Mystic Rose,Xiaomi Smart Band 10 Mystic Rose | Superi.ge,ფიტნეს ბრასლეტი Xiaomi Smart Band 10 Mystic Rose | Superi.ge,"Xiaomi Smart Band 10 ვარდისფერი სმარტ საათი 1.72-დიუმიანი AMOLED ეკრანით, 5 ATM წყალგამძლეობითა და 21 დღემდე მუშაობის დროით.",,,ქართული ტიპი დაემატა,არა
14702,S82273,https://superi.ge/xiaomi-watch-s5-46mm-silver/,smart-watches,Xiaomi Watch S5 46mm Silver,სმარტ საათი Xiaomi Watch S5 46mm Silver,Xiaomi Watch S5 46mm Silver | Superi.ge,სმარტ საათი Xiaomi Watch S5 46mm Silver | Superi.ge,"Xiaomi Watch S5 46mm ვერცხლისფერი სმარტ საათი 1.48-დიუმიანი AMOLED ეკრანით, GPS-ით, 5 ATM წყალგამძლეობითა და 21 დღემდე მუშაობის დროით.",,,ქართული ტიპი დაემატა,არა
2903,Z-030986,https://superi.ge/samsung-galaxy-watch-6-sm-r960-47mm/,smart-watches,სმარტ საათი SAMSUNG GALAXY WATCH 6 (SM-R960) 47MM,,სმარტ საათი SAMSUNG GALAXY WATCH 6 (SM-R960) 47MM,,"სმარტ საათი SAMSUNG GALAXY WATCH 6 (SM-R960) 47MM — მახასიათებლები, ფასი და ხელმისაწვდომობა იხილეთ Superi.ge-ზე და შეარჩიეთ სასურველი მოდელი ონლაინ.","სმარტ საათი SAMSUNG GALAXY WATCH 6 (SM-R960) 47MM: პროდუქტის ტიპი სმარტ საათი, სერია Galaxy Watch 6, წყალგამძლეობა 50 მ წყალგაუმტარი (IP68).",,meta description: შაბლონური/გაბმული სიტყვები,არა
1634,Z-023828,https://superi.ge/xiaomi-amazfit-gtr-2-thunder-black/,smart-watches,სმარტ საათი XIAOMI AMAZFIT GTR 2 THUNDER BLACK,,სმარტ საათი XIAOMI AMAZFIT GTR 2 THUNDER BLACK,,"სმარტ საათი XIAOMI AMAZFIT GTR 2 THUNDER BLACK — მახასიათებლები, ფასი და ხელმისაწვდომობა იხილეთ Superi.ge-ზე და შეარჩიეთ სასურველი მოდელი ონლაინ.","სმარტ საათი XIAOMI AMAZFIT GTR 2 THUNDER BLACK: ეკრანის დიამეტრი 1.39"", გაფართოება 454 x 454 (326 PPI), ეკრანის ტიპი AMOLED, სენსორული კი ოპერატიული სისტემა.",,meta description: შაბლონური/გაბმული სიტყვები,არა
671,180748,https://superi.ge/panasonic-kx-tg1611uar/,statsionaluri-teleponebi,სახლის ტელეფონი PANASONIC KX-TG1611UAR,,სახლის ტელეფონი PANASONIC KX-TG1611UAR,,"სახლის ტელეფონი PANASONIC KX-TG1611UAR — DECT კავშირი და სატელეფონო წიგნაკი 50 ნომერზე. დეტალური მახასიათებლები, ფასი და ხელმისაწვდომობა იხილეთ Superi.ge-ზე.","სახლის ტელეფონი PANASONIC KX-TG1611UAR: ყურმილის ტიპი უსადენო, კავშირი DECT, მეხსიერება (სატელეფონო წიგნაკი) 50 ნომერი.",,meta description: შაბლონური/გაბმული სიტყვები,არა
2684,130728,https://superi.ge/panasonic-kx-ts2350uab/,statsionaluri-teleponebi,სახლის ტელეფონი PANASONIC KX-TS2350UAB,,სახლის ტელეფონი PANASONIC KX-TS2350UAB,,"სახლის ტელეფონი PANASONIC KX-TS2350UAB — ანალოგური კავშირი. დეტალური მახასიათებლები, ფასი და ხელმისაწვდომობა იხილეთ Superi.ge-ზე.","სახლის ტელეფონი PANASONIC KX-TS2350UAB: რადიოკავშირის ტიპი ანალოგური, ნომრის აკრეფა იმპულსური / ტონური, სატელეფონო ხაზები რაოდენობა 1.",,meta description: შაბლონური/გაბმული სიტყვები,არა
1733,143705,https://superi.ge/panasonic-kx-tg1611uah/,statsionaluri-teleponebi,სტაციონარული ტელეფონი PANASONIC KX-TG1611UAH,,სტაციონარული ტელეფონი PANASONIC KX-TG1611UAH,,"ყურმილის ტიპი: უსადენო კავშირი: DECT ნომრის ამომცნობი: კი (Caller ID, CLI) შემოსული ზარების შენახვა: 50 ჩანაწერი 12 მელოდია კვება:ელემენტი 2 x AAA, Ni-MH ფერი: ნაცრისფერი, შავი","სტაციონარული ტელეფონი PANASONIC KX-TG1611UAH: ყურმილის ტიპი უსადენო, კავშირი DECT, მეხსიერება (სატელეფონო წიგნაკი) 50 ნომერი.",,meta description: სპეციფიკაციების ჩამონათვალი,არა
3271,KX-TS2388UAB,https://superi.ge/panasonic-kx-ts2388uab-black/,statsionaluri-teleponebi,სტაციონარული ტელეფონი PANASONIC KX-TS2388UAB BLACK,,სტაციონარული ტელეფონი PANASONIC KX-TS2388UAB BLACK | Superi.ge,,"სტაციონარული ტელეფონი PANASONIC KX-TS2388UAB BLACK — ანალოგური კავშირი. დეტალური მახასიათებლები, ფასი და ხელმისაწვდომობა იხილეთ Superi.ge-ზე.","სტაციონარული ტელეფონი PANASONIC KX-TS2388UAB BLACK: რადიოკავშირის ტიპი ანალოგური, ნომრის აკრეფა იმპულსური / ტონალური, სწრაფი აკრეფა 10 ნომერი.",,meta description: შაბლონური/გაბმული სიტყვები,არა
15311,S66175,https://superi.ge/blackview-tab-zeno-5-lte-11-8gb-128gb-space-grey/,tabletebi,Blackview Tab ZENO 5 LTE 11'' 8GB/128GB - Space Grey,ტაბლეტი Blackview Tab ZENO 5 LTE 11'' 8GB/128GB - Space Grey,Blackview Tab ZENO 5 LTE 11'' 8GB/128GB - Space Grey | Superi.ge,ტაბლეტი Blackview Tab ZENO 5 LTE 11'' 8GB/128GB | Superi.ge,"Blackview Tab ZENO 5 LTE 11'' ნაცრისფერი ტაბლეტი 11"" ეკრანით, 8/128 GB მეხსიერებით, Unisoc T7250 პროცესორით, 8300 mAh ელემენტითა და SIM ბარათის მხარდაჭერით.",,,ქართული ტიპი დაემატა,არა
15325,S40681,https://superi.ge/honor-pad-x7b-9-7-inch-wi-fi-4-128gb-5301avwm-gray/,tabletebi,Honor Pad X7b 9.7 inch WI-FI 4/128GB 5301AVWM Gray,ტაბლეტი Honor Pad X7b 9.7 inch WI-FI 4/128GB 5301AVWM Gray,Honor Pad X7b 9.7 inch WI-FI 4/128GB 5301AVWM Gray | Superi.ge,ტაბლეტი Honor Pad X7b 9.7 inch WI-FI 4/128GB 5301AVWM Gray,"Honor Pad X7b 9.7 inch WI-FI ნაცრისფერი ტაბლეტი 9.7"" ეკრანით, 4/128 GB მეხსიერებით, Snapdragon 685 პროცესორითა და 8000 mAh ელემენტით.",,,ქართული ტიპი დაემატა,არა
15324,S50256,https://superi.ge/honor-pad-x7b-9-7-inch-wi-fi-4-64gb-5301avwm-gray/,tabletebi,Honor Pad X7b 9.7 inch WI-FI 4/64GB 5301AVWM Gray,ტაბლეტი Honor Pad X7b 9.7 inch WI-FI 4/64GB 5301AVWM Gray,Honor Pad X7b 9.7 inch WI-FI 4/64GB 5301AVWM Gray | Superi.ge,ტაბლეტი Honor Pad X7b 9.7 inch WI-FI 4/64GB 5301AVWM Gray,"Honor Pad X7b 9.7 inch WI-FI ნაცრისფერი ტაბლეტი 9.7"" ეკრანით, 4/64 GB მეხსიერებით, Snapdragon 685 პროცესორითა და 8000 mAh ელემენტით.",,,ქართული ტიპი დაემატა,არა
15316,S74832,https://superi.ge/honor-pad-x8b-11-lte-4-128gb-5301armf-space-grey/,tabletebi,Honor Pad X8b 11 LTE 4/128GB 5301ARMF Space Grey,ტაბლეტი Honor Pad X8b 11 LTE 4/128GB 5301ARMF Space Grey,Honor Pad X8b 11 LTE 4/128GB 5301ARMF Space Grey | Superi.ge,ტაბლეტი Honor Pad X8b 11 LTE 4/128GB 5301ARMF Space Grey,"Honor Pad X8b 11 LTE ნაცრისფერი ტაბლეტი 11"" ეკრანით, 4/128 GB მეხსიერებით, Snapdragon 680 პროცესორით, 10100 mAh ელემენტითა და SIM ბარათის მხარდაჭერით.",,,ქართული ტიპი დაემატა,არა
15310,S57013,https://superi.ge/lenovo-idea-tab-wi-fi-11-8gb-256gb-with-pen-and-keyboard-luna-grey/,tabletebi,"LENOVO Idea Tab Wi-Fi 11"" 8GB/256GB with Pen & Keyboard - Luna Grey","ტაბლეტი LENOVO Idea Tab Wi-Fi 11"" 8GB/256GB with Pen & Keyboard - Luna Grey","LENOVO Idea Tab Wi-Fi 11"" 8GB/256GB with Pen & Keyboard - Luna Grey | Superi.ge","ტაბლეტი LENOVO Idea Tab Wi-Fi 11"" 8GB/256GB with Pen & Keyboard","LENOVO Idea Tab Wi-Fi 11"" ნაცრისფერი ტაბლეტი 11"" ეკრანით, 8/256 GB მეხსიერებით, MediaTek Dimensity 6300 პროცესორითა და 7040 mAh ელემენტით.",,,ქართული ტიპი დაემატა,არა
15306,S86565,https://superi.ge/lenovo-idea-tab-11-lte-with-pen-and-folio-case-zafm0203uz-luna-grey/,tabletebi,"Lenovo Idea Tab 11"" LTE with Pen & Folio Case ZAFM0203UZ - Luna Grey","ტაბლეტი Lenovo Idea Tab 11"" LTE with Pen & Folio Case ZAFM0203UZ - Luna Grey","Lenovo Idea Tab 11"" LTE with Pen & Folio Case ZAFM0203UZ - Luna Grey | Superi.ge","ტაბლეტი Lenovo Idea Tab 11"" LTE with Pen & Folio Case ZAFM0203UZ","Lenovo Idea Tab 11"" LTE with Pen & Folio Case ZAFM0203UZ ნაცრისფერი ტაბლეტი 11"" ეკრანით, 8/128 GB მეხსიერებით, MediaTek Dimensity 6300 პროცესორით, 7040 mAh ელემენტითა და SIM ბარათის მხარდაჭერით.",,,ქართული ტიპი დაემატა,არა
15308,S81696,https://superi.ge/lenovo-idea-tab-wi-fi-11-8gb-128gb-with-pen-and-folio-keyboard-luna-grey/,tabletebi,"Lenovo Idea Tab Wi-Fi 11"" 8GB/128GB with Pen & Folio Keyboard - Luna Grey","ტაბლეტი Lenovo Idea Tab Wi-Fi 11"" 8GB/128GB with Pen & Folio Keyboard - Luna Grey","Lenovo Idea Tab Wi-Fi 11"" 8GB/128GB with Pen & Folio Keyboard - Luna Grey | Superi.ge","ტაბლეტი Lenovo Idea Tab Wi-Fi 11"" 8GB/128GB with Pen & Folio","Lenovo Idea Tab Wi-Fi 11"" ნაცრისფერი ტაბლეტი 11"" ეკრანით, 8/128 GB მეხსიერებითა და 7040 mAh ელემენტით.",,,ქართული ტიპი დაემატა,არა
15309,S25311,https://superi.ge/lenovo-idea-tab-wi-fi-11-8gb-256gb-with-pen-luna-grey/,tabletebi,"Lenovo Idea Tab Wi-Fi 11"" 8GB/256GB with Pen - Luna Grey","ტაბლეტი Lenovo Idea Tab Wi-Fi 11"" 8GB/256GB with Pen - Luna Grey","Lenovo Idea Tab Wi-Fi 11"" 8GB/256GB with Pen - Luna Grey | Superi.ge","ტაბლეტი Lenovo Idea Tab Wi-Fi 11"" 8GB/256GB with Pen | Superi.ge","Lenovo Idea Tab Wi-Fi 11"" ნაცრისფერი ტაბლეტი 11"" ეკრანით, 8/256 GB მეხსიერებით, MediaTek Dimensity 6300 პროცესორითა და 7040 mAh ელემენტით.",,,ქართული ტიპი დაემატა,არა
15307,S41983,https://superi.ge/lenovo-idea-tab-pro-12-7-8-128gb-luna-grey/,tabletebi,"Lenovo Idea Tab pro 12.7"" 8/128GB Luna Grey","ტაბლეტი Lenovo Idea Tab pro 12.7"" 8/128GB Luna Grey","Lenovo Idea Tab pro 12.7"" 8/128GB Luna Grey | Superi.ge","ტაბლეტი Lenovo Idea Tab pro 12.7"" 8/128GB Luna Grey | Superi.ge","Lenovo Idea Tab pro 12.7"" ნაცრისფერი ტაბლეტი 12.7"" ეკრანით, 8/128 GB მეხსიერებით, Dimensity 8300 Ultra პროცესორითა და 10200 mAh ელემენტით.",,,ქართული ტიპი დაემატა,არა
15323,S30809,https://superi.ge/lenovo-tab-11-8-128gb-5g-zafm0719uz-luna-grey/,tabletebi,Lenovo Tab 11 8/128GB 5G ZAFM0719UZ Luna Grey,ტაბლეტი Lenovo Tab 11 8/128GB 5G ZAFM0719UZ Luna Grey,Lenovo Tab 11 8/128GB 5G ZAFM0719UZ Luna Grey | Superi.ge,ტაბლეტი Lenovo Tab 11 8/128GB 5G ZAFM0719UZ Luna Grey | Superi.ge,"Lenovo Tab 11 ნაცრისფერი ტაბლეტი 11"" ეკრანით, 8/128 GB მეხსიერებით, MediaTek Dimensity 6300 პროცესორით, 7040 mAh ელემენტითა და SIM ბარათის მხარდაჭერით.",,,ქართული ტიპი დაემატა,არა
15319,S89832,https://superi.ge/ulefone-armor-pad-2-4g-8-256gb-black/,tabletebi,Ulefone Armor Pad 2 4G 8/256GB Black,ტაბლეტი Ulefone Armor Pad 2 4G 8/256GB Black,Ulefone Armor Pad 2 4G 8/256GB Black | Superi.ge,ტაბლეტი Ulefone Armor Pad 2 4G 8/256GB Black | Superi.ge,"Ulefone Armor Pad 2 4G შავი დამცავი ტაბლეტი 11"" ეკრანით, 8/256 GB მეხსიერებით, Mediatek Helio G99 პროცესორით, 18600 mAh ელემენტითა და SIM ბარათის მხარდაჭერით.",,,ქართული ტიპი დაემატა,არა
15318,S62509,https://superi.ge/ulefone-armor-pad-3-pro-4g-8-256gb-black/,tabletebi,Ulefone Armor Pad 3 Pro 4G 8/256GB Black,ტაბლეტი Ulefone Armor Pad 3 Pro 4G 8/256GB Black,Ulefone Armor Pad 3 Pro 4G 8/256GB Black | Superi.ge,ტაბლეტი Ulefone Armor Pad 3 Pro 4G 8/256GB Black | Superi.ge,"Ulefone Armor Pad 3 Pro 4G შავი დამცავი ტაბლეტი 10.36"" ეკრანით, 8/256 GB მეხსიერებით, Mediatek MT8788 პროცესორით, 33280 mAh ელემენტითა და SIM ბარათის მხარდაჭერით.",,,ქართული ტიპი დაემატა,არა
15320,S75203,https://superi.ge/ulefone-rugking-pad-2-pro-4g-8-256gb-black/,tabletebi,Ulefone Rugking Pad 2 Pro 4G 8/256GB Black,ტაბლეტი Ulefone Rugking Pad 2 Pro 4G 8/256GB Black,Ulefone Rugking Pad 2 Pro 4G 8/256GB Black | Superi.ge,ტაბლეტი Ulefone Rugking Pad 2 Pro 4G 8/256GB Black | Superi.ge,"Ulefone Rugking Pad 2 Pro 4G შავი დამცავი ტაბლეტი 10.1"" ეკრანით, 8/256 GB მეხსიერებით, Unisoc T7250 პროცესორით, 10200 mAh ელემენტითა და SIM ბარათის მხარდაჭერით.",,,ქართული ტიპი დაემატა,არა
15321,S76869,https://superi.ge/ulefone-tab-a9-pro-kids-4g-4-128gb-blue/,tabletebi,Ulefone Tab A9 Pro Kids 4G 4/128GB Blue,ტაბლეტი Ulefone Tab A9 Pro Kids 4G 4/128GB Blue,Ulefone Tab A9 Pro Kids 4G 4/128GB Blue | Superi.ge,ტაბლეტი Ulefone Tab A9 Pro Kids 4G 4/128GB Blue | Superi.ge,"Ulefone Tab A9 Pro Kids 4G ლურჯი საბავშვო ტაბლეტი 8.68"" ეკრანით, 4/128 GB მეხსიერებით, Mediatek Helio G91 პროცესორით, 5040 mAh ელემენტითა და SIM ბარათის მხარდაჭერით.",,,ქართული ტიპი დაემატა,არა
15322,S72194,https://superi.ge/ulefone-tab-a9-pro-kids-4g-4-128gb-pink/,tabletebi,Ulefone Tab A9 Pro Kids 4G 4/128GB Pink,ტაბლეტი Ulefone Tab A9 Pro Kids 4G 4/128GB Pink,Ulefone Tab A9 Pro Kids 4G 4/128GB Pink | Superi.ge,ტაბლეტი Ulefone Tab A9 Pro Kids 4G 4/128GB Pink | Superi.ge,"Ulefone Tab A9 Pro Kids 4G ვარდისფერი საბავშვო ტაბლეტი 8.68"" ეკრანით, 4/128 GB მეხსიერებით, Mediatek Helio G91 პროცესორით, 5040 mAh ელემენტითა და SIM ბარათის მხარდაჭერით.",,,ქართული ტიპი დაემატა,არა
15317,S62996,https://superi.ge/xiaomi-redmi-pad-2-4-256gb-wi-fi-grey/,tabletebi,Xiaomi Redmi Pad 2 4/256GB Wi-Fi Grey,ტაბლეტი Xiaomi Redmi Pad 2 4/256GB Wi-Fi Grey,Xiaomi Redmi Pad 2 4/256GB Wi-Fi Grey | Superi.ge,ტაბლეტი Xiaomi Redmi Pad 2 4/256GB Wi-Fi Grey | Superi.ge,"Xiaomi Redmi Pad 2 ნაცრისფერი ტაბლეტი 11"" ეკრანით, 4/256 GB მეხსიერებით, MediaTek Helio G100-Ultra პროცესორითა და 9000 mAh ელემენტით.",,,ქართული ტიპი დაემატა,არა
15315,S25882,https://superi.ge/xiaomi-redmi-pad-2-pro-6-128gb-wi-fi-graphite/,tabletebi,Xiaomi Redmi Pad 2 Pro 6/128GB Wi-Fi Graphite,ტაბლეტი Xiaomi Redmi Pad 2 Pro 6/128GB Wi-Fi Graphite,Xiaomi Redmi Pad 2 Pro 6/128GB Wi-Fi Graphite | Superi.ge,ტაბლეტი Xiaomi Redmi Pad 2 Pro 6/128GB Wi-Fi Graphite | Superi.ge,"Xiaomi Redmi Pad 2 Pro ნაცრისფერი ტაბლეტი 12.1"" ეკრანით, 6/128 GB მეხსიერებით, Snapdragon 7s Gen 4 პროცესორითა და 12000 mAh ელემენტით.",,,ქართული ტიპი დაემატა,არა
15313,S84600,https://superi.ge/xiaomi-redmi-pad-2-pro-8-256gb-wi-fi-graphite/,tabletebi,Xiaomi Redmi Pad 2 Pro 8/256GB Wi-Fi Graphite,ტაბლეტი Xiaomi Redmi Pad 2 Pro 8/256GB Wi-Fi Graphite,Xiaomi Redmi Pad 2 Pro 8/256GB Wi-Fi Graphite | Superi.ge,ტაბლეტი Xiaomi Redmi Pad 2 Pro 8/256GB Wi-Fi Graphite | Superi.ge,"Xiaomi Redmi Pad 2 Pro ნაცრისფერი ტაბლეტი 12.1"" ეკრანით, 8/256 GB მეხსიერებით, Snapdragon 7s Gen 4 პროცესორითა და 12000 mAh ელემენტით.",,,ქართული ტიპი დაემატა,არა
15314,S21771,https://superi.ge/xiaomi-redmi-pad-2-pro-8-256gb-wi-fi-silver/,tabletebi,Xiaomi Redmi Pad 2 Pro 8/256GB Wi-Fi Silver,ტაბლეტი Xiaomi Redmi Pad 2 Pro 8/256GB Wi-Fi Silver,Xiaomi Redmi Pad 2 Pro 8/256GB Wi-Fi Silver | Superi.ge,ტაბლეტი Xiaomi Redmi Pad 2 Pro 8/256GB Wi-Fi Silver | Superi.ge,"Xiaomi Redmi Pad 2 Pro ვერცხლისფერი ტაბლეტი 12.1"" ეკრანით, 8/256 GB მეხსიერებით, Snapdragon 7s Gen 4 პროცესორითა და 12000 mAh ელემენტით.",,,ქართული ტიპი დაემატა,არა
13403,S89879,https://superi.ge/tcl-50p7l-50-qled/,televizorebi,"TCL 50P7L 50"" QLED","ტელევიზორი TCL 50P7L 50"" QLED","TCL 50P7L 50"" QLED | Superi.ge","ტელევიზორი TCL 50P7L 50"" QLED | Superi.ge","TCL 50P7L 50"" QLED Smart TV 4K Ultra HD გარჩევადობით, 60 Hz განახლების სიხშირით, Dolby Vision, HDR10+, Dolby Atmos, Google TV, Wi-Fi 5 და HDMI 2.1 მხარდაჭერით.",,,ქართული ტიპი დაემატა,არა
14000,S23358,https://superi.ge/xiaomi-tv-s-pro-mini-led-55-2026-black/,televizorebi,Xiaomi TV S Pro Mini led 55 2026 · black,ტელევიზორი Xiaomi TV S Pro Mini led 55 2026 · black,Xiaomi TV S Pro Mini led 55 2026 · black | Superi.ge,ტელევიზორი Xiaomi TV S Pro Mini led 55 2026 · black | Superi.ge,"Xiaomi TV S Pro Mini LED 55 2026 L55MB-SRU ტელევიზორი 55-დუიმიანი 4K QLED Mini LED ეკრანით, 144 Hz ძირითადი და 288 Hz Game Boost განახლების სიხშირით, Dolby Vision და Dolby Atmos მხარდაჭერითა და Android TV სისტემით.",,,ქართული ტიპი დაემატა,არა
3344,2E-55A06L,https://superi.ge/2e-55a06l-140/,televizorebi,ტელევიზორი 2E-55A06L (140 სმ),,ტელევიზორი 2E-55A06L (140 სმ) | Superi.ge,,"ტელევიზორი 2E-55A06L (140 სმ) — ეკრანის დიაგონალი 55"" (140 სმ). დეტალური მახასიათებლები, ფასი და ხელმისაწვდომობა იხილეთ Superi.ge-ზე.","ტელევიზორი 2E-55A06L (140 სმ): ტელევიზორის კლასი LED, ეკრანის დიაგონალი 55"" (140 სმ), ეკრანის გაფართოება 4K UHD (3840 x 2160), ენერგიის მოხმარება 135 V.",,meta description: შაბლონური/გაბმული სიტყვები,არა
3146,I94847,https://superi.ge/blaupunkt-32fbg5010s-81/,televizorebi,ტელევიზორი BLAUPUNKT 32FBG5010S (81სმ),,ტელევიზორი BLAUPUNKT 32FBG5010S (81სმ),,"ტელევიზორი BLAUPUNKT 32FBG5010S (81სმ) — ეკრანის დიაგონალი 32,81 სმ. დეტალური მახასიათებლები, ფასი და ხელმისაწვდომობა იხილეთ Superi.ge-ზე.","ტელევიზორი BLAUPUNKT 32FBG5010S (81სმ): ტელევიზორის კლასი LED, ეკრანის დიაგონალი 32"" (81 სმ), კონტრასტულობა 3000:1, სიკაშკაშე 250 cd/m2.",,meta description: შაბლონური/გაბმული სიტყვები,არა
10427,S70251,https://superi.ge/blaupunkt-55msg8000-mini-led-4k-140/,televizorebi,ტელევიზორი BLAUPUNKT 55MСG8000 MINI-LED 4K (140სმ),ტელევიზორი BLAUPUNKT 55MCG8000 MINI-LED 4K (140სმ),ტელევიზორი BLAUPUNKT 55MСG8000 MINI-LED 4K (140სმ) | Superi.ge,ტელევიზორი BLAUPUNKT 55MCG8000 MINI-LED 4K (140სმ) | Superi.ge,"Blaupunkt 55MCG8000 Mini LED 4K ტელევიზორი Google TV სისტემით, HDR10 მხარდაჭერით და Chromecast/AirPlay ფუნქციებით. მაღალი ხარისხის გამოსახულება, სმარტ ფუნქციები და თანამედროვე დიზაინი",,blaupunkt-55mcg8000-mini-led-4k-140,კირილიცა → ლათინური,არა
5081,I92002,https://superi.ge/blaupunkt-55ugc6000-139/,televizorebi,ტელევიზორი BLAUPUNKT 55UGC6000 (139 სმ),,ტელევიზორი BLAUPUNKT 55UGC6000 (139 სმ) | Superi.ge,,"ტელევიზორი BLAUPUNKT 55UGC6000 (139 სმ) — ეკრანის ზომა 55/139 სმ. დეტალური მახასიათებლები, ფასი და ხელმისაწვდომობა იხილეთ Superi.ge-ზე.","ტელევიზორი BLAUPUNKT 55UGC6000 (139 სმ): ეკრანის ზომა 55'/139 სმ, რეზოლუცია 4K 3840 x 2160, სიხშირე (hz) 60, ტექნოლოგია D-LED.",,meta description: შაბლონური/გაბმული სიტყვები,არა
3079,I93265,https://superi.ge/daewoo-50dm72ua-127/,televizorebi,ტელევიზორი DAEWOO 50DM72UA (127სმ),,ტელევიზორი DAEWOO 50DM72UA (127სმ),,"ტელევიზორი DAEWOO 50DM72UA (127სმ) — ეკრანის დიაგონალი 50 127სმ. დეტალური მახასიათებლები, ფასი და ხელმისაწვდომობა იხილეთ Superi.ge-ზე.","ტელევიზორი DAEWOO 50DM72UA (127სმ): ტელევიზორის კლასი DLED, ეკრანის დიაგონალი 50"" (127სმ), ეკრანის გაფართოება 4K UHD (3840 x 2160), smart ტექნოლოგია კი ხმა.",,meta description: შაბლონური/გაბმული სიტყვები,არა
1706,211009,https://superi.ge/haier-le32f6000s/,televizorebi,ტელევიზორი HAIER LE32F6000S,,ტელევიზორი HAIER LE32F6000S|Superi.ge,,"ტელევიზორი HAIER LE32F6000S — ეკრანის დიაგონალი 32,81 სმ. დეტალური მახასიათებლები, ფასი და ხელმისაწვდომობა იხილეთ Superi.ge-ზე.","ტელევიზორი HAIER LE32F6000S: ტელევიზორის კლასი LED, ეკრანის დიაგონალი 32"" (81 სმ), ეკრანის გაფართოება HD 1366 x 768, განახლების სიხშირე 50Hz.",,meta description: შაბლონური/გაბმული სიტყვები,არა
2453,240162,https://superi.ge/hisense-40a4k-smart-102/,televizorebi,ტელევიზორი HISENSE 40A4K SMART (102სმ),,ტელევიზორი HISENSE 40A4K SMART (102სმ),,"შეიძინეთ ტელევიზორი HISENSE 40A4K SMART (102სმ) — მახასიათებლები, ფასი და ხელმისაწვდომობა იხილეთ Superi.ge-ზე და შეარჩიეთ სასურველი მოდელი ონლაინ.","ტელევიზორი HISENSE 40A4K SMART (102სმ): ტელევიზორის კლასი D-LED, ეკრანის დიაგონალი 40"" (102 სმ), ეკრანის გაფართოება FHD 1920 x 1080.",,meta description: შაბლონური/გაბმული სიტყვები,არა
1285,212357,https://superi.ge/lg-32lm6370pla/,televizorebi,ტელევიზორი LG 32LM6370PLA,,ტელევიზორი LG 32LM6370PLA|Superi.ge,,"ტელევიზორი LG 32LM6370PLA — ეკრანის დიაგონალი 32,81 სმ. დეტალური მახასიათებლები, ფასი და ხელმისაწვდომობა იხილეთ Superi.ge-ზე.","ტელევიზორი LG 32LM6370PLA: ტელევიზორის კლასი LED, ეკრანის დიაგონალი 32"" (81 სმ), ეკრანის გაფართოება Full HD (1920 x 1080).",,meta description: შაბლონური/გაბმული სიტყვები,არა
12994,S62500,https://superi.ge/lg-75nu850b6la-75-189/,televizorebi,"ტელევიზორი LG 75NU850B6LA 75"" (189სმ)",,"ტელევიზორი LG 75NU850B6LA 75"" (189სმ) | Superi.ge",,"შეიძინეთ ტელევიზორი LG 75NU850B6LA 75"" (189სმ) — მახასიათებლები, ფასი და ხელმისაწვდომობა იხილეთ Superi.ge-ზე და შეარჩიეთ სასურველი მოდელი ონლაინ.","ტელევიზორი LG 75NU850B6LA 75"" (189სმ): გამოშვების წელი 2026, ოპერაციული სისტემა webOS 26, ეკრანის დიაგონალი 75"" (189 სმ), ეკრანის განათების ტიპი Direct LED.",,meta description: შაბლონური/გაბმული სიტყვები,არა
972,210924,https://superi.ge/philips-32pfs6805-12/,televizorebi,ტელევიზორი PHILIPS 32PFS6805/12,,ტელევიზორი PHILIPS 32PFS6805/12,,"ტელევიზორი PHILIPS 32PFS6805/12 — ეკრანის დიაგონალი 32,81 სმ. დეტალური მახასიათებლები, ფასი და ხელმისაწვდომობა იხილეთ Superi.ge-ზე.","ტელევიზორი PHILIPS 32PFS6805/12: ტელევიზორის კლასი LED, ეკრანის დიაგონალი 32"" (81 სმ), ეკრანის გაფართოება FHD (1920 x 1080), ფორმატი 16:9.",,meta description: შაბლონური/გაბმული სიტყვები,არა
2224,231781,https://superi.ge/samsung-qe50q60cauxxh-2023-127/,televizorebi,ტელევიზორი SAMSUNG QE50Q60CAUXXH 2023 (127სმ),,ტელევიზორი SAMSUNG QE50Q60CAUXXH 2023 (127სმ),,"ტელევიზორი SAMSUNG QE50Q60CAUXXH 2023 (127სმ) — მახასიათებლები, ფასი და ხელმისაწვდომობა იხილეთ Superi.ge-ზე და შეარჩიეთ სასურველი მოდელი ონლაინ.","ტელევიზორი SAMSUNG QE50Q60CAUXXH 2023 (127სმ): ტელევიზორის კლასი QLED, ეკრანის დიაგონალი 50"" (127 სმ), ეკრანის გაფართოება 4K UHD (3840 x 2160), სერია 6.",,meta description: შაბლონური/გაბმული სიტყვები,არა
2223,233128,https://superi.ge/samsung-qe55q60cauxru-2023-140/,televizorebi,ტელევიზორი SAMSUNG QE55Q60CAUXRU 2023 (140სმ),,ტელევიზორი SAMSUNG QE55Q60CAUXRU 2023 (140სმ),,"ტელევიზორი SAMSUNG QE55Q60CAUXRU 2023 (140სმ) — მახასიათებლები, ფასი და ხელმისაწვდომობა იხილეთ Superi.ge-ზე და შეარჩიეთ სასურველი მოდელი ონლაინ.","ტელევიზორი SAMSUNG QE55Q60CAUXRU 2023 (140სმ): ტელევიზორის კლასი QLED, ეკრანის დიაგონალი 55"" (140 სმ), ეკრანის გაფართოება 4K UHD (3840 x 2160), სერია 6.",,meta description: შაბლონური/გაბმული სიტყვები,არა
2222,233127,https://superi.ge/samsung-qe65q60cauxru-2023-165/,televizorebi,ტელევიზორი SAMSUNG QE65Q60CAUXRU 2023 (165სმ),,ტელევიზორი SAMSUNG QE65Q60CAUXRU 2023 (165სმ),,"ტელევიზორი SAMSUNG QE65Q60CAUXRU 2023 (165სმ) — მახასიათებლები, ფასი და ხელმისაწვდომობა იხილეთ Superi.ge-ზე და შეარჩიეთ სასურველი მოდელი ონლაინ.","ტელევიზორი SAMSUNG QE65Q60CAUXRU 2023 (165სმ): ტელევიზორის კლასი QLED, ეკრანის დიაგონალი 65"" (165 სმ), ეკრანის გაფართოება 4K UHD (3840 x 2160), სერია 6.",,meta description: შაბლონური/გაბმული სიტყვები,არა
76,145321,https://superi.ge/samsung-ue32t5300auxua/,televizorebi,ტელევიზორი SAMSUNG UE32T5300AUXUA,,ტელევიზორი SAMSUNG UE32T5300AUXUA,,"ტელევიზორი SAMSUNG UE32T5300AUXUA — ეკრანის დიაგონალი 32,81 სმ. დეტალური მახასიათებლები, ფასი და ხელმისაწვდომობა იხილეთ Superi.ge-ზე.","ტელევიზორი SAMSUNG UE32T5300AUXUA: ტელევიზორის კლასი LED, ეკრანის დიაგონალი 32"" (81 სმ), ეკრანის გაფართოება FHD (1920 x 1080).",,meta description: შაბლონური/გაბმული სიტყვები,არა
1279,220342,https://superi.ge/samsung-ue55bu8072uxxh/,televizorebi,ტელევიზორი SAMSUNG UE55BU8072UXXH,,ტელევიზორი SAMSUNG UE55BU8072UXXH,,"ტელევიზორი SAMSUNG UE55BU8072UXXH — პროცესორი Crys. დეტალური მახასიათებლები, ფასი და ხელმისაწვდომობა იხილეთ Superi.ge-ზე.","ტელევიზორი SAMSUNG UE55BU8072UXXH: ეკრანის ტიპი LEDs, ეკრანის დიაგონალი 55"" (140 სმ), ეკრანის გაფართოება Ultra HD (3840 x 2160), სეირა 8.",,meta description: შაბლონური/გაბმული სიტყვები,არა
1921,231545,https://superi.ge/samsung-ue75cu8000uxru-75/,televizorebi,"ტელევიზორი SAMSUNG UE75CU8000UXRU 75""",,"ტელევიზორი SAMSUNG UE75CU8000UXRU 75""",,"შეიძინეთ ტელევიზორი SAMSUNG UE75CU8000UXRU 75"" — მახასიათებლები, ფასი და ხელმისაწვდომობა იხილეთ Superi.ge-ზე და შეარჩიეთ სასურველი მოდელი ონლაინ.","ტელევიზორი SAMSUNG UE75CU8000UXRU 75"": ტელევიზორის კლასი LED, ეკრანის დიაგონალი 75"" (191 სმ), ეკრანის გაფართოება 4K UHD (3840x2160), სერია 8.",,meta description: შაბლონური/გაბმული სიტყვები,არა
2209,144125,https://superi.ge/tcl-32s5400af-2023/,televizorebi,ტელევიზორი TCL 32S5400AF (2023),,ტელევიზორი TCL 32S5400AF (2023),,"ტელევიზორის კლასი: LED TV ეკრანის დიაგონალი: 32"" (81 სმ) ეკრანის გაფართოება: Full HD (1920 x 1080) Smart ტექნოლოგია: კი ANDROID ფერი: შავი","ტელევიზორი TCL 32S5400AF (2023): ტელევიზორის კლასი LED TV, ეკრანის დიაგონალი 32"" (81 სმ), ეკრანის გაფართოება Full HD (1920 x 1080).",,meta description: სპეციფიკაციების ჩამონათვალი,არა
2221,144126,https://superi.ge/tcl-43s5400a-2023-109/,televizorebi,ტელევიზორი TCL 43S5400A 2023 (109სმ),,ტელევიზორი TCL 43S5400A 2023 (109სმ),,"ტელევიზორი TCL 43S5400A 2023 (109სმ) — ეკრანის დიაგონალი 43 109სმ. დეტალური მახასიათებლები, ფასი და ხელმისაწვდომობა იხილეთ Superi.ge-ზე.","ტელევიზორი TCL 43S5400A 2023 (109სმ): ტელევიზორის კლასი LED TV, ეკრანის დიაგონალი 43"" (109სმ), ეკრანის გაფართოება Full HD (1920 x 1080).",,meta description: შაბლონური/გაბმული სიტყვები,არა
6334,154184,https://superi.ge/tcl-65c655/,televizorebi,ტელევიზორი TCL 65C655,,ტელევიზორი TCL 65C655 | Superi.ge,,"ტელევიზორი TCL 65C655 — დიაგონალი 65. დეტალური მახასიათებლები, ფასი და ხელმისაწვდომობა იხილეთ Superi.ge-ზე. შეუკვეთეთ ონლაინ.","ტელევიზორი TCL 65C655: დიაგონალი 65"", გარჩევადობა 3840 x 2160 (4K), განათება DLED, განახლების სიხშირე 60 Hz.",,meta description: შაბლონური/გაბმული სიტყვები,არა
5156,43UG4S14,https://superi.ge/thomson-43ug4s14-109/,televizorebi,ტელევიზორი THOMSON 43UG4S14 (109 სმ),,ტელევიზორი THOMSON 43UG4S14 (109 სმ) | Superi.ge,,"შეიძინეთ ტელევიზორი THOMSON 43UG4S14 (109 სმ) — მახასიათებლები, ფასი და ხელმისაწვდომობა იხილეთ Superi.ge-ზე და შეარჩიეთ სასურველი მოდელი ონლაინ.","ტელევიზორი THOMSON 43UG4S14 (109 სმ): ტელევიზორის კლასი Direct LED, ეკრანის დიაგონალი 43"" (109სმ), ეკრანის გაფართოება 4K UHD (3840 x 2160).",,meta description: შაბლონური/გაბმული სიტყვები,არა
5157,50UG4S14,https://superi.ge/thomson-50ug4s14-127-ka/,televizorebi,ტელევიზორი THOMSON 50UG4S14 (127 სმ),,ტელევიზორი THOMSON 50UG4S14 (127 სმ) | Superi.ge,,"შეიძინეთ ტელევიზორი THOMSON 50UG4S14 (127 სმ) — მახასიათებლები, ფასი და ხელმისაწვდომობა იხილეთ Superi.ge-ზე და შეარჩიეთ სასურველი მოდელი ონლაინ.","ტელევიზორი THOMSON 50UG4S14 (127 სმ): ტელევიზორის კლასი Direct LED, ეკრანის დიაგონალი 50"" (127 სმ), ეკრანის გაფართოება 4K UHD (3840 x 2160).",,meta description: შაბლონური/გაბმული სიტყვები,არა
2263,210463,https://superi.ge/toshiba-55c450ke-140/,televizorebi,ტელევიზორი TOSHIBA 55C450KE (140სმ),,ტელევიზორი TOSHIBA 55C450KE (140სმ),,"შეიძინეთ ტელევიზორი TOSHIBA 55C450KE (140სმ) — მახასიათებლები, ფასი და ხელმისაწვდომობა იხილეთ Superi.ge-ზე და შეარჩიეთ სასურველი მოდელი ონლაინ.","ტელევიზორი TOSHIBA 55C450KE (140სმ): ტელევიზორის კლასი QLED, ეკრანის დიაგონალი 55"" (140 სმ), ეკრანის გაფართოება 4K (3840 x 2160).",,meta description: შაბლონური/გაბმული სიტყვები,არა
15770,S26347,https://superi.ge/xiaomi-redmi-tv-soundbar-black/,televizoris-aqsesuarebi,Xiaomi Redmi TV SoundBar Black,"საუნდბარი Xiaomi Redmi TV SoundBar, შავი",Xiaomi Redmi TV SoundBar Black | Superi.ge,"საუნდბარი Xiaomi Redmi TV SoundBar, შავი | Superi.ge","Xiaomi Redmi TV Soundbar MDZ-34-DA საუნდბარი 28 W სიმძლავრით, 2.0-არხიანი აუდიო სისტემით, 80–20000 Hz სიხშირის დიაპაზონით, Bluetooth 5.0 კავშირით, S/PDIF და AUX შესაერთებლებითა და კედელზე დამონტაჟების შესაძლებლობით.",,,ქართული ტიპი დაემატა,არა
2913,I89899,https://superi.ge/tv-blaupunkt-dv8535-2-8gb/,televizoris-aqsesuarebi,ანდროიდ TV ბოქსი BLAUPUNKT DV8535 2/8GB,,ანდროიდ TV ბოქსი BLAUPUNKT DV8535 2/8GB,,"ანდროიდ TV ბოქსი BLAUPUNKT DV8535 2/8GB — პროცესორი ARM Quad 64–bit Cortex–A55. დეტალური მახასიათებლები, ფასი და ხელმისაწვდომობა იხილეთ Superi.ge-ზე.","ანდროიდ TV ბოქსი BLAUPUNKT DV8535 2/8GB: პროდუქტის ტიპი ანდროიდ TV ბოქსი, პროცესორი ARM Quad 64-bit Cortex- A55, gpu ARM Mali-G31 MP2.",,meta description: შაბლონური/გაბმული სიტყვები,არა
3289,88010,https://superi.ge/colorview-led-06st-23-55/,televizoris-aqsesuarebi,ტელევიზორის საკიდი COLORVIEW LED-06ST 23-55'',,ტელევიზორის საკიდი COLORVIEW LED-06ST 23-55'' | Superi.ge,,"ტელევიზორის საკიდი COLORVIEW LED-06ST 23-55'' — მაქსიმალური დატვირთვა 55 კგ. დეტალური მახასიათებლები, ფასი და ხელმისაწვდომობა იხილეთ Superi.ge-ზე.","ტელევიზორის საკიდი COLORVIEW LED-06ST 23-55'': დაყენების ტიპი კედლის, დანიშნულება ტელევიზორისთვის, ტელევიზორის დიაგონალი 23-55"", მაქსიმალური დატვირთვა 55 კგ.",,meta description: შაბლონური/გაბმული სიტყვები,არა
8442,DY028,https://superi.ge/dyson-airstrait-ht01-straightener-prussian-blue/,tmis-uto-staileri,Dyson Airstrait™ HT01 straightener Prussian Blue,თმის უთო Dyson Airstrait™ HT01 straightener Prussian Blue,Dyson Airstrait™ HT01 straightener Prussian Blue | Superi.ge,თმის უთო Dyson Airstrait™ HT01 straightener Prussian Blue,"Dyson Airstrait HT01 – ინოვაციური თმის გასასწორებელი, მძლავრი ჰაერის ნაკადით მბზინავი შედეგისთვის. შეუდარებელი სტილი და ჯანსაღი ბზინვარება ყოველ დღეს.",,,ქართული ტიპი დაემატა,არა
8577,DY092-1,https://superi.ge/dyson-airwrap-coanda2x-hs09-multi-styler-and-dryer-ceramic-pink-rose-gold-eu-plug/,tmis-uto-staileri,Dyson Airwrap Coanda2x™ HS09 Multi Styler & Dryer (Ceramic Pink/Rose Gold) - EU PLUG,თმის სტაილერი Dyson Airwrap Coanda2x™ HS09 Multi Styler & Dryer (Ceramic Pink/Rose Gold) - EU PLUG,Dyson Airwrap Coanda2x™ HS09 Multi Styler & Dryer (Ceramic Pink/Rose Gold) - EU PLUG | Superi.ge,თმის სტაილერი Dyson Airwrap Coanda2x™ HS09 Multi Styler &,"Dyson Airwrap Coanda2x™ HS09 მრავალფუნქციური სტაილერი და ფენი 1700W სიმძლავრით, უახლესი Coanda ტექნოლოგიით და სტილის მრავალფეროვნებით. კერამიკული ვარდისფერი EU Plug ვერსია",,,ქართული ტიპი დაემატა,არა
14186,S67993,https://superi.ge/dyson-airwrap-hs09-co-anda-jasper-plum-598775-01/,tmis-uto-staileri,Dyson Airwrap HS09 Co-anda Jasper Plum 598775-01,თმის სტაილერი Dyson Airwrap HS09 Co-anda Jasper Plum 598775-01,Dyson Airwrap HS09 Co-anda Jasper Plum 598775-01 | Superi.ge,თმის სტაილერი Dyson Airwrap HS09 Co-anda Jasper Plum 598775-01,"Dyson Airwrap HS09 თმის სტაილერი 1700 W სიმძლავრით, 14 ლ/წმ ჰაერის ნაკადით, 4 ტემპერატურისა და 3 სიჩქარის რეჟიმით, ცივი ჰაერის ფუნქციითა და ტემპერატურის კონტროლით.",,,ქართული ტიპი დაემატა,არა
8512,DY074,https://superi.ge/dyson-airwrap-i-d-hs08-multi-styler-and-dryer-curlycoily-vinca-blue-topaz/,tmis-uto-staileri,Dyson Airwrap i.d.™ HS08 multi-styler and dryer - Curly+Coily (Vinca Blue/Topaz),თმის დასახვევი Dyson Airwrap i.d.™ HS08 multi-styler and dryer - Curly+Coily (Vinca Blue/Topaz),Dyson Airwrap i.d.™ HS08 multi-styler and dryer - Curly+Coily (Vinca Blue/Topaz) | Superi.ge,თმის დასახვევი Dyson Airwrap i.d.™ HS08 multi-styler and dryer,"Dyson Airwrap i.d.™ HS08 სპეციალურად Curly+Coily თმისთვის, მრავალფუნქციური სტაილერი და საშრობი ინტელექტუალური სითბოს კონტროლით და პერსონალიზებული სტაილინგით.",,,ქართული ტიპი დაემატა,არა
8444,DY076,https://superi.ge/dyson-airwrap-i-d-hs08-multi-styler-and-dryer-straightwavy-ceramic-patina-topaz/,tmis-uto-staileri,Dyson Airwrap i.d.™ HS08 multi-styler and dryer - Straight+Wavy (Ceramic Patina/Topaz),თმის უთო Dyson Airwrap i.d.™ HS08 multi-styler and dryer - Straight+Wavy (Ceramic Patina/Topaz),Dyson Airwrap HS08 Multi-Styler ფენი Straight+Wavy,თმის უთო Dyson Airwrap i.d.™ HS08 multi-styler and dryer,"Dyson Airwrap i.d.™ HS08 multi-styler and dryer – 6-in-1 სტაილერი და საშრობი 1300 ვტ სიმძლავრით, Bluetooth კონტროლითა და პერსონალიზებული პარამეტრებით – იდეალური ფორმა და მოცულობა ყოველდღე.",,,ქართული ტიპი დაემატა,არა
8576,DY097,https://superi.ge/dyson-airwrap-i-d-hs08-multi-styler-and-dryer-straightwavy-ceramic-pink/,tmis-uto-staileri,Dyson Airwrap i.d.™ HS08 multi-styler and dryer - Straight+Wavy (Ceramic Pink),თმის უთო Dyson Airwrap i.d.™ HS08 multi-styler and dryer - Straight+Wavy (Ceramic Pink),Dyson Airwrap i.d.™ HS08 multi-styler and dryer - Straight+Wavy (Ceramic Pink) | Superi.ge,თმის უთო Dyson Airwrap i.d.™ HS08 multi-styler and dryer,"Dyson Airwrap i.d.™ HS08 სტაილერი – 1300W სიმძლავრით, 6-დან 1-ში ფუნქციით და Bluetooth კავშირით. კერამიკული ვარდისფერი დიზაინი და ინდივიდუალური სტილის მორგება MyDyson აპით",,,ქართული ტიპი დაემატა,არა
3434,DY011,https://superi.ge/dyson-airwrap-multi-styler-complete-long-hs05-lb-copper-blue/,tmis-uto-staileri,თმის დასახვევი DYSON AIRWRAP MULTI-STYLER COMPLETE LONG HS05 LB COPPER/BLUE,,DYSON AIRWRAP MULTI-STYLER COMPLETE LONG HS05 LB COPPER/BLUE,,თმის დასახვევი DYSON AIRWRAP MULTI-STYLER COMPLETE LONG HS05 LB COPPER/BLUE — სიმძლავრე 1300 W. ფასი და ხელმისაწვდომობა იხილეთ Superi.ge-ზე.,"თმის დასახვევი DYSON AIRWRAP MULTI-STYLER COMPLETE LONG HS05 LB COPPER/BLUE: სიმძლავრე 1300 W, ჰაერის ნაკადის სიჩქარე 13.5 ლ/წმ, ტემპერატურის პარამეტრები 3.",,meta description: შაბლონური/გაბმული სიტყვები,არა
3075,I78000,https://superi.ge/bosch-tat3p421/,tosteri,ტოსტერი BOSCH TAT3P421,,ტოსტერი BOSCH TAT3P421,,"ტოსტერი BOSCH TAT3P421 — სიმძლავრე 970 W. დეტალური მახასიათებლები, ფასი და ხელმისაწვდომობა იხილეთ Superi.ge-ზე. შეუკვეთეთ ონლაინ.","ტოსტერი BOSCH TAT3P421: სიმძლავრე 970 W, კონტროლის ტიპი მექანიკური, განყოფილებების რაოდენობა 2, ბაზის მასალა უჟანგავი ფოლადი.",,meta description: შაბლონური/გაბმული სიტყვები,არა
3063,I61112,https://superi.ge/gorenje-t900rl/,tosteri,ტოსტერი GORENJE T900RL,,ტოსტერი GORENJE T900RL,,"ტოსტერი GORENJE T900RL — სიმძლავრე 800–1000 W და მართვის ტიპი მექანიკური/ელექტრონული. დეტალური მახასიათებლები, ფასი და ხელმისაწვდომობა იხილეთ Superi.ge-ზე.","ტოსტერი GORENJE T900RL: სიმძლავრე 800-1000 W, განყოფილებების რაოდენობა 2, მართვის ტიპი მექანიკური/ელექტრონული, ძაბვა 220-240 V.",,meta description: შაბლონური/გაბმული სიტყვები,არა
3006,I89938,https://superi.ge/smeg-tsf01bleu-black/,tosteri,ტოსტერი SMEG TSF01BLEU BLACK,,ტოსტერი SMEG TSF01BLEU BLACK,,ტოსტერი SMEG TSF01BLEU BLACK — სიმძლავრე 950 W და მართვის ტიპი ელექტრონული ღილაკებით ფუნქციები და მახა. ფასი და ხელმისაწვდომობა იხილეთ Superi.ge-ზე.,"ტოსტერი SMEG TSF01BLEU BLACK: სიმძლავრე 950 W, რეჟიმების რაოდენობა 6, განყოფილებების რაოდენობა 2, განყოფილების ჭრილის სიგანე 36 მმ.",,meta description: შაბლონური/გაბმული სიტყვები,არა
3007,S52894,https://superi.ge/smeg-tsf01pgeu-pastel-green/,tosteri,ტოსტერი SMEG TSF01PGEU PASTEL GREEN,,ტოსტერი SMEG TSF01PGEU PASTEL GREEN,,ტოსტერი SMEG TSF01PGEU PASTEL GREEN — სიმძლავრე 950 W და მართვის ტიპი ელექტრონული ღილაკებით. ფასი და ხელმისაწვდომობა იხილეთ Superi.ge-ზე.,"ტოსტერი SMEG TSF01PGEU PASTEL GREEN: სიმძლავრე 950 W, რეჟიმების რაოდენობა 6, მართვის ტიპი ელექტრონული (ღილაკებით), განყოფილებების რაოდენობა 2.",,meta description: შაბლონური/გაბმული სიტყვები,არა
3802,7640119481142,https://superi.ge/kettler-axos-nova-m-grey/,trenazhorebi,ელიპტიკური ტრენაჟორი KETTLER AXOS NOVA M (GREY),,ელიპტიკური ტრენაჟორი KETTLER AXOS NOVA M (GREY) | Superi.ge,,"ელიპტიკური ტრენაჟორი KETTLER AXOS NOVA M (GREY) — მახასიათებლები, ფასი და ხელმისაწვდომობა იხილეთ Superi.ge-ზე და შეარჩიეთ სასურველი მოდელი ონლაინ.","ელიპტიკური ტრენაჟორი KETTLER AXOS NOVA M (GREY): მომხმარებლის მაქსიმალური წონა 110 კგ, მბრუნავი დისკი 12 კგ, წონა 52 კგ.",,meta description: შაბლონური/გაბმული სიტყვები,არა
1875,208387,https://superi.ge/cycling-1/,trenazhorebi,ველოტრენაჟორი CYCLING 1,,ველოტრენაჟორი CYCLING 1|Superi.ge,,"ველოტრენაჟორი CYCLING 1 — მაქსიმალური დატვირთვა 110 კგ. დეტალური მახასიათებლები, ფასი და ხელმისაწვდომობა იხილეთ Superi.ge-ზე.","ველოტრენაჟორი CYCLING 1: დანიშნულება სპორტ-დარბაზი,სახლი, მაქსიმალური დატვირთვა 110 კგ, მექანიზმის მასალა რკინის.",,meta description: შაბლონური/გაბმული სიტყვები,არა
2749,S25738,https://superi.ge/midea-l1pb20-c28wm/,tsentraluri-gatbobis-qvabi,ცენტრალური გათბობის ქვაბი MIDEA L1PB20-C28WM,,ცენტრალური გათბობის ქვაბი MIDEA L1PB20-C28WM,,"ცენტრალური გათბობის ქვაბი MIDEA L1PB20-C28WM — სიმძლავრე 20 kW და ავზის მოცულობა 6 ლ. დეტალური მახასიათებლები, ფასი და ხელმისაწვდომობა იხილეთ Superi.ge-ზე.","ცენტრალური გათბობის ქვაბი MIDEA L1PB20-C28WM: მონტაჟის ტიპი კედლის (ვერტიკალური), სიმძლავრე 20 kW, ანთების ტიპი ელექტრონული, ავზის მოცულობა 6 ლ.",,meta description: შაბლონური/გაბმული სიტყვები,არა
2750,S78321,https://superi.ge/midea-l1pb24-c28wm/,tsentraluri-gatbobis-qvabi,ცენტრალური გათბობის ქვაბი MIDEA L1PB24-C28WM,,ცენტრალური გათბობის ქვაბი MIDEA L1PB24-C28WM,,"ცენტრალური გათბობის ქვაბი MIDEA L1PB24-C28WM — სიმძლავრე 24 kW და ავზის მოცულობა 6 ლ. დეტალური მახასიათებლები, ფასი და ხელმისაწვდომობა იხილეთ Superi.ge-ზე.","ცენტრალური გათბობის ქვაბი MIDEA L1PB24-C28WM: მონტაჟის ტიპი კედლის (ვერტიკალური), სიმძლავრე 24 kW, ანთების ტიპი ელექტრონული, ავზის მოცულობა 6 ლ.",,meta description: შაბლონური/გაბმული სიტყვები,არა
3888,S92663,https://superi.ge/midea-l1pb28-c28wm-28-kw/,tsentraluri-gatbobis-qvabi,ცენტრალური გათბობის ქვაბი MIDEA L1PB28-C28WM (28 kW),,ცენტრალური გათბობის ქვაბი MIDEA L1PB28-C28WM (28 kW) | Superi.ge,,"ცენტრალური გათბობის ქვაბი MIDEA L1PB28-C28WM (28 kW) — სიმძლავრე 28 kW. დეტალური მახასიათებლები, ფასი და ხელმისაწვდომობა იხილეთ Superi.ge-ზე.","ცენტრალური გათბობის ქვაბი MIDEA L1PB28-C28WM (28 kW): მონტაჟის ტიპი კედლის (ვერტიკალური), სიმძლავრე 28 kW, ანთების ტიპი ელექტრონული, ავზის მოცულობა 6 ლ.",,meta description: შაბლონური/გაბმული სიტყვები,არა
2751,S77602,https://superi.ge/midea-l1pb32-c28wl/,tsentraluri-gatbobis-qvabi,ცენტრალური გათბობის ქვაბი MIDEA L1PB32-C28WL,,ცენტრალური გათბობის ქვაბი MIDEA L1PB32-C28WL,,"ცენტრალური გათბობის ქვაბი MIDEA L1PB32-C28WL — სიმძლავრე 32 kW და ავზის მოცულობა 8 ლ. დეტალური მახასიათებლები, ფასი და ხელმისაწვდომობა იხილეთ Superi.ge-ზე.","ცენტრალური გათბობის ქვაბი MIDEA L1PB32-C28WL: მონტაჟის ტიპი კედლის (ვერტიკალური), სიმძლავრე 32 kW, ანთების ტიპი ელექტრონული, ავზის მოცულობა 8 ლ.",,meta description: შაბლონური/გაბმული სიტყვები,არა
2752,S39133,https://superi.ge/midea-l1pb36-c28wl/,tsentraluri-gatbobis-qvabi,ცენტრალური გათბობის ქვაბი MIDEA L1PB36-C28WL,,ცენტრალური გათბობის ქვაბი MIDEA L1PB36-C28WL,,"ცენტრალური გათბობის ქვაბი MIDEA L1PB36-C28WL — სიმძლავრე 36 kW და ავზის მოცულობა 8 ლ. დეტალური მახასიათებლები, ფასი და ხელმისაწვდომობა იხილეთ Superi.ge-ზე.","ცენტრალური გათბობის ქვაბი MIDEA L1PB36-C28WL: მონტაჟის ტიპი კედლის (ვერტიკალური), სიმძლავრე 36 kW, ანთების ტიპი ელექტრონული, ავზის მოცულობა 8 ლ.",,meta description: შაბლონური/გაბმული სიტყვები,არა
1886,213021,https://superi.ge/pro-plan-elegant-cat-salmon-10kg-7613036529235/,tskhovelta-da-prinvelta-kveba,კატის საკვები PRO PLAN ELEGANT CAT SALMON 10KG (7613036529235),,კატის საკვები PRO PLAN ELEGANT CAT SALMON 10KG,,"შეიძინეთ კატის საკვები PRO PLAN ELEGANT CAT SALMON 10KG (7613036529235) — დეტალური მახასიათებლები, ფასი და ხელმისაწვდომობა იხილეთ Superi.ge-ზე.","კატის საკვები PRO PLAN ELEGANT CAT SALMON 10KG (7613036529235): საკვების ტიპი მშრალი საკვები, საკვების დანიშნულება ყოველდღიური, ასაკი ზრდასრული.",,meta description: შაბლონური/გაბმული სიტყვები,არა
672,212998,https://superi.ge/pro-plan-steril-1-5-kg-7613036499927/,tskhovelta-da-prinvelta-kveba,კატის საკვები PRO PLAN STERIL 1.5 KG (7613036499927),,კატის საკვები PRO PLAN STERIL 1.5 KG (7613036499927),,"კატის საკვები PRO PLAN STERIL 1.5 KG (7613036499927) — მახასიათებლები, ფასი და ხელმისაწვდომობა იხილეთ Superi.ge-ზე და შეარჩიეთ სასურველი მოდელი ონლაინ.","კატის საკვები PRO PLAN STERIL 1.5 KG (7613036499927): საკვების ტიპი მშრალი საკვები, საკვების დანიშნულება ყოველდღიური, ინგრედიენტი კურდღელი, ასაკი ზრდასრული.",,meta description: შაბლონური/გაბმული სიტყვები,არა
1884,212981,https://superi.ge/purina-pro-plan-delic-1-5-kg-7613036510523/,tskhovelta-da-prinvelta-kveba,კატის საკვები PURINA PRO PLAN DELIC 1.5 KG (7613036510523),,კატის საკვები PURINA PRO PLAN DELIC 1.5 KG (7613036510523),,"შეიძინეთ კატის საკვები PURINA PRO PLAN DELIC 1.5 KG (7613036510523) — დეტალური მახასიათებლები, ფასი და ხელმისაწვდომობა იხილეთ Superi.ge-ზე.","კატის საკვები PURINA PRO PLAN DELIC 1.5 KG (7613036510523): საკვების ტიპი მშრალი საკვები, საკვების დანიშნულება ყოველდღიური, ინგრედიენტი ინდაურის არომატი.",,meta description: შაბლონური/გაბმული სიტყვები,არა
1883,212954,https://superi.ge/purina-pro-plan-delicate-turkey-7613036546959/,tskhovelta-da-prinvelta-kveba,კატის საკვები PURINA PRO PLAN DELICATE TURKEY (7613036546959),,კატის საკვები PURINA PRO PLAN DELICATE TURKEY,,"შეიძინეთ კატის საკვები PURINA PRO PLAN DELICATE TURKEY (7613036546959) — დეტალური მახასიათებლები, ფასი და ხელმისაწვდომობა იხილეთ Superi.ge-ზე.","კატის საკვები PURINA PRO PLAN DELICATE TURKEY (7613036546959): საკვების ტიპი მშრალი საკვები, საკვების დანიშნულება ყოველდღიური, ინგრედიენტი ინდაურის არომატი.",,meta description: შაბლონური/გაბმული სიტყვები,არა
1881,7613036731256,https://superi.ge/purina-pro-plan-optidigest-grain-free-7kg-7613036731256/,tskhovelta-da-prinvelta-kveba,ძაღლის საკვები PURINA PRO PLAN OPTIDIGEST GRAIN FREE 7KG,,ძაღლის საკვები PURINA PRO PLAN OPTIDIGEST GRAIN FREE 7KG | Superi.ge,,"შეიძინეთ ძაღლის საკვები PURINA PRO PLAN OPTIDIGEST GRAIN FREE 7KG — დეტალური მახასიათებლები, ფასი და ხელმისაწვდომობა იხილეთ Superi.ge-ზე.","ძაღლის საკვები PURINA PRO PLAN OPTIDIGEST GRAIN FREE 7KG: საკვების ტიპი მშრალი საკვები, საკვების დანიშნულება ყოველდღიური, რეკომენდებული ასაკი 1-დან 7 წლამდე.",,meta description: შაბლონური/გაბმული სიტყვები,არა
12106,S58936,https://superi.ge/midea-mwh100-20ed6-cis-w/,tsklis-gamatskheleblebi,დენის წყლის გამაცხელებელი MIDEA MWH100-20ED6(CIS)W,,დენის წყლის გამაცხელებელი MIDEA MWH100-20ED6(CIS)W | Superi.ge,,"დენის წყლის გამაცხელებელი MIDEA MWH100-20ED6(CIS)W — მახასიათებლები, ფასი და ხელმისაწვდომობა იხილეთ Superi.ge-ზე და შეარჩიეთ სასურველი მოდელი ონლაინ.","დენის წყლის გამაცხელებელი MIDEA MWH100-20ED6(CIS)W: კატეგორია წყლის გამაცხელებელი, მონტაჟის ტიპი ვერტიკალური / ჰორიზონტალური.",,meta description: შაბლონური/გაბმული სიტყვები,არა
2603,169458,https://superi.ge/ingco-hpwr14008/,tsnevit-saretskhi-aparatebi,წნევით სარეცხი აპარატი INGCO HPWR14008,,წნევით სარეცხი აპარატი INGCO HPWR14008,,"წნევით სარეცხი აპარატი INGCO HPWR14008 — სიმძლავრე 1,4 kW და მაქსიმალური წნევა 130 bar. დეტალური მახასიათებლები, ფასი და ხელმისაწვდომობა იხილეთ Superi.ge-ზე.","წნევით სარეცხი აპარატი INGCO HPWR14008: მაქსიმალური წნევა 130 bar, სიმძლავრე 1.4 kW, მაქსიმალური გამტარიანობა 5.5 ლ/წთ, ძაბვა 220-240 V.",,meta description: შაბლონური/გაბმული სიტყვები,არა
2189,S84061,https://superi.ge/bosch-mes25a0/,tsvensatsurebi,წვენსაწური BOSCH MES25A0,,წვენსაწური BOSCH MES25A0 | Superi.ge,,"წვენსაწური BOSCH MES25A0 — მოცულობა 1.25 ლ რბილობის რეზერვუარის, სიმძლავრე 700 W და მექანიკური მართვა. ფასი და ხელმისაწვდომობა იხილეთ Superi.ge-ზე.","წვენსაწური BOSCH MES25A0: სიმძლავრე 700 W, სიჩქარეების რაოდენობა 2, მაქსიმალური ბრუნვის რაოდენობა 11 000 rpm, წვენის რეზერვუარის მოცულობა 1.25 ლ.",,meta description: შაბლონური/გაბმული სიტყვები,არა
1920,185047,https://superi.ge/totem-bernard-27-5/,velosipedebi,"ველოსიპედი TOTEM BERNARD 27.5""",,"ველოსიპედი TOTEM BERNARD 27.5""",,"ველოსიპედი TOTEM BERNARD 27.5"" — სიჩქარეების რაოდენობა 21. დეტალური მახასიათებლები, ფასი და ხელმისაწვდომობა იხილეთ Superi.ge-ზე.","ველოსიპედი TOTEM BERNARD 27.5"": დისკის ზომა 27.5"", ჩარჩო (მასალა / ზომა) ფოლადი / 19"", დისკის ტიპი ღეროვანი, სიჩქარეების რაოდენობა 21.",,meta description: შაბლონური/გაბმული სიტყვები,არა
1933,179496,https://superi.ge/trinx-m116-pro/,velosipedebi,ველოსიპედი TRINX M116 PRO,,ველოსიპედი TRINX M116 PRO|Superi.ge,,"ველოსიპედი TRINX M116 PRO — სიჩქარეების რაოდენობა 21. დეტალური მახასიათებლები, ფასი და ხელმისაწვდომობა იხილეთ Superi.ge-ზე.","ველოსიპედი TRINX M116 PRO: საბურავის დიამეტრი 29"", ჩარჩო TRINX 29” x 15”, სიჩქარეების რაოდენობა 21, დისკის ტიპი ღეროვანი.",,meta description: შაბლონური/გაბმული სიტყვები,არა
1732,179491,https://superi.ge/trinx-m500-pro-17-2020/,velosipedebi,ველოსიპედი TRINX M500 PRO 17 2020,,ველოსიპედი TRINX M500 PRO 17 2020,,"ველოსიპედი TRINX M500 PRO 17 2020 — სიჩქარეების რაოდენობა 24. დეტალური მახასიათებლები, ფასი და ხელმისაწვდომობა იხილეთ Superi.ge-ზე.","ველოსიპედი TRINX M500 PRO 17 2020: საბურავის დიამეტრი 29"", ჩარჩო TRINX 29” x 17”, სიჩქარეების რაოდენობა 24, დისკის ტიპი ღეროვანი.",,meta description: შაბლონური/გაბმული სიტყვები,არა
2061,184602,https://superi.ge/trinx-m600-elite-27-5x16-2020/,velosipedebi,ველოსიპედი TRINX M600 ELITE 27.5X16 2020,,ველოსიპედი TRINX M600 ELITE 27.5X16 2020,,"ველოსიპედი TRINX M600 ELITE 27.5X16 2020 — სიჩქარეების რაოდენობა 21. დეტალური მახასიათებლები, ფასი და ხელმისაწვდომობა იხილეთ Superi.ge-ზე.","ველოსიპედი TRINX M600 ELITE 27.5X16 2020: საბურავის დიამეტრი 27,5"", სიჩქარეების რაოდენობა 21, დისკის ტიპი ღეროვანი, ჯაჭვი KMC 8S.",,meta description: შაბლონური/გაბმული სიტყვები,არა
791,174857,https://superi.ge/trinx-majestic-m600-elite/,velosipedebi,ველოსიპედი TRINX MAJESTIC M600 ELITE,,ველოსიპედი TRINX MAJESTIC M600 ELITE,,"ველოსიპედი TRINX MAJESTIC M600 ELITE — სიჩქარეების რაოდენობა 24. დეტალური მახასიათებლები, ფასი და ხელმისაწვდომობა იხილეთ Superi.ge-ზე.","ველოსიპედი TRINX MAJESTIC M600 ELITE: საბურავის დიამეტრი 27.5"", ჩარჩო TRINX 27.5” x 18”, სიჩქარეების რაოდენობა 24, დისკის ტიპი ღეროვანი.",,meta description: შაბლონური/გაბმული სიტყვები,არა
788,174886,https://superi.ge/trinx-nana-n106/,velosipedebi,ველოსიპედი TRINX NANA N106,,ველოსიპედი TRINX NANA N106 | Superi.ge,,"საბურავის ზომა: 26"" x 1.95"" ჩარჩო: TRINX 26” x 15.5” დისკის ტიპი: ღეროვანი ჯაჭვი: KMC 7S მუხრუჭი: TRINX Alloy Mechanical Disc","ველოსიპედი TRINX NANA N106: საბურავის დიამეტრი 26"", ჩარჩო TRINX 26” x 15.5”, დისკის ტიპი ღეროვანი, ჯაჭვი KMC 7S.",,meta description: სპეციფიკაციების ჩამონათვალი,არა
2087,188061,https://superi.ge/arshia-fa128-2579/,ventilatorebi,ვენტილატორი ARSHIA FA128-2579,,ვენტილატორი ARSHIA FA128-2579|Superi.ge,,ვენტილატორი ARSHIA FA128-2579 — მაქსიმალური სიმძლავრე 55 W და მართვის ტიპი დისტა ნციური/მექანიკური. ფასი და ხელმისაწვდომობა იხილეთ Superi.ge-ზე.,"ვენტილატორი ARSHIA FA128-2579: მართვის ტიპი დისტა ნციური/მექანიკური, მაქსიმალური სიმძლავრე 55 W, ს იჩქარეების რაოდენობა 3.",,meta description: შაბლონური/გაბმული სიტყვები,არა
1755,212038,https://superi.ge/franko-fsf-1213/,ventilatorebi,ვენტილატორი FRANKO FSF-1213,,ვენტილატორი FRANKO FSF-1213,,"ვენტილატორი FRANKO FSF-1213 — სიმძლავრე 50 W. დეტალური მახასიათებლები, ფასი და ხელმისაწვდომობა იხილეთ Superi.ge-ზე. შეუკვეთეთ ონლაინ.","ვენტილატორი FRANKO FSF-1213: ფრთების რაოდენობა 5, სიჩქარეების რაოდენობა 3, სიმძლავრე 50 W, ტაიმერი 60 წთ.",,meta description: შაბლონური/გაბმული სიტყვები,არა
2993,S51582,https://superi.ge/midea-fs40-21mrb/,ventilatorebi,ვენტილატორი MIDEA FS40-21MR,,ვენტილატორი MIDEA FS40-21MRB,,ვენტილატორი MIDEA FS40-21MR — მაქსიმალური სიმძლავრე 40 W და სენსორული და დისტანციური მართვა. ფასი და ხელმისაწვდომობა იხილეთ Superi.ge-ზე.,"ვენტილატორი MIDEA FS40-21MR: მართვის ტიპი სენსორული, დისტანციური, მაქსიმალური სიმძლავრე 40 W, სიჩქარეების რაოდენობა 3, კვების ტიპი ქსელის.",,meta description: შაბლონური/გაბმული სიტყვები,არა
2856,108890,https://superi.ge/sencor-sfn-4080wh/,ventilatorebi,ვენტილატორი SENCOR SFN 4080WH,,ვენტილატორი SENCOR SFN 4080WH,,"ვენტილატორი SENCOR SFN 4080WH — სიმძლავრე 50 W. დეტალური მახასიათებლები, ფასი და ხელმისაწვდომობა იხილეთ Superi.ge-ზე. შეუკვეთეთ ონლაინ.","ვენტილატორი SENCOR SFN 4080WH: სიმძლავრე 50W, სიჩქარეების რაოდენობა 3, როტაცია 80°, მაქსიმალირი სიმაღლე 133 მმ.",,meta description: შაბლონური/გაბმული სიტყვები,არა
1716,S72536,https://superi.ge/zilan-zln1112/,ventilatorebi,ვენტილატორი ZILAN ZLN1112,,ვენტილატორი ZILAN ZLN1112,,"ვენტილატორი ZILAN ZLN1112 — მაქსიმალური სიმძლავრე 50 W და მექანიკური მართვა. დეტალური მახასიათებლები, ფასი და ხელმისაწვდომობა იხილეთ Superi.ge-ზე.","ვენტილატორი ZILAN ZLN1112: მართვის ტიპი მექანიკური, მაქსიმალური სიმძლავრე 50 W, სიჩქარეების რაოდენობა 3, ფრთების რაოდენობა 4.",,meta description: შაბლონური/გაბმული სიტყვები,არა
1717,SA0000007735,https://superi.ge/zilan-zln1178/,ventilatorebi,ვენტილატორი ZILAN ZLN1178,,ვენტილატორი ZILAN ZLN1178 | Superi.ge,,ტიპი: იატაკზე დასადგმელი მართვის ტიპი: მექანიკური 16'' LED დისფლეი მაქსიმალური სიმძლავრე: 60 W სიჩქარეების რაოდენობა: 3 დისტანციური მართვა ფერი: შავი,"ვენტილატორი ZILAN ZLN1178: მართვის ტიპი მექანიკური (ღილაკებით), მაქსიმალური სიმძლავრე 60 W, სიჩქარეების რაოდენობა 3, ფრთების რაოდენობა 5.",,meta description: სპეციფიკაციების ჩამონათვალი,არა
1827,S78268,https://superi.ge/zilan-zln1314/,ventilatorebi,ვენტილატორი ZILAN ZLN1314,,ვენტილატორი ZILAN ZLN1314|Superi.ge,,"ვენტილატორი ZILAN ZLN1314 — მაქსიმალური სიმძლავრე 65 W და ელექტრონული მართვა. დეტალური მახასიათებლები, ფასი და ხელმისაწვდომობა იხილეთ Superi.ge-ზე.","ვენტილატორი ZILAN ZLN1314: მართვის ტიპი ელექტრონული, მაქსიმალური სიმძლავრე 65 W, სიჩქარეების რაოდენობა 3, წყლის რეზერვუარის მოცულობა 7 ლ.",,meta description: შაბლონური/გაბმული სიტყვები,არა
1980,215429,https://superi.ge/zilan-zln1307/,ventilatorebi,ჰაერის გამაგრილებელი ZILAN ZLN1307,,ჰაერის გამაგრილებელი ZILAN ZLN1307,,მართვის ტიპი: ელექტრონული სიმძლავრე: 60 W წყლის ავზის მოცულობა: 4 ლ სიჩქარის რაოდენობა: 3 იონიზაცია / დატენიანება კვების ტიპი: ქსელის,"ჰაერის გამაგრილებელი ZILAN ZLN1307: მართვის ტიპი ელექტრონული, სიმძლავრე 60 W, წყლის ავზის მოცულობა 4 ლ, სიჩქარის რაოდენობა 3.",,meta description: სპეციფიკაციების ჩამონათვალი,არა
1326,213060,https://superi.ge/hecht-752/,xelis-traqtorebi,კულტივატორი HECHT 752,,კულტივატორი HECHT 752|Superi.ge,,"კულტივატორი HECHT 752 — სიმძლავრე 2,2 HP. დეტალური მახასიათებლები, ფასი და ხელმისაწვდომობა იხილეთ Superi.ge-ზე. შეუკვეთეთ ონლაინ.","კულტივატორი HECHT 752: სიმძლავრე 2.2 HP, ბრუნვის სიხშირე 280 ბრ/წთ, სამუშაო სიგანე 25 სმ, სამუშაო სიღრმე 15 სმ.",,meta description: შაბლონური/გაბმული სიტყვები,არა
3766,190F ,https://superi.ge/royal-2-r2-190f-15hp/,xelis-traqtorebi,ხელის მოტობლოკი ROYAL-2 R2 190F 15Hp ბენზ,,ხელის მოტობლოკი ROYAL-2 R2 190F 15Hp ბენზ | Superi.ge,,"ხელის მოტობლოკი ROYAL-2 R2 190F 15Hp ბენზ — მაქსიმალური სიმძლავრე 15ცხ ძალა/3600 ბრუნი. დეტალური მახასიათებლები, ფასი და ხელმისაწვდომობა იხილეთ Superi.ge-ზე.","ხელის მოტობლოკი ROYAL-2 R2 190F 15Hp ბენზ: საწვავი ბენზინი, ძრავი 190F, დახვნის სიგანე 1100 მმ, დახვნის სიღრმე 150-300 მმ.",,meta description: შაბლონური/გაბმული სიტყვები,არა
1347,194551,https://superi.ge/bauma-premium-bm1000n-7-hp/,xelis-traqtorebi,ხელის ტრაქტორი BAUMA PREMIUM BM1000N 7 HP,,ხელის ტრაქტორი BAUMA PREMIUM BM1000N 7 HP,,"ხელის ტრაქტორი BAUMA PREMIUM BM1000N 7 HP — მაქსიმალური სიმძლავრე 7ცხ ძალა/3600 ბრუნი. დეტალური მახასიათებლები, ფასი და ხელმისაწვდომობა იხილეთ Superi.ge-ზე.","ხელის ტრაქტორი BAUMA PREMIUM BM1000N 7 HP: საწვავის ტიპი ბენზინი, ძრავი 170 F, დახვნის სიგანე 1100 მმ, დახვნის სიღრმე 150-300 მმ.",,meta description: შაბლონური/გაბმული სიტყვები,არა
1325,177345,https://superi.ge/hyundai-gm105fqs-7hp/,xelis-traqtorebi,ხელის ტრაქტორი HYUNDAI GM105FQS-G 7HP,,ხელის ტრაქტორი HYUNDAI GM105FQS 7HP,,"ხელის ტრაქტორი HYUNDAI GM105FQS-G 7HP — ძრავის სიმძლავრე 7 HP/3600 ბრ. დეტალური მახასიათებლები, ფასი და ხელმისაწვდომობა იხილეთ Superi.ge-ზე.","ხელის ტრაქტორი HYUNDAI GM105FQS-G 7HP: საწვავის ტიპი ბენზინი, ძრავი 170 F, ძრავის სიმძლავრე 7 HP / 3600 ბრ, ხვნის სიგანე 90 სმ.",,meta description: შაბლონური/გაბმული სიტყვები,არა
1494,177347,https://superi.ge/hyundai-gm115fq-7hp/,xelis-traqtorebi,ხელის ტრაქტორი HYUNDAI GM115FQ 7HP,,ხელის ტრაქტორი HYUNDAI GM115FQ 7HP,,ტიპი: მოტობლოკი საწვავის ტიპი: ბენზინი ძრავი: 170 F / 208 CC ძრავის სიმძლავრე: 7 HP / 3600 ბრ ხვნის სიღრმე: 15-30 სმ სტარტი: ხელით,"ხელის ტრაქტორი HYUNDAI GM115FQ 7HP: საწვავის ტიპი ბენზინი, ძრავი 170 F / 208 CC, ძრავის სიმძლავრე 7 HP / 3600 ბრ, ხვნის სიგანე 96-100 სმ.",,meta description: სპეციფიკაციების ჩამონათვალი,არა
1492,177348,https://superi.ge/hyundai-gm115fqe-7hp/,xelis-traqtorebi,ხელის ტრაქტორი HYUNDAI GM115FQE 7HP,,ხელის ტრაქტორი HYUNDAI GM115FQE 7HP,,"ხელის ტრაქტორი HYUNDAI GM115FQE 7HP — ძრავის სიმძლავრე 7 HP/3600 ბრ. დეტალური მახასიათებლები, ფასი და ხელმისაწვდომობა იხილეთ Superi.ge-ზე.","ხელის ტრაქტორი HYUNDAI GM115FQE 7HP: საწვავის ტიპი ბენზინი, ძრავი 170 F / 208 CC, ძრავის სიმძლავრე 7 HP / 3600 ბრ, ხვნის სიგანე 96-100 სმ.",,meta description: შაბლონური/გაბმული სიტყვები,არა
1332,207699,https://superi.ge/hyundai-hy1100c-6-7-hp/,xelis-traqtorebi,ხელის ტრაქტორი HYUNDAI HY1100C-6 7 HP,,ხელის ტრაქტორი HYUNDAI HY1100C-6 7 HP,,"ხელის ტრაქტორი HYUNDAI HY1100C-6 7 HP — მოცულობა 212 cc. დეტალური მახასიათებლები, ფასი და ხელმისაწვდომობა იხილეთ Superi.ge-ზე.","ხელის ტრაქტორი HYUNDAI HY1100C-6 7 HP: საწვავის ტიპი ბენზინი, სტარტი ხელით, ძრავი 170 F, ცილინდრის მოცულობა 212 cc.",,meta description: შაბლონური/გაბმული სიტყვები,არა
1327,177330,https://superi.ge/royal-turbo-rt1000-170f-7hp/,xelis-traqtorebi,ხელის ტრაქტორი ROYAL TURBO RT1000 170F 7HP,,ხელის ტრაქტორი ROYAL TURBO RT1000 170F 7HP,,"ხელის ტრაქტორი ROYAL TURBO RT1000 170F 7HP — ძრავის სიმძლავრე 7 HP/3600 ბრ. დეტალური მახასიათებლები, ფასი და ხელმისაწვდომობა იხილეთ Superi.ge-ზე.","ხელის ტრაქტორი ROYAL TURBO RT1000 170F 7HP: საწვავის ტიპი ბენზინი, ძრავი 170 F, ძრავის სიმძლავრე 7 HP / 3600 ბრ, ხვნის სიგანე 90 სმ.",,meta description: შაბლონური/გაბმული სიტყვები,არა
1334,177331,https://superi.ge/royal-turbo-rt1000bg/,xelis-traqtorebi,ხელის ტრაქტორი ROYAL TURBO RT1000BG,,ხელის ტრაქტორი ROYAL TURBO RT1000BG,,"ხელის ტრაქტორი ROYAL TURBO RT1000BG — ძრავის სიმძლავრე 7 HP/3600 ბრ. დეტალური მახასიათებლები, ფასი და ხელმისაწვდომობა იხილეთ Superi.ge-ზე.","ხელის ტრაქტორი ROYAL TURBO RT1000BG: საწვავის ტიპი ბენზინი, ძრავი 170 F, ძრავის სიმძლავრე 7 HP / 3600 ბრ, ხვნის სიგანე 105 სმ.",,meta description: შაბლონური/გაბმული სიტყვები,არა
1346,188084,https://superi.ge/royal-turbo-rt177/,xelis-traqtorebi,ხელის ტრაქტორი ROYAL TURBO RT177,,ხელის ტრაქტორი ROYAL TURBO RT177,,"ხელის ტრაქტორი ROYAL TURBO RT177 — ძრავის სიმძლავრე 9 HP/3600 ბრ. დეტალური მახასიათებლები, ფასი და ხელმისაწვდომობა იხილეთ Superi.ge-ზე.","ხელის ტრაქტორი ROYAL TURBO RT177: საწვავის ტიპი ბენზინი, ძრავი 177 F, ძრავის სიმძლავრე 9 HP / 3600 ბრ, ხვნის სიგანე 110 სმ.",,meta description: შაბლონური/გაბმული სიტყვები,არა
1331,177344,https://superi.ge/royal-turbo-rtgt186fae/,xelis-traqtorebi,ხელის ტრაქტორი ROYAL TURBO RTGT186FAE,,ხელის ტრაქტორი ROYAL TURBO RTGT186FAE,,"ხელის ტრაქტორი ROYAL TURBO RTGT186FAE — ძრავის სიმძლავრე 10 HP/3600 ბრ. დეტალური მახასიათებლები, ფასი და ხელმისაწვდომობა იხილეთ Superi.ge-ზე.","ხელის ტრაქტორი ROYAL TURBO RTGT186FAE: საწვავის ტიპი დიზელი, ძრავი 186 FAE, ძრავის სიმძლავრე 10 HP / 3600 ბრ, ხვნის სიგანე 140 სმ.",,meta description: შაბლონური/გაბმული სიტყვები,არა
5095,I68593,https://superi.ge/bosch-mfw2520w/,xorcis-sakepi-manqanebi,ხორცსაკეპი მანქანა BOSCH MFW2520W,,ხორცსაკეპი მანქანა BOSCH MFW2520W | Superi.ge,,ხორცსაკეპი მანქანა BOSCH MFW2520W — მაქსიმალური სიმძლავრე 1500 W და ენერგოეფექტურობის კლასი 350 V. ფასი და ხელმისაწვდომობა იხილეთ Superi.ge-ზე.,"ხორცსაკეპი მანქანა BOSCH MFW2520W: მაქსიმალური სიმძლავრე 1500 W, მწარმოებლობა 1.7 კგ/წთ, მართვის ტიპი მექანიკური, ენერგოეფექტურობის კლასი 350 V.",,meta description: შაბლონური/გაბმული სიტყვები,არა
3990,S11406,https://superi.ge/bosch-mfw45020/,xorcis-sakepi-manqanebi,ხორცსაკეპი მანქანა BOSCH MFW45020,,ხორცსაკეპი მანქანა BOSCH MFW45020 | Superi.ge,,"ხორცსაკეპი მანქანა BOSCH MFW45020 — სიმძლავრე 1600 W. დეტალური მახასიათებლები, ფასი და ხელმისაწვდომობა იხილეთ Superi.ge-ზე.","ხორცსაკეპი მანქანა BOSCH MFW45020: სიმძლავრე 1600 W, ნომინალური სიმძლავრე 500 W, მწარმოებლობა 2,7 კგ/წთ, დამატებითი საცმები ძეხვეულისთვის, Kebbe-სთვის.",,meta description: შაბლონური/გაბმული სიტყვები,არა
13324,S15752,https://superi.ge/fakir-torque-pro-2000/,xorcis-sakepi-manqanebi,ხორცსაკეპი მანქანა FAKIR TORQUE PRO 2000,,ხორცსაკეპი მანქანა FAKIR TORQUE PRO 2000 | Superi.ge,,"ხორცსაკეპი მანქანა FAKIR TORQUE PRO 2000 — მაქსიმალური სიმძლავრე 2000 W. დეტალური მახასიათებლები, ფასი და ხელმისაწვდომობა იხილეთ Superi.ge-ზე.","ხორცსაკეპი მანქანა FAKIR TORQUE PRO 2000: მაქსიმალური სიმძლავრე 2000 W, სიჩქარეების რაოდენობა 2, უჯრის მასალა ლითონი.",,meta description: შაბლონური/გაბმული სიტყვები,არა
3433,S67751,https://superi.ge/kenwood-mg520/,xorcis-sakepi-manqanebi,ხორცსაკეპი მანქანა KENWOOD MG520,,ხორცსაკეპი მანქანა KENWOOD MG520 | Superi.ge,,"ხორცსაკეპი მანქანა KENWOOD MG520 — სიმძლავრე 1600 W. დეტალური მახასიათებლები, ფასი და ხელმისაწვდომობა იხილეთ Superi.ge-ზე.","ხორცსაკეპი მანქანა KENWOOD MG520: სიმძლავრე 1600 W, მწარმოებლობა 2 კგ/წთ, სიჩქარის რაოდენობა 1, მოცურების საწინააღმდეგო ფეხები რეზინის ჩანართებით.",,meta description: შაბლონური/გაბმული სიტყვები,არა
13778,S80440,https://superi.ge/delonghi-rivelia-start-jade-green-exam420-55-gr/,yavis-aparatebi,"De'Longhi Rivelia Start, Jade Green EXAM420.55.GR","ყავის აპარატი De'Longhi Rivelia Start, Jade Green EXAM420.55.GR","De'Longhi Rivelia Start, Jade Green EXAM420.55.GR | Superi.ge","ყავის აპარატი De'Longhi Rivelia Start, Jade Green EXAM420.55.GR","Rivelia Start EXAM420.55.GR ავტომატური ყავის აპარატი სენსორული მართვით, 1.4 ლ წყლის ავზით, 15 bar ტუმბოს წნევით, 1450 W სიმძლავრით, ცივი და ცხელი ყავისა და რძიანი სასმელების მრავალფეროვანი რეცეპტებით.",,,ქართული ტიპი დაემატა,არა
14856,S54465,https://superi.ge/aukey-ep-m3a-move-vibe-wireless-earbuds-white/,yursasmenebi,AUKEY EP-M3A Move Vibe Wireless Earbuds - White,უსადენო ყურსასმენი AUKEY EP-M3A Move Vibe Wireless Earbuds - White,AUKEY EP-M3A Move Vibe Wireless Earbuds - White | Superi.ge,უსადენო ყურსასმენი AUKEY EP-M3A Move Vibe Wireless Earbuds,"AUKEY EP-M3A Move Vibe Wireless Earbuds თეთრი უსადენო ყურსასმენი Bluetooth 5.3-ით, 6 მმ დინამიკით, 20 საათამდე მუშაობის დროითა და IPX4 დაცვით.",,,ქართული ტიპი დაემატა,არა
14754,S22461,https://superi.ge/anker-soundcore-earbuds-k20i-a3994-black/,yursasmenebi,Anker Soundcore Earbuds K20i A3994 Black,უსადენო ყურსასმენი Anker Soundcore Earbuds K20i A3994 Black,Anker Soundcore Earbuds K20i A3994 Black | Superi.ge,უსადენო ყურსასმენი Anker Soundcore Earbuds K20i A3994 Black,"Anker Soundcore Earbuds K20i A3994 შავი უსადენო ყურსასმენი Bluetooth 5.3-ით, 13 მმ დინამიკით, მიკროფონით, 36 საათამდე მუშაობის დროითა და IPX5 დაცვით.",,,ქართული ტიპი დაემატა,არა
14755,S75697,https://superi.ge/anker-soundcore-earbuds-k20i-a3994-purple/,yursasmenebi,Anker Soundcore Earbuds K20i A3994 Purple,უსადენო ყურსასმენი Anker Soundcore Earbuds K20i A3994 Purple,Anker Soundcore Earbuds K20i A3994 Purple | Superi.ge,უსადენო ყურსასმენი Anker Soundcore Earbuds K20i A3994 Purple,"Anker Soundcore Earbuds K20i A3994 იისფერი უსადენო ყურსასმენი Bluetooth 5.3-ით, 13 მმ დინამიკით, მიკროფონით, 36 საათამდე მუშაობის დროითა და IPX5 დაცვით.",,,ქართული ტიპი დაემატა,არა
14756,S87181,https://superi.ge/anker-soundcore-earbuds-k20i-a3994-white/,yursasmenebi,Anker Soundcore Earbuds K20i A3994 White,უსადენო ყურსასმენი Anker Soundcore Earbuds K20i A3994 White,Anker Soundcore Earbuds K20i A3994 White | Superi.ge,უსადენო ყურსასმენი Anker Soundcore Earbuds K20i A3994 White,"Anker Soundcore Earbuds K20i A3994 თეთრი უსადენო ყურსასმენი Bluetooth 5.3-ით, 13 მმ დინამიკით, მიკროფონით, 36 საათამდე მუშაობის დროითა და IPX5 დაცვით.",,,ქართული ტიპი დაემატა,არა
14757,S79819,https://superi.ge/anker-soundcore-earbuds-p30i-nc-a3959-black/,yursasmenebi,Anker Soundcore Earbuds P30i NC A3959 Black,უსადენო ყურსასმენი Anker Soundcore Earbuds P30i NC A3959 Black,Anker Soundcore Earbuds P30i NC A3959 Black | Superi.ge,უსადენო ყურსასმენი Anker Soundcore Earbuds P30i NC A3959 Black,"Anker Soundcore Earbuds P30i NC A3959 შავი უსადენო ყურსასმენი ხმაურის აქტიური ჩახშობით, Bluetooth 5.4-ით, 10 მმ დინამიკით, მიკროფონითა და 45 საათამდე მუშაობის დროით.",,,ქართული ტიპი დაემატა,არა
14758,S33057,https://superi.ge/anker-soundcore-earbuds-p41i-a3937-black/,yursasmenebi,Anker Soundcore Earbuds P41i A3937 Black,უსადენო ყურსასმენი Anker Soundcore Earbuds P41i A3937 Black,Anker Soundcore Earbuds P41i A3937 Black | Superi.ge,უსადენო ყურსასმენი Anker Soundcore Earbuds P41i A3937 Black,"Anker Soundcore Earbuds P41i A3937 შავი უსადენო ყურსასმენი ხმაურის აქტიური ჩახშობით, Bluetooth 5.3-ით, 11 მმ დინამიკით, მიკროფონითა და 192 საათამდე მუშაობის დროით.",,,ქართული ტიპი დაემატა,არა
14759,S78539,https://superi.ge/anker-soundcore-earbuds-r50i-a3949-blue/,yursasmenebi,Anker Soundcore Earbuds R50i A3949 Blue,უსადენო ყურსასმენი Anker Soundcore Earbuds R50i A3949 Blue,Anker Soundcore Earbuds R50i A3949 Blue | Superi.ge,უსადენო ყურსასმენი Anker Soundcore Earbuds R50i A3949 Blue,"Anker Soundcore Earbuds R50i A3949 ლურჯი უსადენო ყურსასმენი Bluetooth 5.3-ით, 10 მმ დინამიკით, მიკროფონით, 30 საათამდე მუშაობის დროითა და IPX5 დაცვით.",,,ქართული ტიპი დაემატა,არა
14760,S83847,https://superi.ge/anker-soundcore-earbuds-r50i-a3949-white/,yursasmenebi,Anker Soundcore Earbuds R50i A3949 White,უსადენო ყურსასმენი Anker Soundcore Earbuds R50i A3949 White,Anker Soundcore Earbuds R50i A3949 White | Superi.ge,უსადენო ყურსასმენი Anker Soundcore Earbuds R50i A3949 White,"Anker Soundcore Earbuds R50i A3949 თეთრი უსადენო ყურსასმენი Bluetooth 5.3-ით, 10 მმ დინამიკით, მიკროფონით, 30 საათამდე მუშაობის დროითა და IPX5 დაცვით.",,,ქართული ტიპი დაემატა,არა
14761,S12181,https://superi.ge/anker-soundcore-earbuds-r50i-nc-a3959-white/,yursasmenebi,Anker Soundcore Earbuds R50i NC A3959 White,უსადენო ყურსასმენი Anker Soundcore Earbuds R50i NC A3959 White,Anker Soundcore Earbuds R50i NC A3959 White | Superi.ge,უსადენო ყურსასმენი Anker Soundcore Earbuds R50i NC A3959 White,"Anker Soundcore Earbuds R50i NC A3959 თეთრი უსადენო ყურსასმენი ხმაურის აქტიური ჩახშობით, Bluetooth 5.4-ით, 10 მმ დინამიკით, მიკროფონითა და 45 საათამდე მუშაობის დროით.",,,ქართული ტიპი დაემატა,არა
14762,S88664,https://superi.ge/anker-soundcore-earbuds-r60i-nc-d1202-black/,yursasmenebi,Anker Soundcore Earbuds R60i NC D1202 Black,უსადენო ყურსასმენი Anker Soundcore Earbuds R60i NC D1202 Black,Anker Soundcore Earbuds R60i NC D1202 Black | Superi.ge,უსადენო ყურსასმენი Anker Soundcore Earbuds R60i NC D1202 Black,"Anker Soundcore Earbuds R60i NC D1202 შავი უსადენო ყურსასმენი ხმაურის აქტიური ჩახშობით, Bluetooth 6.1-ით, 11 მმ დინამიკით, მიკროფონითა და 50 საათამდე მუშაობის დროით.",,,ქართული ტიპი დაემატა,არა
14797,S93630,https://superi.ge/anker-soundcore-wireless-headphones-q21i-nc-a3004-black/,yursasmenebi,Anker Soundcore Wireless Headphones Q21i NC A3004 Black,უსადენო ყურსასმენი Anker Soundcore Wireless Headphones Q21i NC A3004 Black,Anker Soundcore Wireless Headphones Q21i NC A3004 Black | Superi.ge,უსადენო ყურსასმენი Anker Soundcore Wireless Headphones Q21i,"Anker Soundcore Wireless Headphones Q21i NC A3004 შავი ყურის გარშემო ყურსასმენი ხმაურის აქტიური ჩახშობით, Bluetooth 5-ით, 40 მმ დინამიკით, მიკროფონითა და 60 საათამდე მუშაობის დროით.",,,ქართული ტიპი დაემატა,არა
14840,S58788,https://superi.ge/apple-airpods-4-w-o-a-n-c-mxp63ze-a/,yursasmenebi,Apple AirPods 4 W/O A.N.C. (MXP63ZE/A),უსადენო ყურსასმენი Apple AirPods 4 W/O A.N.C. (MXP63ZE/A),Apple AirPods 4 W/O A.N.C. (MXP63ZE/A) | Superi.ge,უსადენო ყურსასმენი Apple AirPods 4 W/O A.N.C. (MXP63ZE/A),Apple AirPods 4 თეთრი უსადენო ყურსასმენი Bluetooth 5.3-ითა და IP54 დაცვით.,,,ქართული ტიპი დაემატა,არა
14841,S92310,https://superi.ge/apple-airpods-4-with-a-n-c-mxp93ze-a/,yursasmenebi,Apple AirPods 4 With A.N.C. (MXP93ZE/A),უსადენო ყურსასმენი Apple AirPods 4 With A.N.C. (MXP93ZE/A),Apple AirPods 4 With A.N.C. (MXP93ZE/A) | Superi.ge,უსადენო ყურსასმენი Apple AirPods 4 With A.N.C. (MXP93ZE/A),"Apple AirPods 4 With A.N.C. თეთრი უსადენო ყურსასმენი ხმაურის აქტიური ჩახშობით, Bluetooth 5.3-ითა და IP54 დაცვით.",,,ქართული ტიპი დაემატა,არა
14763,S94953,https://superi.ge/apple-airpods-5-mkfw4/,yursasmenebi,Apple AirPods 5 MKFW4,უსადენო ყურსასმენი Apple AirPods 5 MKFW4,Apple AirPods 5 MKFW4 | Superi.ge,უსადენო ყურსასმენი Apple AirPods 5 MKFW4 | Superi.ge,"Apple AirPods 5 MKFW4 თეთრი უსადენო ყურსასმენი ხმაურის აქტიური ჩახშობით, Bluetooth 5.3-ით, მიკროფონით, 20 საათამდე მუშაობის დროითა და IP57 დაცვით.",,,ქართული ტიპი დაემატა,არა
14839,S95987,https://superi.ge/apple-airpods-5-mkfw4ze-a-white/,yursasmenebi,Apple AirPods 5 MKFW4ZE/A - White,უსადენო ყურსასმენი Apple AirPods 5 MKFW4ZE/A - White,Apple AirPods 5 MKFW4ZE/A - White | Superi.ge,უსადენო ყურსასმენი Apple AirPods 5 MKFW4ZE/A - White | Superi.ge,Apple AirPods 5 თეთრი უსადენო ყურსასმენი ხმაურის აქტიური ჩახშობითა და მიკროფონით.,,,ქართული ტიპი დაემატა,არა
14764,S10854,https://superi.ge/apple-airpods-5-with-wireless-charging-case-mkft4-white/,yursasmenebi,Apple AirPods 5 with Wireless Charging Case MKFT4 White,უსადენო ყურსასმენი Apple AirPods 5 with Wireless Charging Case MKFT4 White,Apple AirPods 5 with Wireless Charging Case MKFT4 White | Superi.ge,უსადენო ყურსასმენი Apple AirPods 5 with Wireless Charging,"Apple AirPods 5 with Wireless Charging Case MKFT4 თეთრი უსადენო ყურსასმენი ხმაურის აქტიური ჩახშობით, Bluetooth 5.3-ით, მიკროფონით, 22 საათამდე მუშაობის დროითა და IP57 დაცვით.",,,ქართული ტიპი დაემატა,არა
14842,S52546,https://superi.ge/apple-airpods-5-with-wireless-charging-case-mkft4ze-a-white/,yursasmenebi,Apple AirPods 5 with Wireless Charging Case MKFT4ZE/A - White,უსადენო ყურსასმენი Apple AirPods 5 with Wireless Charging Case MKFT4ZE/A - White,Apple AirPods 5 with Wireless Charging Case MKFT4ZE/A - White | Superi.ge,უსადენო ყურსასმენი Apple AirPods 5 with Wireless Charging,Apple AirPods 5 with Wireless Charging Case თეთრი უსადენო ყურსასმენი ხმაურის აქტიური ჩახშობითა და მიკროფონით.,,,ქართული ტიპი დაემატა,არა
14796,S39038,https://superi.ge/apple-airpods-max-2-2026-midnight/,yursasmenebi,Apple AirPods Max 2 2026 Midnight,უსადენო ყურსასმენი Apple AirPods Max 2 2026 Midnight,Apple AirPods Max 2 2026 Midnight | Superi.ge,უსადენო ყურსასმენი Apple AirPods Max 2 2026 Midnight | Superi.ge,"Apple AirPods Max 2 2026 მუქი ლურჯი ყურის გარშემო ყურსასმენი ხმაურის აქტიური ჩახშობით, Bluetooth 5.3-ით, მიკროფონითა და 20 საათამდე მუშაობის დროით.",,,ქართული ტიპი დაემატა,არა
14843,S13783,https://superi.ge/apple-airpods-pro-3/,yursasmenebi,Apple AirPods Pro 3,უსადენო ყურსასმენი Apple AirPods Pro 3,Apple AirPods Pro 3 | Superi.ge,უსადენო ყურსასმენი Apple AirPods Pro 3 | Superi.ge,"Apple AirPods Pro 3 თეთრი უსადენო ყურსასმენი ხმაურის აქტიური ჩახშობით, Bluetooth 5.3-ითა და IP57 დაცვით.",,,ქართული ტიპი დაემატა,არა
14734,S93867,https://superi.ge/apple-airpods-pro-3-mfhp4-white/,yursasmenebi,Apple AirPods Pro 3 MFHP4 White,უსადენო ყურსასმენი Apple AirPods Pro 3 MFHP4 White,Apple AirPods Pro 3 MFHP4 White | Superi.ge,უსადენო ყურსასმენი Apple AirPods Pro 3 MFHP4 White | Superi.ge,"Apple AirPods Pro 3 MFHP4 თეთრი უსადენო ყურსასმენი ხმაურის აქტიური ჩახშობით, Bluetooth 5.3-ით, 24 საათამდე მუშაობის დროითა და IP57 დაცვით.",,,ქართული ტიპი დაემატა,არა
15644,S37443,https://superi.ge/apple-earpods-usb-c-model-a3046-myqy3zm-a/,yursasmenebi,Apple EarPods (USB-C) Model A3046 (MYQY3ZM/A),უსადენო ყურსასმენი Apple EarPods (USB-C) Model A3046 (MYQY3ZM/A),Apple EarPods (USB-C) Model A3046 (MYQY3ZM/A) | Superi.ge,უსადენო ყურსასმენი Apple EarPods (USB-C) Model A3046 (MYQY3ZM/A),Apple EarPods (USB-C) Model A3046 თეთრი ყურში ჩასადები ყურსასმენი მიკროფონით.,,,ქართული ტიპი დაემატა,არა
14809,S32061,https://superi.ge/apple-earpods-usb-c-connector-white/,yursasmenebi,Apple EarPods USB-C Connector White,უსადენო ყურსასმენი Apple EarPods USB-C Connector White,Apple EarPods USB-C Connector White | Superi.ge,უსადენო ყურსასმენი Apple EarPods USB-C Connector White,Apple EarPods USB-C Connector თეთრი ყურში ჩასადები ყურსასმენი მიკროფონით.,,,ქართული ტიპი დაემატა,არა
14806,S78351,https://superi.ge/apple-earpods-with-lightning-connector-mmtn2-white/,yursasmenebi,Apple EarPods with Lightning Connector MMTN2 White,უსადენო ყურსასმენი Apple EarPods with Lightning Connector MMTN2 White,Apple EarPods with Lightning Connector MMTN2 White | Superi.ge,უსადენო ყურსასმენი Apple EarPods with Lightning Connector,Apple EarPods with Lightning Connector MMTN2 თეთრი ყურში ჩასადები ყურსასმენი მიკროფონით.,,,ქართული ტიპი დაემატა,არა
14898,S71467,https://superi.ge/canyon-bths-3-wireless-headphones-beige-cns-cbths3be/,yursasmenebi,Canyon BTHS-3 Wireless headphones - Beige (CNS-CBTHS3BE),უსადენო ყურსასმენი Canyon BTHS-3 Wireless headphones - Beige (CNS-CBTHS3BE),Canyon BTHS-3 Wireless headphones - Beige (CNS-CBTHS3BE) | Superi.ge,უსადენო ყურსასმენი Canyon BTHS-3 Wireless headphones - Beige,"Canyon BTHS-3 Wireless headphones კრემისფერი ყურის გარშემო ყურსასმენი Bluetooth 5.1-ით, მიკროფონითა და 15 საათამდე მუშაობის დროით.",,,ქართული ტიპი დაემატა,არა
14899,S87800,https://superi.ge/celly-archbeat-wireless-headphone-white/,yursasmenebi,Celly ARCHBEAT Wireless Headphone White,უსადენო ყურსასმენი Celly ARCHBEAT Wireless Headphone White,Celly ARCHBEAT Wireless Headphone White | Superi.ge,უსადენო ყურსასმენი Celly ARCHBEAT Wireless Headphone White,"Celly ARCHBEAT Wireless Headphone თეთრი ყურზე დასადები ყურსასმენი Bluetooth 5.3-ით, მიკროფონითა და 8 საათამდე მუშაობის დროით.",,,ქართული ტიპი დაემატა,არა
14902,S40319,https://superi.ge/celly-auricolare-tws-funzione-enc-black/,yursasmenebi,Celly AURICOLARE TWS FUNZIONE ENC BLACK,უსადენო ყურსასმენი Celly AURICOLARE TWS FUNZIONE ENC BLACK,Celly AURICOLARE TWS FUNZIONE ENC BLACK | Superi.ge,უსადენო ყურსასმენი Celly AURICOLARE TWS FUNZIONE ENC BLACK,Celly AURICOLARE TWS FUNZIONE ENC შავი ყურზე დასადები ყურსასმენი ხმაურის აქტიური ჩახშობითა და Bluetooth 5.3-ით.,,,ქართული ტიპი დაემატა,არა
14872,S65751,https://superi.ge/celly-buz2-true-wireless-earbuds-black/,yursasmenebi,Celly BUZ2 True Wireless Earbuds Black,უსადენო ყურსასმენი Celly BUZ2 True Wireless Earbuds Black,Celly BUZ2 True Wireless Earbuds Black | Superi.ge,უსადენო ყურსასმენი Celly BUZ2 True Wireless Earbuds Black,"Celly BUZ2 — True Wireless უსადენო ყურსასმენი დამტენი ქეისით, Bluetooth, შავი. ✓ ნაწილ-ნაწილ გადახდა ✓ მიწოდება მთელ საქართველოში",,,ქართული ტიპი დაემატა,არა
14873,S13141,https://superi.ge/celly-buz2-true-wireless-earbuds-white/,yursasmenebi,Celly BUZ2 True Wireless Earbuds White,უსადენო ყურსასმენი Celly BUZ2 True Wireless Earbuds White,Celly BUZ2 True Wireless Earbuds White | Superi.ge,უსადენო ყურსასმენი Celly BUZ2 True Wireless Earbuds White,"Celly BUZ2 — True Wireless უსადენო ყურსასმენი დამტენი ქეისით, Bluetooth, თეთრი. ✓ ნაწილ-ნაწილ გადახდა ✓ მიწოდება მთელ საქართველოში",,,ქართული ტიპი დაემატა,არა
14900,S64613,https://superi.ge/celly-soundbeat-with-anc-and-enc-wireless-headphone-white/,yursasmenebi,Celly SOUNDBEAT With ANC & ENC Wireless Headphone White,უსადენო ყურსასმენი Celly SOUNDBEAT With ANC & ENC Wireless Headphone White,Celly SOUNDBEAT With ANC & ENC Wireless Headphone White | Superi.ge,უსადენო ყურსასმენი Celly SOUNDBEAT With ANC & ENC Wireless,"Celly SOUNDBEAT With ANC & ENC Wireless Headphone თეთრი ყურზე დასადები ყურსასმენი ხმაურის აქტიური ჩახშობით, Bluetooth 5.3-ითა და მიკროფონით.",,,ქართული ტიპი დაემატა,არა
14874,S63165,https://superi.ge/celly-tips1-true-wireless-earphones-black/,yursasmenebi,Celly TIPS1 True Wireless Earphones Black,უსადენო ყურსასმენი Celly TIPS1 True Wireless Earphones Black,Celly TIPS1 True Wireless Earphones Black | Superi.ge,უსადენო ყურსასმენი Celly TIPS1 True Wireless Earphones Black,Celly TIPS1 True Wireless Earphones შავი უსადენო ყურსასმენი Bluetooth 5.3-ითა და 5 საათამდე მუშაობის დროით.,,,ქართული ტიპი დაემატა,არა
14875,S89484,https://superi.ge/celly-tips1-true-wireless-earphones-white/,yursasmenebi,Celly TIPS1 True Wireless Earphones White,უსადენო ყურსასმენი Celly TIPS1 True Wireless Earphones White,Celly TIPS1 True Wireless Earphones White | Superi.ge,უსადენო ყურსასმენი Celly TIPS1 True Wireless Earphones White,Celly TIPS1 True Wireless Earphones თეთრი უსადენო ყურსასმენი Bluetooth 5.3-ითა და 5 საათამდე მუშაობის დროით.,,,ქართული ტიპი დაემატა,არა
14876,S76275,https://superi.ge/celly-transparent-tws-busd-orange/,yursasmenebi,Celly TRANSPARENT TWS BUSD ORANGE,უსადენო ყურსასმენი Celly TRANSPARENT TWS BUSD ORANGE,Celly TRANSPARENT TWS BUSD ORANGE | Superi.ge,უსადენო ყურსასმენი Celly TRANSPARENT TWS BUSD ORANGE | Superi.ge,Celly TRANSPARENT TWS BUSD ნარინჯისფერი უსადენო ყურსასმენი Bluetooth 6.0-ით.,,,ქართული ტიპი დაემატა,არა
14901,S86637,https://superi.ge/celly-wavebeat-wireless-headphone-white/,yursasmenebi,Celly WAVEBEAT Wireless Headphone White,უსადენო ყურსასმენი Celly WAVEBEAT Wireless Headphone White,Celly WAVEBEAT Wireless Headphone White | Superi.ge,უსადენო ყურსასმენი Celly WAVEBEAT Wireless Headphone White,"Celly WAVEBEAT Wireless Headphone თეთრი ყურზე დასადები ყურსასმენი Bluetooth 5.3-ით, მიკროფონითა და 7 საათამდე მუშაობის დროით.",,,ქართული ტიპი დაემატა,არა
14814,S93016,https://superi.ge/genius-hs-200c-black/,yursasmenebi,Genius HS-200C Black,ყურსასმენი Genius HS-200C Black,Genius HS-200C Black | Superi.ge,ყურსასმენი Genius HS-200C Black | Superi.ge,"ყურსასმენი Genius HS-200C — სადენიანი სტერეო ყურსასმენი მიკროფონით კომპიუტერისა და ლეპტოპისთვის, შავი. ✓ ნაწილ-ნაწილ გადახდა ✓ მიწოდება მთელ საქართველოში",,,ქართული ტიპი დაემატა,არა
14896,S11673,https://superi.ge/honor-choice-headphones-black/,yursasmenebi,HONOR CHOICE Headphones Black,ყურსასმენი HONOR CHOICE Headphones Black,HONOR CHOICE Headphones Black | Superi.ge,ყურსასმენი HONOR CHOICE Headphones Black | Superi.ge,"HONOR CHOICE Headphones Black — ყურზე დასადები ყურსასმენი, წინაღობა 32 Ω, მიკროფონი, Bluetooth. ✓ ნაწილ-ნაწილ გადახდა ✓ მიწოდება მთელ საქართველოში",,,ქართული ტიპი დაემატა,არა
14897,S57218,https://superi.ge/honor-choice-headphones-lite-green/,yursasmenebi,HONOR CHOICE Headphones Lite green,ყურსასმენი HONOR CHOICE Headphones Lite green,HONOR CHOICE Headphones Lite green | Superi.ge,ყურსასმენი HONOR CHOICE Headphones Lite green | Superi.ge,HONOR CHOICE Headphones Lite მწვანე ყურზე დასადები ყურსასმენი მიკროფონით.,,,ქართული ტიპი დაემატა,არა
14871,S92094,https://superi.ge/honor-choice-earbuds-x7-lite-white-5504abrs/,yursasmenebi,HONOR Choice Earbuds X7 Lite White (5504ABRS),უსადენო ყურსასმენი HONOR Choice Earbuds X7 Lite White (5504ABRS),HONOR Choice Earbuds X7 Lite White (5504ABRS) | Superi.ge,უსადენო ყურსასმენი HONOR Choice Earbuds X7 Lite White (5504ABRS),"HONOR Choice Earbuds X7 Lite თეთრი უსადენო ყურსასმენი Bluetooth 5.4-ით, 38 საათამდე მუშაობის დროითა და IP54 დაცვით.",,,ქართული ტიპი დაემატა,არა
14782,S27979,https://superi.ge/havit-fuxi-h7-gaming-headset-white-black/,yursasmenebi,Havit Fuxi H7 Gaming Headset White/Black,გეიმინგ ყურსასმენი Havit Fuxi H7 Gaming Headset White/Black,Havit Fuxi H7 Gaming Headset White/Black | Superi.ge,გეიმინგ ყურსასმენი Havit Fuxi H7 Gaming Headset White/Black,"Havit Fuxi H7 Gaming Headset თეთრი გეიმინგ ყურსასმენი 40 მმ დინამიკით, მიკროფონითა და 43 საათამდე მუშაობის დროით.",,,ქართული ტიპი დაემატა,არა
14776,S25452,https://superi.ge/havit-fuxi-h3-gaming-headset-gray/,yursasmenebi,Havit Fuxi-H3 Gaming Headset Gray,გეიმინგ ყურსასმენი Havit Fuxi-H3 Gaming Headset Gray,Havit Fuxi-H3 Gaming Headset Gray | Superi.ge,გეიმინგ ყურსასმენი Havit Fuxi-H3 Gaming Headset Gray | Superi.ge,"Havit Fuxi-H3 Gaming Headset ნაცრისფერი გეიმინგ ყურსასმენი 40 მმ დინამიკით, მიკროფონითა და 26 საათამდე მუშაობის დროით.",,,ქართული ტიპი დაემატა,არა
14777,S16730,https://superi.ge/havit-fuxi-h3-gaming-headset-white-black/,yursasmenebi,Havit Fuxi-H3 Gaming Headset White/Black,გეიმინგ ყურსასმენი Havit Fuxi-H3 Gaming Headset White/Black,Havit Fuxi-H3 Gaming Headset White/Black | Superi.ge,გეიმინგ ყურსასმენი Havit Fuxi-H3 Gaming Headset White/Black,"Havit Fuxi-H3 Gaming Headset თეთრი გეიმინგ ყურსასმენი 40 მმ დინამიკით, მიკროფონითა და 26 საათამდე მუშაობის დროით.",,,ქართული ტიპი დაემატა,არა
14784,S17931,https://superi.ge/havit-fuxi-h3-plus-gaming-headset-black/,yursasmenebi,Havit Fuxi-H3 Plus Gaming Headset Black,გეიმინგ ყურსასმენი Havit Fuxi-H3 Plus Gaming Headset Black,Havit Fuxi-H3 Plus Gaming Headset Black | Superi.ge,გეიმინგ ყურსასმენი Havit Fuxi-H3 Plus Gaming Headset Black,"Havit Fuxi-H3 Plus Gaming Headset შავი გეიმინგ ყურსასმენი 40 მმ დინამიკით, მიკროფონითა და 30 საათამდე მუშაობის დროით.",,,ქართული ტიპი დაემატა,არა
14780,S35146,https://superi.ge/havit-h2230e-gaming-headset-white-cyan/,yursasmenebi,Havit H2230E Gaming Headset White/Cyan,გეიმინგ ყურსასმენი Havit H2230E Gaming Headset White/Cyan,Havit H2230E Gaming Headset White/Cyan | Superi.ge,გეიმინგ ყურსასმენი Havit H2230E Gaming Headset White/Cyan,Havit H2230E Gaming Headset თეთრი გეიმინგ ყურსასმენი 50 მმ დინამიკითა და მიკროფონით.,,,ქართული ტიპი დაემატა,არა
14766,S81655,https://superi.ge/havit-hv-h2002d-gaming-headset-black/,yursasmenebi,Havit HV-H2002D Gaming Headset Black,გეიმინგ ყურსასმენი Havit HV-H2002D Gaming Headset Black,Havit HV-H2002D Gaming Headset Black | Superi.ge,გეიმინგ ყურსასმენი Havit HV-H2002D Gaming Headset Black,Havit HV-H2002D Gaming Headset შავი გეიმინგ ყურსასმენი 53 მმ დინამიკითა და მიკროფონით.,,,ქართული ტიპი დაემატა,არა
14767,S68050,https://superi.ge/havit-hv-h2002d-gaming-headset-white-purple/,yursasmenebi,Havit HV-H2002D Gaming Headset White/Purple,გეიმინგ ყურსასმენი Havit HV-H2002D Gaming Headset White/Purple,Havit HV-H2002D Gaming Headset White/Purple | Superi.ge,გეიმინგ ყურსასმენი Havit HV-H2002D Gaming Headset White/Purple,Havit HV-H2002D Gaming Headset თეთრი გეიმინგ ყურსასმენი 53 მმ დინამიკითა და მიკროფონით.,,,ქართული ტიპი დაემატა,არა
14775,S62505,https://superi.ge/havit-hv-h2002p-gaming-headset-black/,yursasmenebi,Havit HV-H2002P Gaming Headset Black,გეიმინგ ყურსასმენი Havit HV-H2002P Gaming Headset Black,Havit HV-H2002P Gaming Headset Black | Superi.ge,გეიმინგ ყურსასმენი Havit HV-H2002P Gaming Headset Black,Havit HV-H2002P Gaming Headset შავი გეიმინგ ყურსასმენი 53 მმ დინამიკითა და მიკროფონით.,,,ქართული ტიპი დაემატა,არა
14774,S90434,https://superi.ge/havit-hv-h2033d-gaming-headset-black/,yursasmenebi,Havit HV-H2033d Gaming Headset Black,გეიმინგ ყურსასმენი Havit HV-H2033d Gaming Headset Black,Havit HV-H2033d Gaming Headset Black | Superi.ge,გეიმინგ ყურსასმენი Havit HV-H2033d Gaming Headset Black,Havit HV-H2033d Gaming Headset შავი გეიმინგ ყურსასმენი 50 მმ დინამიკით.,,,ქართული ტიპი დაემატა,არა
14778,S59321,https://superi.ge/havit-hv-h2038u-gaming-headset-white-black/,yursasmenebi,Havit HV-H2038U Gaming Headset White/Black,გეიმინგ ყურსასმენი Havit HV-H2038U Gaming Headset White/Black,Havit HV-H2038U Gaming Headset White/Black | Superi.ge,გეიმინგ ყურსასმენი Havit HV-H2038U Gaming Headset White/Black,Havit HV-H2038U Gaming Headset თეთრი გეიმინგ ყურსასმენი 50 მმ დინამიკითა და მიკროფონით.,,,ქართული ტიპი დაემატა,არა
14781,S43456,https://superi.ge/havit-hv-h2048u-gaming-headset-black-green/,yursasmenebi,Havit HV-H2048U Gaming Headset Black/Green,გეიმინგ ყურსასმენი Havit HV-H2048U Gaming Headset Black/Green,Havit HV-H2048U Gaming Headset Black/Green | Superi.ge,გეიმინგ ყურსასმენი Havit HV-H2048U Gaming Headset Black/Green,Havit HV-H2048U Gaming Headset შავი გეიმინგ ყურსასმენი 40 მმ დინამიკითა და მიკროფონით.,,,ქართული ტიპი დაემატა,არა
14765,S72540,https://superi.ge/havit-hv-h2232d-gaming-headset-black/,yursasmenebi,Havit HV-H2232D Gaming Headset Black,გეიმინგ ყურსასმენი Havit HV-H2232D Gaming Headset Black,Havit HV-H2232D Gaming Headset Black | Superi.ge,გეიმინგ ყურსასმენი Havit HV-H2232D Gaming Headset Black,Havit HV-H2232D Gaming Headset შავი გეიმინგ ყურსასმენი 50 მმ დინამიკითა და მიკროფონით.,,,ქართული ტიპი დაემატა,არა
14785,S97385,https://superi.ge/havit-huaxu-x4-gaming-headset-purple-black/,yursasmenebi,Havit Huaxu-X4 Gaming Headset Purple/Black,გეიმინგ ყურსასმენი Havit Huaxu-X4 Gaming Headset Purple/Black,Havit Huaxu-X4 Gaming Headset Purple/Black | Superi.ge,გეიმინგ ყურსასმენი Havit Huaxu-X4 Gaming Headset Purple/Black,"Havit Huaxu-X4 Gaming Headset იისფერი გეიმინგ ყურსასმენი 50 მმ დინამიკით, მიკროფონითა და 58 საათამდე მუშაობის დროით.",,,ქართული ტიპი დაემატა,არა
14857,S12248,https://superi.ge/hoco-des03-original-series-white/,yursasmenebi,Hoco DES03 Original Series White,ყურსასმენი Hoco DES03 Original Series White,Hoco DES03 Original Series White | Superi.ge,ყურსასმენი Hoco DES03 Original Series White | Superi.ge,Hoco DES03 Original Series თეთრი უსადენო ყურსასმენი 2.5 საათამდე მუშაობის დროით.,,,ქართული ტიპი დაემატა,არა
14858,S64985,https://superi.ge/hoco-des03-plus-original-series-white/,yursasmenebi,Hoco DES03 Plus Original Series White,ყურსასმენი Hoco DES03 Plus Original Series White,Hoco DES03 Plus Original Series White | Superi.ge,ყურსასმენი Hoco DES03 Plus Original Series White | Superi.ge,Hoco DES03 Plus Original Series თეთრი უსადენო ყურსასმენი 2.5 საათამდე მუშაობის დროით.,,,ქართული ტიპი დაემატა,არა
14859,S32197,https://superi.ge/hoco-des30-true-wireless-stereo-headset-white/,yursasmenebi,Hoco DES30 True wireless stereo headset White,გეიმინგ ყურსასმენი Hoco DES30 True wireless stereo headset White,Hoco DES30 True wireless stereo headset White | Superi.ge,გეიმინგ ყურსასმენი Hoco DES30 True wireless stereo headset White,Hoco DES30 True wireless stereo headset თეთრი უსადენო ყურსასმენი Bluetooth 5.0-ითა და 4 საათამდე მუშაობის დროით.,,,ქართული ტიპი დაემატა,არა
14860,S27860,https://superi.ge/hoco-des37-true-wireless-stereo-headset-white/,yursasmenebi,Hoco DES37 True wireless stereo headset White,გეიმინგ ყურსასმენი Hoco DES37 True wireless stereo headset White,Hoco DES37 True wireless stereo headset White | Superi.ge,გეიმინგ ყურსასმენი Hoco DES37 True wireless stereo headset White,"Hoco DES37 True wireless stereo headset თეთრი უსადენო ყურსასმენი Bluetooth 5.3-ით, 13 მმ დინამიკითა და 3.5 საათამდე მუშაობის დროით.",,,ქართული ტიპი დაემატა,არა
14861,S18020,https://superi.ge/hoco-dew10-true-wireless-stereo-headset-white/,yursasmenebi,Hoco DEW10 True Wireless Stereo Headset - White,გეიმინგ ყურსასმენი Hoco DEW10 True Wireless Stereo Headset - White,Hoco DEW10 True Wireless Stereo Headset - White | Superi.ge,გეიმინგ ყურსასმენი Hoco DEW10 True Wireless Stereo Headset,Hoco DEW10 True Wireless Stereo Headset თეთრი უსადენო ყურსასმენი 4 საათამდე მუშაობის დროით.,,,ქართული ტიპი დაემატა,არა
14890,S19356,https://superi.ge/hoco-dw01-bt-wireless-headphones-black/,yursasmenebi,Hoco DW01 BT wireless headphones Black,უსადენო ყურსასმენი Hoco DW01 BT wireless headphones Black,Hoco DW01 BT wireless headphones Black | Superi.ge,უსადენო ყურსასმენი Hoco DW01 BT wireless headphones Black,"Hoco DW01 BT wireless headphones შავი ყურზე დასადები ყურსასმენი 50 მმ დინამიკით, მიკროფონითა და 4 საათამდე მუშაობის დროით.",,,ქართული ტიპი დაემატა,არა
14862,S16648,https://superi.ge/hoco-eq2-thought-true-wireless-bt-headset-app-black/,yursasmenebi,Hoco EQ2 Thought true wireless BT headset(App) Black,გეიმინგ ყურსასმენი Hoco EQ2 Thought true wireless BT headset(App) Black,Hoco EQ2 Thought true wireless BT headset(App) Black | Superi.ge,გეიმინგ ყურსასმენი Hoco EQ2 Thought true wireless BT,Hoco EQ2 Thought true wireless BT headset(App) შავი უსადენო ყურსასმენი Bluetooth 5.3-ით.,,,ქართული ტიპი დაემატა,არა
14863,S62151,https://superi.ge/hoco-eq2-thought-true-wireless-bt-headset-app-white/,yursasmenebi,Hoco EQ2 Thought true wireless BT headset(App) White,გეიმინგ ყურსასმენი Hoco EQ2 Thought true wireless BT headset(App) White,Hoco EQ2 Thought true wireless BT headset(App) White | Superi.ge,გეიმინგ ყურსასმენი Hoco EQ2 Thought true wireless BT,Hoco EQ2 Thought true wireless BT headset(App) თეთრი უსადენო ყურსასმენი Bluetooth 5.3-ით.,,,ქართული ტიპი დაემატა,არა
14864,S33006,https://superi.ge/hoco-eq28-bird-true-wireless-bt-headset-midnight-black/,yursasmenebi,Hoco EQ28 Bird true wireless Bt headset midnight black,გეიმინგ ყურსასმენი Hoco EQ28 Bird true wireless Bt headset midnight black,Hoco EQ28 Bird true wireless Bt headset midnight black | Superi.ge,გეიმინგ ყურსასმენი Hoco EQ28 Bird true wireless Bt headset,Hoco EQ28 Bird true wireless Bt headset შავი უსადენო ყურსასმენი Bluetooth 5.4-ით.,,,ქართული ტიპი დაემატა,არა
14865,S34684,https://superi.ge/hoco-eq34-plus-rima-true-wireless-anc-bt-headset-app-white/,yursasmenebi,Hoco EQ34 Plus Rima true wireless ANC BT headset(App) White,გეიმინგ ყურსასმენი Hoco EQ34 Plus Rima true wireless ANC BT headset(App) White,Hoco EQ34 Plus Rima true wireless ANC BT headset(App) White | Superi.ge,გეიმინგ ყურსასმენი Hoco EQ34 Plus Rima true wireless ANC BT,Hoco EQ34 Plus Rima true wireless ANC BT headset(App) თეთრი უსადენო ყურსასმენი ხმაურის აქტიური ჩახშობითა და Bluetooth 5.4-ით.,,,ქართული ტიპი დაემატა,არა
14866,S34039,https://superi.ge/hoco-ew33-space-gray/,yursasmenebi,Hoco EW33 - Space Gray,ყურსასმენი Hoco EW33 - Space Gray,Hoco EW33 - Space Gray | Superi.ge,ყურსასმენი Hoco EW33 - Space Gray | Superi.ge,Hoco EW33 ნაცრისფერი უსადენო ყურსასმენი 7.2 მმ დინამიკითა და 3.5 საათამდე მუშაობის დროით.,,,ქართული ტიპი დაემატა,არა
14867,S75750,https://superi.ge/hoco-ew55-green/,yursasmenebi,Hoco EW55 - Green,ყურსასმენი Hoco EW55 - Green,Hoco EW55 - Green | Superi.ge,ყურსასმენი Hoco EW55 - Green | Superi.ge,Hoco EW55 მწვანე უსადენო ყურსასმენი 7.2 მმ დინამიკითა და 7 საათამდე მუშაობის დროით.,,,ქართული ტიპი დაემატა,არა
14837,S26599,https://superi.ge/hoco-m1-white/,yursasmenebi,Hoco M1 - White,ყურსასმენი Hoco M1 - White,Hoco M1 - White | Superi.ge,ყურსასმენი Hoco M1 - White | Superi.ge,"Hoco M1 - White — კავშირის ტიპი 3.5 მმ Jack, ყურში ჩასადები ყურსასმენი, სიხშირე 20 - 20 000 Hz, ხმის კონტროლი. ✓ ნაწილ-ნაწილ გადახდა ✓ მიწოდება",,,ქართული ტიპი დაემატა,არა
14838,S64572,https://superi.ge/hoco-m101-crystal-joy-type-c-wire-controlled-digital-earphones-with-microphone-white/,yursasmenebi,Hoco M101 Crystal joy Type-C wire-controlled digital earphones with microphone White,ყურსასმენი Hoco M101 Crystal joy Type-C wire-controlled digital earphones with microphone White,Hoco M101 Crystal joy Type-C wire-controlled digital earphones with microphone White | Superi.ge,ყურსასმენი Hoco M101 Crystal joy Type-C wire-controlled,Hoco M101 Crystal joy Type-C wire-controlled digital earphones with microphone თეთრი ყურში ჩასადები ყურსასმენი მიკროფონით.,,,ქართული ტიპი დაემატა,არა
14891,S28822,https://superi.ge/hoco-w27-cat-for-kids-gray/,yursasmenebi,Hoco W27 Cat For Kids - Gray,ყურსასმენი Hoco W27 Cat For Kids - Gray,Hoco W27 Cat For Kids - Gray | Superi.ge,ყურსასმენი Hoco W27 Cat For Kids - Gray | Superi.ge,Hoco W27 Cat For Kids ნაცრისფერი ყურზე დასადები ყურსასმენი მიკროფონითა და 5 საათამდე მუშაობის დროით.,,,ქართული ტიპი დაემატა,არა
14892,S49405,https://superi.ge/hoco-w42-cat-ears-bt-headphones-cherry-blossom/,yursasmenebi,Hoco W42 Cat Ears BT Headphones Cherry Blossom,ყურსასმენი Hoco W42 Cat Ears BT Headphones Cherry Blossom,Hoco W42 Cat Ears BT Headphones Cherry Blossom | Superi.ge,ყურსასმენი Hoco W42 Cat Ears BT Headphones Cherry Blossom,"Hoco W42 Cat Ears BT Headphones Cherry Blossom ვარდისფერი ყურზე დასადები ყურსასმენი Bluetooth 5.3-ით, მიკროფონითა და 12 საათამდე მუშაობის დროით.",,,ქართული ტიპი დაემატა,არა
14893,S72102,https://superi.ge/hoco-w42-cat-ears-bt-headphones-cyrstal-blue/,yursasmenebi,Hoco W42 Cat Ears BT Headphones Cyrstal Blue,ყურსასმენი Hoco W42 Cat Ears BT Headphones Cyrstal Blue,Hoco W42 Cat Ears BT Headphones Cyrstal Blue | Superi.ge,ყურსასმენი Hoco W42 Cat Ears BT Headphones Cyrstal Blue,"Hoco W42 Cat Ears BT Headphones Cyrstal ლურჯი ყურზე დასადები ყურსასმენი Bluetooth 5.3-ით, მიკროფონითა და 12 საათამდე მუშაობის დროით.",,,ქართული ტიპი დაემატა,არა
14894,S79370,https://superi.ge/hoco-w42-cat-ears-bt-headphones-purple-grape/,yursasmenebi,Hoco W42 Cat Ears BT Headphones Purple Grape,ყურსასმენი Hoco W42 Cat Ears BT Headphones Purple Grape,Hoco W42 Cat Ears BT Headphones Purple Grape | Superi.ge,ყურსასმენი Hoco W42 Cat Ears BT Headphones Purple Grape,"Hoco W42 Cat Ears BT Headphones იისფერი ყურზე დასადები ყურსასმენი Bluetooth 5.3-ით, მიკროფონითა და 12 საათამდე მუშაობის დროით.",,,ქართული ტიპი დაემატა,არა
14752,S56904,https://superi.ge/honor-choice-bluetooth-earbuds-x8-white/,yursasmenebi,Honor Choice Bluetooth Earbuds X8 White,უსადენო ყურსასმენი Honor Choice Bluetooth Earbuds X8 White,Honor Choice Bluetooth Earbuds X8 White | Superi.ge,უსადენო ყურსასმენი Honor Choice Bluetooth Earbuds X8 White,"Honor Choice Bluetooth Earbuds X8 თეთრი უსადენო ყურსასმენი ხმაურის აქტიური ჩახშობით, Bluetooth 6.0-ით, 12 მმ დინამიკით, მიკროფონითა და 44 საათამდე მუშაობის დროით.",,,ქართული ტიპი დაემატა,არა
14739,S81766,https://superi.ge/honor-choice-bluetooth-lchse-earbuds-x7-lite-white/,yursasmenebi,Honor Choice Bluetooth Lchse Earbuds X7 Lite White,უსადენო ყურსასმენი Honor Choice Bluetooth Lchse Earbuds X7 Lite White,Honor Choice Bluetooth Lchse Earbuds X7 Lite White | Superi.ge,უსადენო ყურსასმენი Honor Choice Bluetooth Lchse Earbuds X7,"Honor Choice Bluetooth Lchse Earbuds X7 Lite თეთრი უსადენო ყურსასმენი ხმაურის აქტიური ჩახშობით, Bluetooth 5.4-ით, 10 მმ დინამიკით, მიკროფონითა და 38 საათამდე მუშაობის დროით.",,,ქართული ტიპი დაემატა,არა
14877,S77061,https://superi.ge/house-of-marley-em-jh143-sb-positive-vibration-frequency-signature-black/,yursasmenebi,House of Marley EM-JH143-SB Positive Vibration Frequency Signature Black,ყურსასმენი House of Marley EM-JH143-SB Positive Vibration Frequency Signature Black,House of Marley EM-JH143-SB Positive Vibration Frequency Signature Black | Superi.ge,ყურსასმენი House of Marley EM-JH143-SB Positive Vibration,"House of Marley EM-JH143-SB Positive Vibration Frequency Signature შავი ყურის გარშემო ყურსასმენი Bluetooth 5.2-ით, 40 მმ დინამიკით, მიკროფონითა და 35 საათამდე მუშაობის დროით.",,,ქართული ტიპი დაემატა,არა
14844,S61673,https://superi.ge/house-of-marley-little-bird-tws-exec-earbuds-blue-em-je123-bl/,yursasmenebi,House of Marley Little Bird TWS Exec Earbuds - Blue (EM-JE123-BL),უსადენო ყურსასმენი House of Marley Little Bird TWS Exec Earbuds - Blue (EM-JE123-BL),House of Marley Little Bird TWS Exec Earbuds - Blue (EM-JE123-BL) | Superi.ge,უსადენო ყურსასმენი House of Marley Little Bird TWS Exec,House of Marley Little Bird TWS Exec Earbuds ლურჯი უსადენო ყურსასმენი 6 მმ დინამიკითა და 24 საათამდე მუშაობის დროით.,,,ქართული ტიპი დაემატა,არა
14845,S20787,https://superi.ge/house-of-marley-little-bird-tws-exec-earbuds-cream-em-je123-ce/,yursasmenebi,House of Marley Little Bird TWS Exec Earbuds - Cream (EM-JE123-CE),უსადენო ყურსასმენი House of Marley Little Bird TWS Exec Earbuds - Cream (EM-JE123-CE),House of Marley Little Bird TWS Exec Earbuds - Cream (EM-JE123-CE) | Superi.ge,უსადენო ყურსასმენი House of Marley Little Bird TWS Exec,House of Marley Little Bird TWS Exec Earbuds კრემისფერი უსადენო ყურსასმენი 6 მმ დინამიკითა და 6 საათამდე მუშაობის დროით.,,,ქართული ტიპი დაემატა,არა
14846,S92833,https://superi.ge/house-of-marley-little-bird-tws-exec-earbuds-green-em-je123-gr/,yursasmenebi,House of Marley Little Bird TWS Exec Earbuds Green - (EM-JE123-GR),უსადენო ყურსასმენი House of Marley Little Bird TWS Exec Earbuds Green - (EM-JE123-GR),House of Marley Little Bird TWS Exec Earbuds Green - (EM-JE123-GR) | Superi.ge,უსადენო ყურსასმენი House of Marley Little Bird TWS Exec,House of Marley Little Bird TWS Exec Earbuds მწვანე უსადენო ყურსასმენი 6 მმ დინამიკითა და 24 საათამდე მუშაობის დროით.,,,ქართული ტიპი დაემატა,არა
14836,S86055,https://superi.ge/house-of-marley-positive-vibration-2-em-jh121-cp-copper/,yursasmenebi,House of Marley Positive Vibration 2 (EM-JH121-CP) - Copper,ყურსასმენი House of Marley Positive Vibration 2 (EM-JH121-CP) - Copper,House of Marley Positive Vibration 2 (EM-JH121-CP) - Copper | Superi.ge,ყურსასმენი House of Marley Positive Vibration 2 (EM-JH121-CP),House of Marley Positive Vibration 2 (EM-JH121-CP) სპილენძისფერი ყურში ჩასადები ყურსასმენი 50 მმ დინამიკით.,,,ქართული ტიპი დაემატა,არა
14878,S79698,https://superi.ge/house-of-marley-positive-vibration-riddim-em-jh135-rasta/,yursasmenebi,House of Marley Positive Vibration Riddim EM-JH135 - Rasta,ყურსასმენი House of Marley Positive Vibration Riddim EM-JH135 - Rasta,House of Marley Positive Vibration Riddim EM-JH135 - Rasta | Superi.ge,ყურსასმენი House of Marley Positive Vibration Riddim EM-JH135,"House of Marley Positive Vibration Riddim EM-JH135 სამფეროვანი ყურის გარშემო ყურსასმენი Bluetooth 5.3 V-ით, მიკროფონითა და 50 საათამდე მუშაობის დროით.",,,ქართული ტიპი დაემატა,არა
14879,S96479,https://superi.ge/house-of-marley-positive-vibration-riddim-em-jh135-signature-black/,yursasmenebi,House of Marley Positive Vibration Riddim EM-JH135 - Signature Black,ყურსასმენი House of Marley Positive Vibration Riddim EM-JH135 - Signature Black,House of Marley Positive Vibration Riddim EM-JH135 - Signature Black | Superi.ge,ყურსასმენი House of Marley Positive Vibration Riddim EM-JH135,"House of Marley Positive Vibration Riddim EM-JH135 შავი ყურის გარშემო ყურსასმენი Bluetooth 5.3 V-ით, მიკროფონითა და 50 საათამდე მუშაობის დროით.",,,ქართული ტიპი დაემატა,არა
14880,S28447,https://superi.ge/house-of-marley-positive-vibration-xl-anc-over-ear-wireless-headphones-em-jh151-cp/,yursasmenebi,House of Marley Positive Vibration XL ANC Over-Ear Wireless Headphones (EM-JH151-CP),უსადენო ყურსასმენი House of Marley Positive Vibration XL ANC Over-Ear Wireless Headphones (EM-JH151-CP),House of Marley Positive Vibration XL ANC Over-Ear Wireless Headphones (EM-JH151-CP) | Superi.ge,უსადენო ყურსასმენი House of Marley Positive Vibration XL ANC,"House of Marley Positive Vibration XL ANC Over-Ear Wireless Headphones (EM-JH151-CP) სპილენძისფერი ყურის გარშემო ყურსასმენი ხმაურის აქტიური ჩახშობით, 40 მმ დინამიკით, მიკროფონითა და 24 საათამდე მუშაობის დროით.",,,ქართული ტიპი დაემატა,არა
14835,S11992,https://superi.ge/house-of-marley-smile-jamaica-em-je041-cpd-copper/,yursasmenebi,House of Marley Smile Jamaica (EM-JE041-CPD) - COPPER,ყურსასმენი House of Marley Smile Jamaica (EM-JE041-CPD) - COPPER,House of Marley Smile Jamaica (EM-JE041-CPD) - COPPER | Superi.ge,ყურსასმენი House of Marley Smile Jamaica (EM-JE041-CPD) - COPPER,House of Marley Smile Jamaica (EM-JE041-CPD) სპილენძისფერი ყურში ჩასადები ყურსასმენი 9.2 მმ დინამიკითა და მიკროფონით.,,,ქართული ტიპი დაემატა,არა
14847,S88007,https://superi.ge/house-of-marley-zion-tws-exec-earbuds-em-je105-signature-black/,yursasmenebi,House of Marley Zion TWS Exec Earbuds EM-JE105 - Signature Black,უსადენო ყურსასმენი House of Marley Zion TWS Exec Earbuds EM-JE105 - Signature Black,House of Marley Zion TWS Exec Earbuds EM-JE105 - Signature Black | Superi.ge,უსადენო ყურსასმენი House of Marley Zion TWS Exec Earbuds EM-JE105,House of Marley Zion TWS Exec Earbuds EM-JE105 შავი უსადენო ყურსასმენი Bluetooth 5.3 V-ითა და 4 საათამდე მუშაობის დროით.,,,ქართული ტიპი დაემატა,არა
14816,S91007,https://superi.ge/hyperx-cloud-alpha-red-hx-hsca-rd-ee/,yursasmenebi,HyperX Cloud Alpha Red (HX-HSCA-RD/EE),გეიმინგ ყურსასმენი HyperX Cloud Alpha Red (HX-HSCA-RD/EE),HyperX Cloud Alpha Red (HX-HSCA-RD/EE) | Superi.ge,გეიმინგ ყურსასმენი HyperX Cloud Alpha Red (HX-HSCA-RD/EE),HyperX Cloud Alpha შავი გეიმინგ ყურსასმენი 50 მმ დინამიკითა და მიკროფონით.,,,ქართული ტიპი დაემატა,არა
14815,S95209,https://superi.ge/hyperx-cloud-alpha-wireless-hx-cla-wl-red-gam-hs/,yursasmenebi,HyperX Cloud Alpha Wireless (HX-CLA-WL-RED-GAM-HS),გეიმინგ ყურსასმენი HyperX Cloud Alpha Wireless (HX-CLA-WL-RED-GAM-HS),HyperX Cloud Alpha Wireless (HX-CLA-WL-RED-GAM-HS) | Superi.ge,გეიმინგ ყურსასმენი HyperX Cloud Alpha Wireless,"HyperX Cloud Alpha Wireless (HX-CLA-WL-RED-GAM-HS) შავი გეიმინგ ყურსასმენი 50 მმ დინამიკით, მიკროფონითა და 300 საათამდე მუშაობის დროით.",,,ქართული ტიპი დაემატა,არა
14819,S75455,https://superi.ge/hyperx-cloud-iii-black-red-727a9aa/,yursasmenebi,HyperX Cloud III Black/Red - 727A9AA,გეიმინგ ყურსასმენი HyperX Cloud III Black/Red - 727A9AA,HyperX Cloud III Black/Red - 727A9AA | Superi.ge,გეიმინგ ყურსასმენი HyperX Cloud III Black/Red | Superi.ge,HyperX Cloud III შავი გეიმინგ ყურსასმენი 53 მმ დინამიკითა და მიკროფონით.,,,ქართული ტიპი დაემატა,არა
15643,S83796,https://superi.ge/hyperx-cloud-iii-s-wireless-gaming-headset-black-red/,yursasmenebi,HyperX Cloud III S Wireless - Gaming Headset Black-Red,გეიმინგ ყურსასმენი HyperX Cloud III S Wireless - Gaming Headset Black-Red,HyperX Cloud III S Wireless - Gaming Headset Black-Red | Superi.ge,გეიმინგ ყურსასმენი HyperX Cloud III S Wireless - Gaming,HyperX Cloud III S Wireless შავი გეიმინგ ყურსასმენი 53 მმ დინამიკითა და მიკროფონით.,,,ქართული ტიპი დაემატა,არა
14818,S87371,https://superi.ge/hyperx-cloud-stinger-2-gaming-headset-black/,yursasmenebi,HyperX Cloud Stinger 2 - Gaming Headset (Black),გეიმინგ ყურსასმენი HyperX Cloud Stinger 2 - Gaming Headset (Black),HyperX Cloud Stinger 2 - Gaming Headset (Black) | Superi.ge,გეიმინგ ყურსასმენი HyperX Cloud Stinger 2 | Superi.ge,HyperX Cloud Stinger 2 შავი გეიმინგ ყურსასმენი 50 მმ დინამიკითა და მიკროფონით.,,,ქართული ტიპი დაემატა,არა
14817,S73597,https://superi.ge/hyperx-cloud-stinger-2-core-gaming-headsets-black/,yursasmenebi,HyperX Cloud Stinger 2 Core Gaming Headsets Black,გეიმინგ ყურსასმენი HyperX Cloud Stinger 2 Core Gaming Headsets Black,HyperX Cloud Stinger 2 Core Gaming Headsets Black | Superi.ge,გეიმინგ ყურსასმენი HyperX Cloud Stinger 2 Core Gaming,HyperX Cloud Stinger 2 Core Gaming Headsets შავი გეიმინგ ყურსასმენი 40 მმ დინამიკითა და მიკროფონით.,,,ქართული ტიპი დაემატა,არა
14773,S40616,https://superi.ge/hyperx-gaming-headset-cloud-3-black/,yursasmenebi,HyperX Gaming Headset Cloud 3 Black,გეიმინგ ყურსასმენი HyperX Gaming Headset Cloud 3 Black,HyperX Gaming Headset Cloud 3 Black | Superi.ge,გეიმინგ ყურსასმენი HyperX Gaming Headset Cloud 3 Black,HyperX Gaming Headset Cloud 3 შავი გეიმინგ ყურსასმენი 53 მმ დინამიკითა და მიკროფონით.,,,ქართული ტიპი დაემატა,არა
14772,S11435,https://superi.ge/hyperx-gaming-headset-cloud-3-black-red/,yursasmenebi,HyperX Gaming Headset Cloud 3 Black/Red,გეიმინგ ყურსასმენი HyperX Gaming Headset Cloud 3 Black/Red,HyperX Gaming Headset Cloud 3 Black/Red | Superi.ge,გეიმინგ ყურსასმენი HyperX Gaming Headset Cloud 3 Black/Red,"HyperX Gaming Headset Cloud 3 შავი გეიმინგ ყურსასმენი ხმაურის აქტიური ჩახშობით, 53 მმ დინამიკითა და მიკროფონით.",,,ქართული ტიპი დაემატა,არა
14769,S96604,https://superi.ge/hyperx-gaming-headset-cloud-alpha-wireless-black/,yursasmenebi,HyperX Gaming Headset Cloud Alpha Wireless Black,გეიმინგ ყურსასმენი HyperX Gaming Headset Cloud Alpha Wireless Black,HyperX Gaming Headset Cloud Alpha Wireless Black | Superi.ge,გეიმინგ ყურსასმენი HyperX Gaming Headset Cloud Alpha Wireless,HyperX Gaming Headset Cloud Alpha Wireless შავი გეიმინგ ყურსასმენი 50 მმ დინამიკითა და 300 საათამდე მუშაობის დროით.,,,ქართული ტიპი დაემატა,არა
14771,S62700,https://superi.ge/hyperx-gaming-headset-cloud-stinger-2-wired-black/,yursasmenebi,HyperX Gaming Headset Cloud Stinger 2 Wired Black,გეიმინგ ყურსასმენი HyperX Gaming Headset Cloud Stinger 2 Wired Black,HyperX Gaming Headset Cloud Stinger 2 Wired Black | Superi.ge,გეიმინგ ყურსასმენი HyperX Gaming Headset Cloud Stinger 2,HyperX Gaming Headset Cloud Stinger 2 Wired შავი გეიმინგ ყურსასმენი 50 მმ დინამიკითა და მიკროფონით.,,,ქართული ტიპი დაემატა,არა
14783,S32951,https://superi.ge/hyperx-gaming-headset-cloud-stinger-3-bs1t5aa-black/,yursasmenebi,HyperX Gaming Headset Cloud Stinger 3 BS1T5AA Black,გეიმინგ ყურსასმენი HyperX Gaming Headset Cloud Stinger 3 BS1T5AA Black,HyperX Gaming Headset Cloud Stinger 3 BS1T5AA Black | Superi.ge,გეიმინგ ყურსასმენი HyperX Gaming Headset Cloud Stinger 3,HyperX Gaming Headset Cloud Stinger 3 BS1T5AA შავი გეიმინგ ყურსასმენი 50 მმ დინამიკითა და მიკროფონით.,,,ქართული ტიპი დაემატა,არა
14792,S41380,https://superi.ge/jbl-tune-t530-bt-wireless-on-ear-headphones-blue/,yursasmenebi,JBL Tune T530 BT Wireless On-Ear Headphones Blue,უსადენო ყურსასმენი JBL Tune T530 BT Wireless On-Ear Headphones Blue,JBL Tune T530 BT Wireless On-Ear Headphones Blue | Superi.ge,უსადენო ყურსასმენი JBL Tune T530 BT Wireless On-Ear,"JBL Tune T530 BT Wireless On-Ear Headphones ლურჯი ყურზე დასადები ყურსასმენი Bluetooth 6-ით, 33 მმ დინამიკით, მიკროფონითა და 76 საათამდე მუშაობის დროით.",,,ქართული ტიპი დაემატა,არა
14793,S70831,https://superi.ge/jbl-tune-t530-bt-wireless-on-ear-headphones-white/,yursasmenebi,JBL Tune T530 BT Wireless On-Ear Headphones White,უსადენო ყურსასმენი JBL Tune T530 BT Wireless On-Ear Headphones White,JBL Tune T530 BT Wireless On-Ear Headphones White | Superi.ge,უსადენო ყურსასმენი JBL Tune T530 BT Wireless On-Ear,"JBL Tune T530 BT Wireless On-Ear Headphones თეთრი ყურზე დასადები ყურსასმენი Bluetooth 6-ით, 33 მმ დინამიკით, მიკროფონითა და 76 საათამდე მუშაობის დროით.",,,ქართული ტიპი დაემატა,არა
14794,S24703,https://superi.ge/jbl-tune-t780-nc-wireless-on-ear-headphones-black/,yursasmenebi,JBL Tune T780 NC Wireless On-Ear Headphones Black,უსადენო ყურსასმენი JBL Tune T780 NC Wireless On-Ear Headphones Black,JBL Tune T780 NC Wireless On-Ear Headphones Black | Superi.ge,უსადენო ყურსასმენი JBL Tune T780 NC Wireless On-Ear,"JBL Tune T780 NC Wireless On-Ear Headphones შავი ყურის გარშემო ყურსასმენი ხმაურის აქტიური ჩახშობით, Bluetooth 6-ით, 40 მმ დინამიკით, მიკროფონითა და 76 საათამდე მუშაობის დროით.",,,ქართული ტიპი დაემატა,არა
14795,S60091,https://superi.ge/jbl-tune-t780-nc-wireless-on-ear-headphones-blue/,yursasmenebi,JBL Tune T780 NC Wireless On-Ear Headphones Blue,უსადენო ყურსასმენი JBL Tune T780 NC Wireless On-Ear Headphones Blue,JBL Tune T780 NC Wireless On-Ear Headphones Blue | Superi.ge,უსადენო ყურსასმენი JBL Tune T780 NC Wireless On-Ear,"JBL Tune T780 NC Wireless On-Ear Headphones ლურჯი ყურის გარშემო ყურსასმენი ხმაურის აქტიური ჩახშობით, Bluetooth 6-ით, 40 მმ დინამიკით, მიკროფონითა და 76 საათამდე მუშაობის დროით.",,,ქართული ტიპი დაემატა,არა
14724,S67692,https://superi.ge/jbl-vibe-flex-2-black/,yursasmenebi,JBL Vibe Flex 2 Black,ყურსასმენი JBL Vibe Flex 2 Black,JBL Vibe Flex 2 Black | Superi.ge,ყურსასმენი JBL Vibe Flex 2 Black | Superi.ge,"JBL Vibe Flex 2 შავი უსადენო ყურსასმენი Bluetooth 5.3-ით, 12 მმ დინამიკით, მიკროფონით, 40 საათამდე მუშაობის დროითა და IP54 დაცვით.",,,ქართული ტიპი დაემატა,არა
14725,S81409,https://superi.ge/jbl-vibe-flex-2-white/,yursasmenebi,JBL Vibe Flex 2 White,ყურსასმენი JBL Vibe Flex 2 White,JBL Vibe Flex 2 White | Superi.ge,ყურსასმენი JBL Vibe Flex 2 White | Superi.ge,"JBL Vibe Flex 2 თეთრი უსადენო ყურსასმენი Bluetooth 5.3-ით, 12 მმ დინამიკით, მიკროფონით, 40 საათამდე მუშაობის დროითა და IP54 დაცვით.",,,ქართული ტიპი დაემატა,არა
14723,S11972,https://superi.ge/jbl-wave-beam-2-white/,yursasmenebi,JBL Wave Beam 2 White,ყურსასმენი JBL Wave Beam 2 White,JBL Wave Beam 2 White | Superi.ge,ყურსასმენი JBL Wave Beam 2 White | Superi.ge,"JBL Wave Beam 2 თეთრი უსადენო ყურსასმენი ხმაურის აქტიური ჩახშობით, Bluetooth 5.3-ით, 8 მმ დინამიკით, მიკროფონითა და 30 საათამდე მუშაობის დროით.",,,ქართული ტიპი დაემატა,არა
14721,S44010,https://superi.ge/jbl-wave-flex-2-black/,yursasmenebi,JBL Wave Flex 2 Black,ყურსასმენი JBL Wave Flex 2 Black,JBL Wave Flex 2 Black | Superi.ge,ყურსასმენი JBL Wave Flex 2 Black | Superi.ge,"JBL Wave Flex 2 შავი უსადენო ყურსასმენი Bluetooth 5.3-ით, 12 მმ დინამიკით, მიკროფონით, 30 საათამდე მუშაობის დროითა და IP54 დაცვით.",,,ქართული ტიპი დაემატა,არა
14720,S39511,https://superi.ge/jbl-wave-flex-2-blue/,yursasmenebi,JBL Wave Flex 2 Blue,ყურსასმენი JBL Wave Flex 2 Blue,JBL Wave Flex 2 Blue | Superi.ge,ყურსასმენი JBL Wave Flex 2 Blue | Superi.ge,"JBL Wave Flex 2 ლურჯი უსადენო ყურსასმენი Bluetooth 5.3-ით, 12 მმ დინამიკით, მიკროფონით, 30 საათამდე მუშაობის დროითა და IP54 დაცვით.",,,ქართული ტიპი დაემატა,არა
14722,S67813,https://superi.ge/jbl-wave-flex-2-white/,yursasmenebi,JBL Wave Flex 2 White,ყურსასმენი JBL Wave Flex 2 White,JBL Wave Flex 2 White | Superi.ge,ყურსასმენი JBL Wave Flex 2 White | Superi.ge,"JBL Wave Flex 2 თეთრი უსადენო ყურსასმენი Bluetooth 5.3-ით, 12 მმ დინამიკით, მიკროფონით, 30 საათამდე მუშაობის დროითა და IP54 დაცვით.",,,ქართული ტიპი დაემატა,არა
14820,S89876,https://superi.ge/logitech-pro-x-2-lightspeed-wireless-gaming-headset-magenta/,yursasmenebi,LOGITECH PRO X 2 LIGHTSPEED Wireless Gaming Headset - MAGENTA,გეიმინგ ყურსასმენი LOGITECH PRO X 2 LIGHTSPEED Wireless Gaming Headset - MAGENTA,LOGITECH PRO X 2 LIGHTSPEED Wireless Gaming Headset - MAGENTA | Superi.ge,გეიმინგ ყურსასმენი LOGITECH PRO X 2 LIGHTSPEED Wireless,LOGITECH PRO X 2 LIGHTSPEED Wireless Gaming Headset ვარდისფერი გეიმინგ ყურსასმენი 50 მმ დინამიკითა და მიკროფონით.,,,ქართული ტიპი დაემატა,არა
14828,S15794,https://superi.ge/lenovo-110-stereo-usb-headset-gxd1e71385/,yursasmenebi,Lenovo 110 Stereo USB Headset (GXD1E71385),გეიმინგ ყურსასმენი Lenovo 110 Stereo USB Headset (GXD1E71385),Lenovo 110 Stereo USB Headset (GXD1E71385) | Superi.ge,გეიმინგ ყურსასმენი Lenovo 110 Stereo USB Headset (GXD1E71385),Lenovo 110 Stereo USB Headset (GXD1E71385) ნაცრისფერი ყურზე დასადები ყურსასმენი 30 მმ დინამიკითა და მიკროფონით.,,,ქართული ტიპი დაემატა,არა
14829,S32476,https://superi.ge/lenovo-h110-stereo-usb-headset-black/,yursasmenebi,Lenovo H110 Stereo USB Headset Black,გეიმინგ ყურსასმენი Lenovo H110 Stereo USB Headset Black,Lenovo H110 Stereo USB Headset Black | Superi.ge,გეიმინგ ყურსასმენი Lenovo H110 Stereo USB Headset Black,"Lenovo H110 Stereo USB Headset Black — კავშირის ტიპი USB, 3.5 მმ Jack, ყურსასმენი, მგრძნობელობა 110 დბ, წინაღობა 32 Ω. ✓ ნაწილ-ნაწილ გადახდა ✓ მიწოდება",,,ქართული ტიპი დაემატა,არა
14830,S81687,https://superi.ge/lenovo-h210-gaming-headset-black/,yursasmenebi,Lenovo H210 Gaming Headset - Black,გეიმინგ ყურსასმენი Lenovo H210 Gaming Headset - Black,Lenovo H210 Gaming Headset - Black | Superi.ge,გეიმინგ ყურსასმენი Lenovo H210 Gaming Headset - Black | Superi.ge,Lenovo H210 Gaming Headset შავი გეიმინგ ყურსასმენი 50 მმ დინამიკითა და მიკროფონით.,,,ქართული ტიპი დაემატა,არა
14813,S71320,https://superi.ge/lenovo-legion-s600-gaming-station-gxf1b64183/,yursasmenebi,Lenovo Legion S600 Gaming Station (GXF1B64183),გეიმინგ ყურსასმენი Lenovo Legion S600 Gaming Station (GXF1B64183),Lenovo Legion S600 Gaming Station (GXF1B64183) | Superi.ge,გეიმინგ ყურსასმენი Lenovo Legion S600 Gaming Station (GXF1B64183),"Lenovo Legion S600 Gaming Station (GXF1B64183) — გეიმინგ ყურსასმენი, თავსებადობა Windows 10, გამომავალი დენი Pogo pin - 5 W, USB 2.0 2. ✓ ნაწილ-ნაწილ გადახდა",,,ქართული ტიპი დაემატა,არა
14811,S46231,https://superi.ge/logitech-corded-stereo-headset-pc960-l981-000100-black/,yursasmenebi,Logitech Corded Stereo Headset PC960 L981-000100 Black,გეიმინგ ყურსასმენი Logitech Corded Stereo Headset PC960 L981-000100 Black,Logitech Corded Stereo Headset PC960 L981-000100 Black | Superi.ge,გეიმინგ ყურსასმენი Logitech Corded Stereo Headset PC960,Logitech Corded Stereo Headset PC960 L981-000100 შავი ქოლცენტრის ყურსასმენი.,,,ქართული ტიპი დაემატა,არა
14821,S19493,https://superi.ge/logitech-g-pro-x2-lightspeed-wireless-gaming-headset-white/,yursasmenebi,Logitech G PRO X2 LIGHTSPEED Wireless Gaming Headset - White,გეიმინგ ყურსასმენი Logitech G PRO X2 LIGHTSPEED Wireless Gaming Headset - White,Logitech G PRO X2 LIGHTSPEED Wireless Gaming Headset - White | Superi.ge,გეიმინგ ყურსასმენი Logitech G PRO X2 LIGHTSPEED Wireless,"Logitech G PRO X2 LIGHTSPEED Wireless Gaming Headset თეთრი გეიმინგ ყურსასმენი 50 მმ დინამიკით, მიკროფონითა და 50 საათამდე მუშაობის დროით.",,,ქართული ტიპი დაემატა,არა
14822,S56684,https://superi.ge/logitech-g321-lightspeed-wireless-gaming-headset-black/,yursasmenebi,Logitech G321 LIGHTSPEED Wireless Gaming Headset - BLACK,გეიმინგ ყურსასმენი Logitech G321 LIGHTSPEED Wireless Gaming Headset - BLACK,Logitech G321 LIGHTSPEED Wireless Gaming Headset - BLACK | Superi.ge,გეიმინგ ყურსასმენი Logitech G321 LIGHTSPEED Wireless Gaming,"Logitech G321 LIGHTSPEED Wireless Gaming Headset შავი გეიმინგ ყურსასმენი Bluetooth 5.2-ით, 40 მმ დინამიკით, მიკროფონითა და 20 საათამდე მუშაობის დროით.",,,ქართული ტიპი დაემატა,არა
14827,S20757,https://superi.ge/marvo-quaz-wireless-in-ear-earbuds-be-889-black-red/,yursasmenebi,MARVO Quaz Wireless In-Ear Earbuds BE-889 - Black Red,უსადენო ყურსასმენი MARVO Quaz Wireless In-Ear Earbuds BE-889 - Black Red,MARVO Quaz Wireless In-Ear Earbuds BE-889 - Black Red | Superi.ge,უსადენო ყურსასმენი MARVO Quaz Wireless In-Ear Earbuds BE-889,MARVO Quaz Wireless In-Ear Earbuds BE-889 შავი ყურსასმენი Bluetooth 5.3-ითა და მიკროფონით.,,,ქართული ტიპი დაემატა,არა
14786,S58167,https://superi.ge/marshall-major-iv-bluetooth-black/,yursasmenebi,Marshall Major IV Bluetooth Black,უსადენო ყურსასმენი Marshall Major IV Bluetooth Black,Marshall Major IV Bluetooth Black | Superi.ge,უსადენო ყურსასმენი Marshall Major IV Bluetooth Black | Superi.ge,"Marshall Major IV Bluetooth შავი ყურზე დასადები ყურსასმენი Bluetooth 5-ით, 40 მმ დინამიკით, მიკროფონითა და 80 საათამდე მუშაობის დროით.",,,ქართული ტიპი დაემატა,არა
14787,S25012,https://superi.ge/marshall-major-iv-bluetooth-brown/,yursasmenebi,Marshall Major IV Bluetooth Brown,უსადენო ყურსასმენი Marshall Major IV Bluetooth Brown,Marshall Major IV Bluetooth Brown | Superi.ge,უსადენო ყურსასმენი Marshall Major IV Bluetooth Brown | Superi.ge,"Marshall Major IV Bluetooth ყავისფერი ყურზე დასადები ყურსასმენი Bluetooth 5-ით, 40 მმ დინამიკით, მიკროფონითა და 80 საათამდე მუშაობის დროით.",,,ქართული ტიპი დაემატა,არა
14790,S38298,https://superi.ge/marshall-major-v-cream/,yursasmenebi,Marshall Major V Cream,ყურსასმენი Marshall Major V Cream,Marshall Major V Cream | Superi.ge,ყურსასმენი Marshall Major V Cream | Superi.ge,"Marshall Major V კრემისფერი ყურზე დასადები ყურსასმენი Bluetooth 5.3-ით, 40 მმ დინამიკით, მიკროფონითა და 100 საათამდე მუშაობის დროით.",,,ქართული ტიპი დაემატა,არა
14825,S72988,https://superi.ge/marvo-h8959-wired-headset-white/,yursasmenebi,Marvo H8959 Wired Headset - White,გეიმინგ ყურსასმენი Marvo H8959 Wired Headset - White,Marvo H8959 Wired Headset - White | Superi.ge,გეიმინგ ყურსასმენი Marvo H8959 Wired Headset - White | Superi.ge,"Marvo H8959 Wired Headset - White — კავშირის ტიპი სადენიანი, ყურის გარშემო ყურსასმენი, ნათება RGB, მიკროფონი. ✓ ნაწილ-ნაწილ გადახდა ✓ მიწოდება მთელ საქართველოში",,,ქართული ტიპი დაემატა,არა
14826,S70559,https://superi.ge/marvo-hg9076w-tactic-x-pro-wireless-headset/,yursasmenebi,Marvo HG9076W Tactic X Pro wireless headset,გეიმინგ ყურსასმენი Marvo HG9076W Tactic X Pro wireless headset,Marvo HG9076W Tactic X Pro wireless headset | Superi.ge,გეიმინგ ყურსასმენი Marvo HG9076W Tactic X Pro wireless headset,Marvo HG9076W Tactic X Pro wireless headset შავი გეიმინგ ყურსასმენი მიკროფონით.,,,ქართული ტიპი დაემატა,არა
14746,S64255,https://superi.ge/motorola-moto-buds-bass-blue-jewel/,yursasmenebi,Motorola Moto Buds Bass Blue Jewel,უსადენო ყურსასმენი Motorola Moto Buds Bass Blue Jewel,Motorola Moto Buds Bass Blue Jewel | Superi.ge,უსადენო ყურსასმენი Motorola Moto Buds Bass Blue Jewel | Superi.ge,"Motorola Moto Buds Bass ლურჯი უსადენო ყურსასმენი ხმაურის აქტიური ჩახშობით, Bluetooth 5.3-ით, 12.4 მმ დინამიკით, მიკროფონითა და 43 საათამდე მუშაობის დროით.",,,ქართული ტიპი დაემატა,არა
14731,S91427,https://superi.ge/nothing-cmf-buds-2-green/,yursasmenebi,Nothing CMF Buds 2 Green,უსადენო ყურსასმენი Nothing CMF Buds 2 Green,Nothing CMF Buds 2 Green | Superi.ge,უსადენო ყურსასმენი Nothing CMF Buds 2 Green | Superi.ge,"Nothing CMF Buds 2 მწვანე უსადენო ყურსასმენი ხმაურის აქტიური ჩახშობით, Bluetooth 5.4-ით, 11 მმ დინამიკით, მიკროფონითა და 55 საათამდე მუშაობის დროით.",,,ქართული ტიპი დაემატა,არა
14732,S63478,https://superi.ge/nothing-cmf-buds-2-orange/,yursasmenebi,Nothing CMF Buds 2 Orange,უსადენო ყურსასმენი Nothing CMF Buds 2 Orange,Nothing CMF Buds 2 Orange | Superi.ge,უსადენო ყურსასმენი Nothing CMF Buds 2 Orange | Superi.ge,"Nothing CMF Buds 2 ნარინჯისფერი უსადენო ყურსასმენი ხმაურის აქტიური ჩახშობით, Bluetooth 5.4-ით, 11 მმ დინამიკით, მიკროფონითა და 55 საათამდე მუშაობის დროით.",,,ქართული ტიპი დაემატა,არა
14714,S62712,https://superi.ge/nothing-cmf-buds-pro-2-blue/,yursasmenebi,Nothing CMF Buds Pro 2 Blue,უსადენო ყურსასმენი Nothing CMF Buds Pro 2 Blue,Nothing CMF Buds Pro 2 Blue | Superi.ge,უსადენო ყურსასმენი Nothing CMF Buds Pro 2 Blue | Superi.ge,"Nothing CMF Buds Pro 2 ლურჯი უსადენო ყურსასმენი ხმაურის აქტიური ჩახშობით, Bluetooth 5.3-ით, 11 მმ დინამიკით, მიკროფონითა და 43 საათამდე მუშაობის დროით.",,,ქართული ტიპი დაემატა,არა
14715,S90963,https://superi.ge/nothing-cmf-buds-pro-2-dark-grey/,yursasmenebi,Nothing CMF Buds Pro 2 Dark Grey,უსადენო ყურსასმენი Nothing CMF Buds Pro 2 Dark Grey,Nothing CMF Buds Pro 2 Dark Grey | Superi.ge,უსადენო ყურსასმენი Nothing CMF Buds Pro 2 Dark Grey | Superi.ge,"Nothing CMF Buds Pro 2 უსადენო ყურსასმენი ხმაურის აქტიური ჩახშობით, Bluetooth 5.3-ით, 11 მმ დინამიკით, მიკროფონითა და 43 საათამდე მუშაობის დროით.",,,ქართული ტიპი დაემატა,არა
14716,S32010,https://superi.ge/nothing-cmf-buds-pro-2-light-grey/,yursasmenebi,Nothing CMF Buds Pro 2 Light Grey,უსადენო ყურსასმენი Nothing CMF Buds Pro 2 Light Grey,Nothing CMF Buds Pro 2 Light Grey | Superi.ge,უსადენო ყურსასმენი Nothing CMF Buds Pro 2 Light Grey | Superi.ge,"Nothing CMF Buds Pro 2 ნაცრისფერი უსადენო ყურსასმენი ხმაურის აქტიური ჩახშობით, Bluetooth 5.3-ით, 11 მმ დინამიკით, მიკროფონითა და 43 საათამდე მუშაობის დროით.",,,ქართული ტიპი დაემატა,არა
14791,S33740,https://superi.ge/nothing-cmf-headphone-pro-light-grey/,yursasmenebi,Nothing CMF Headphone Pro Light Grey,ყურსასმენი Nothing CMF Headphone Pro Light Grey,Nothing CMF Headphone Pro Light Grey | Superi.ge,ყურსასმენი Nothing CMF Headphone Pro Light Grey | Superi.ge,"Nothing CMF Headphone Pro ნაცრისფერი ყურის გარშემო ყურსასმენი ხმაურის აქტიური ჩახშობით, Bluetooth 5.4-ით, 40 მმ დინამიკით, მიკროფონითა და 100 საათამდე მუშაობის დროით.",,,ქართული ტიპი დაემატა,არა
14713,S79429,https://superi.ge/nothing-ear-a-black/,yursasmenebi,Nothing EAR (a) Black,ყურსასმენი Nothing EAR (a) Black,Nothing EAR (a) Black | Superi.ge,ყურსასმენი Nothing EAR (a) Black | Superi.ge,"Nothing EAR (a) შავი უსადენო ყურსასმენი ხმაურის აქტიური ჩახშობით, Bluetooth 5.3-ით, 11 მმ დინამიკით, მიკროფონითა და 40 საათამდე მუშაობის დროით.",,,ქართული ტიპი დაემატა,არა
14798,S89136,https://superi.ge/nothing-headphone-a-b186-black/,yursasmenebi,Nothing Headphone (A) B186 Black,ყურსასმენი Nothing Headphone (A) B186 Black,Nothing Headphone (A) B186 Black | Superi.ge,ყურსასმენი Nothing Headphone (A) B186 Black | Superi.ge,"Nothing Headphone (A) B186 შავი ყურის გარშემო ყურსასმენი ხმაურის აქტიური ჩახშობით, Bluetooth 5.4-ით, 40 მმ დინამიკით, მიკროფონითა და 135 საათამდე მუშაობის დროით.",,,ქართული ტიპი დაემატა,არა
14799,S77379,https://superi.ge/nothing-headphone-a-b186-white/,yursasmenebi,Nothing Headphone (A) B186 White,ყურსასმენი Nothing Headphone (A) B186 White,Nothing Headphone (A) B186 White | Superi.ge,ყურსასმენი Nothing Headphone (A) B186 White | Superi.ge,"Nothing Headphone (A) B186 თეთრი ყურის გარშემო ყურსასმენი ხმაურის აქტიური ჩახშობით, Bluetooth 5.4-ით, 40 მმ დინამიკით, მიკროფონითა და 135 საათამდე მუშაობის დროით.",,,ქართული ტიპი დაემატა,არა
14800,S41647,https://superi.ge/nothing-headphone-a-b186-yellow/,yursasmenebi,Nothing Headphone (A) B186 Yellow,ყურსასმენი Nothing Headphone (A) B186 Yellow,Nothing Headphone (A) B186 Yellow | Superi.ge,ყურსასმენი Nothing Headphone (A) B186 Yellow | Superi.ge,"Nothing Headphone (A) B186 ყვითელი ყურის გარშემო ყურსასმენი ხმაურის აქტიური ჩახშობით, Bluetooth 5.4-ით, 40 მმ დინამიკით, მიკროფონითა და 135 საათამდე მუშაობის დროით.",,,ქართული ტიპი დაემატა,არა
14832,S49295,https://superi.ge/nubi-headset-nh1-white/,yursasmenebi,"Nubi Headset NH1, White","გეიმინგ ყურსასმენი Nubi Headset NH1, White","Nubi Headset NH1, White | Superi.ge","გეიმინგ ყურსასმენი Nubi Headset NH1, White | Superi.ge","Nubi Headset NH1, თეთრი გეიმინგ ყურსასმენი 50 მმ დინამიკითა და მიკროფონით.",,,ქართული ტიპი დაემატა,არა
14833,S90646,https://superi.ge/nubi-nh1-wired-gaming-headset-premium-audio-quality/,yursasmenebi,Nubi NH1 Wired Gaming Headset | Premium Audio Quality,გეიმინგ ყურსასმენი Nubi NH1 Wired Gaming Headset | Premium Audio Quality,Nubi NH1 Wired Gaming Headset | Premium Audio Quality | Superi.ge,გეიმინგ ყურსასმენი Nubi NH1 Wired Gaming Headset | Premium,Nubi NH1 Wired Gaming Headset შავი გეიმინგ ყურსასმენი 50 მმ დინამიკითა და მიკროფონით.,,,ქართული ტიპი დაემატა,არა
14805,S24748,https://superi.ge/oneplus-bullets-wireless-z3-black/,yursasmenebi,OnePlus Bullets Wireless Z3 Black,უსადენო ყურსასმენი OnePlus Bullets Wireless Z3 Black,OnePlus Bullets Wireless Z3 Black | Superi.ge,უსადენო ყურსასმენი OnePlus Bullets Wireless Z3 Black | Superi.ge,"OnePlus Bullets Wireless Z3 შავი უსადენო ყურსასმენი Bluetooth 5.4-ით, 14.5 მმ დინამიკით, მიკროფონით, 36 საათამდე მუშაობის დროითა და IP55 დაცვით.",,,ქართული ტიპი დაემატა,არა
14804,S93683,https://superi.ge/oneplus-bullets-wireless-z3-red/,yursasmenebi,OnePlus Bullets Wireless Z3 Red,უსადენო ყურსასმენი OnePlus Bullets Wireless Z3 Red,OnePlus Bullets Wireless Z3 Red | Superi.ge,უსადენო ყურსასმენი OnePlus Bullets Wireless Z3 Red | Superi.ge,"OnePlus Bullets Wireless Z3 წითელი უსადენო ყურსასმენი Bluetooth 5.4-ით, 14.5 მმ დინამიკით, მიკროფონით, 36 საათამდე მუშაობის დროითა და IP55 დაცვით.",,,ქართული ტიპი დაემატა,არა
14735,S79935,https://superi.ge/oneplus-nord-buds-3r-blue/,yursasmenebi,OnePlus Nord Buds 3r Blue,უსადენო ყურსასმენი OnePlus Nord Buds 3r Blue,OnePlus Nord Buds 3r Blue | Superi.ge,უსადენო ყურსასმენი OnePlus Nord Buds 3r Blue | Superi.ge,"OnePlus Nord Buds 3r ლურჯი უსადენო ყურსასმენი Bluetooth 5.4-ით, 12.4 მმ დინამიკით, მიკროფონით, 54 საათამდე მუშაობის დროითა და IP55 დაცვით.",,,ქართული ტიპი დაემატა,არა
14753,S52938,https://superi.ge/oneplus-nord-buds-4-e522a-astral-teal/,yursasmenebi,Oneplus Nord Buds 4 E522A Astral Teal,უსადენო ყურსასმენი Oneplus Nord Buds 4 E522A Astral Teal,Oneplus Nord Buds 4 E522A Astral Teal | Superi.ge,უსადენო ყურსასმენი Oneplus Nord Buds 4 E522A Astral Teal,"Oneplus Nord Buds 4 E522A Astral ფირუზისფერი უსადენო ყურსასმენი ხმაურის აქტიური ჩახშობით, Bluetooth 6.1-ით, 12 მმ დინამიკით, მიკროფონითა და 54 საათამდე მუშაობის დროით.",,,ქართული ტიპი დაემატა,არა
14748,S45526,https://superi.ge/oneplus-nord-buds-4-pro-e518a-black/,yursasmenebi,Oneplus Nord Buds 4 Pro E518A Black,უსადენო ყურსასმენი Oneplus Nord Buds 4 Pro E518A Black,Oneplus Nord Buds 4 Pro E518A Black | Superi.ge,უსადენო ყურსასმენი Oneplus Nord Buds 4 Pro E518A Black,"Oneplus Nord Buds 4 Pro E518A შავი უსადენო ყურსასმენი ხმაურის აქტიური ჩახშობით, Bluetooth 6.0-ით, 12 მმ დინამიკით, მიკროფონითა და 54 საათამდე მუშაობის დროით.",,,ქართული ტიპი დაემატა,არა
14749,S87944,https://superi.ge/oneplus-nord-buds-4-pro-e518a-grey/,yursasmenebi,Oneplus Nord Buds 4 Pro E518A Grey,უსადენო ყურსასმენი Oneplus Nord Buds 4 Pro E518A Grey,Oneplus Nord Buds 4 Pro E518A Grey | Superi.ge,უსადენო ყურსასმენი Oneplus Nord Buds 4 Pro E518A Grey | Superi.ge,"Oneplus Nord Buds 4 Pro E518A ნაცრისფერი უსადენო ყურსასმენი ხმაურის აქტიური ჩახშობით, Bluetooth 6.0-ით, 12 მმ დინამიკით, მიკროფონითა და 54 საათამდე მუშაობის დროით.",,,ქართული ტიპი დაემატა,არა
14895,S76240,https://superi.ge/panasonic-rb-hx220beek/,yursasmenebi,Panasonic RB-HX220BEEK,ყურსასმენი Panasonic RB-HX220BEEK,Panasonic RB-HX220BEEK | Superi.ge,ყურსასმენი Panasonic RB-HX220BEEK | Superi.ge,"Panasonic RB-HX220BEEK შავი ყურის გარშემო ყურსასმენი 40 მმ დინამიკით, მიკროფონითა და 23 საათამდე მუშაობის დროით.",,,ქართული ტიპი დაემატა,არა
14831,S80106,https://superi.ge/razer-barracuda-wireless-multi-platform-gaming-and-mobile-headset-rz04-03790300-r3m1-quartz-pink/,yursasmenebi,Razer Barracuda Wireless Multi-platform Gaming and Mobile Headset (RZ04-03790300-R3M1) - Quartz Pink,გეიმინგ ყურსასმენი Razer Barracuda Wireless Multi-platform Gaming and Mobile Headset (RZ04-03790300-R3M1) - Quartz Pink,Razer Barracuda Wireless Multi-platform Gaming and Mobile Headset (RZ04-03790300-R3M1) - Quartz Pink | Superi.ge,გეიმინგ ყურსასმენი Razer Barracuda Wireless Multi-platform,"Razer Barracuda Wireless Multi-platform Gaming and Mobile Headset (RZ04-03790300-R3M1) ვარდისფერი გეიმინგ ყურსასმენი Bluetooth 5.2-ით, 50 მმ დინამიკით, მიკროფონითა და 40 საათამდე მუშაობის დროით.",,,ქართული ტიპი დაემატა,არა
14770,S25628,https://superi.ge/razer-gaming-headset-kraken-v3-x-black/,yursasmenebi,Razer Gaming Headset Kraken V3 X Black,გეიმინგ ყურსასმენი Razer Gaming Headset Kraken V3 X Black,Razer Gaming Headset Kraken V3 X Black | Superi.ge,გეიმინგ ყურსასმენი Razer Gaming Headset Kraken V3 X Black,Razer Gaming Headset Kraken V3 X შავი გეიმინგ ყურსასმენი 50 მმ დინამიკითა და მიკროფონით.,,,ქართული ტიპი დაემატა,არა
14779,S40368,https://superi.ge/razer-gaming-headset-kraken-v4-x-black/,yursasmenebi,Razer Gaming Headset Kraken V4 X Black,გეიმინგ ყურსასმენი Razer Gaming Headset Kraken V4 X Black,Razer Gaming Headset Kraken V4 X Black | Superi.ge,გეიმინგ ყურსასმენი Razer Gaming Headset Kraken V4 X Black,Razer Gaming Headset Kraken V4 X შავი გეიმინგ ყურსასმენი 40 მმ დინამიკითა და მიკროფონით.,,,ქართული ტიპი დაემატა,არა
14768,S61103,https://superi.ge/razer-gaming-headset-kraken-x-lite-3-5mm-black/,yursasmenebi,Razer Gaming Headset Kraken X Lite 3.5mm Black,გეიმინგ ყურსასმენი Razer Gaming Headset Kraken X Lite 3.5mm Black,Razer Gaming Headset Kraken X Lite 3.5mm Black | Superi.ge,გეიმინგ ყურსასმენი Razer Gaming Headset Kraken X Lite 3.5mm Black,Razer Gaming Headset Kraken X Lite 3.5mm შავი გეიმინგ ყურსასმენი 40 მმ დინამიკითა და მიკროფონით.,,,ქართული ტიპი დაემატა,არა
14727,S31203,https://superi.ge/realme-buds-t200-green/,yursasmenebi,Realme Buds T200 Green,უსადენო ყურსასმენი Realme Buds T200 Green,Realme Buds T200 Green | Superi.ge,უსადენო ყურსასმენი Realme Buds T200 Green | Superi.ge,"Realme Buds T200 მწვანე უსადენო ყურსასმენი ხმაურის აქტიური ჩახშობით, Bluetooth 5.4-ით, 12.4 მმ დინამიკით, 50 საათამდე მუშაობის დროითა და IP55 დაცვით.",,,ქართული ტიპი დაემატა,არა
14728,S41679,https://superi.ge/realme-buds-t200-grey/,yursasmenebi,Realme Buds T200 Grey,უსადენო ყურსასმენი Realme Buds T200 Grey,Realme Buds T200 Grey | Superi.ge,უსადენო ყურსასმენი Realme Buds T200 Grey | Superi.ge,"Realme Buds T200 ნაცრისფერი უსადენო ყურსასმენი ხმაურის აქტიური ჩახშობით, Bluetooth 5.4-ით, 12.4 მმ დინამიკით, 50 საათამდე მუშაობის დროითა და IP55 დაცვით.",,,ქართული ტიპი დაემატა,არა
14726,S26788,https://superi.ge/realme-buds-t200-lite-black/,yursasmenebi,Realme Buds T200 Lite Black,უსადენო ყურსასმენი Realme Buds T200 Lite Black,Realme Buds T200 Lite Black | Superi.ge,უსადენო ყურსასმენი Realme Buds T200 Lite Black | Superi.ge,"Realme Buds T200 Lite შავი უსადენო ყურსასმენი Bluetooth 5.4-ით, 12.4 მმ დინამიკით, მიკროფონით, 48 საათამდე მუშაობის დროითა და IPX4 დაცვით.",,,ქართული ტიპი დაემატა,არა
14729,S36106,https://superi.ge/realme-buds-t200-purple/,yursasmenebi,Realme Buds T200 Purple,უსადენო ყურსასმენი Realme Buds T200 Purple,Realme Buds T200 Purple | Superi.ge,უსადენო ყურსასმენი Realme Buds T200 Purple | Superi.ge,"Realme Buds T200 იისფერი უსადენო ყურსასმენი ხმაურის აქტიური ჩახშობით, Bluetooth 5.4-ით, 12.4 მმ დინამიკით, 50 საათამდე მუშაობის დროითა და IP55 დაცვით.",,,ქართული ტიპი დაემატა,არა
14730,S59203,https://superi.ge/realme-buds-t200-white/,yursasmenebi,Realme Buds T200 White,უსადენო ყურსასმენი Realme Buds T200 White,Realme Buds T200 White | Superi.ge,უსადენო ყურსასმენი Realme Buds T200 White | Superi.ge,"Realme Buds T200 თეთრი უსადენო ყურსასმენი ხმაურის აქტიური ჩახშობით, Bluetooth 5.4-ით, 12.4 მმ დინამიკით, 50 საათამდე მუშაობის დროითა და IP55 დაცვით.",,,ქართული ტიპი დაემატა,არა
14744,S89695,https://superi.ge/realme-buds-t500-pro-black/,yursasmenebi,Realme Buds T500 Pro Black,უსადენო ყურსასმენი Realme Buds T500 Pro Black,Realme Buds T500 Pro Black | Superi.ge,უსადენო ყურსასმენი Realme Buds T500 Pro Black | Superi.ge,"Realme Buds T500 Pro შავი უსადენო ყურსასმენი ხმაურის აქტიური ჩახშობით, Bluetooth 6.1-ით, 12.4 მმ დინამიკით, მიკროფონითა და 56 საათამდე მუშაობის დროით.",,,ქართული ტიპი დაემატა,არა
14745,S84972,https://superi.ge/realme-buds-t500-pro-silver/,yursasmenebi,Realme Buds T500 Pro Silver,უსადენო ყურსასმენი Realme Buds T500 Pro Silver,Realme Buds T500 Pro Silver | Superi.ge,უსადენო ყურსასმენი Realme Buds T500 Pro Silver | Superi.ge,"Realme Buds T500 Pro ვერცხლისფერი უსადენო ყურსასმენი ხმაურის აქტიური ჩახშობით, Bluetooth 6.1-ით, 12.4 მმ დინამიკით, მიკროფონითა და 56 საათამდე მუშაობის დროით.",,,ქართული ტიპი დაემატა,არა
14736,S16097,https://superi.ge/realme-techlife-buds-black/,yursasmenebi,Realme TechLife Buds Black,უსადენო ყურსასმენი Realme TechLife Buds Black,Realme TechLife Buds Black | Superi.ge,უსადენო ყურსასმენი Realme TechLife Buds Black | Superi.ge,"Realme TechLife Buds შავი უსადენო ყურსასმენი Bluetooth 5.4-ით, 12.4 მმ დინამიკით, მიკროფონით, 36 საათამდე მუშაობის დროითა და IPX4 დაცვით.",,,ქართული ტიპი დაემატა,არა
14737,S84175,https://superi.ge/realme-techlife-buds-white/,yursasmenebi,Realme TechLife Buds White,უსადენო ყურსასმენი Realme TechLife Buds White,Realme TechLife Buds White | Superi.ge,უსადენო ყურსასმენი Realme TechLife Buds White | Superi.ge,"Realme TechLife Buds თეთრი უსადენო ყურსასმენი Bluetooth 5.4-ით, 12.4 მმ დინამიკით, მიკროფონით, 36 საათამდე მუშაობის დროითა და IPX4 დაცვით.",,,ქართული ტიპი დაემატა,არა
14733,S44077,https://superi.ge/samsung-buds-core-r410-black/,yursasmenebi,Samsung Buds Core R410 Black,უსადენო ყურსასმენი Samsung Buds Core R410 Black,Samsung Buds Core R410 Black | Superi.ge,უსადენო ყურსასმენი Samsung Buds Core R410 Black | Superi.ge,"Samsung Buds Core R410 შავი უსადენო ყურსასმენი ხმაურის აქტიური ჩახშობით, Bluetooth 5.4-ით, 6.5 მმ დინამიკით, მიკროფონითა და 35 საათამდე მუშაობის დროით.",,,ქართული ტიპი დაემატა,არა
14849,S43159,https://superi.ge/samsung-galaxy-buds-4-pro-black/,yursasmenebi,Samsung Galaxy Buds 4 Pro Black,უსადენო ყურსასმენი Samsung Galaxy Buds 4 Pro Black,Samsung Galaxy Buds 4 Pro Black | Superi.ge,უსადენო ყურსასმენი Samsung Galaxy Buds 4 Pro Black | Superi.ge,"Samsung Galaxy Buds 4 Pro შავი უსადენო ყურსასმენი ხმაურის აქტიური ჩახშობით, Bluetooth 6.1-ითა და IP57 დაცვით.",,,ქართული ტიპი დაემატა,არა
14743,S44029,https://superi.ge/samsung-galaxy-buds-4-pro-sm-r640-black/,yursasmenebi,Samsung Galaxy Buds 4 Pro SM-R640 Black,უსადენო ყურსასმენი Samsung Galaxy Buds 4 Pro SM-R640 Black,Samsung Galaxy Buds 4 Pro SM-R640 Black | Superi.ge,უსადენო ყურსასმენი Samsung Galaxy Buds 4 Pro SM-R640 Black,"Samsung Galaxy Buds 4 Pro SM-R640 შავი უსადენო ყურსასმენი ხმაურის აქტიური ჩახშობით, Bluetooth 6.1-ით, მიკროფონით, 30 საათამდე მუშაობის დროითა და IP57 დაცვით.",,,ქართული ტიპი დაემატა,არა
14848,S19725,https://superi.ge/samsung-galaxy-buds4/,yursasmenebi,Samsung Galaxy Buds4,უსადენო ყურსასმენი Samsung Galaxy Buds4,Samsung Galaxy Buds4 | Superi.ge,უსადენო ყურსასმენი Samsung Galaxy Buds4 | Superi.ge,"Samsung Galaxy Buds4 შავი უსადენო ყურსასმენი ხმაურის აქტიური ჩახშობით, Bluetooth 6.1-ითა და IP54 დაცვით.",,,ქართული ტიპი დაემატა,არა
14807,S20388,https://superi.ge/samsung-type-c-earphones-eo-ic100bwegus-black/,yursasmenebi,Samsung Type-C Earphones EO-IC100BWEGUS Black,ყურსასმენი Samsung Type-C Earphones EO-IC100BWEGUS Black,Samsung Type-C Earphones EO-IC100BWEGUS Black | Superi.ge,ყურსასმენი Samsung Type-C Earphones EO-IC100BWEGUS Black,Samsung Type-C Earphones EO-IC100BWEGUS შავი ყურში ჩასადები ყურსასმენი.,,,ქართული ტიპი დაემატა,არა
14808,S68123,https://superi.ge/samsung-type-c-earphones-eo-ic100bwegus-white/,yursasmenebi,Samsung Type-C Earphones EO-IC100BWEGUS White,ყურსასმენი Samsung Type-C Earphones EO-IC100BWEGUS White,Samsung Type-C Earphones EO-IC100BWEGUS White | Superi.ge,ყურსასმენი Samsung Type-C Earphones EO-IC100BWEGUS White,Samsung Type-C Earphones EO-IC100BWEGUS თეთრი ყურში ჩასადები ყურსასმენი.,,,ქართული ტიპი დაემატა,არა
14824,S86085,https://superi.ge/sony-inzone-buds-truly-wireless-noise-canceling-gaming-earbuds-wf-g700n-wz-white/,yursasmenebi,Sony INZONE Buds Truly Wireless Noise Canceling Gaming Earbuds (WF-G700N/WZ) - White,გეიმინგ ყურსასმენი Sony INZONE Buds Truly Wireless Noise Canceling Gaming Earbuds (WF-G700N/WZ) - White,Sony INZONE Buds Truly Wireless Noise Canceling Gaming Earbuds (WF-G700N/WZ) - White | Superi.ge,გეიმინგ ყურსასმენი Sony INZONE Buds Truly Wireless Noise,"Sony INZONE Buds Truly Wireless Noise Canceling Gaming Earbuds თეთრი ყურში ჩასადები ყურსასმენი ხმაურის აქტიური ჩახშობით, Bluetooth 5.3-ით, 8.4 მმ დინამიკით, 12 საათამდე მუშაობის დროითა და IPX4 დაცვით.",,,ქართული ტიპი დაემატა,არა
14823,S51689,https://superi.ge/sony-inzone-h9-wireless-noise-cancelling-gaming-headset-wh-g900n-bz-black/,yursasmenebi,Sony INZONE H9 Wireless Noise Cancelling Gaming Headset (WH-G900N/BZ) - Black,გეიმინგ ყურსასმენი Sony INZONE H9 Wireless Noise Cancelling Gaming Headset (WH-G900N/BZ) - Black,Sony INZONE H9 Wireless Noise Cancelling Gaming Headset (WH-G900N/BZ) - Black | Superi.ge,გეიმინგ ყურსასმენი Sony INZONE H9 Wireless Noise Cancelling,"Sony INZONE H9 Wireless Noise Cancelling Gaming Headset შავი გეიმინგ ყურსასმენი ხმაურის აქტიური ჩახშობით, Bluetooth 5.0-ით, 40 მმ დინამიკით, მიკროფონითა და 32 საათამდე მუშაობის დროით.",,,ქართული ტიპი დაემატა,არა
14881,S48563,https://superi.ge/sony-ult-power-sound-900-a-n-c-forest-grey-whult900n-hce/,yursasmenebi,Sony ULT Power Sound 900 A.N.C Forest Grey (WHULT900N/HCE),ყურსასმენი Sony ULT Power Sound 900 A.N.C Forest Grey (WHULT900N/HCE),Sony ULT Power Sound 900 A.N.C Forest Grey (WHULT900N/HCE) | Superi.ge,ყურსასმენი Sony ULT Power Sound 900 A.N.C Forest Grey,"Sony ULT Power Sound 900 A.N.C Forest ნაცრისფერი ყურის გარშემო ყურსასმენი ხმაურის აქტიური ჩახშობით, 40 მმ დინამიკით, მიკროფონითა და 30 საათამდე მუშაობის დროით.",,,ქართული ტიპი დაემატა,არა
14882,S43591,https://superi.ge/sony-ult-power-sound-900-a-n-c-white-whult900n-wce/,yursasmenebi,Sony ULT Power Sound 900 A.N.C White (WHULT900N/WCE),ყურსასმენი Sony ULT Power Sound 900 A.N.C White (WHULT900N/WCE),Sony ULT Power Sound 900 A.N.C White (WHULT900N/WCE) | Superi.ge,ყურსასმენი Sony ULT Power Sound 900 A.N.C White (WHULT900N/WCE),"Sony ULT Power Sound 900 A.N.C თეთრი ყურის გარშემო ყურსასმენი ხმაურის აქტიური ჩახშობით, 40 მმ დინამიკით, მიკროფონითა და 30 საათამდე მუშაობის დროით.",,,ქართული ტიპი დაემატა,არა
14850,S63731,https://superi.ge/sony-wf-1000xm5-noise-canceling-truly-wireless-earbuds-silver/,yursasmenebi,Sony WF-1000XM5 Noise Canceling Truly Wireless Earbuds - Silver,უსადენო ყურსასმენი Sony WF-1000XM5 Noise Canceling Truly Wireless Earbuds - Silver,Sony WF-1000XM5 Noise Canceling Truly Wireless Earbuds - Silver | Superi.ge,უსადენო ყურსასმენი Sony WF-1000XM5 Noise Canceling Truly,"Sony WF-1000XM5 Noise Canceling Truly Wireless Earbuds ვერცხლისფერი უსადენო ყურსასმენი ხმაურის აქტიური ჩახშობით, 8.4 მმ დინამიკით, 8 საათამდე მუშაობის დროითა და IPX4 დაცვით.",,,ქართული ტიპი დაემატა,არა
14851,S65907,https://superi.ge/sony-wf-1000xm6-wireless-noise-cancelling-in-ear-black-wf1000xm6-bze/,yursasmenebi,Sony WF-1000XM6 Wireless Noise Cancelling In-Ear Black (WF1000XM6/BZE),უსადენო ყურსასმენი Sony WF-1000XM6 Wireless Noise Cancelling In-Ear Black (WF1000XM6/BZE),Sony WF-1000XM6 Wireless Noise Cancelling In-Ear Black (WF1000XM6/BZE) | Superi.ge,უსადენო ყურსასმენი Sony WF-1000XM6 Wireless Noise Cancelling,"Sony WF-1000XM6 Wireless Noise Cancelling In-Ear შავი უსადენო ყურსასმენი ხმაურის აქტიური ჩახშობით, 8.4 მმ დინამიკით, 8 საათამდე მუშაობის დროითა და IPX4 დაცვით.",,,ქართული ტიპი დაემატა,არა
14852,S11545,https://superi.ge/sony-wf-1000xm6-wireless-noise-cancelling-in-ear-silver-wf1000xm6-sze/,yursasmenebi,Sony WF-1000XM6 Wireless Noise Cancelling In-Ear Silver (WF1000XM6/SZE),უსადენო ყურსასმენი Sony WF-1000XM6 Wireless Noise Cancelling In-Ear Silver (WF1000XM6/SZE),Sony WF-1000XM6 Wireless Noise Cancelling In-Ear Silver (WF1000XM6/SZE) | Superi.ge,უსადენო ყურსასმენი Sony WF-1000XM6 Wireless Noise Cancelling,"Sony WF-1000XM6 Wireless Noise Cancelling In-Ear ვერცხლისფერი უსადენო ყურსასმენი ხმაურის აქტიური ჩახშობით, 8.4 მმ დინამიკით, 8 საათამდე მუშაობის დროითა და IPX4 დაცვით.",,,ქართული ტიპი დაემატა,არა
14853,S49409,https://superi.ge/sony-wf-c510-wireless-bluetooth-earbuds-black/,yursasmenebi,Sony WF-C510 Wireless Bluetooth Earbuds Black,უსადენო ყურსასმენი Sony WF-C510 Wireless Bluetooth Earbuds Black,Sony WF-C510 Wireless Bluetooth Earbuds Black | Superi.ge,უსადენო ყურსასმენი Sony WF-C510 Wireless Bluetooth Earbuds Black,"Sony WF-C510 Wireless Bluetooth Earbuds შავი უსადენო ყურსასმენი 6 მმ დინამიკით, 8 საათამდე მუშაობის დროითა და IPX4 დაცვით.",,,ქართული ტიპი დაემატა,არა
14854,S30644,https://superi.ge/sony-wf-c510-wireless-bluetooth-earbuds-blue/,yursasmenebi,Sony WF-C510 Wireless Bluetooth Earbuds Blue,უსადენო ყურსასმენი Sony WF-C510 Wireless Bluetooth Earbuds Blue,Sony WF-C510 Wireless Bluetooth Earbuds Blue | Superi.ge,უსადენო ყურსასმენი Sony WF-C510 Wireless Bluetooth Earbuds Blue,"Sony WF-C510 Wireless Bluetooth Earbuds ლურჯი უსადენო ყურსასმენი 6 მმ დინამიკით, 8 საათამდე მუშაობის დროითა და IPX4 დაცვით.",,,ქართული ტიპი დაემატა,არა
14855,S94018,https://superi.ge/sony-wf-c510-wireless-bluetooth-earbuds-yellow/,yursasmenebi,Sony WF-C510 Wireless Bluetooth Earbuds Yellow,უსადენო ყურსასმენი Sony WF-C510 Wireless Bluetooth Earbuds Yellow,Sony WF-C510 Wireless Bluetooth Earbuds Yellow | Superi.ge,უსადენო ყურსასმენი Sony WF-C510 Wireless Bluetooth Earbuds Yellow,"Sony WF-C510 Wireless Bluetooth Earbuds ყვითელი უსადენო ყურსასმენი 6 მმ დინამიკით, 8 საათამდე მუშაობის დროითა და IPX4 დაცვით.",,,ქართული ტიპი დაემატა,არა
14789,S11531,https://superi.ge/sony-wh-ch520-wireless-stereo-headset-beige/,yursasmenebi,Sony WH-CH520 Wireless Stereo Headset Beige,გეიმინგ ყურსასმენი Sony WH-CH520 Wireless Stereo Headset Beige,Sony WH-CH520 Wireless Stereo Headset Beige | Superi.ge,გეიმინგ ყურსასმენი Sony WH-CH520 Wireless Stereo Headset Beige,"Sony WH-CH520 Wireless Stereo Headset ბეჟი ყურზე დასადები ყურსასმენი Bluetooth 5.2-ით, 30 მმ დინამიკით, მიკროფონითა და 40 საათამდე მუშაობის დროით.",,,ქართული ტიპი დაემატა,არა
14788,S24377,https://superi.ge/sony-wh-ch520-wireless-stereo-headset-black/,yursasmenebi,Sony WH-CH520 Wireless Stereo Headset Black,გეიმინგ ყურსასმენი Sony WH-CH520 Wireless Stereo Headset Black,Sony WH-CH520 Wireless Stereo Headset Black | Superi.ge,გეიმინგ ყურსასმენი Sony WH-CH520 Wireless Stereo Headset Black,"Sony WH-CH520 Wireless Stereo Headset შავი ყურზე დასადები ყურსასმენი Bluetooth 5.2-ით, 30 მმ დინამიკით, მიკროფონითა და 40 საათამდე მუშაობის დროით.",,,ქართული ტიპი დაემატა,არა
14888,S36731,https://superi.ge/sony-wh-ch720-wireless-noise-cancelling-pink/,yursasmenebi,Sony WH-CH720 Wireless Noise Cancelling Pink,უსადენო ყურსასმენი Sony WH-CH720 Wireless Noise Cancelling Pink,Sony WH-CH720 Wireless Noise Cancelling Pink | Superi.ge,უსადენო ყურსასმენი Sony WH-CH720 Wireless Noise Cancelling Pink,"Sony WH-CH720 Wireless Noise Cancelling ვარდისფერი ყურის გარშემო ყურსასმენი ხმაურის აქტიური ჩახშობით, 30 მმ დინამიკით, მიკროფონითა და 35 საათამდე მუშაობის დროით.",,,ქართული ტიპი დაემატა,არა
14883,S63590,https://superi.ge/sony-wh1000xm6-wireless-noise-cancelling-headphones-pink-wh-1000xm6-p/,yursasmenebi,Sony WH1000XM6 wireless noise cancelling headphones Pink (WH-1000XM6/P),უსადენო ყურსასმენი Sony WH1000XM6 wireless noise cancelling headphones Pink (WH-1000XM6/P),Sony WH1000XM6 wireless noise cancelling headphones Pink (WH-1000XM6/P) | Superi.ge,უსადენო ყურსასმენი Sony WH1000XM6 wireless noise cancelling,"Sony WH1000XM6 wireless noise cancelling headphones ვარდისფერი ყურის გარშემო ყურსასმენი ხმაურის აქტიური ჩახშობით, მიკროფონითა და 30 საათამდე მუშაობის დროით.",,,ქართული ტიპი დაემატა,არა
14886,S47238,https://superi.ge/sony-whch720nb/,yursasmenebi,Sony WHCH720NB,ყურსასმენი Sony WHCH720NB,Sony WHCH720NB | Superi.ge,ყურსასმენი Sony WHCH720NB | Superi.ge,"Sony WHCH720NB შავი ყურის გარშემო ყურსასმენი ხმაურის აქტიური ჩახშობით, 30 მმ დინამიკით, მიკროფონითა და 35 საათამდე მუშაობის დროით.",,,ქართული ტიპი დაემატა,არა
14887,S47569,https://superi.ge/sony-whch720nl-blue/,yursasmenebi,Sony WHCH720NL Blue,ყურსასმენი Sony WHCH720NL Blue,Sony WHCH720NL Blue | Superi.ge,ყურსასმენი Sony WHCH720NL Blue | Superi.ge,"Sony WHCH720NL ლურჯი ყურის გარშემო ყურსასმენი ხმაურის აქტიური ჩახშობით, 30 მმ დინამიკით, მიკროფონითა და 35 საათამდე მუშაობის დროით.",,,ქართული ტიპი დაემატა,არა
14889,S51477,https://superi.ge/sony-whch720nw-white/,yursasmenebi,Sony WHCH720NW White,ყურსასმენი Sony WHCH720NW White,Sony WHCH720NW White | Superi.ge,ყურსასმენი Sony WHCH720NW White | Superi.ge,"Sony WHCH720NW თეთრი ყურის გარშემო ყურსასმენი ხმაურის აქტიური ჩახშობით, 30 მმ დინამიკით, მიკროფონითა და 35 საათამდე მუშაობის დროით.",,,ქართული ტიპი დაემატა,არა
14802,S35949,https://superi.ge/sony-wi-c100-wireless-in-ear-headphones-black/,yursasmenebi,Sony WI-C100 Wireless In-ear Headphones Black,უსადენო ყურსასმენი Sony WI-C100 Wireless In-ear Headphones Black,Sony WI-C100 Wireless In-ear Headphones Black | Superi.ge,უსადენო ყურსასმენი Sony WI-C100 Wireless In-ear Headphones Black,Sony WI-C100 Wireless In-ear Headphones შავი უსადენო ყურსასმენი 9 მმ დინამიკითა და 25 საათამდე მუშაობის დროით.,,,ქართული ტიპი დაემატა,არა
14801,S25847,https://superi.ge/sony-wi-c100-wireless-in-ear-headphones-blue/,yursasmenebi,Sony WI-C100 Wireless In-ear Headphones Blue,უსადენო ყურსასმენი Sony WI-C100 Wireless In-ear Headphones Blue,Sony WI-C100 Wireless In-ear Headphones Blue | Superi.ge,უსადენო ყურსასმენი Sony WI-C100 Wireless In-ear Headphones Blue,Sony WI-C100 Wireless In-ear Headphones ლურჯი უსადენო ყურსასმენი 9 მმ დინამიკითა და 25 საათამდე მუშაობის დროით.,,,ქართული ტიპი დაემატა,არა
14803,S88443,https://superi.ge/sony-wi-c100-wireless-in-ear-headphones-white/,yursasmenebi,Sony WI-C100 Wireless In-ear Headphones White,უსადენო ყურსასმენი Sony WI-C100 Wireless In-ear Headphones White,Sony WI-C100 Wireless In-ear Headphones White | Superi.ge,უსადენო ყურსასმენი Sony WI-C100 Wireless In-ear Headphones White,Sony WI-C100 Wireless In-ear Headphones თეთრი უსადენო ყურსასმენი 9 მმ დინამიკითა და 25 საათამდე მუშაობის დროით.,,,ქართული ტიპი დაემატა,არა
14885,S32950,https://superi.ge/sony-wireless-headphones-black-wh-ch520b/,yursasmenebi,Sony WIRELESS HEADPHONES Black (WH-CH520B),უსადენო ყურსასმენი Sony WIRELESS HEADPHONES Black (WH-CH520B),Sony WIRELESS HEADPHONES Black (WH-CH520B) | Superi.ge,უსადენო ყურსასმენი Sony WIRELESS HEADPHONES Black (WH-CH520B),"Sony WIRELESS HEADPHONES შავი ყურზე დასადები ყურსასმენი 30 მმ დინამიკით, მიკროფონითა და 40 საათამდე მუშაობის დროით.",,,ქართული ტიპი დაემატა,არა
14884,S99388,https://superi.ge/sony-wireless-headphones-white-wh-ch520w/,yursasmenebi,Sony WIRELESS HEADPHONES White (WH-CH520W),უსადენო ყურსასმენი Sony WIRELESS HEADPHONES White (WH-CH520W),Sony WIRELESS HEADPHONES White (WH-CH520W) | Superi.ge,უსადენო ყურსასმენი Sony WIRELESS HEADPHONES White (WH-CH520W),"Sony WIRELESS HEADPHONES თეთრი ყურზე დასადები ყურსასმენი 30 მმ დინამიკით, მიკროფონითა და 40 საათამდე მუშაობის დროით.",,,ქართული ტიპი დაემატა,არა
14869,S28738,https://superi.ge/technics-eah-az60m2gk-ii-tws-earbuds-black/,yursasmenebi,Technics EAH-AZ60M2GK II TWS Earbuds Black,უსადენო ყურსასმენი Technics EAH-AZ60M2GK II TWS Earbuds Black,Technics EAH-AZ60M2GK II TWS Earbuds Black | Superi.ge,უსადენო ყურსასმენი Technics EAH-AZ60M2GK II TWS Earbuds Black,"Technics EAH-AZ60M2GK II TWS Earbuds შავი უსადენო ყურსასმენი ხმაურის აქტიური ჩახშობით, Bluetooth 5.3-ით, 7 საათამდე მუშაობის დროითა და IPX4 დაცვით.",,,ქართული ტიპი დაემატა,არა
14870,S72785,https://superi.ge/technics-eah-az60m2gs-ii-tws-earbuds-silver/,yursasmenebi,Technics EAH-AZ60M2GS II TWS Earbuds Silver,უსადენო ყურსასმენი Technics EAH-AZ60M2GS II TWS Earbuds Silver,Technics EAH-AZ60M2GS II TWS Earbuds Silver | Superi.ge,უსადენო ყურსასმენი Technics EAH-AZ60M2GS II TWS Earbuds Silver,"Technics EAH-AZ60M2GS II TWS Earbuds ვერცხლისფერი უსადენო ყურსასმენი ხმაურის აქტიური ჩახშობით, Bluetooth 5.3-ით, 8 მმ დინამიკით, 5.5 საათამდე მუშაობის დროითა და IPX4 დაცვით.",,,ქართული ტიპი დაემატა,არა
14834,S26576,https://superi.ge/xtrike-me-wired-gaming-headset-gh-510-black/,yursasmenebi,XTRIKE ME Wired Gaming Headset GH-510 - Black,გეიმინგ ყურსასმენი XTRIKE ME Wired Gaming Headset GH-510 - Black,XTRIKE ME Wired Gaming Headset GH-510 - Black | Superi.ge,გეიმინგ ყურსასმენი XTRIKE ME Wired Gaming Headset GH-510 - Black,XTRIKE ME Wired Gaming Headset GH-510 შავი ყურის გარშემო ყურსასმენი მიკროფონით.,,,ქართული ტიპი დაემატა,არა
14718,S97457,https://superi.ge/xiaomi-redmi-buds-6-play-pink/,yursasmenebi,Xiaomi Redmi Buds 6 Play Pink,უსადენო ყურსასმენი Xiaomi Redmi Buds 6 Play Pink,Xiaomi Redmi Buds 6 Play Pink | Superi.ge,უსადენო ყურსასმენი Xiaomi Redmi Buds 6 Play Pink | Superi.ge,"Xiaomi Redmi Buds 6 Play ვარდისფერი უსადენო ყურსასმენი Bluetooth 5.4-ით, 12 მმ დინამიკით, მიკროფონით, 36 საათამდე მუშაობის დროითა და IPX4 დაცვით.",,,ქართული ტიპი დაემატა,არა
14717,S31175,https://superi.ge/xiaomi-redmi-buds-6-play-star-blue/,yursasmenebi,Xiaomi Redmi Buds 6 Play Star Blue,უსადენო ყურსასმენი Xiaomi Redmi Buds 6 Play Star Blue,Xiaomi Redmi Buds 6 Play Star Blue | Superi.ge,უსადენო ყურსასმენი Xiaomi Redmi Buds 6 Play Star Blue | Superi.ge,"Xiaomi Redmi Buds 6 Play ლურჯი უსადენო ყურსასმენი Bluetooth 5.4-ით, 12 მმ დინამიკით, მიკროფონით, 36 საათამდე მუშაობის დროითა და IPX4 დაცვით.",,,ქართული ტიპი დაემატა,არა
14719,S24570,https://superi.ge/xiaomi-redmi-buds-6-play-white/,yursasmenebi,Xiaomi Redmi Buds 6 Play White,უსადენო ყურსასმენი Xiaomi Redmi Buds 6 Play White,Xiaomi Redmi Buds 6 Play White | Superi.ge,უსადენო ყურსასმენი Xiaomi Redmi Buds 6 Play White | Superi.ge,"Xiaomi Redmi Buds 6 Play თეთრი უსადენო ყურსასმენი Bluetooth 5.4-ით, 12 მმ დინამიკით, მიკროფონით, 36 საათამდე მუშაობის დროითა და IPX4 დაცვით.",,,ქართული ტიპი დაემატა,არა
14741,S61500,https://superi.ge/xiaomi-redmi-buds-8-active-black/,yursasmenebi,Xiaomi Redmi Buds 8 Active Black,უსადენო ყურსასმენი Xiaomi Redmi Buds 8 Active Black,Xiaomi Redmi Buds 8 Active Black | Superi.ge,უსადენო ყურსასმენი Xiaomi Redmi Buds 8 Active Black | Superi.ge,"Xiaomi Redmi Buds 8 Active შავი უსადენო ყურსასმენი Bluetooth 5.4-ით, 14.2 მმ დინამიკით, მიკროფონით, 37 საათამდე მუშაობის დროითა და IP54 დაცვით.",,,ქართული ტიპი დაემატა,არა
14740,S12302,https://superi.ge/xiaomi-redmi-buds-8-active-blue/,yursasmenebi,Xiaomi Redmi Buds 8 Active Blue,უსადენო ყურსასმენი Xiaomi Redmi Buds 8 Active Blue,Xiaomi Redmi Buds 8 Active Blue | Superi.ge,უსადენო ყურსასმენი Xiaomi Redmi Buds 8 Active Blue | Superi.ge,"Xiaomi Redmi Buds 8 Active ლურჯი უსადენო ყურსასმენი Bluetooth 5.4-ით, 14.2 მმ დინამიკით, მიკროფონით, 37 საათამდე მუშაობის დროითა და IP54 დაცვით.",,,ქართული ტიპი დაემატა,არა
14742,S40338,https://superi.ge/xiaomi-redmi-buds-8-active-white/,yursasmenebi,Xiaomi Redmi Buds 8 Active White,უსადენო ყურსასმენი Xiaomi Redmi Buds 8 Active White,Xiaomi Redmi Buds 8 Active White | Superi.ge,უსადენო ყურსასმენი Xiaomi Redmi Buds 8 Active White | Superi.ge,"Xiaomi Redmi Buds 8 Active თეთრი უსადენო ყურსასმენი Bluetooth 5.4-ით, 14.2 მმ დინამიკით, მიკროფონით, 37 საათამდე მუშაობის დროითა და IP54 დაცვით.",,,ქართული ტიპი დაემატა,არა
14750,S23105,https://superi.ge/xiaomi-redmi-buds-8-black/,yursasmenebi,Xiaomi Redmi Buds 8 Black,უსადენო ყურსასმენი Xiaomi Redmi Buds 8 Black,Xiaomi Redmi Buds 8 Black | Superi.ge,უსადენო ყურსასმენი Xiaomi Redmi Buds 8 Black | Superi.ge,"Xiaomi Redmi Buds 8 შავი უსადენო ყურსასმენი ხმაურის აქტიური ჩახშობით, Bluetooth 5.4-ით, 11 მმ დინამიკით, მიკროფონითა და 44 საათამდე მუშაობის დროით.",,,ქართული ტიპი დაემატა,არა
14738,S27484,https://superi.ge/xiaomi-redmi-buds-8-lite-white/,yursasmenebi,Xiaomi Redmi Buds 8 Lite White,უსადენო ყურსასმენი Xiaomi Redmi Buds 8 Lite White,Xiaomi Redmi Buds 8 Lite White | Superi.ge,უსადენო ყურსასმენი Xiaomi Redmi Buds 8 Lite White | Superi.ge,"Xiaomi Redmi Buds 8 Lite თეთრი უსადენო ყურსასმენი ხმაურის აქტიური ჩახშობით, Bluetooth 5.4-ით, 12.4 მმ დინამიკით, მიკროფონითა და 36 საათამდე მუშაობის დროით.",,,ქართული ტიპი დაემატა,არა
14747,S88199,https://superi.ge/xiaomi-redmi-buds-8-pro-white/,yursasmenebi,Xiaomi Redmi Buds 8 Pro White,უსადენო ყურსასმენი Xiaomi Redmi Buds 8 Pro White,Xiaomi Redmi Buds 8 Pro White | Superi.ge,უსადენო ყურსასმენი Xiaomi Redmi Buds 8 Pro White | Superi.ge,"Xiaomi Redmi Buds 8 Pro თეთრი უსადენო ყურსასმენი ხმაურის აქტიური ჩახშობით, Bluetooth 5.4-ით, 11 მმ დინამიკით, მიკროფონითა და 33 საათამდე მუშაობის დროით.",,,ქართული ტიპი დაემატა,არა
14751,S14816,https://superi.ge/xiaomi-redmi-buds-8-white/,yursasmenebi,Xiaomi Redmi Buds 8 White,უსადენო ყურსასმენი Xiaomi Redmi Buds 8 White,Xiaomi Redmi Buds 8 White | Superi.ge,უსადენო ყურსასმენი Xiaomi Redmi Buds 8 White | Superi.ge,"Xiaomi Redmi Buds 8 თეთრი უსადენო ყურსასმენი ხმაურის აქტიური ჩახშობით, Bluetooth 5.4-ით, 11 მმ დინამიკით, მიკროფონითა და 44 საათამდე მუშაობის დროით.",,,ქართული ტიპი დაემატა,არა
14810,S15009,https://superi.ge/xiaomi-type-c-earphones-black/,yursasmenebi,Xiaomi Type-C Earphones Black,ყურსასმენი Xiaomi Type-C Earphones Black,Xiaomi Type-C Earphones Black | Superi.ge,ყურსასმენი Xiaomi Type-C Earphones Black | Superi.ge,"Xiaomi Type-C Earphones Black — კავშირის ტიპი USB Type-C, ყურში ჩასადები ყურსასმენი, მიკროფონი, ფერი შავი. ✓ ნაწილ-ნაწილ გადახდა ✓ მიწოდება მთელ საქართველოში",,,ქართული ტიპი დაემატა,არა
1822,202957,https://superi.ge/harman-kardon-fly-tws/,yursasmenebi,ყურსასმენი HARMAN/KARDON FLY TWS,,ყურსასმენი HARMAN/KARDON FLY TWS,,"ყურსასმენი HARMAN/KARDON FLY TWS — კავშირის ინტერფეისი Bluetooth 5.0. დეტალური მახასიათებლები, ფასი და ხელმისაწვდომობა იხილეთ Superi.ge-ზე.","ყურსასმენი HARMAN/KARDON FLY TWS: დანიშნულება სმარტფონებისთვის, კავშირის ტიპი უსადენო, კავშირის ინტერფეისი Bluetooth 5.0 ტექნიკური, კონსტრუქცია ყურის ნიჟარის.",,meta description: შაბლონური/გაბმული სიტყვები,არა
2883,S40325,https://superi.ge/marshall-major-v-black/,yursasmenebi,ყურსასმენი MARSHALL MAJOR V BLACK,,ყურსასმენი MARSHALL MAJOR V BLACK,,"ყურსასმენი MARSHALL MAJOR V BLACK — კავშირის ინტერფეისი Bluetooth 5.0/3,5 mm jack. დეტალური მახასიათებლები, ფასი და ხელმისაწვდომობა იხილეთ Superi.ge-ზე.","ყურსასმენი MARSHALL MAJOR V BLACK: კავშირის ტიპი უსადენო / სადენით, კონსტრუქცია სრული ზომის, დინამიკების ტიპი დინამიური.",,meta description: შაბლონური/გაბმული სიტყვები,არა
