product_id,url,page_title_ახლა,page_title_ახალი,მიზეზი
116,https://superi.ge/nokia-c21-plus-3gb-32gb-dark-cyan/,მობილური ტელეფონი NOKIA C21 PLUS 3GB/32GB DARK CYAN,მობილური ტელეფონი NOKIA C21 PLUS 3GB/32GB DARK CYAN | Superi.ge,title-ს | Superi.ge აკლია
186,https://superi.ge/tecno-pova-neo-4gb-64gb-blue/,მობილური ტელეფონი TECNO POVA NEO 4GB/64GB BLUE,მობილური ტელეფონი TECNO POVA NEO 4GB/64GB BLUE | Superi.ge,title-ს | Superi.ge აკლია
236,https://superi.ge/nokia-c31-ta-1497-4gb-128gb-mint/,მობილური ტელეფონი NOKIA C31 (TA-1497) 4GB/128GB MINT,მობილური ტელეფონი NOKIA C31 (TA-1497) 4GB/128GB MINT | Superi.ge,title-ს | Superi.ge აკლია
292,https://superi.ge/nokia-c21-ta-1352-2gb-32gb-grey/,მობილური ტელეფონი NOKIA C21 (TA-1352) 2GB/32GB GREY,მობილური ტელეფონი NOKIA C21 (TA-1352) 2GB/32GB GREY | Superi.ge,title-ს | Superi.ge აკლია
319,https://superi.ge/nokia-c30-ta-1359-2gb-32gb-green/,მობილური ტელეფონი NOKIA C30 (TA-1359) 2GB/32GB GREEN,მობილური ტელეფონი NOKIA C30 (TA-1359) 2GB/32GB GREEN | Superi.ge,title-ს | Superi.ge აკლია
338,https://superi.ge/nokia-105-ta-1174-blue/,მობილური ტელეფონი NOKIA 105 (TA-1174) BLUE,მობილური ტელეფონი NOKIA 105 (TA-1174) BLUE | Superi.ge,title-ს | Superi.ge აკლია
343,https://superi.ge/motorola-moto-e40-xt2159-9-4gb-64gb-carbon-grey/,MOTOROLA MOTO E40 (XT2159-9) 4GB/64GB CARBON GREY,მობილური ტელეფონი MOTOROLA MOTO E40 (XT2159-9) 4GB/64GB,title-ს | Superi.ge აკლია
350,https://superi.ge/motorola-moto-e20-xt2155-6-2gb-32gb-gray/,მობილური MOTOROLA MOTO E20 (XT2155-6) 2GB/32GB GRAY,მობილური ტელეფონი MOTOROLA MOTO E20 (XT2155-6) 2GB/32GB GRAY,title-ს | Superi.ge აკლია
425,https://superi.ge/samsung-galaxy-s22-5g-8gb-256gb-black/,SAMSUNG GALAXY S22 5G (SM-S901E/DS) 8GB/256GB BLACK,მობილური ტელეფონი SAMSUNG GALAXY S22 5G (SM-S901E/DS),title-ს | Superi.ge აკლია
497,https://superi.ge/tecno-pova-neo-6gb-128gb-geek-blue/,მობილური ტელეფონი TECNO POVA NEO 6GB/128GB GEEK BLUE,მობილური ტელეფონი TECNO POVA NEO 6GB/128GB GEEK BLUE | Superi.ge,title-ს | Superi.ge აკლია
498,https://superi.ge/tecno-pova-neo-6gb-128gb-obsidian-black/,მობილური TECNO POVA NEO 6GB/128GB OBSIDIAN BLACK,მობილური ტელეფონი TECNO POVA NEO 6GB/128GB OBSIDIAN BLACK,title-ს | Superi.ge აკლია
499,https://superi.ge/tecno-pova-neo-4gb-64gb-obsidian-black/,მობილური TECNO POVA NEO 4GB/64GB OBSIDIAN BLACK,მობილური ტელეფონი TECNO POVA NEO 4GB/64GB OBSIDIAN BLACK,title-ს | Superi.ge აკლია
502,https://superi.ge/tecno-pova-3-6gb-128gb-nfc-electric-blue/,მობილური ტელეფონი TECNO POVA 3 6GB/128GB NFC BLUE,მობილური ტელეფონი TECNO POVA 3 6GB/128GB NFC ELECTRIC BLUE,title-ს | Superi.ge აკლია
504,https://superi.ge/tecno-spark-8c-kg5k-4gb-64gb-diamond-gray/,მობილურიTECNO SPARK 8C (KG5K) 4GB/64GB GRAY,მობილური ტელეფონი TECNO SPARK 8C (KG5K) 4GB/64GB DIAMOND GRAY,title-ს | Superi.ge აკლია
506,https://superi.ge/tecno-camon-19-neo-ch6i-6gb-128gb-nfc-eco-black/,მობილური TECNO CAMON 19 NEO 6GB/128GB NFC BLACK,მობილური ტელეფონი TECNO CAMON 19 NEO (CH6I) 6GB/128GB NFC ECO,title-ს | Superi.ge აკლია
1231,https://superi.ge/apple-iphone-12-64gb-red/,მობილური ტელეფონი APPLE IPHONE 12 64GB RED,მობილური ტელეფონი APPLE IPHONE 12 64GB RED | Superi.ge,title-ს | Superi.ge აკლია
1232,https://superi.ge/apple-iphone-12-64gb-black/,მობილური ტელეფონი APPLE IPHONE 12 64GB BLACK,მობილური ტელეფონი APPLE IPHONE 12 64GB BLACK | Superi.ge,title-ს | Superi.ge აკლია
1962,https://superi.ge/sigma-x-style-18-truck-black/,მობილური ტელეფონი SIGMA X-STYLE 18 TRUCK BLACK,მობილური ტელეფონი SIGMA X-STYLE 18 TRUCK BLACK | Superi.ge,title-ს | Superi.ge აკლია
2102,https://superi.ge/xiaomi-redmi-12-global-version-8gb-256gb-nfc-sky-blue/,XIAOMI REDMI 12 (GLOBAL VERSION) 8GB/256GB NFC SKY BLUE,მობილური ტელეფონი XIAOMI REDMI 12 (GLOBAL VERSION) 8GB/256GB,title-ს | Superi.ge აკლია
2103,https://superi.ge/xiaomi-redmi-12-8gb-256gb-nfc-black/,მობილური XIAOMI REDMI 12 (8GB/256GB) NFC BLACK,მობილური ტელეფონი XIAOMI REDMI 12 (GLOBAL VERSION) 8GB/256GB,title-ს | Superi.ge აკლია
2165,https://superi.ge/honor-x5-plus-global-version-4gb-64gb-midnight-black/,HONOR X5 PLUS (GLOBAL VERSION) 4GB/64GB MIDNIGHT BLACK,მობილური ტელეფონი HONOR X5 PLUS (GLOBAL VERSION) 4GB/64GB,title-ს | Superi.ge აკლია
2166,https://superi.ge/honor-x5-plus-global-version-4gb-64gb-cyan-lake/,HONOR X5 PLUS (GLOBAL VERSION) 4GB/64GB CYAN LAKE,მობილური ტელეფონი HONOR X5 PLUS (GLOBAL VERSION) 4GB/64GB,title-ს | Superi.ge აკლია
2168,https://superi.ge/honor-x6a-4gb-128gb-cyan-lake/,მობილური ტელეფონი HONOR X6A 4GB/128GB CYAN LAKE,მობილური ტელეფონი HONOR X6A 4GB/128GB CYAN LAKE | Superi.ge,title-ს | Superi.ge აკლია
2219,https://superi.ge/apple-iphone-15-128gb-black/,მობილური ტელეფონი APPLE IPHONE 15 128GB BLACK,მობილური ტელეფონი APPLE IPHONE 15 128GB BLACK | Superi.ge,title-ს | Superi.ge აკლია
2220,https://superi.ge/apple-iphone-15-256gb-pink/,მობილური ტელეფონი APPLE IPHONE 15 256GB PINK,მობილური ტელეფონი APPLE IPHONE 15 256GB PINK | Superi.ge,title-ს | Superi.ge აკლია
2369,https://superi.ge/apple-iphone-15-128gb-blue/,მობილური ტელეფონი APPLE IPHONE 15 128GB BLUE,მობილური ტელეფონი APPLE IPHONE 15 128GB BLUE | Superi.ge,title-ს | Superi.ge აკლია
3324,https://superi.ge/apple-iphone-16-128gb-black/,APPLE IPHONE 16 128GB BLACK,მობილური ტელეფონი APPLE IPHONE 16 128GB BLACK | Superi.ge,title-ს | Superi.ge აკლია
9671,https://superi.ge/apple-iphone-air-12gb-256gb-space-black-esim/,Apple iPhone Air e-SIM | 256GB Space Black მობილური ტელეფონი | Superi.ge,Apple iPhone Air e-SIM | 256GB Space Black მობილური ტელეფონი,title > 65
9837,https://superi.ge/apple-iphone-air-12gb-256gb-light-gold/,Apple iPhone Air e-SIM | 256GB Light Gold მობილური ტელეფონი | Superi.ge,Apple iPhone Air e-SIM | 256GB Light Gold მობილური ტელეფონი,title > 65
11725,https://superi.ge/samsung-galaxy-a07-a075fd-4-64gb-black/,მობილური ტელეფონი Samsung Galaxy A07 A075FD 4/64GB Black | Superi.ge,მობილური ტელეფონი Samsung Galaxy A07 A075FD 4/64GB Black,title > 65
11726,https://superi.ge/samsung-galaxy-a07-a075fd-4-64gb-green/,მობილური ტელეფონი Samsung Galaxy A07 A075FD 4/64GB Green | Superi.ge,მობილური ტელეფონი Samsung Galaxy A07 A075FD 4/64GB Green,title > 65
11730,https://superi.ge/samsung-galaxy-a07-a075fd-4-128gb-green/,მობილური ტელეფონი Samsung Galaxy A07 A075FD 4/128GB Green | Superi.ge,მობილური ტელეფონი Samsung Galaxy A07 A075FD 4/128GB Green,title > 65
11732,https://superi.ge/samsung-galaxy-a16-a165f-ds-lte-4-128gb-black/,მობილური ტელეფონი Samsung Galaxy A16 A165F/DS LTE 4/128GB Black | Superi.ge,მობილური ტელეფონი Samsung Galaxy A16 A165F/DS LTE 4/128GB Black,title > 65
11740,https://superi.ge/honor-x6c-6gb-256gb-midnight-black/,მობილური ტელეფონი Honor X6c (6GB/256GB) - Midnight Black | Superi.ge,მობილური ტელეფონი Honor X6c (6GB/256GB) | Superi.ge,title > 65
11749,https://superi.ge/honor-x8d-8gb-128gb-dual-sim-light-blue/,მობილური ტელეფონი Honor X8d 8GB/128GB Dual Sim Light Blue | Superi.ge,მობილური ტელეფონი Honor X8d 8GB/128GB Dual Sim Light Blue,title > 65
11750,https://superi.ge/honor-x8d-8gb-256gb-dual-sim-light-blue/,მობილური ტელეფონი Honor X8d 8GB/256GB Dual Sim Light Blue | Superi.ge,მობილური ტელეფონი Honor X8d 8GB/256GB Dual Sim Light Blue,title > 65
11751,https://superi.ge/honor-x8d-8gb-128gb-dual-sim-velvet-black/,მობილური ტელეფონი Honor X8d 8GB/128GB Dual Sim Velvet Black | Superi.ge,მობილური ტელეფონი Honor X8d 8GB/128GB Dual Sim Velvet Black,title > 65
11752,https://superi.ge/honor-x8d-8gb-256gb-dual-sim-velvet-black/,მობილური ტელეფონი Honor X8d 8GB/256GB Dual Sim Velvet Black | Superi.ge,მობილური ტელეფონი Honor X8d 8GB/256GB Dual Sim Velvet Black,title > 65
11753,https://superi.ge/honor-x8d-8gb-128gb-dual-sim-velvet-grey/,მობილური ტელეფონი Honor X8d 8GB/128GB Dual Sim Velvet Grey | Superi.ge,მობილური ტელეფონი Honor X8d 8GB/128GB Dual Sim Velvet Grey,title > 65
11754,https://superi.ge/honor-x8d-8gb-256gb-dual-sim-velvet-grey/,მობილური ტელეფონი Honor X8d 8GB/256GB Dual Sim Velvet Grey | Superi.ge,მობილური ტელეფონი Honor X8d 8GB/256GB Dual Sim Velvet Grey,title > 65
11764,https://superi.ge/honor-600-pro-12gb-256gb-dual-golden/,მობილური ტელეფონი Honor 600 Pro 12GB/256GB Dual Golden | Superi.ge,მობილური ტელეფონი Honor 600 Pro 12GB/256GB Dual Golden,title > 65
11765,https://superi.ge/honor-600-pro-12gb-512gb-dual-golden/,მობილური ტელეფონი Honor 600 Pro 12GB/512GB Dual Golden | Superi.ge,მობილური ტელეფონი Honor 600 Pro 12GB/512GB Dual Golden,title > 65
11768,https://superi.ge/samsung-galaxy-a07-a075fd-4-128gb-violet/,მობილური ტელეფონი Samsung Galaxy A07 A075FD 4/128GB Violet | Superi.ge,მობილური ტელეფონი Samsung Galaxy A07 A075FD 4/128GB Violet,title > 65
11770,https://superi.ge/samsung-galaxy-a17-a175f-ds-lte-4-128gb-black/,მობილური ტელეფონი Samsung Galaxy A17 A175F/DS LTE 4/128GB Black | Superi.ge,მობილური ტელეფონი Samsung Galaxy A17 A175F/DS LTE 4/128GB Black,title > 65
11771,https://superi.ge/samsung-galaxy-a17-a175f-ds-lte-4-128gb-grey/,მობილური ტელეფონი Samsung Galaxy A17 A175F/DS LTE 4/128GB Grey | Superi.ge,მობილური ტელეფონი Samsung Galaxy A17 A175F/DS LTE 4/128GB Grey,title > 65
11772,https://superi.ge/samsung-galaxy-a17-a175f-ds-lte-4-128gb-light-blue/,მობილური ტელეფონი Samsung Galaxy A17 A175F/DS LTE 4/128GB Light Blue | Superi.ge,მობილური ტელეფონი Samsung Galaxy A17 A175F/DS LTE 4/128GB,title > 65
11778,https://superi.ge/oukitel-wp32-4gb-128gb-dual-sim-black/,მობილური ტელეფონი Oukitel WP32 (4GB/128GB) Dual Sim - Black | Superi.ge,მობილური ტელეფონი Oukitel WP32 (4GB/128GB) Dual Sim | Superi.ge,title > 65
11851,https://superi.ge/samsung-galaxy-a26-a266bd-5g-6-128gb-black/,Samsung Galaxy A26 A266BD 5G 6/128GB Black მობილური ტელეფონი,მობილური ტელეფონი Samsung Galaxy A26 A266BD 5G 6/128GB Black,title-ს | Superi.ge აკლია
11862,https://superi.ge/samsung-galaxy-a57-a576bd-5g-8-128gb-dark-blue/,Samsung Galaxy A57 A576BD 5G 8/128GB Dark Blue მობილური ტელეფონი,მობილური ტელეფონი Samsung Galaxy A57 A576BD 5G 8/128GB Dark Blue,title-ს | Superi.ge აკლია
11864,https://superi.ge/samsung-galaxy-a57-a576bd-5g-8-128gb-grey/,Samsung Galaxy A57 A576BD 5G 8/128GB Grey მობილური ტელეფონი,მობილური ტელეფონი Samsung Galaxy A57 A576BD 5G 8/128GB Grey,title-ს | Superi.ge აკლია
11865,https://superi.ge/samsung-galaxy-a57-a576bd-5g-8-128gb-violet/,Samsung Galaxy A57 A576BD 5G 8/128GB Violet მობილური ტელეფონი,მობილური ტელეფონი Samsung Galaxy A57 A576BD 5G 8/128GB Violet,title-ს | Superi.ge აკლია
11866,https://superi.ge/samsung-galaxy-a57-a576bd-5g-8-256gb-dark-blue/,Samsung Galaxy A57 A576BD 5G 8/256GB Dark Blue მობილური ტელეფონი,მობილური ტელეფონი Samsung Galaxy A57 A576BD 5G 8/256GB Dark Blue,title-ს | Superi.ge აკლია
11867,https://superi.ge/samsung-galaxy-a57-a576bd-5g-8-256gb-icyblue/,Samsung Galaxy A57 A576BD 5G 8/256GB Icyblue მობილური ტელეფონი,მობილური ტელეფონი Samsung Galaxy A57 A576BD 5G 8/256GB Icyblue,title-ს | Superi.ge აკლია
11868,https://superi.ge/samsung-galaxy-a57-a576bd-5g-8-256gb-grey/,Samsung Galaxy A57 A576BD 5G 8/256GB Grey მობილური ტელეფონი,მობილური ტელეფონი Samsung Galaxy A57 A576BD 5G 8/256GB Grey,title-ს | Superi.ge აკლია
11869,https://superi.ge/samsung-galaxy-a57-a576bd-5g-8-256gb-violet/,Samsung Galaxy A57 A576BD 5G 8/256GB Violet მობილური ტელეფონი,მობილური ტელეფონი Samsung Galaxy A57 A576BD 5G 8/256GB Violet,title-ს | Superi.ge აკლია
12548,https://superi.ge/samsung-galaxy-a37-a376ed-5g-8-128gb-green/,მობილური ტელეფონი Samsung Galaxy A37 A376ED 5G 8/128GB GREEN | Superi.ge,მობილური ტელეფონი Samsung Galaxy A37 A376ED 5G 8/128GB GREEN,title > 65
12556,https://superi.ge/apple-iphone-17-e-sim-only-256gb-mist-blue/,Apple iPhone 17 e-SIM Only | 256GB Mist Blue მობილური ტელეფონი | Superi.ge,Apple iPhone 17 e-SIM Only | 256GB Mist Blue მობილური ტელეფონი,title > 65
12557,https://superi.ge/apple-iphone-17-e-sim-only-256gb-sage/,Apple iPhone 17 e-SIM Only | 256GB Sage მობილური ტელეფონი | Superi.ge,Apple iPhone 17 e-SIM Only | 256GB Sage მობილური ტელეფონი,title > 65
12558,https://superi.ge/apple-iphone-17-e-sim-only-256gb-white/,Apple iPhone 17 e-SIM Only | 256GB White მობილური ტელეფონი | Superi.ge,Apple iPhone 17 e-SIM Only | 256GB White მობილური ტელეფონი,title > 65
12564,https://superi.ge/samsung-galaxy-s25-fe-5g-s731b-ds-8-256gb-jet-black/,Samsung Galaxy S25 FE 5G S731B/DS 8/256GB Jet Black მობილური ტელეფონი | Superi.ge,Samsung Galaxy S25 FE 5G S731B/DS 8/256GB Jet Black მობილური,title > 65
12565,https://superi.ge/samsung-galaxy-s25-fe-5g-s731b-ds-8-256gb-icy-blue/,Samsung Galaxy S25 FE 5G S731B/DS 8/256GB Icy Blue მობილური ტელეფონი | Superi.ge,Samsung Galaxy S25 FE 5G S731B/DS 8/256GB Icy Blue მობილური,title > 65
12566,https://superi.ge/samsung-galaxy-s25-fe-5g-s731b-ds-8-256gb-navy/,Samsung Galaxy S25 FE 5G S731B/DS 8/256GB Navy მობილური ტელეფონი | Superi.ge,Samsung Galaxy S25 FE 5G S731B/DS 8/256GB Navy მობილური ტელეფონი,title > 65
12567,https://superi.ge/samsung-galaxy-s25-fe-5g-s731b-ds-8-256gb-white/,Samsung Galaxy S25 FE 5G S731B/DS 8/256GB White მობილური ტელეფონი | Superi.ge,Samsung Galaxy S25 FE 5G S731B/DS 8/256GB White მობილური ტელეფონი,title > 65
12568,https://superi.ge/xiaomi-redmi-a7-pro-lte-4-128gb-black/,Xiaomi Redmi A7 Pro LTE 4/128GB Black მობილური ტელეფონი | Superi.ge,Xiaomi Redmi A7 Pro LTE 4/128GB Black მობილური ტელეფონი,title > 65
12569,https://superi.ge/xiaomi-redmi-a7-pro-lte-4-128gb-blue/,Xiaomi Redmi A7 Pro LTE 4/128GB Blue მობილური ტელეფონი | Superi.ge,Xiaomi Redmi A7 Pro LTE 4/128GB Blue მობილური ტელეფონი,title > 65
12573,https://superi.ge/apple-iphone-air-e-sim-256gb-sky-blue/,Apple iPhone Air e-SIM | 256GB Sky Blue მობილური ტელეფონი | Superi.ge,Apple iPhone Air e-SIM | 256GB Sky Blue მობილური ტელეფონი,title > 65
12574,https://superi.ge/apple-iphone-air-e-sim-256gb-cloud-white/,Apple iPhone Air e-SIM | 256GB Cloud White მობილური ტელეფონი | Superi.ge,Apple iPhone Air e-SIM | 256GB Cloud White მობილური ტელეფონი,title > 65
12576,https://superi.ge/xiaomi-redmi-note-15-pro-5g-12-512gb-black/,Xiaomi Redmi Note 15 Pro+ 5G 12/512GB Black მობილური ტელეფონი | Superi.ge,Xiaomi Redmi Note 15 Pro+ 5G 12/512GB Black მობილური ტელეფონი,title > 65
12593,https://superi.ge/xiaomi-poco-c81-pro-lte-4-128gb-black/,Xiaomi Poco C81 Pro LTE 4/128GB Black მობილური ტელეფონი | Superi.ge,Xiaomi Poco C81 Pro LTE 4/128GB Black მობილური ტელეფონი,title > 65
12597,https://superi.ge/apple-iphone-17-pro-max-256gb-cosmic-orange/,Apple iPhone 17 Pro Max | 256GB Cosmic Orange მობილური ტელეფონი | Superi.ge,Apple iPhone 17 Pro Max | 256GB Cosmic Orange მობილური ტელეფონი,title > 65
12598,https://superi.ge/apple-iphone-17-pro-max-256gb-deep-blue/,Apple iPhone 17 Pro Max | 256GB Deep Blue მობილური ტელეფონი | Superi.ge,Apple iPhone 17 Pro Max | 256GB Deep Blue მობილური ტელეფონი,title > 65
12604,https://superi.ge/motorola-moto-g06-power-lte-4-256gb-laurel-oak/,Motorola Moto G06 Power LTE 4/256GB Laurel oak მობილური ტელეფონი | Superi.ge,Motorola Moto G06 Power LTE 4/256GB Laurel oak მობილური ტელეფონი,title > 65
12605,https://superi.ge/motorola-moto-g06-power-lte-4-256gb-tapestry/,Motorola Moto G06 Power LTE 4/256GB Tapestry მობილური ტელეფონი | Superi.ge,Motorola Moto G06 Power LTE 4/256GB Tapestry მობილური ტელეფონი,title > 65
12606,https://superi.ge/apple-iphone-17-pro-256gb-cosmic-orange/,Apple iPhone 17 Pro | 256GB Cosmic Orange მობილური ტელეფონი | Superi.ge,Apple iPhone 17 Pro | 256GB Cosmic Orange მობილური ტელეფონი,title > 65
12607,https://superi.ge/apple-iphone-17-pro-256gb-deep-blue/,Apple iPhone 17 Pro | 256GB Deep Blue მობილური ტელეფონი | Superi.ge,Apple iPhone 17 Pro | 256GB Deep Blue მობილური ტელეფონი,title > 65
12625,https://superi.ge/samsung-galaxy-s25-ultra-s938b-ds-5g-12-256gb-titanium-grey/,Samsung Galaxy S25 Ultra S938B/DS 5G 12/256GB Titanium Grey მობილური ტელეფონი | Superi.ge,Samsung Galaxy S25 Ultra S938B/DS 5G 12/256GB Titanium Grey,title > 65
12628,https://superi.ge/samsung-galaxy-s26-ultra-s948-5g-12-256gb-white/,Samsung Galaxy S26 Ultra S948 5G 12/256GB White მობილური ტელეფონი | Superi.ge,Samsung Galaxy S26 Ultra S948 5G 12/256GB White მობილური ტელეფონი,title > 65
12629,https://superi.ge/samsung-galaxy-s26-ultra-s948-5g-12-256gb-sky-blue/,Samsung Galaxy S26 Ultra S948 5G 12/256GB Sky Blue მობილური ტელეფონი | Superi.ge,Samsung Galaxy S26 Ultra S948 5G 12/256GB Sky Blue მობილური,title > 65
12630,https://superi.ge/samsung-galaxy-s26-ultra-s948-5g-12-256gb-cobalt-violet/,Samsung Galaxy S26 Ultra S948 5G 12/256GB Cobalt Violet მობილური ტელეფონი | Superi.ge,Samsung Galaxy S26 Ultra S948 5G 12/256GB Cobalt Violet,title > 65
12631,https://superi.ge/samsung-galaxy-s26-ultra-s948-5g-12-256gb-black/,Samsung Galaxy S26 Ultra S948 5G 12/256GB Black მობილური ტელეფონი | Superi.ge,Samsung Galaxy S26 Ultra S948 5G 12/256GB Black მობილური ტელეფონი,title > 65
12642,https://superi.ge/samsung-galaxy-s26-s942-5g-12-256gb-cobalt-violet/,Samsung Galaxy S26 S942 5G 12/256GB Cobalt Violet მობილური ტელეფონი | Superi.ge,Samsung Galaxy S26 S942 5G 12/256GB Cobalt Violet მობილური,title > 65
12643,https://superi.ge/samsung-s942-galaxy-s26-dual-sim-12-256gb-5g-sky-blue/,Samsung S942 Galaxy S26 Dual Sim 12/256GB 5G Sky Blue მობილური ტელეფონი | Superi.ge,Samsung S942 Galaxy S26 Dual Sim 12/256GB 5G Sky Blue,title > 65
12644,https://superi.ge/motorola-moto-edge-70-fusion-5g-8-256gb-black/,Motorola Moto Edge 70 Fusion 5G 8/256GB Black მობილური ტელეფონი | Superi.ge,Motorola Moto Edge 70 Fusion 5G 8/256GB Black მობილური ტელეფონი,title > 65
12645,https://superi.ge/motorola-moto-edge-70-fusion-5g-8-256gb-violet/,Motorola Moto Edge 70 Fusion 5G 8/256GB Violet მობილური ტელეფონი | Superi.ge,Motorola Moto Edge 70 Fusion 5G 8/256GB Violet მობილური ტელეფონი,title > 65
12655,https://superi.ge/motorola-moto-edge-60-fusion-5g-8-256gb-zephyr/,Motorola Moto Edge 60 Fusion 5G 8/256GB Zephyr მობილური ტელეფონი | Superi.ge,Motorola Moto Edge 60 Fusion 5G 8/256GB Zephyr მობილური ტელეფონი,title > 65
12656,https://superi.ge/oneplus-nord-6-5g-12-512gb-fresh-mint/,OnePlus Nord 6 5G 12/512GB Fresh Mint მობილური ტელეფონი | Superi.ge,OnePlus Nord 6 5G 12/512GB Fresh Mint მობილური ტელეფონი,title > 65
12665,https://superi.ge/samsung-galaxy-s25-ultra-s938b-ds-5g-12-256gb-titanium-silver-blue/,Samsung Galaxy S25 Ultra S938B/DS 5G 12/256GB Titanium Silver Blue მობილური ტელეფონი | Superi.ge,Samsung Galaxy S25 Ultra S938B/DS 5G 12/256GB Titanium Silver,title > 65
12666,https://superi.ge/motorola-moto-g77-5g-8-256gb-shaded-spruce/,Motorola Moto G77 5G 8/256GB Shaded Spruce მობილური ტელეფონი | Superi.ge,Motorola Moto G77 5G 8/256GB Shaded Spruce მობილური ტელეფონი,title > 65
12678,https://superi.ge/samsung-galaxy-s26-s942-5g-12-256gb-white/,Samsung Galaxy S26 S942 5G 12/256GB White მობილური ტელეფონი | Superi.ge,Samsung Galaxy S26 S942 5G 12/256GB White მობილური ტელეფონი,title > 65
12680,https://superi.ge/xiaomi-redmi-15c-lte-8gb-256gb-mint-green-ka/,Xiaomi Redmi 15C LTE 8GB/256GB Mint Green მობილური ტელეფონი | Superi.ge,Xiaomi Redmi 15C LTE 8GB/256GB Mint Green მობილური ტელეფონი,title > 65
12692,https://superi.ge/xiaomi-redmi-15c-lte-6gb-128gb-mint-green/,Xiaomi Redmi 15C LTE 6GB/128GB Mint Green მობილური ტელეფონი | Superi.ge,Xiaomi Redmi 15C LTE 6GB/128GB Mint Green მობილური ტელეფონი,title > 65
12693,https://superi.ge/xiaomi-redmi-15c-lte-6gb-128gb-twilight-orange/,Xiaomi Redmi 15C LTE 6GB/128GB Twilight Orange მობილური ტელეფონი | Superi.ge,Xiaomi Redmi 15C LTE 6GB/128GB Twilight Orange მობილური ტელეფონი,title > 65
12695,https://superi.ge/apple-iphone-17-pro-e-sim-only-512gb-cosmic-orange/,Apple iPhone 17 Pro e-SIM Only | 512GB Cosmic Orange მობილური ტელეფონი | Superi.ge,Apple iPhone 17 Pro e-SIM Only | 512GB Cosmic Orange მობილური,title > 65
12997,https://superi.ge/samsung-galaxy-z-flip-8-f776-5g-12-256gb-graphite/,Samsung Galaxy Z Flip 8 F776 5G 12/256GB Graphite მობილური ტელეფონი | Superi.ge,Samsung Galaxy Z Flip 8 F776 5G 12/256GB Graphite მობილური,title > 65
12998,https://superi.ge/samsung-galaxy-a27-a276b-ds-5g-6-128gb-black/,Samsung Galaxy A27 A276B/DS 5G 6/128GB Black მობილური ტელეფონი | Superi.ge,Samsung Galaxy A27 A276B/DS 5G 6/128GB Black მობილური ტელეფონი,title > 65
12999,https://superi.ge/samsung-galaxy-a27-a276b-ds-5g-6-128gb-blue/,Samsung Galaxy A27 A276B/DS 5G 6/128GB Blue მობილური ტელეფონი | Superi.ge,Samsung Galaxy A27 A276B/DS 5G 6/128GB Blue მობილური ტელეფონი,title > 65
13000,https://superi.ge/samsung-galaxy-a37-a376ed-5g-6-128gb-white/,Samsung Galaxy A37 A376ED 5G 6/128GB White მობილური ტელეფონი | Superi.ge,Samsung Galaxy A37 A376ED 5G 6/128GB White მობილური ტელეფონი,title > 65
13009,https://superi.ge/nothing-phone-4a-pro-5g-12-256gb-black/,Nothing Phone 4a Pro 5G 12/256GB Black მობილური ტელეფონი | Superi.ge,Nothing Phone 4a Pro 5G 12/256GB Black მობილური ტელეფონი,title > 65
13014,https://superi.ge/samsung-galaxy-s26-s947-5g-12-256gb-cobalt-violet/,Samsung Galaxy S26+ S947 5G 12/256GB Cobalt Violet მობილური ტელეფონი | Superi.ge,Samsung Galaxy S26+ S947 5G 12/256GB Cobalt Violet მობილური,title > 65
13017,https://superi.ge/xiaomi-redmi-note-17-nfc-5g-6-256gb-teal/,Xiaomi Redmi Note 17 NFC 5G 6/256GB Teal მობილური ტელეფონი | Superi.ge,Xiaomi Redmi Note 17 NFC 5G 6/256GB Teal მობილური ტელეფონი,title > 65
13036,https://superi.ge/xiaomi-redmi-note-17-nfc-5g-6-128gb-purple/,Xiaomi Redmi Note 17 NFC 5G 6/128GB Purple მობილური ტელეფონი | Superi.ge,Xiaomi Redmi Note 17 NFC 5G 6/128GB Purple მობილური ტელეფონი,title > 65
13159,https://superi.ge/samsung-galaxy-a27-a276b-ds-5g-8-256gb-blue/,Samsung Galaxy A27 A276B/DS 5G 8/256GB Blue მობილური ტელეფონი | Superi.ge,Samsung Galaxy A27 A276B/DS 5G 8/256GB Blue მობილური ტელეფონი,title > 65
13161,https://superi.ge/samsung-galaxy-s26-s947-5g-12-256gb-sky-blue/,Samsung Galaxy S26+ S947 5G 12/256GB Sky Blue მობილური ტელეფონი | Superi.ge,Samsung Galaxy S26+ S947 5G 12/256GB Sky Blue მობილური ტელეფონი,title > 65
13232,https://superi.ge/xiaomi-poco-x8-pro-max-5g-12-256gb-white/,Xiaomi Poco X8 Pro Max 5G 12/256GB White მობილური ტელეფონი | Superi.ge,Xiaomi Poco X8 Pro Max 5G 12/256GB White მობილური ტელეფონი,title > 65
13237,https://superi.ge/samsung-galaxy-s26-s947-5g-12-256gb-white/,Samsung Galaxy S26+ S947 5G 12/256GB White მობილური ტელეფონი | Superi.ge,Samsung Galaxy S26+ S947 5G 12/256GB White მობილური ტელეფონი,title > 65
13239,https://superi.ge/xiaomi-poco-f9-pro-5g-12-512gb-green/,Xiaomi Poco F9 Pro 5G 12/512GB Green მობილური ტელეფონი | Superi.ge,Xiaomi Poco F9 Pro 5G 12/512GB Green მობილური ტელეფონი,title > 65
13427,https://superi.ge/samsung-galaxy-z-fold-8-12gb-512gb-lavender/,Samsung Galaxy Z Fold 8 12GB/512GB Lavender მობილური ტელეფონი | Superi.ge,Samsung Galaxy Z Fold 8 12GB/512GB Lavender მობილური ტელეფონი,title > 65
13445,https://superi.ge/honor-600-pro-12gb-512gb-dual-orange/,Honor 600 Pro 12GB/512GB Dual Orange მობილური ტელეფონი | Superi.ge,Honor 600 Pro 12GB/512GB Dual Orange მობილური ტელეფონი,title > 65
13474,https://superi.ge/xiaomi-redmi-note-17-4g-8-256gb-purple/,Xiaomi Redmi Note 17 4G 8/256GB Purple მობილური ტელეფონი | Superi.ge,Xiaomi Redmi Note 17 4G 8/256GB Purple მობილური ტელეფონი,title > 65
13475,https://superi.ge/xiaomi-redmi-note-17-4g-6-256gb-black/,Xiaomi Redmi Note 17 4G 6/256GB Black მობილური ტელეფონი | Superi.ge,Xiaomi Redmi Note 17 4G 6/256GB Black მობილური ტელეფონი,title > 65
13478,https://superi.ge/xiaomi-redmi-note-17-4g-6-256gb-teal/,Xiaomi Redmi Note 17 4G 6/256GB Teal მობილური ტელეფონი | Superi.ge,Xiaomi Redmi Note 17 4G 6/256GB Teal მობილური ტელეფონი,title > 65
13530,https://superi.ge/samsung-galaxy-z-fold-8-ultra-12gb-256gb-graphite/,Samsung Galaxy Z Fold 8 Ultra 12GB/256GB - Graphite მობილური ტელეფონი | Superi.ge,Samsung Galaxy Z Fold 8 Ultra 12GB/256GB | Superi.ge,title > 65
13551,https://superi.ge/motorola-moto-g77-5g-8-256gb-black-olive/,Motorola Moto G77 5G 8/256GB Black Olive მობილური ტელეფონი | Superi.ge,Motorola Moto G77 5G 8/256GB Black Olive მობილური ტელეფონი,title > 65
13670,https://superi.ge/samsung-sm-a085f-galaxy-a08-6gb-128gb-lte-duos-green/,Samsung SM-A085F Galaxy A08 6GB/128GB LTE Duos Green მობილური ტელეფონი | Superi.ge,Samsung SM-A085F Galaxy A08 6GB/128GB LTE Duos Green მობილური,title > 65
13671,https://superi.ge/samsung-sm-a085f-galaxy-a08-4gb-128gb-lte-duos-green/,Samsung SM-A085F Galaxy A08 4GB/128GB LTE Duos Green მობილური ტელეფონი | Superi.ge,Samsung SM-A085F Galaxy A08 4GB/128GB LTE Duos Green მობილური,title > 65
13672,https://superi.ge/samsung-sm-a085f-galaxy-a08-4gb-64gb-lte-duos-green/,Samsung SM-A085F Galaxy A08 4GB/64GB LTE Duos Green მობილური ტელეფონი | Superi.ge,Samsung SM-A085F Galaxy A08 4GB/64GB LTE Duos Green მობილური,title > 65
13673,https://superi.ge/samsung-sm-a085f-galaxy-a08-4gb-64gb-lte-duos-dark-blue/,Samsung SM-A085F Galaxy A08 4GB/64GB LTE Duos dark blue მობილური ტელეფონი | Superi.ge,Samsung SM-A085F Galaxy A08 4GB/64GB LTE Duos dark blue,title > 65
13674,https://superi.ge/samsung-sm-a085f-galaxy-a08-4gb-128gb-lte-duos-dark-blue/,Samsung SM-A085F Galaxy A08 4/128GB LTE Duos dark blue მობილური ტელეფონი | Superi.ge,Samsung SM-A085F Galaxy A08 4/128GB LTE Duos dark blue,title > 65
13675,https://superi.ge/samsung-sm-a085f-galaxy-a08-6gb-128gb-lte-duos-dark-blue/,Samsung SM-A085F Galaxy A08 6GB/128GB LTE Duos dark blue მობილური ტელეფონი | Superi.ge,Samsung SM-A085F Galaxy A08 6GB/128GB LTE Duos dark blue,title > 65
13676,https://superi.ge/samsung-sm-a085f-galaxy-a08-4gb-64gb-lte-duos-silver/,Samsung SM-A085F Galaxy A08 4GB/64GB LTE Duos silver მობილური ტელეფონი | Superi.ge,Samsung SM-A085F Galaxy A08 4GB/64GB LTE Duos silver მობილური,title > 65
13677,https://superi.ge/samsung-sm-a085f-galaxy-a08-4gb-128gb-lte-duos-silver/,Samsung SM-A085F Galaxy A08 4GB/128GB LTE Duos silver მობილური ტელეფონი | Superi.ge,Samsung SM-A085F Galaxy A08 4GB/128GB LTE Duos silver,title > 65
13678,https://superi.ge/samsung-sm-a085f-galaxy-a08-6gb-128gb-lte-duos-silver/,Samsung SM-A085F Galaxy A08 6GB/128GB LTE Duos silver მობილური ტელეფონი | Superi.ge,Samsung SM-A085F Galaxy A08 6GB/128GB LTE Duos silver,title > 65
13705,https://superi.ge/samsung-galaxy-s26-fe-s741b-ds-5g-8-256gb-jet-black/,Samsung Galaxy S26 FE S741B/DS 5G 8/256GB Jet Black მობილური ტელეფონი | Superi.ge,Samsung Galaxy S26 FE S741B/DS 5G 8/256GB Jet Black მობილური,title > 65
13755,https://superi.ge/xiaomi-poco-f9-ultra-5g-16-512gb-black/,Xiaomi Poco F9 Ultra 5G 16/512GB Black მობილური ტელეფონი | Superi.ge,Xiaomi Poco F9 Ultra 5G 16/512GB Black მობილური ტელეფონი,title > 65
13759,https://superi.ge/xiaomi-redmi-note-17-pro-max-5g-8-512gb-black/,Xiaomi Redmi Note 17 Pro Max 5G 8/512GB Black მობილური ტელეფონი | Superi.ge,Xiaomi Redmi Note 17 Pro Max 5G 8/512GB Black მობილური ტელეფონი,title > 65
13765,https://superi.ge/motorola-moto-edge-70-fusion-5g-8-256gb-green/,Motorola Moto Edge 70 Fusion 5G 8/256GB GREEN მობილური ტელეფონი | Superi.ge,Motorola Moto Edge 70 Fusion 5G 8/256GB GREEN მობილური ტელეფონი,title > 65
13773,https://superi.ge/samsung-galaxy-a07s-a077fd-4g-4-64gb-black/,Samsung Galaxy A07s A077FD 4G 4/64GB Black მობილური ტელეფონი | Superi.ge,Samsung Galaxy A07s A077FD 4G 4/64GB Black მობილური ტელეფონი,title > 65
13774,https://superi.ge/samsung-galaxy-a07s-a077fd-4g-4-64gb-green/,Samsung Galaxy A07s A077FD 4G 4/64GB Green მობილური ტელეფონი | Superi.ge,Samsung Galaxy A07s A077FD 4G 4/64GB Green მობილური ტელეფონი,title > 65
13775,https://superi.ge/samsung-galaxy-a07s-a077fd-4g-4-64gb-violet/,Samsung Galaxy A07s A077FD 4G 4/64GB Violet მობილური ტელეფონი | Superi.ge,Samsung Galaxy A07s A077FD 4G 4/64GB Violet მობილური ტელეფონი,title > 65
13894,https://superi.ge/mobile-and-smartphones-samsung-samsung-s931b-galaxy-s25-12gb-256gb-5g-silver-shadow/,მობილური ტელეფონი Samsung S931B Galaxy S25 12GB/256GB 5G Silver Shadow | Superi.ge,მობილური ტელეფონი Samsung S931B Galaxy S25 12GB/256GB 5G,title > 65
13938,https://superi.ge/xiaomi-poco-c95-pro-dual-sim-6gb-ram-128gb-lte-global-version-blue/,Xiaomi Poco C95 Pro Dual Sim 6/128GB LTE Global Version Blue მობილური ტელეფონი | Superi.ge,Xiaomi Poco C95 Pro Dual Sim 6/128GB LTE Global Version Blue,title > 65
13939,https://superi.ge/xiaomi-poco-c95-pro-dual-sim-6gb-ram-128gb-lte-global-version-green/,Xiaomi Poco C95 Pro 6/128GB LTE Global Version Green მობილური ტელეფონი | Superi.ge,Xiaomi Poco C95 Pro 6/128GB LTE Global Version Green მობილური,title > 65
13944,https://superi.ge/xiaomi-poco-c95-pro-dual-sim-8gb-ram-256gb-lte-global-version-black/,Xiaomi Poco C95 Pro 8/256GB LTE Global Version black მობილური ტელეფონი | Superi.ge,Xiaomi Poco C95 Pro 8/256GB LTE Global Version black მობილური,title > 65
13971,https://superi.ge/apple-iphone-18-pro-only-esim-256gb-black/,Apple iPhone 18 Pro Only eSIM 256GB black მობილური ტელეფონი | Superi.ge,Apple iPhone 18 Pro Only eSIM 256GB black მობილური ტელეფონი,title > 65
13972,https://superi.ge/apple-iphone-18-pro-only-esim-256gb-silver/,Apple iPhone 18 Pro e-SIM Only | 256GB Silver მობილური ტელეფონი | Superi.ge,Apple iPhone 18 Pro e-SIM Only | 256GB Silver მობილური ტელეფონი,title > 65
13973,https://superi.ge/apple-iphone-18-pro-only-esim-256gb-burgundy/,Apple iPhone 18 Pro e-SIM Only | 256GB Burgundy მობილური ტელეფონი | Superi.ge,Apple iPhone 18 Pro e-SIM Only | 256GB Burgundy მობილური ტელეფონი,title > 65
13974,https://superi.ge/apple-iphone-18-pro-only-esim-256gb-glacier/,Apple iPhone 18 Pro e-SIM Only | 256GB Glacier მობილური ტელეფონი | Superi.ge,Apple iPhone 18 Pro e-SIM Only | 256GB Glacier მობილური ტელეფონი,title > 65
14008,https://superi.ge/mobile-and-smartphones-xiaomi-xiaomi-redmi-note-15-pro-12gb-512gb-without-charger-black/,Xiaomi Redmi Note 15 Pro+ 12GB/512GB Without Charger Black მობილური ტელეფონი | Superi.ge,Xiaomi Redmi Note 15 Pro+ 12GB/512GB Without Charger Black,title > 65
14041,https://superi.ge/mobile-and-smartphones-samsung-samsung-a185f-galaxy-a18-4gb-128gb-lte-duos-silver/,Samsung A185F Galaxy A18 4GB/128GB LTE Duos Silver მობილური ტელეფონი | Superi.ge,Samsung A185F Galaxy A18 4GB/128GB LTE Duos Silver მობილური,title > 65
14042,https://superi.ge/mobile-and-smartphones-samsung-samsung-a185f-galaxy-a18-6gb-128gb-lte-duos-silver/,Samsung A185F Galaxy A18 6GB/128GB LTE Duos Silver მობილური ტელეფონი | Superi.ge,Samsung A185F Galaxy A18 6GB/128GB LTE Duos Silver მობილური,title > 65
14043,https://superi.ge/mobile-and-smartphones-samsung-samsung-a185f-galaxy-a18-4gb-128gb-lte-duos-black/,Samsung A185F Galaxy A18 4GB/128GB LTE Duos Black მობილური ტელეფონი | Superi.ge,Samsung A185F Galaxy A18 4GB/128GB LTE Duos Black მობილური,title > 65
14044,https://superi.ge/mobile-and-smartphones-samsung-samsung-a185f-galaxy-a18-4gb-128gb-lte-duos-light-blue/,Samsung A185F Galaxy A18 4GB/128GB LTE Duos Light Blue მობილური ტელეფონი | Superi.ge,Samsung A185F Galaxy A18 4GB/128GB LTE Duos Light Blue,title > 65
14045,https://superi.ge/mobile-and-smartphones-samsung-samsung-a185f-galaxy-a18-6gb-128gb-lte-duos-light-blue/,Samsung A185F Galaxy A18 6GB/128GB LTE Duos Light Blue მობილური ტელეფონი | Superi.ge,Samsung A185F Galaxy A18 6GB/128GB LTE Duos Light Blue,title > 65
14046,https://superi.ge/mobile-and-smartphones-samsung-samsung-a185f-galaxy-a18-6gb-128gb-lte-duos-black/,Samsung A185F Galaxy A18 6GB/128GB LTE Duos Black მობილური ტელეფონი | Superi.ge,Samsung A185F Galaxy A18 6GB/128GB LTE Duos Black მობილური,title > 65
14081,https://superi.ge/mobile-and-smartphones-samsung-samsung-galaxy-z-fold-8-12gb-256gb-graphite/,Samsung Galaxy Z Fold 8 12GB/256GB Graphite მობილური ტელეფონი | Superi.ge,Samsung Galaxy Z Fold 8 12GB/256GB Graphite მობილური ტელეფონი,title > 65
14084,https://superi.ge/samsung-s741-galaxy-s26-fe-5g-8gb-128gb-duos-violet/,Samsung S741 Galaxy S26 FE 5G 8GB/128GB Duos Violet მობილური ტელეფონი | Superi.ge,Samsung S741 Galaxy S26 FE 5G 8GB/128GB Duos Violet მობილური,title > 65
14085,https://superi.ge/mobile-and-smartphones-samsung-samsung-s741-galaxy-s26-fe-5g-8gb-256gb-duos-violet/,Samsung S741 Galaxy S26 FE 5G 8GB/256GB Duos Violet მობილური ტელეფონი | Superi.ge,Samsung S741 Galaxy S26 FE 5G 8GB/256GB Duos Violet მობილური,title > 65
14086,https://superi.ge/mobile-and-smartphones-samsung-samsung-s741-galaxy-s26-fe-5g-8gb-128gb-duos-light-green/,Samsung S741 Galaxy S26 FE 5G 8GB/128GB Duos Light Green მობილური ტელეფონი | Superi.ge,Samsung S741 Galaxy S26 FE 5G 8GB/128GB Duos Light Green,title > 65
14105,https://superi.ge/apple-iphone-18-pro-e-sim-only-512gb-black/,Apple iPhone 18 Pro e-SIM Only | 512GB Black მობილური ტელეფონი | Superi.ge,Apple iPhone 18 Pro e-SIM Only | 512GB Black მობილური ტელეფონი,title > 65
14106,https://superi.ge/apple-iphone-18-pro-e-sim-only-512gb-glacier/,Apple iPhone 18 Pro e-SIM Only | 512GB Glacier მობილური ტელეფონი | Superi.ge,Apple iPhone 18 Pro e-SIM Only | 512GB Glacier მობილური ტელეფონი,title > 65
14139,https://superi.ge/mobile-and-smartphones-samsung-samsung-galaxy-z-fold-8-ultra-12gb-256gb-white/,Samsung Galaxy Z Fold 8 Ultra 12GB/256GB - White მობილური ტელეფონი | Superi.ge,Samsung Galaxy Z Fold 8 Ultra 12GB/256GB | Superi.ge,title > 65
14142,https://superi.ge/mobile-and-smartphones-samsung-samsung-galaxy-z-fold-8-ultra-12gb-256gb-techno-violet/,Samsung Galaxy Z Fold 8 Ultra 12GB/256GB - Techno Violet მობილური ტელეფონი | Superi.ge,Samsung Galaxy Z Fold 8 Ultra 12GB/256GB | Superi.ge,title > 65
14145,https://superi.ge/mobile-and-smartphones-samsung-samsung-galaxy-z-fold-8-12gb-256gb-white/,Samsung Galaxy Z Fold 8 12GB/256GB White მობილური ტელეფონი | Superi.ge,Samsung Galaxy Z Fold 8 12GB/256GB White მობილური ტელეფონი,title > 65
14149,https://superi.ge/ulefone-armor-22-pro-dual-sim-8gb-ram-128gb-4g-black/,Ulefone Armor 22 Pro 4G 8/128GB Black მობილური ტელეფონი | Superi.ge,Ulefone Armor 22 Pro 4G 8/128GB Black მობილური ტელეფონი,title > 65
14173,https://superi.ge/mobile-and-smartphones-samsung-samsung-galaxy-z-fold-8-ultra-16gb-1tb-graphite/,Samsung Galaxy Z Fold 8 Ultra 16GB 1TB - Graphite მობილური ტელეფონი | Superi.ge,Samsung Galaxy Z Fold 8 Ultra 16GB 1TB | Superi.ge,title > 65
14174,https://superi.ge/mobile-and-smartphones-samsung-samsung-galaxy-z-fold-8-ultra-16gb-1tb-techno-violet/,Samsung Galaxy Z Fold 8 Ultra 16GB 1TB - Techno Violet მობილური ტელეფონი | Superi.ge,Samsung Galaxy Z Fold 8 Ultra 16GB 1TB | Superi.ge,title > 65
14176,https://superi.ge/samsung-galaxy-z-fold-8-16-1tb-graphite/,Samsung Galaxy Z Fold 8 16/1TB Graphite მობილური ტელეფონი | Superi.ge,Samsung Galaxy Z Fold 8 16/1TB Graphite მობილური ტელეფონი,title > 65
14177,https://superi.ge/samsung-galaxy-z-fold-8-16gb-1tb-lavender/,Samsung Galaxy Z Fold 8 16GB/1TB Lavender მობილური ტელეფონი | Superi.ge,Samsung Galaxy Z Fold 8 16GB/1TB Lavender მობილური ტელეფონი,title > 65
14187,https://superi.ge/oppo-reno-16-12gb-256gb-5g-twilight-violet/,OPPO Reno 16 12GB/256GB 5G Twilight Violet მობილური ტელეფონი | Superi.ge,OPPO Reno 16 12GB/256GB 5G Twilight Violet მობილური ტელეფონი,title > 65
14193,https://superi.ge/mobile-and-smartphones-oppo-oppo-reno-15f-8gb-256gb-5g-aurora-blue/,OPPO Reno 15F 8GB/256GB 5G Aurora Blue მობილური ტელეფონი | Superi.ge,OPPO Reno 15F 8GB/256GB 5G Aurora Blue მობილური ტელეფონი,title > 65
14226,https://superi.ge/mobile-and-smartphones-oppo-oppo-reno-15f-8gb-256gb-5g-twilight-blue/,OPPO Reno 15F 8GB/256GB 5G Twilight Blue მობილური ტელეფონი | Superi.ge,OPPO Reno 15F 8GB/256GB 5G Twilight Blue მობილური ტელეფონი,title > 65
14278,https://superi.ge/mobile-and-smartphones-samsung-samsung-a185f-galaxy-a18-8gb-256gb-lte-duos-black/,Samsung A185F Galaxy A18 5G 8GB/256GB LTE Duos Black მობილური ტელეფონი | Superi.ge,Samsung A185F Galaxy A18 5G 8GB/256GB LTE Duos Black მობილური,title > 65
14282,https://superi.ge/mobile-and-smartphones-oppo-oppo-reno-15f-12gb-512gb-5g-aurora-blue/,OPPO Reno 15F 12GB/512GB 5G Aurora Blue მობილური ტელეფონი | Superi.ge,OPPO Reno 15F 12GB/512GB 5G Aurora Blue მობილური ტელეფონი,title > 65
14347,https://superi.ge/xiaomi-redmi-note-17-pro-5g-8-256gb-purple/,Xiaomi Redmi Note 17 Pro 5G 8/256GB Purple მობილური ტელეფონი | Superi.ge,Xiaomi Redmi Note 17 Pro 5G 8/256GB Purple მობილური ტელეფონი,title > 65
14430,https://superi.ge/mobile-and-smartphones-honor-honor-x5es-4gb-128gb-dual-sim-midnight-black/,Honor X5es 4GB/128GB Dual Sim - Midnight Black მობილური ტელეფონი | Superi.ge,Honor X5es 4GB/128GB Dual Sim | Superi.ge,title > 65
15583,https://superi.ge/apple-iphone-17-pro-12gb-256gb-deep-blue/,მობილური ტელეფონი Apple iPhone 17 Pro 12GB/256GB Deep Blue | Superi.ge,მობილური ტელეფონი Apple iPhone 17 Pro 12GB/256GB Deep Blue,title > 65
15584,https://superi.ge/oppo-reno-15-12gb-512gb-5g-aurora-white/,მობილური ტელეფონი OPPO Reno 15 12GB/512GB 5G Aurora white | Superi.ge,მობილური ტელეფონი OPPO Reno 15 12GB/512GB 5G Aurora white,title > 65
15585,https://superi.ge/samsung-galaxy-z-flip-8-12gb-256gb-pink/,მობილური ტელეფონი Samsung Galaxy Z Flip 8 12GB/256GB Pink | Superi.ge,მობილური ტელეფონი Samsung Galaxy Z Flip 8 12GB/256GB Pink,title > 65
32,https://superi.ge/colorview-32d1/,ტელევიზორი COLORVIEW 32D1,ტელევიზორი COLORVIEW 32D1 | Superi.ge,title-ს | Superi.ge აკლია
34,https://superi.ge/vox-32dsa311b/,ტელევიზორი VOX 32DSA311B|Superi.ge,ტელევიზორი VOX 32DSA311B | Superi.ge,title-ს | Superi.ge აკლია
37,https://superi.ge/sunny-sn32dil04/,ტელევიზორი SUNNY SN32DIL04|Superi.ge,ტელევიზორი SUNNY SN32DIL04 | Superi.ge,title-ს | Superi.ge აკლია
47,https://superi.ge/skytech-stv32n9000/,ტელევიზორი SKYTECH STV32N9000|Superi.ge,ტელევიზორი SKYTECH STV32N9000 | Superi.ge,title-ს | Superi.ge აკლია
51,https://superi.ge/skytech-stv32n9100/,ტელევიზორი SKYTECH STV32N9100|Superi.ge,ტელევიზორი SKYTECH STV32N9100 | Superi.ge,title-ს | Superi.ge აკლია
57,https://superi.ge/lg-32lq630b6la/,ტელევიზორი LG 32LQ630B6LA|Superi.ge,ტელევიზორი LG 32LQ630B6LA | Superi.ge,title-ს | Superi.ge აკლია
63,https://superi.ge/skytech-stv40n9100/,ტელევიზორი SKYTECH STV40N9100|Superi.ge,ტელევიზორი SKYTECH STV40N9100 | Superi.ge,title-ს | Superi.ge აკლია
76,https://superi.ge/samsung-ue32t5300auxua/,ტელევიზორი SAMSUNG UE32T5300AUXUA,ტელევიზორი SAMSUNG UE32T5300AUXUA | Superi.ge,title-ს | Superi.ge აკლია
85,https://superi.ge/vox-50a11u314b/,ტელევიზორი VOX 50A11U314B|Superi.ge,ტელევიზორი VOX 50A11U314B | Superi.ge,title-ს | Superi.ge აკლია
86,https://superi.ge/vox-50adwd1b/,ტელევიზორი VOX 50ADWD1B|Superi.ge,ტელევიზორი VOX 50ADWD1B | Superi.ge,title-ს | Superi.ge აკლია
97,https://superi.ge/grundig-43-gfu-7800b/,ტელევიზორი GRUNDIG 43 GFU 7800B,ტელევიზორი GRUNDIG 43 GFU 7800B | Superi.ge,title-ს | Superi.ge აკლია
99,https://superi.ge/samsung-ue43au7172uxxh/,ტელევიზორი SAMSUNG UE43AU7172UXXH,ტელევიზორი SAMSUNG UE43AU7172UXXH | Superi.ge,title-ს | Superi.ge აკლია
156,https://superi.ge/samsung-qe55q70dauxru/,ტელევიზორი SAMSUNG QE55Q70DAUXRU,ტელევიზორი SAMSUNG QE55Q70DAUXRU | Superi.ge,title-ს | Superi.ge აკლია
158,https://superi.ge/lg-43up76703lb/,ტელევიზორი LG 43UP76703LB|Superi.ge,ტელევიზორი LG 43UP76703LB | Superi.ge,title-ს | Superi.ge აკლია
159,https://superi.ge/philips-43pus8007-12/,ტელევიზორი PHILIPS 43PUS8007/12,ტელევიზორი PHILIPS 43PUS8007/12 | Superi.ge,title-ს | Superi.ge აკლია
170,https://superi.ge/samsung-ue43tu7092uxxh/,ტელევიზორი SAMSUNG UE43TU7092UXXH,ტელევიზორი SAMSUNG UE43TU7092UXXH | Superi.ge,title-ს | Superi.ge აკლია
207,https://superi.ge/lg-50nano783qa/,ტელევიზორი LG 50NANO783QA|Superi.ge,ტელევიზორი LG 50NANO783QA | Superi.ge,title-ს | Superi.ge აკლია
215,https://superi.ge/lg-55up76703lb/,ტელევიზორი LG 55UP76703LB|Superi.ge,ტელევიზორი LG 55UP76703LB | Superi.ge,title-ს | Superi.ge აკლია
228,https://superi.ge/samsung-ue55tu7092uxxh/,ტელევიზორი SAMSUNG UE55TU7092UXXH,ტელევიზორი SAMSUNG UE55TU7092UXXH | Superi.ge,title-ს | Superi.ge აკლია
806,https://superi.ge/samsung-qe50q60bauxxh/,ტელევიზორი SAMSUNG QE50Q60BAUXXH,ტელევიზორი SAMSUNG QE50Q60BAUXXH | Superi.ge,title-ს | Superi.ge აკლია
972,https://superi.ge/philips-32pfs6805-12/,ტელევიზორი PHILIPS 32PFS6805/12,ტელევიზორი PHILIPS 32PFS6805/12 | Superi.ge,title-ს | Superi.ge აკლია
1272,https://superi.ge/samsung-ue55au8000uxtk/,ტელევიზორი SAMSUNG UE55AU8000UXTK,ტელევიზორი SAMSUNG UE55AU8000UXTK | Superi.ge,title-ს | Superi.ge აკლია
1279,https://superi.ge/samsung-ue55bu8072uxxh/,ტელევიზორი SAMSUNG UE55BU8072UXXH,ტელევიზორი SAMSUNG UE55BU8072UXXH | Superi.ge,title-ს | Superi.ge აკლია
1282,https://superi.ge/vox-55a11u314b/,ტელევიზორი VOX 55A11U314B|Superi.ge,ტელევიზორი VOX 55A11U314B | Superi.ge,title-ს | Superi.ge აკლია
1283,https://superi.ge/samsung-ue43t5300auxce/,ტელევიზორი SAMSUNG UE43T5300AUXCE,ტელევიზორი SAMSUNG UE43T5300AUXCE | Superi.ge,title-ს | Superi.ge აკლია
1284,https://superi.ge/skytech-stv50n9100/,ტელევიზორი SKYTECH STV50N9100|Superi.ge,ტელევიზორი SKYTECH STV50N9100 | Superi.ge,title-ს | Superi.ge აკლია
1285,https://superi.ge/lg-32lm6370pla/,ტელევიზორი LG 32LM6370PLA|Superi.ge,ტელევიზორი LG 32LM6370PLA | Superi.ge,title-ს | Superi.ge აკლია
1296,https://superi.ge/lg-43up78003lb/,ტელევიზორი LG 43UP78003LB|Superi.ge,ტელევიზორი LG 43UP78003LB | Superi.ge,title-ს | Superi.ge აკლია
1299,https://superi.ge/grundig-55-ggu-8960/,ტელევიზორი GRUNDIG 55 GGU 8960,ტელევიზორი GRUNDIG 55 GGU 8960 | Superi.ge,title-ს | Superi.ge აკლია
1300,https://superi.ge/grundig-65-ggu-8960/,ტელევიზორი GRUNDIG 65 GGU 8960,ტელევიზორი GRUNDIG 65 GGU 8960 | Superi.ge,title-ს | Superi.ge აკლია
1447,https://superi.ge/hisense-70a6bg/,ტელევიზორი HISENSE 70A6BG|Superi.ge,ტელევიზორი HISENSE 70A6BG | Superi.ge,title-ს | Superi.ge აკლია
1450,https://superi.ge/lg-43up7550pvg/,ტელევიზორი LG 43UP7550PVG|Superi.ge,ტელევიზორი LG 43UP7550PVG | Superi.ge,title-ს | Superi.ge აკლია
1456,https://superi.ge/skytech-stv43n9100/,ტელევიზორი SKYTECH STV43N9100|Superi.ge,ტელევიზორი SKYTECH STV43N9100 | Superi.ge,title-ს | Superi.ge აკლია
1460,https://superi.ge/samsung-ue43au8072uxxh/,ტელევიზორი SAMSUNG UE43AU8072UXXH,ტელევიზორი SAMSUNG UE43AU8072UXXH | Superi.ge,title-ს | Superi.ge აკლია
1529,https://superi.ge/samsung-ue55au7172uxxh/,ტელევიზორი SAMSUNG UE55AU7172UXXH,ტელევიზორი SAMSUNG UE55AU7172UXXH | Superi.ge,title-ს | Superi.ge აკლია
1706,https://superi.ge/haier-le32f6000s/,ტელევიზორი HAIER LE32F6000S|Superi.ge,ტელევიზორი HAIER LE32F6000S | Superi.ge,title-ს | Superi.ge აკლია
1846,https://superi.ge/tcl-43p745/,ტელევიზორი TCL 43P745|Superi.ge,ტელევიზორი TCL 43P745 | Superi.ge,title-ს | Superi.ge აკლია
1921,https://superi.ge/samsung-ue75cu8000uxru-75/,"ტელევიზორი SAMSUNG UE75CU8000UXRU 75""","ტელევიზორი SAMSUNG UE75CU8000UXRU 75"" | Superi.ge",title-ს | Superi.ge აკლია
2119,https://superi.ge/tcl-65p745-165/,ტელევიზორი TCL 65P745 (165 სმ),ტელევიზორი TCL 65P745 (165 სმ) | Superi.ge,title-ს | Superi.ge აკლია
2122,https://superi.ge/tcl-50p745-127/,ტელევიზორი TCL 50P745 (127 სმ),ტელევიზორი TCL 50P745 (127 სმ) | Superi.ge,title-ს | Superi.ge აკლია
2209,https://superi.ge/tcl-32s5400af-2023/,ტელევიზორი TCL 32S5400AF (2023),ტელევიზორი TCL 32S5400AF (2023) | Superi.ge,title-ს | Superi.ge აკლია
2221,https://superi.ge/tcl-43s5400a-2023-109/,ტელევიზორი TCL 43S5400A 2023 (109სმ),ტელევიზორი TCL 43S5400A 2023 (109სმ) | Superi.ge,title-ს | Superi.ge აკლია
2222,https://superi.ge/samsung-qe65q60cauxru-2023-165/,ტელევიზორი SAMSUNG QE65Q60CAUXRU 2023 (165სმ),ტელევიზორი SAMSUNG QE65Q60CAUXRU 2023 (165სმ) | Superi.ge,title-ს | Superi.ge აკლია
2223,https://superi.ge/samsung-qe55q60cauxru-2023-140/,ტელევიზორი SAMSUNG QE55Q60CAUXRU 2023 (140სმ),ტელევიზორი SAMSUNG QE55Q60CAUXRU 2023 (140სმ) | Superi.ge,title-ს | Superi.ge აკლია
2224,https://superi.ge/samsung-qe50q60cauxxh-2023-127/,ტელევიზორი SAMSUNG QE50Q60CAUXXH 2023 (127სმ),ტელევიზორი SAMSUNG QE50Q60CAUXXH 2023 (127სმ) | Superi.ge,title-ს | Superi.ge აკლია
2263,https://superi.ge/toshiba-55c450ke-140/,ტელევიზორი TOSHIBA 55C450KE (140სმ),ტელევიზორი TOSHIBA 55C450KE (140სმ) | Superi.ge,title-ს | Superi.ge აკლია
2341,https://superi.ge/tcl-75c845-191/,ტელევიზორი TCL 75C845 (191სმ),ტელევიზორი TCL 75C845 (191სმ) | Superi.ge,title-ს | Superi.ge აკლია
2352,https://superi.ge/samsung-ue65cu7100uxru-165/,ტელევიზორი SAMSUNG UE65CU7100UXRU (165სმ),ტელევიზორი SAMSUNG UE65CU7100UXRU (165სმ) | Superi.ge,title-ს | Superi.ge აკლია
2353,https://superi.ge/samsung-ue43cu7100uxru-109/,ტელევიზორი SAMSUNG UE43CU7100UXRU (109სმ),ტელევიზორი SAMSUNG UE43CU7100UXRU (109სმ) | Superi.ge,title-ს | Superi.ge აკლია
2354,https://superi.ge/samsung-ue50cu7100uxru-127/,ტელევიზორი SAMSUNG UE50CU7100UXRU (127სმ),ტელევიზორი SAMSUNG UE50CU7100UXRU (127სმ) | Superi.ge,title-ს | Superi.ge აკლია
2355,https://superi.ge/samsung-ue55cu7100uxru-140/,ტელევიზორი SAMSUNG UE55CU7100UXRU (140სმ),ტელევიზორი SAMSUNG UE55CU7100UXRU (140სმ) | Superi.ge,title-ს | Superi.ge აკლია
2375,https://superi.ge/lg-65qned816ra-165/,ტელევიზორი LG 65QNED816RA (165სმ),ტელევიზორი LG 65QNED816RA (165სმ) | Superi.ge,title-ს | Superi.ge აკლია
2388,https://superi.ge/tcl-75c745-191/,ტელევიზორი TCL 75C745 (191 სმ),ტელევიზორი TCL 75C745 (191 სმ) | Superi.ge,title-ს | Superi.ge აკლია
2438,https://superi.ge/sony-kd-75x75wl-191/,ტელევიზორი SONY KD-75X75WL (191სმ),ტელევიზორი SONY KD-75X75WL (191სმ) | Superi.ge,title-ს | Superi.ge აკლია
2453,https://superi.ge/hisense-40a4k-smart-102/,ტელევიზორი HISENSE 40A4K SMART (102სმ),ტელევიზორი HISENSE 40A4K SMART (102სმ) | Superi.ge,title-ს | Superi.ge აკლია
2474,https://superi.ge/tcl-85p745-216-r51mg8s-eu-ge/,ტელევიზორი TCL 85P745 (216სმ) R51MG8S-EU/GE,ტელევიზორი TCL 85P745 (216სმ) R51MG8S-EU/GE | Superi.ge,title-ს | Superi.ge აკლია
2665,https://superi.ge/toshiba-43c350le/,ტელევიზორი TOSHIBA 43C350LE,ტელევიზორი TOSHIBA 43C350LE | Superi.ge,title-ს | Superi.ge აკლია
2805,https://superi.ge/tcl-32d3400-2024/,ტელევიზორი TCL 32D3400 (2024),ტელევიზორი TCL 32D3400 (2024) | Superi.ge,title-ს | Superi.ge აკლია
2857,https://superi.ge/tcl-85c655-tc80g1t-ap-217/,ტელევიზორი TCL 85C655/TC80G1T-AP (217სმ),ტელევიზორი TCL 85C655/TC80G1T-AP (217სმ) | Superi.ge,title-ს | Superi.ge აკლია
2863,https://superi.ge/lg-43ur78006lk-109/,ტელევიზორი LG 43UR78006LK (109სმ),ტელევიზორი LG 43UR78006LK (109სმ) | Superi.ge,title-ს | Superi.ge აკლია
2864,https://superi.ge/lg-65ur81006lj-165/,ტელევიზორი LG 65UR81006LJ (165სმ),ტელევიზორი LG 65UR81006LJ (165სმ) | Superi.ge,title-ს | Superi.ge აკლია
2985,https://superi.ge/iffalcon-iff32s52-81-android/,ტელევიზორი IFFALCON IFF32S52 (81სმ) ANDROID,ტელევიზორი IFFALCON IFF32S52 (81სმ) ANDROID | Superi.ge,title-ს | Superi.ge აკლია
3079,https://superi.ge/daewoo-50dm72ua-127/,ტელევიზორი DAEWOO 50DM72UA (127სმ),ტელევიზორი DAEWOO 50DM72UA (127სმ) | Superi.ge,title-ს | Superi.ge აკლია
3146,https://superi.ge/blaupunkt-32fbg5010s-81/,ტელევიზორი BLAUPUNKT 32FBG5010S (81სმ),ტელევიზორი BLAUPUNKT 32FBG5010S (81სმ) | Superi.ge,title-ს | Superi.ge აკლია
8497,https://superi.ge/samsung-qe85qn900duxru-85-neo-qled-8k-215/,"ტელევიზორი SAMSUNG QE85QN900DUXRU 85"" Neo QLED 8K (215სმ) | Superi.ge","ტელევიზორი SAMSUNG QE85QN900DUXRU 85"" Neo QLED 8K (215სმ)",title > 65
9846,https://superi.ge/lg-50qned80a6a-50-126-qned-4k-smart-tv/,"ტელევიზორი LG 50QNED80A6A | 50"" (126 სმ) QNED 4K Smart TV | Superi.ge","ტელევიზორი LG 50QNED80A6A | 50"" (126 სმ) QNED 4K Smart TV",title > 65
9847,https://superi.ge/lg-55qned80a6a-55-139-qned-4k-smart-tv/,"ტელევიზორი LG 55QNED80A6A | 55"" (139 სმ) QNED 4K Smart TV | შავი | Superi.ge","ტელევიზორი LG 55QNED80A6A | 55"" (139 სმ) QNED 4K Smart TV | შავი",title > 65
9848,https://superi.ge/lg-65qned70a6a-65-164-qned-4k-smart-tv/,"ტელევიზორი LG 65QNED70A6A | 65"" (164 სმ) QNED 4K Smart TV | შავი | Superi.ge","ტელევიზორი LG 65QNED70A6A | 65"" (164 სმ) QNED 4K Smart TV | შავი",title > 65
9849,https://superi.ge/lg-65qned80a6a-65-164-qned-4k-smart-tv/,"ტელევიზორი LG 65QNED80A6A | 65"" (164 სმ) QNED 4K Smart TV | შავი | Superi.ge","ტელევიზორი LG 65QNED80A6A | 65"" (164 სმ) QNED 4K Smart TV | შავი",title > 65
9852,https://superi.ge/blaupunkt-100mcg8000-100-254-4k-mini-led-144hz-smart-tv-dolby-vision-atmos-google-tv/,"ტელევიზორი Blaupunkt 100MCG8000 | 100"" (254 სმ) 4K Mini LED 144Hz Smart TV | Dolby Vision/Atmos | Google TV | Superi.ge","ტელევიზორი Blaupunkt 100MCG8000 | 100"" (254 სმ) 4K Mini LED",title > 65
11595,https://superi.ge/samsung-qe65qn70fauxru-mini-led-65-163/,"ტელევზორი Samsung QE65QN70FAUXRU Mini-Led 65"" (163 სმ) | Superi.ge","ტელევზორი Samsung QE65QN70FAUXRU Mini-Led 65"" (163 სმ)",title > 65
11860,https://superi.ge/tcl-65c7l-140/,ტელევიზორი TCL 65C7L: 2026 წლის პრემიუმ 4K,ტელევიზორი TCL 65C7L (165სმ) | Superi.ge,title-ს | Superi.ge აკლია
11972,https://superi.ge/tcl-65v6d-4k-65-140/,"ტელევიზორი TCL 65V6D 65"" 4K Ultra HD Google TV შავი","ტელევიზორი TCL 65V6D 4K 65"" (140სმ) | Superi.ge",title-ს | Superi.ge აკლია
11973,https://superi.ge/tcl-75v6d-4k-75-190/,"ტელევიზორი TCL 75V6D 75"" 4K Ultra HD Google TV შავი","ტელევიზორი TCL 75V6D 4K 75"" (190სმ) | Superi.ge",title-ს | Superi.ge აკლია
11974,https://superi.ge/tcl-43p7l-4k-qled-43/,"ტელევიზორი TCL 43P7L 43"" QLED 4K Google TV","ტელევიზორი TCL 43P7L 4K QLED 43"" | Superi.ge",title-ს | Superi.ge აკლია
11975,https://superi.ge/tcl-65p7l-4k-qled-65/,"ტელევიზორი TCL 65P7L 65"" 4K QLED Google TV","ტელევიზორი TCL 65P7L 4K QLED 65"" | Superi.ge",title-ს | Superi.ge აკლია
11976,https://superi.ge/tcl-75p7l-4k-qled-75/,"ტელევიზორი TCL 75P7L 75"" 4K QLED Google TV","ტელევიზორი TCL 75P7L 4K QLED 75"" | Superi.ge",title-ს | Superi.ge აკლია
11978,https://superi.ge/tcl-50c6k-50-128/,"ტელევიზორი TCL 50C6K 50"" Mini LED 4K Google TV შავი","ტელევიზორი TCL 50C6K 50"" (128სმ) | Superi.ge",title-ს | Superi.ge აკლია
11979,https://superi.ge/tcl-98c7l/,"ტელევიზორი TCL 98C7L 98"" SQD-Mini LED QLED 4K Google TV შავი",ტელევიზორი TCL 98C7L | Superi.ge,title-ს | Superi.ge აკლია
11980,https://superi.ge/tcl-75c7l/,"ტელევიზორი TCL 75C7L 75"" SQD-Mini LED 4K Google TV",ტელევიზორი TCL 75C7L | Superi.ge,title-ს | Superi.ge აკლია
11995,https://superi.ge/tcl-55c7l-4k-140-mini-led/,"ტელევიზორი TCL 55C7L 55"" SQD-Mini LED 4K Google TV",ტელევიზორი TCL 55C7L 4K (140სმ) Mini-LED | Superi.ge,title-ს | Superi.ge აკლია
12014,https://superi.ge/tcl-65c8l-mini-led-65/,"ტელევიზორი TCL 65C8L 65"" 4K Mini LED QLED Google TV შავი","ტელევიზორი TCL 65C8L Mini-LED 65"" | Superi.ge",title-ს | Superi.ge აკლია
12728,https://superi.ge/samsung-qe75qn70hauxpy-75-189/,"ტელევიზორი SAMSUNG Neo QLED Mini LED QE75QN70HAUXPY 75"" (189 სმ) | Superi.ge","ტელევიზორი SAMSUNG Neo QLED Mini LED QE75QN70HAUXPY 75"" (189 სმ)",title > 65
12983,https://superi.ge/lg-65qned70b6c-amcn-65-4k-qned-ai-mini-led/,"ტელევიზორი LG 65QNED70B6C.AMCN 65"" 4K QNED AI Mini LED | Superi.ge","ტელევიზორი LG 65QNED70B6C.AMCN 65"" 4K QNED AI Mini LED",title > 65
13998,https://superi.ge/xiaomi-tv-s-mini-led-55-2026-global-version-black/,Xiaomi TV S Mini LED 55 2026 Global Version Black ტელევიზორი | Superi.ge,Xiaomi TV S Mini LED 55 2026 Global Version Black ტელევიზორი,title > 65
13999,https://superi.ge/xiaomi-tv-s-mini-led-75-2026-global-version-black/,Xiaomi TV S Mini LED 75 2026 Global Version Black ტელევიზორი | Superi.ge,Xiaomi TV S Mini LED 75 2026 Global Version Black ტელევიზორი,title > 65
14432,https://superi.ge/tv-led-xiaomi-tv-43-109cm-xiaomi-tv-a-43f-2026-43-full-hd-led-google-tv-l43mb-afme/,"ტელევიზორი Xiaomi TV A 43F 2026 43"" Full HD LED Google TV (L43MB-AFME) | Superi.ge","ტელევიზორი Xiaomi TV A 43F 2026 43"" Full HD LED Google TV",title > 65
14433,https://superi.ge/tv-miniled-xiaomi-tv-75-190cm-xiaomi-tv-s-pro-mini-2026-75-l75mb-sme/,"ტელევიზორი Xiaomi TV S Pro Mini LED 75"" (190cm) ELA6340GL 2026 | Superi.ge","ტელევიზორი Xiaomi TV S Pro Mini LED 75"" (190cm) ELA6340GL 2026",title > 65
249,https://superi.ge/midea-msaf-09hrn8-w/,კონდიციონერი MIDEA MSAF-09HRN8-W,კონდიციონერი MIDEA MSAF-09HRN8-W | Superi.ge,title-ს | Superi.ge აკლია
250,https://superi.ge/midea-msaf-12hrn8-w/,კონდიციონერი MIDEA MSAF-12HRN8-W,კონდიციონერი MIDEA MSAF-12HRN8-W | Superi.ge,title-ს | Superi.ge აკლია
251,https://superi.ge/midea-af-12n1c2/,კონდიციონერი MIDEA AF-12N1C2|Superi.ge,კონდიციონერი MIDEA AF-12N1C2 | Superi.ge,title-ს | Superi.ge აკლია
253,https://superi.ge/midea-mae-12n8d6-inverter/,კონდიციონერი MIDEA MAE-12N8D6 INVERTER,კონდიციონერი MIDEA MAE-12N8D6 INVERTER | Superi.ge,title-ს | Superi.ge აკლია
255,https://superi.ge/midea-msaf-24hrn8-w/,კონდიციონერი MIDEA MSAF-24HRN8-W,კონდიციონერი MIDEA MSAF-24HRN8-W | Superi.ge,title-ს | Superi.ge აკლია
257,https://superi.ge/midea-vp-12n8d6-inverter/,კონდიციონერი MIDEA VP-12N8D6 INVERTER,კონდიციონერი MIDEA VP-12N8D6 INVERTER | Superi.ge,title-ს | Superi.ge აკლია
259,https://superi.ge/midea-ag-18n8do-ioniser/,კონდიციონერი MIDEA AG-18N8DO IONISER,კონდიციონერი MIDEA AG-18N8DO IONISER | Superi.ge,title-ს | Superi.ge აკლია
260,https://superi.ge/midea-gaia-09hrfn8/,კონდიციონერი MIDEA GAIA-09HRFN8,კონდიციონერი MIDEA GAIA-09HRFN8 | Superi.ge,title-ს | Superi.ge აკლია
261,https://superi.ge/midea-gaia-12hrfn8/,კონდიციონერი MIDEA GAIA-12HRFN8,კონდიციონერი MIDEA GAIA-12HRFN8 | Superi.ge,title-ს | Superi.ge აკლია
262,https://superi.ge/midea-mae-18n8d6-inverter/,კონდიციონერი MIDEA MAE-18N8D6 INVERTER,კონდიციონერი MIDEA MAE-18N8D6 INVERTER | Superi.ge,title-ს | Superi.ge აკლია
263,https://superi.ge/midea-ag-24n8do-ioniser/,კონდიციონერი MIDEA AG-24N8DO IONISER,კონდიციონერი MIDEA AG-24N8DO IONISER | Superi.ge,title-ს | Superi.ge აკლია
265,https://superi.ge/midea-mae-24n8d6-inverter/,კონდიციონერი MIDEA MAE-24N8D6 INVERTER,კონდიციონერი MIDEA MAE-24N8D6 INVERTER | Superi.ge,title-ს | Superi.ge აკლია
266,https://superi.ge/midea-msab-36hrn1/,კონდიციონერი MIDEA MSAB-36HRN1,კონდიციონერი MIDEA MSAB-36HRN1 | Superi.ge,title-ს | Superi.ge აკლია
267,https://superi.ge/midea-mfj2-48arn1-rb6/,კონდიციონერი MIDEA MFJ2-48ARN1-RB6,კონდიციონერი MIDEA MFJ2-48ARN1-RB6 | Superi.ge,title-ს | Superi.ge აკლია
1032,https://superi.ge/midea-mppd-09crn7/,კონდიციონერი MIDEA MPPD-09CRN7,კონდიციონერი MIDEA MPPD-09CRN7 | Superi.ge,title-ს | Superi.ge აკლია
1033,https://superi.ge/bosch-climate-2000-on-off-8000-btu/,კონდიციონერი BOSCH CLIMATE 2000 ON/OFF 8000 BTU,კონდიციონერი BOSCH CLIMATE 2000 ON/OFF 8000 BTU | Superi.ge,title-ს | Superi.ge აკლია
1034,https://superi.ge/bosch-climate-2000-on-off-12000-btu/,კონდიციონერი BOSCH CLIMATE 2000 ON/OFF 12000 BTU,კონდიციონერი BOSCH CLIMATE 2000 ON/OFF 12000 BTU | Superi.ge,title-ს | Superi.ge აკლია
1035,https://superi.ge/bosch-climate-2000-on-off-18000-btu/,კონდიციონერი BOSCH CLIMATE 2000 ON/OFF 18000 BTU,კონდიციონერი BOSCH CLIMATE 2000 ON/OFF 18000 BTU | Superi.ge,title-ს | Superi.ge აკლია
1036,https://superi.ge/bosch-climate-2000-on-off-24000-btu/,კონდიციონერი BOSCH CLIMATE 2000 ON/OFF 24000 BTU,კონდიციონერი BOSCH CLIMATE 2000 ON/OFF 24000 BTU | Superi.ge,title-ს | Superi.ge აკლია
1037,https://superi.ge/bosch-climate-3000i-inverter-9000-btu/,კონდიციონერი BOSCH CLIMATE 3000I INVERTER 9000 BTU,კონდიციონერი BOSCH CLIMATE 3000I INVERTER 9000 BTU | Superi.ge,title-ს | Superi.ge აკლია
1038,https://superi.ge/bosch-climate-3000i-inverter-12000-btu/,კონდიციონერი BOSCH CLIMATE 3000I INVERTER 12000 BTU,კონდიციონერი BOSCH CLIMATE 3000I INVERTER 12000 BTU | Superi.ge,title-ს | Superi.ge აკლია
1039,https://superi.ge/bosch-climate-3000i-inverter-18000-btu/,კონდიციონერი BOSCH CLIMATE 3000I INVERTER 18000 BTU,კონდიციონერი BOSCH CLIMATE 3000I INVERTER 18000 BTU | Superi.ge,title-ს | Superi.ge აკლია
1048,https://superi.ge/beko-bbfda-070-071/,კონდიციონერი BEKO BBFDA 070/071,კონდიციონერი BEKO BBFDA 070/071 | Superi.ge,title-ს | Superi.ge აკლია
1050,https://superi.ge/vox-vsa7-9be-set/,კონდიციონერი VOX VSA7-9BE SET|Superi.ge,კონდიციონერი VOX VSA7-9BE SET | Superi.ge,title-ს | Superi.ge აკლია
1054,https://superi.ge/vox-iva1-9ir-inv-set/,კონდიციონერი VOX IVA1-9IR INV SET,კონდიციონერი VOX IVA1-9IR INV SET | Superi.ge,title-ს | Superi.ge აკლია
1058,https://superi.ge/hyundai-ac-esaf-18hfn8-inverter/,კონდიციონერი HYUNDAI AC ESAF-18HFN8 INVERTER,კონდიციონერი HYUNDAI AC ESAF-18HFN8 INVERTER | Superi.ge,title-ს | Superi.ge აკლია
1061,https://superi.ge/gorenje-kam26-php/,კონდიციონერი GORENJE KAM26 PHP,კონდიციონერი GORENJE KAM26 PHP | Superi.ge,title-ს | Superi.ge აკლია
1062,https://superi.ge/mitsubishi-msz-dm35va-er1-muz-dm35va-er1/,კონდიციონერი MITSUBISHI MSZ-DM35VA-ER1/MUZ-DM35VA-ER1,კონდიციონერი MITSUBISHI MSZ-DM35VA-ER1/MUZ-DM35VA-ER1 | Superi.ge,title-ს | Superi.ge აკლია
1063,https://superi.ge/mitsubishi-msz-dm50va-er1-muz-dm50va-er/,კონდიციონერი MITSUBISHI MSZ-DM50VA-ER1/MUZ-DM50VA-ER,კონდიციონერი MITSUBISHI MSZ-DM50VA-ER1/MUZ-DM50VA-ER | Superi.ge,title-ს | Superi.ge აკლია
1064,https://superi.ge/mitsubishi-msz-dm60va-er1-muz-dm60va-er1/,კონდიციონერი MITSUBISHI MSZ-DM60VA-ER1/MUZ-DM60VA-ER1,კონდიციონერი MITSUBISHI MSZ-DM60VA-ER1/MUZ-DM60VA-ER1 | Superi.ge,title-ს | Superi.ge აკლია
1070,https://superi.ge/mitsubishi-msz-ef35vgks-er1/,კონდიციონერი MITSUBISHI MSZ-EF35VGKS-ER1,კონდიციონერი MITSUBISHI MSZ-EF35VGKS-ER1 | Superi.ge,title-ს | Superi.ge აკლია
1071,https://superi.ge/mitsubishi-msz-ln25vgr-muz-ln25vg/,კონდიციონერი MITSUBISHI MSZ-LN25VGR/MUZ-LN25VG,კონდიციონერი MITSUBISHI MSZ-LN25VGR/MUZ-LN25VG | Superi.ge,title-ს | Superi.ge აკლია
1072,https://superi.ge/mitsubishi-msz-ln35vgr-muz-ln35vg/,კონდიციონერი MITSUBISHI MSZ-LN35VGR/MUZ-LN35VG,კონდიციონერი MITSUBISHI MSZ-LN35VGR/MUZ-LN35VG | Superi.ge,title-ს | Superi.ge აკლია
1075,https://superi.ge/aux-asw-h09a4-uyr1di/,კონდიციონერი AUX ASW-H09A4/UYR1DI,კონდიციონერი AUX ASW-H09A4/UYR1DI | Superi.ge,title-ს | Superi.ge აკლია
1076,https://superi.ge/millen-mac-18k-on-off-set/,კონდიციონერი MILLEN MAC-18K-ON/OFF SET,კონდიციონერი MILLEN MAC-18K-ON/OFF SET | Superi.ge,title-ს | Superi.ge აკლია
1079,https://superi.ge/millen-mac-24k-on-off-set/,კონდიციონერი MILLEN MAC-24K-ON/OFF SET,კონდიციონერი MILLEN MAC-24K-ON/OFF SET | Superi.ge,title-ს | Superi.ge აკლია
1092,https://superi.ge/zellmer-tac-12chsd-xa/,კონდიციონერი ZELLMER TAC-12CHSD/XA,კონდიციონერი ZELLMER TAC-12CHSD/XA | Superi.ge,title-ს | Superi.ge აკლია
1093,https://superi.ge/skyworth-smfh07b-1a1a1na/,კონდიციონერი SKYWORTH SMFH07B-1A1A1NA,კონდიციონერი SKYWORTH SMFH07B-1A1A1NA | Superi.ge,title-ს | Superi.ge აკლია
1094,https://superi.ge/cooper-and-hunter-ch-s12-xz3-universal-pro/,კონდიციონერი COOPER & HUNTER CH-S12 XZ3 UNIVERSAL PRO,კონდიციონერი COOPER & HUNTER CH-S12 XZ3 UNIVERSAL PRO | Superi.ge,title-ს | Superi.ge აკლია
1095,https://superi.ge/cooper-and-hunter-ch-s09-xz3-universal-pro/,კონდიციონერი COOPER & HUNTER CH-S09 XZ3 UNIVERSAL PRO,კონდიციონერი COOPER & HUNTER CH-S09 XZ3 UNIVERSAL PRO | Superi.ge,title-ს | Superi.ge აკლია
1097,https://superi.ge/cooper-and-hunter-s-18-ftxf-wi-fi-ng/,კონდიციონერი COOPER & HUNTER S 18 FTXF (WI-FI) NG,კონდიციონერი COOPER & HUNTER S 18 FTXF (WI-FI) NG | Superi.ge,title-ს | Superi.ge აკლია
1099,https://superi.ge/mitsubishi-msz-ln35vgb-muz-ln35vg/,კონდიციონერი MITSUBISHI MSZ-LN35VGB/MUZ-LN35VG,კონდიციონერი MITSUBISHI MSZ-LN35VGB/MUZ-LN35VG | Superi.ge,title-ს | Superi.ge აკლია
1100,https://superi.ge/cooper-and-hunter-s-12-ftxf-wi-fi-ng/,კონდიციონერი COOPER & HUNTER S 12 FTXF (WI-FI) NG,კონდიციონერი COOPER & HUNTER S 12 FTXF (WI-FI) NG | Superi.ge,title-ს | Superi.ge აკლია
1101,https://superi.ge/mitsubishi-msz-ln50vgr-muz-ln50vg/,კონდიციონერი MITSUBISHI MSZ-LN50VGR/MUZ-LN50VG,კონდიციონერი MITSUBISHI MSZ-LN50VGR/MUZ-LN50VG | Superi.ge,title-ს | Superi.ge აკლია
1102,https://superi.ge/mitsubishi-msz-ln50vgb-muz-ln50vg/,კონდიციონერი MITSUBISHI MSZ-LN50VGB/MUZ-LN50VG,კონდიციონერი MITSUBISHI MSZ-LN50VGB/MUZ-LN50VG | Superi.ge,title-ს | Superi.ge აკლია
1103,https://superi.ge/mitsubishi-msz-ln50vgw-muz-ln50vg/,კონდიციონერი MITSUBISHI MSZ-LN50VGW/MUZ-LN50VG,კონდიციონერი MITSUBISHI MSZ-LN50VGW/MUZ-LN50VG | Superi.ge,title-ს | Superi.ge აკლია
1106,https://superi.ge/skyworth-smfh18b-4a2a1na/,კონდიციონერი SKYWORTH SMFH18B-4A2A1NA,კონდიციონერი SKYWORTH SMFH18B-4A2A1NA | Superi.ge,title-ს | Superi.ge აკლია
1107,https://superi.ge/skyworth-smfh12b-2a2a1na/,კონდიციონერი SKYWORTH SMFH12B-2A2A1NA,კონდიციონერი SKYWORTH SMFH12B-2A2A1NA | Superi.ge,title-ს | Superi.ge აკლია
1108,https://superi.ge/skyworth-smfh09b-1a1a1na/,კონდიციონერი SKYWORTH SMFH09B-1A1A1NA,კონდიციონერი SKYWORTH SMFH09B-1A1A1NA | Superi.ge,title-ს | Superi.ge აკლია
1678,https://superi.ge/vox-sfe09-aa-set/,კონდიციონერი VOX SFE09-AA SET|Superi.ge,კონდიციონერი VOX SFE09-AA SET | Superi.ge,title-ს | Superi.ge აკლია
1679,https://superi.ge/gorenje-ac-rea53-kc/,კონდიციონერი GORENJE AC REA53 KC,კონდიციონერი GORENJE AC REA53 KC INVERTER | Superi.ge,title-ს | Superi.ge აკლია
1681,https://superi.ge/midea-af-09n1c2/,კონდიციონერი MIDEA AF-09N1C2|Superi.ge,კონდიციონერი MIDEA AF-09N1C2 | Superi.ge,title-ს | Superi.ge აკლია
1682,https://superi.ge/tcl-tac-07chsa-xa73-20/,კონდიციონერი TCL TAC-07CHSA/XA73 (20მ²),კონდიციონერი TCL TAC-07CHSA/XA73 (20მ²) | Superi.ge,title-ს | Superi.ge აკლია
1683,https://superi.ge/tcl-tac-09chsa-tpg11i-25-30/,კონდიციონერი TCL TAC-09CHSA/TPG11I (25-30 მ²),კონდიციონერი TCL TAC-09CHSA/TPG11I (25-30 მ²) | Superi.ge,title-ს | Superi.ge აკლია
1684,https://superi.ge/samsung-ar09bqhqasiner/,კონდიციონერი SAMSUNG AR09BQHQASINER,კონდიციონერი SAMSUNG AR09BQHQASINER | Superi.ge,title-ს | Superi.ge აკლია
1685,https://superi.ge/bosch-asx12vw30u/,კონდიციონერი BOSCH ASX12VW30U|Superi.ge,კონდიციონერი BOSCH ASX12VW30U | Superi.ge,title-ს | Superi.ge აკლია
1686,https://superi.ge/tcl-tac-09chsa-xa73-25-30/,კონდიციონერი TCL TAC-09CHSA/XA73 (25-30მ²),კონდიციონერი TCL TAC-09CHSA/XA73 (25-30მ²) | Superi.ge,title-ს | Superi.ge აკლია
1687,https://superi.ge/vox-sfe18-aa-set/,კონდიციონერი VOX SFE18-AA SET|Superi.ge,კონდიციონერი VOX SFE18-AA SET | Superi.ge,title-ს | Superi.ge აკლია
1689,https://superi.ge/samsung-ar07bqhqasiner/,კონდიციონერი SAMSUNG AR07BQHQASINER,კონდიციონერი SAMSUNG AR07BQHQASINER | Superi.ge,title-ს | Superi.ge აკლია
1692,https://superi.ge/bosch-asx24vw30u-75-80/,კონდიციონერი BOSCH ASX24VW30U (75-80მ²),კონდიციონერი BOSCH ASX24VW30U (75-80მ²) | Superi.ge,title-ს | Superi.ge აკლია
1698,https://superi.ge/vestel-iacha-25fmdn/,კონდიციონერი VESTEL IACHA 25FMDN,კონდიციონერი VESTEL IACHA 25FMDN | Superi.ge,title-ს | Superi.ge აკლია
1813,https://superi.ge/cooper-and-hunter-ch-s18-xn8/,კონდიციონერი COOPER & HUNTER CH-S18 XN8,კონდიციონერი COOPER & HUNTER CH-S18 XN8 | Superi.ge,title-ს | Superi.ge აკლია
1832,https://superi.ge/tcl-tac-12chsa-xa73-35-40/,კონდიციონერი TCL TAC-12CHSA/XA73 (35-40მ²),კონდიციონერი TCL TAC-12CHSA/XA73 (35-40მ²) | Superi.ge,title-ს | Superi.ge აკლია
1834,https://superi.ge/tcl-tac-09chpa-rpv/,კონდიციონერი TCL TAC-09CHPA/RPV,კონდიციონერი TCL TAC-09CHPA/RPV (30მ²) | Superi.ge,title-ს | Superi.ge აკლია
1835,https://superi.ge/mayer-esaf-09mn1-25-30/,კონდიციონერი MAYER ESAF-09MN1 (25-30მ²),კონდიციონერი MAYER ESAF-09MN1 (25-30მ²) | Superi.ge,title-ს | Superi.ge აკლია
1837,https://superi.ge/hyundai-ac-esaf-12hn8/,კონდიციონერი HYUNDAI AC ESAF-12HN8,კონდიციონერი HYUNDAI AC ESAF-12HN8 | Superi.ge,title-ს | Superi.ge აკლია
1841,https://superi.ge/hyundai-ac-esaf-12hn8-g/,კონდიციონერი HYUNDAI AC ESAF-12HN8-G,კონდიციონერი HYUNDAI AC ESAF-12HN8-G | Superi.ge,title-ს | Superi.ge აკლია
1863,https://superi.ge/hyundai-ac-esaf-18hn8-g/,კონდიციონერი HYUNDAI AC ESAF-18HN8-G,კონდიციონერი HYUNDAI AC ESAF-18HN8-G | Superi.ge,title-ს | Superi.ge აკლია
1864,https://superi.ge/hyundai-ac-esaf-24hn8-g/,კონდიციონერი HYUNDAI AC ESAF-24HN8-G,კონდიციონერი HYUNDAI AC ESAF-24HN8-G | Superi.ge,title-ს | Superi.ge აკლია
2044,https://superi.ge/midea-mppd-12crn7/,კონდიციონერი MIDEA MPPD-12CRN7,კონდიციონერი MIDEA MPPX-12CRN7 | Superi.ge,title-ს | Superi.ge აკლია
2080,https://superi.ge/midea-msag-24hrn8-75-80/,კონდიციონერი MIDEA MSAG-24HRN8 (75-80 მ²),კონდიციონერი MIDEA MSAG-24HRN8 (75-80 მ²) | Superi.ge,title-ს | Superi.ge აკლია
2695,https://superi.ge/midea-gmcc-mwf-09crn8-25-30/,კონდიციონერი MIDEA GMCC (MWF-09CRN8) 25-30 მ²,კონდიციონერი MIDEA GMCC (MWF-09CRN8) 25-30 მ² | Superi.ge,title-ს | Superi.ge აკლია
2701,https://superi.ge/midea-xt-12n8d6-inverter-gold-35-40/,კონდიციონერი MIDEA XT-12N8D6 INVERTER GOLD (35-40 მ²),კონდიციონერი MIDEA XT-12N8D6 INVERTER GOLD (35-40 მ²) | Superi.ge,title-ს | Superi.ge აკლია
2703,https://superi.ge/midea-xt-18n8d6-black-55-60/,კონდიციონერი MIDEA XT-18N8D6 BLACK (55-60 მ²),კონდიციონერი MIDEA XT-18N8D6 BLACK (55-60 მ²) | Superi.ge,title-ს | Superi.ge აკლია
2704,https://superi.ge/midea-gaia-18hrfn8-inverter-55-60/,კონდიციონერი MIDEA GAIA-18HRFN8 INVERTER (55-60მ²),კონდიციონერი MIDEA GAIA-18HRFN8 INVERTER (55-60მ²) | Superi.ge,title-ს | Superi.ge აკლია
2710,https://superi.ge/midea-mfm-60arn1-rb6/,კოლონური კონდიციონერი MIDEA MFM-60ARN1-RB6,კოლონური კონდიციონერი MIDEA MFM-60ARN1-RB6 | Superi.ge,title-ს | Superi.ge აკლია
2712,https://superi.ge/midea-ag-18n8do-inverter-ioniser-black-55-60/,კონდიციონერი MIDEA AG-18N8DO INVERTER IONISER,კონდიციონერი MIDEA AG-18N8DO INVERTER IONISER/BLACK (55-60 მ²),title-ს | Superi.ge აკლია
2713,https://superi.ge/midea-ag-24n8do-inverter-ioniser-black-75-80/,კონდიციონერი MIDEA AG-24N8DO INVERTER IONISER,კონდიციონერი MIDEA AG-24N8DO INVERTER IONISER/BLACK (75-80 მ²),title-ს | Superi.ge აკლია
2754,https://superi.ge/tcl-tac-24chsa-xa73-75-80/,კონდიციონერი TCL TAC-24CHSA/XA73 (75-80 მ²),კონდიციონერი TCL TAC-24CHSA/XA73 (75-80 მ²) | Superi.ge,title-ს | Superi.ge აკლია
2755,https://superi.ge/haier-tibio-inverter-9000-25-30/,კონდიციონერი HAIER TIBIO INVERTER 9000 (25-30 მ²),კონდიციონერი HAIER TIBIO INVERTER 9000 (25-30 მ²) | Superi.ge,title-ს | Superi.ge აკლია
2756,https://superi.ge/haier-tibio-inverter-12000-35-40/,კონდიციონერი HAIER TIBIO INVERTER 12000 (35-40მ²),კონდიციონერი HAIER TIBIO INVERTER 12000 (35-40მ²) | Superi.ge,title-ს | Superi.ge აკლია
2757,https://superi.ge/haier-tibio-inverter-18000-55-60/,კონდიციონერი HAIER TIBIO INVERTER 18000 (55-60მ²),კონდიციონერი HAIER TIBIO INVERTER 18000 (55-60მ²) | Superi.ge,title-ს | Superi.ge აკლია
2758,https://superi.ge/haier-tibio-inverter-24000-75-80/,კონდიციონერი HAIER TIBIO INVERTER 24000 (75-80 მ²),კონდიციონერი HAIER TIBIO INVERTER 24000 (75-80 მ²) | Superi.ge,title-ს | Superi.ge აკლია
2759,https://superi.ge/aux-asw-h09a4-qcr1-25-30/,კონდიციონერი AUX ASW-H09A4/QCR1 (25-30მ²),კონდიციონერი AUX ASW-H09A4/QCR1 (25-30მ²) | Superi.ge,title-ს | Superi.ge აკლია
2760,https://superi.ge/aux-asw-h12a4-qcr1-35-40/,კონდიციონერი AUX ASW-H12A4/QCR1 (35-40მ²),კონდიციონერი AUX ASW-H12A4/QCR1 (35-40მ²) | Superi.ge,title-ს | Superi.ge აკლია
2761,https://superi.ge/aux-asw-h18a4-qcr1-55-60/,კონდიციონერი AUX ASW-H18A4/QCR1 (55-60 მ²),კონდიციონერი AUX ASW-H18A4/QCR1 (55-60 მ²) | Superi.ge,title-ს | Superi.ge აკლია
2762,https://superi.ge/aux-asw-h24a4-qcr1-75-80/,კონდიციონერი AUX ASW-H24A4/QCR1 (75-80მ²),კონდიციონერი AUX ASW-H24A4/QCR1 (75-80მ²) | Superi.ge,title-ს | Superi.ge აკლია
2764,https://superi.ge/aux-asw-h09a4-qcr3di-inverter-20-35/,კონდიციონერი AUX ASW-H09A4/QCR3DI INVERTER (20-35 მ²),კონდიციონერი AUX ASW-H09A4/QCR3DI INVERTER (20-35 მ²) | Superi.ge,title-ს | Superi.ge აკლია
2765,https://superi.ge/aux-asw-h12a4-qcr3di-inverter-35-40/,კონდიციონერი AUX ASW-H12A4/QCR3DI INVERTER (35-40 მ²),კონდიციონერი AUX ASW-H12A4/QCR3DI INVERTER (35-40 მ²) | Superi.ge,title-ს | Superi.ge აკლია
2766,https://superi.ge/aux-asw-h18a4-qcr3di-inverter-55-60/,კონდიციონერი AUX ASW-H18A4/QCR3DI INVERTER (55-60მ²),კონდიციონერი AUX ASW-H18A4/QCR3DI INVERTER (55-60მ²) | Superi.ge,title-ს | Superi.ge აკლია
2767,https://superi.ge/aux-asw-h24a4-qcr3di-inverter-75-80/,კონდიციონერი AUX ASW-H24A4/QCR3DI INVERTER (75-80მ²),კონდიციონერი AUX ASW-H24A4/QCR3DI INVERTER (75-80მ²) | Superi.ge,title-ს | Superi.ge აკლია
2768,https://superi.ge/aux-asw-h12a4-qfr3di-inverter-35-40/,კონდიციონერი AUX ASW-H12A4/QFR3DI INVERTER (35-40მ²),კონდიციონერი AUX ASW-H12A4/QFR3DI INVERTER (35-40მ²) | Superi.ge,title-ს | Superi.ge აკლია
2769,https://superi.ge/aux-asw-h09a4-qfr3di-inverter-20-35/,კონდიციონერი AUX ASW-H09A4/QFR3DI INVERTER (20-35მ²),კონდიციონერი AUX ASW-H09A4/QFR3DI INVERTER (20-35მ²) | Superi.ge,title-ს | Superi.ge აკლია
2770,https://superi.ge/aux-asw-h18a4-qfr3di-inverter-55-60/,კონდიციონერი AUX ASW-H18A4/QFR3DI INVERTER (55-60მ²),კონდიციონერი AUX ASW-H18A4/QFR3DI INVERTER (55-60მ²) | Superi.ge,title-ს | Superi.ge აკლია
2771,https://superi.ge/aux-asw-h24a4-qfr3di-inverter-75-80/,კონდიციონერი AUX ASW-H24A4/QFR3DI INVERTER (75-80მ²),კონდიციონერი AUX ASW-H24A4/QFR3DI INVERTER (75-80მ²) | Superi.ge,title-ს | Superi.ge აკლია
2772,https://superi.ge/dixi-mg-09b-inverter-25-30/,კონდიციონერი Dixi MG 09B INVERTER (25-30მ²),კონდიციონერი Dixi MG 09B INVERTER (25-30მ²) | Superi.ge,title-ს | Superi.ge აკლია
2773,https://superi.ge/dixi-mg-12b-inverter-35-40/,კონდიციონერი Dixi MG 12B INVERTER (35-40მ²),კონდიციონერი Dixi MG 12B INVERTER (35-40მ²) | Superi.ge,title-ს | Superi.ge აკლია
2774,https://superi.ge/mayer-esaf-12mn1-35-40/,კონდიციონერი MAYER ESAF-12MN1 (35-40მ²),კონდიციონერი MAYER ESAF-12MN1 (35-40მ²) | Superi.ge,title-ს | Superi.ge აკლია
2776,https://superi.ge/gorenje-rea26-kc-inverter-25-30/,კონდიციონერი GORENJE REA26 KC INVERTER (25-30 მ²),კონდიციონერი GORENJE REA26 KC INVERTER (25-30 მ²) | Superi.ge,title-ს | Superi.ge აკლია
2777,https://superi.ge/gorenje-rea70-kc-inverter-75-80/,კონდიციონერი GORENJE REA70 KC INVERTER (75-80 მ²),კონდიციონერი GORENJE REA70 KC INVERTER (75-80 მ²) | Superi.ge,title-ს | Superi.ge აკლია
2778,https://superi.ge/gorenje-rea35-kc-inverter-35-40/,კონდიციონერი GORENJE REA35 KC INVERTER (35-40 მ²),კონდიციონერი GORENJE REA35 KC INVERTER (35-40 მ²) | Superi.ge,title-ს | Superi.ge აკლია
2781,https://superi.ge/bosch-asx18vw30u-55-60/,კონდიციონერი BOSCH ASX18VW30U (55-60მ²),კონდიციონერი BOSCH ASX18VW30U (55-60მ²) | Superi.ge,title-ს | Superi.ge აკლია
2783,https://superi.ge/gree-gwh09aga-k3nna1a-25-30/,კონდიციონერი GREE GWH09AGA-K3NNA1A (25-30 მ²,კონდიციონერი GREE GWH09AGA-K3NNA1A (25-30 მ² | Superi.ge,title-ს | Superi.ge აკლია
2784,https://superi.ge/gree-gwh12agb-k3nna1a-35-40/,კონდიციონერი GREE GWH12AGB-K3NNA1A (35-40 მ²),კონდიციონერი GREE GWH12AGB-K3NNA1A (35-40 მ²) | Superi.ge,title-ს | Superi.ge აკლია
2785,https://superi.ge/gree-gwh18agc-k3nna1a-55-60/,კონდიციონერი GREE GWH18AGC-K3NNA1A (55-60 მ²),კონდიციონერი GREE GWH18AGC-K3NNA1A (55-60 მ²) | Superi.ge,title-ს | Superi.ge აკლია
2786,https://superi.ge/gree-gwh24agd-k3nna1a-75-80/,კონდიციონერი GREE GWH24AGD-K3NNA1A (75-80 მ²),კონდიციონერი GREE GWH24AGD-K3NNA1A (75-80 მ²) | Superi.ge,title-ს | Superi.ge აკლია
2787,https://superi.ge/gree-gwh28age-k3nna1a-90-100/,კონდიციონერი GREE GWH28AGE-K3NNA1A (90-100 მ²),კონდიციონერი GREE GWH28AGE-K3NNA1A (90-100 მ²) | Superi.ge,title-ს | Superi.ge აკლია
2790,https://superi.ge/gree-gva55al-m3nnc7a-150-200/,კონდიციონერი GREE GVA55AL-M3NNC7A (150-200 მ²),კონდიციონერი GREE GVA55AL-M3NNC7A (150-200 მ²) | Superi.ge,title-ს | Superi.ge აკლია
2791,https://superi.ge/gree-gwh18agd-k6dna1d-inverter-55-60/,GREE GWH18AGD-K6DNA1D INVERTER (55-60მ²),კონდიციონერი GREE GWH18AGD-K6DNA1D INVERTER (55-60მ²) | Superi.ge,title-ს | Superi.ge აკლია
2792,https://superi.ge/gree-gwh24agd-k6dna1c-inverter-75-80/,კონდიციონერი GREE GWH24AGD-K6DNA1C INVERTER (75-80მ²),კონდიციონერი GREE GWH24AGD-K6DNA1C INVERTER (75-80მ²) | Superi.ge,title-ს | Superi.ge აკლია
2795,https://superi.ge/gree-gwh18audxd-k6dna1a-inverter-55-50/,GREE GWH18AUDXD-K6DNA1A INVERTER (55-50მ²),კონდიციონერი GREE GWH18AUDXD-K6DNA1A INVERTER (55-50მ²),title-ს | Superi.ge აკლია
2796,https://superi.ge/gree-gwh24audxf-k6dna1a-inverter-75-80/,კონდიციონერი GREE GWH24AUDXF-K6DNA1A INVERTER (75-80მ²) | Superi.ge,კონდიციონერი GREE GWH24AUDXF-K6DNA1A INVERTER (75-80მ²),title > 65
2797,https://superi.ge/gree-gwh09acc-k6dna1f-inverter-25-30/,კონდიციონერი GREE GWH09ACC-K6DNA1F INVERTER (25-30მ²),კონდიციონერი GREE GWH09ACC-K6DNA1F INVERTER (25-30მ²) | Superi.ge,title-ს | Superi.ge აკლია
2798,https://superi.ge/gree-gwh12acc-k6dna1f-inverter-35-40/,კონდიციონერი GREE GWH12ACC-K6DNA1F INVERTER (35-40მ²),კონდიციონერი GREE GWH12ACC-K6DNA1F INVERTER (35-40მ²) | Superi.ge,title-ს | Superi.ge აკლია
2799,https://superi.ge/gree-gwh18acd-k6dna1i-inverter-55-60/,კონდიციონერი GREE GWH18ACD-K6DNA1I INVERTER (55-60მ²),კონდიციონერი GREE GWH18ACD-K6DNA1I INVERTER (55-60მ²) | Superi.ge,title-ს | Superi.ge აკლია
2800,https://superi.ge/gree-gwh24ace-k6dna1i-inverter-75-80/,GREE GWH24ACE-K6DNA1I INVERTER (75-80მ²),კონდიციონერი GREE GWH24ACE-K6DNA1I INVERTER (75-80მ²) | Superi.ge,title-ს | Superi.ge აკლია
2801,https://superi.ge/alneo-09chsa-xac1-25-30/,კონდიციონერი ALNEO 09CHSA/XAC1 (25-30მ²),კონდიციონერი ALNEO 09CHSA/XAC1 (25-30მ²) | Superi.ge,title-ს | Superi.ge აკლია
2802,https://superi.ge/alneo-12chsa-xac1-35-40/,კონდიციონერი ALNEO 12CHSA/XAC1 (35-40მ²),კონდიციონერი ALNEO 12CHSA/XAC1 (35-40მ²) | Superi.ge,title-ს | Superi.ge აკლია
2803,https://superi.ge/alneo-18chsa-xac1-55-60/,კონდიციონერი ALNEO 18CHSA/XAC1 (55-60),კონდიციონერი ALNEO 18CHSA/XAC1 (55-60) | Superi.ge,title-ს | Superi.ge აკლია
2812,https://superi.ge/midea-xt-18n8d6-gold-55-60/,კონდიციონერი MIDEA XT-18N8D6 GOLD (55-60 მ²),კონდიციონერი MIDEA XT-18N8D6 GOLD (55-60 მ²) | Superi.ge,title-ს | Superi.ge აკლია
2813,https://superi.ge/midea-xt-18n8d6-silver-55-60/,კონდიციონერი MIDEA XT-18N8D6 SILVER (55-60 მ²),კონდიციონერი MIDEA XT-18N8D6 SILVER (55-60 მ²) | Superi.ge,title-ს | Superi.ge აკლია
2854,https://superi.ge/hyundai-esaf-24hfn8-80/,კონდიციონერი HYUNDAI ESAF-24HFN8 (80მ²),კონდიციონერი HYUNDAI ESAF-24HFN8 (80მ²) | Superi.ge,title-ს | Superi.ge აკლია
2855,https://superi.ge/hyundai-esaf-09hn8-25-30/,კონდიციონერი HYUNDAI ESAF-09HN8 (25-30მ²),კონდიციონერი HYUNDAI ESAF-09HN8 (25-30მ²) | Superi.ge,title-ს | Superi.ge აკლია
2924,https://superi.ge/hoffmann-eiac-12k-35-40-inverter/,კონდიციონერი HOFFMANN EIAC-12K (35-40 მ²) INVERTER,კონდიციონერი HOFFMANN EIAC-12K (35-40 მ²) INVERTER | Superi.ge,title-ს | Superi.ge აკლია
2925,https://superi.ge/hoffmann-eiac-18k-55-60-inverter/,კონდიციონერი HOFFMANN EIAC-18K (55-60 მ²) INVERTER,კონდიციონერი HOFFMANN EIAC-18K (55-60 მ²) INVERTER | Superi.ge,title-ს | Superi.ge აკლია
2926,https://superi.ge/hoffmann-eiac-24k-75-80-inverter/,კონდიციონერი HOFFMANN EIAC-24K (75-80 მ²) INVERTER,კონდიციონერი HOFFMANN EIAC-24K (75-80 მ²) INVERTER | Superi.ge,title-ს | Superi.ge აკლია
2927,https://superi.ge/hoffmann-eoac-9k-20-30/,კონდიციონერი HOFFMANN EOAC-9K (20-30 მ²),კონდიციონერი HOFFMANN EOAC-9K (20-30 მ²) | Superi.ge,title-ს | Superi.ge აკლია
2928,https://superi.ge/hoffmann-eoac-12k-35-40/,კონდიციონერი HOFFMANN EOAC-12K (35-40 მ²),კონდიციონერი HOFFMANN EOAC-12K (35-40 მ²) | Superi.ge,title-ს | Superi.ge აკლია
2929,https://superi.ge/hoffmann-eoac-18k-55-60/,კონდიციონერი HOFFMANN EOAC-18K (55-60 მ²),კონდიციონერი HOFFMANN EOAC-18K (55-60 მ²) | Superi.ge,title-ს | Superi.ge აკლია
2930,https://superi.ge/hoffmann-eoac-24k-80/,კონდიციონერი HOFFMANN EOAC-24K (80 მ²),კონდიციონერი HOFFMANN EOAC-24K (80 მ²) | Superi.ge,title-ს | Superi.ge აკლია
2945,https://superi.ge/millen-mac-09k-25-30/,კონდიციონერი MILLEN MAC-09K (25-30მ²),კონდიციონერი MILLEN MAC-09K (25-30მ²) | Superi.ge,title-ს | Superi.ge აკლია
2946,https://superi.ge/vox-pmf12ch/,პორტატული კონდიციონერი VOX PMF12CH,პორტატული კონდიციონერი VOX PMF12CH | Superi.ge,title-ს | Superi.ge აკლია
2967,https://superi.ge/chigo-cs-25h3a-b150ay8d-25-30/,კონდიციონერი CHIGO CS-25H3A-B150AY8D (25-30მ²),კონდიციონერი CHIGO CS-25H3A-B150AY8D (25-30მ²) | Superi.ge,title-ს | Superi.ge აკლია
2968,https://superi.ge/chigo-cs-32h3a-1c150ay8e-30-40/,კონდიციონერი CHIGO CS-32H3A-1C150AY8E (30-40მ²),კონდიციონერი CHIGO CS-32H3A-1C150AY8E (30-40მ²) | Superi.ge,title-ს | Superi.ge აკლია
2986,https://superi.ge/midea-mfya-24fn1d0-inverter-80/,კონდიციონერი MIDEA MFYA-24FN1D0 INVERTER (80 მ²),კონდიციონერი MIDEA MFYA-24FN1D0 INVERTER (80 მ²) | Superi.ge,title-ს | Superi.ge აკლია
3315,https://superi.ge/haier-revive-as25rhbhra-inverter-25-30/,კონდიციონერი HAIER REVIVE AS25RHBHRA INVERTER (25-30 მ²) | Superi.ge,კონდიციონერი HAIER REVIVE AS25RHBHRA INVERTER (25-30 მ²),title > 65
3348,https://superi.ge/haier-inverter-revive-as50rcbhra-55-60/,კონდიციონერი HAIER INVERTER REVIVE AS50RCBHRA (55-60 მ²) | Superi.ge,კონდიციონერი HAIER INVERTER REVIVE AS50RCBHRA (55-60 მ²),title > 65
3369,https://superi.ge/haier-inverter-revive-as68rdahra-75-80/,კონდიციონერი HAIER INVERTER REVIVE AS68RDAHRA (75-80 მ²) | Superi.ge,კონდიციონერი HAIER INVERTER REVIVE AS68RDAHRA (75-80 მ²),title > 65
4067,https://superi.ge/midea-xt-09n8d6-inverter-black-25-30/,კონდიციონერი MIDEA XT-09N8D6 INVERTER BLACK (25-30 მ²) | Superi.ge,კონდიციონერი MIDEA XT-09N8D6 INVERTER BLACK (25-30 მ²),title > 65
5255,https://superi.ge/midea-xt-09n8d6-inverter-gold-25-30/,კონდიციონერი MIDEA XT-09N8D6 INVERTER GOLD,კონდიციონერი MIDEA XT-09N8D6 INVERTER GOLD (25-30 მ²) | Superi.ge,title-ს | Superi.ge აკლია
6301,https://superi.ge/toshiba-ras-13n4kvrg-13n4avrg-40m-inverter/,კონდიციონერი TOSHIBA RAS-13N4KVRG/13N4AVRG (40m²) INVERTER | Superi.ge,კონდიციონერი TOSHIBA RAS-13N4KVRG/13N4AVRG (40m²) INVERTER,title > 65
11981,https://superi.ge/midea-msag-30hrfn8/,MSAG-30HRFN8 ინვერტორული კონდიციონერი 28000 BTU 100 მ²,კონდიციონერი Midea MSAG-30HRFN8 (100მ²) | Superi.ge,title-ს | Superi.ge აკლია
12007,https://superi.ge/bosch-asx09xb30u-30-inverter/,Bosch ASX09XB30U ინვერტორული კონდიციონერი 9000 BTU 30 მ²,კონდიციონერი BOSCH ASX09XB30U (30მ²) inverter | Superi.ge,title-ს | Superi.ge აკლია
12010,https://superi.ge/bosch-asx09vw30u-30-inverter/,Bosch ASX09VW30U inverter კონდიციონერი 9000 BTU 30 მ² თეთრი,კონდიციონერი BOSCH ASX09VW30U (30მ²) inverter | Superi.ge,title-ს | Superi.ge აკლია
12013,https://superi.ge/bosch-asx12xb30u-40-inverter/,კონდიციონერი Bosch ASX12XB30U ინვერტორული 12000 BTU 40 მ² შავი,კონდიციონერი BOSCH ASX12XB30U (40მ²) inverter | Superi.ge,title-ს | Superi.ge აკლია
12020,https://superi.ge/hyundai-esaf-09hn8-b-30-inverter/,კონდიციონერი HYUNDAI ESAF-09HN8-B (30მ²) inverter შავი | Superi.ge,კონდიციონერი HYUNDAI ESAF-09HN8-B (30მ²) inverter შავი,title > 65
12177,https://superi.ge/tcl-breezein-tac-12chsd-tph11i-40-inverter/,კონდიციონერი TCL BREEZEIN TAC-12CHSD/TPH11I (40მ²) inverter | Superi.ge,კონდიციონერი TCL BREEZEIN TAC-12CHSD/TPH11I (40მ²) inverter,title > 65
12178,https://superi.ge/tcl-breezein-tac-18chsd-tph11i-60-inverter/,კონდიციონერი TCL BREEZEIN TAC-18CHSD/TPH11I (60მ²) inverter | Superi.ge,კონდიციონერი TCL BREEZEIN TAC-18CHSD/TPH11I (60მ²) inverter,title > 65
12179,https://superi.ge/tcl-breezein-tac-24chsd-tph11i-80-inverter/,კონდიციონერი TCL BREEZEIN TAC-24CHSD/TPH11I (80მ²) inverter | Superi.ge,კონდიციონერი TCL BREEZEIN TAC-24CHSD/TPH11I (80მ²) inverter,title > 65
12180,https://superi.ge/tcl-premium-freshin-3-0-tac-12chsd-fci-40-inverter/,კონდიციონერი TCL Premium FreshIN 3.0 TAC-12CHSD/FCI (40მ²) inverter | Superi.ge,კონდიციონერი TCL Premium FreshIN 3.0 TAC-12CHSD/FCI (40მ²),title > 65
12181,https://superi.ge/tcl-premium-freshin-3-0-tac-18chsd-fci-60-inverter/,კონდიციონერი TCL Premium FreshIN 3.0 TAC-18CHSD/FCI (60მ²) inverter | Superi.ge,კონდიციონერი TCL Premium FreshIN 3.0 TAC-18CHSD/FCI (60მ²),title > 65
12182,https://superi.ge/tcl-savein-tac-09chsd-zg11i-30-inverter/,კონდიციონერი TCL SaveIN TAC-09CHSD/ZG11I (30მ²) inverter | Superi.ge,კონდიციონერი TCL SaveIN TAC-09CHSD/ZG11I (30მ²) inverter,title > 65
12183,https://superi.ge/tcl-savein-tac-12chsd-zg11i-40-inverter/,კონდიციონერი TCL SaveIN TAC-12CHSD/ZG11I (40მ²) inverter | Superi.ge,კონდიციონერი TCL SaveIN TAC-12CHSD/ZG11I (40მ²) inverter,title > 65
12184,https://superi.ge/tcl-savein-tac-18chsd-zg11i-60-inverter/,კონდიციონერი TCL SaveIN TAC-18CHSD/ZG11I (60მ²) inverter | Superi.ge,კონდიციონერი TCL SaveIN TAC-18CHSD/ZG11I (60მ²) inverter,title > 65
12185,https://superi.ge/tcl-savein-tac-24chsd-zg11i-80-inverter/,კონდიციონერი TCL SaveIN TAC-24CHSD/ZG11I (80მ²) inverter | Superi.ge,კონდიციონერი TCL SaveIN TAC-24CHSD/ZG11I (80მ²) inverter,title > 65
12188,https://superi.ge/tcl-multi-split-fma-27i3hd-dvo-outdoor-fma-09chsd-tph11i-2pc-fma-18chsd-tph11i-100-120-m2-inverter/,მულტი სპლიტ კონდიციონერი TCL MULTI SPLIT FMA-27I3HD/DVO OUTDOOR + FMA-09CHSD/TPH11I(2pc) + FMA-18CHSD/TPH11I 100-120 m2 Inverter | Superi.ge,მულტი სპლიტ კონდიციონერი TCL MULTI SPLIT FMA-27I3HD/DVO,title > 65
12946,https://superi.ge/lg-dualcool-standard-i12ceh-nggf-35-40-m2-inverter-white/,კონდიციონერი LG DualCool Standard I12CEH.NGGF 35-40 m2 Inverter - White | Superi.ge,კონდიციონერი LG DualCool Standard I12CEH.NGGF 35-40 m2 Inverter,title > 65
13578,https://superi.ge/haier-flexis-super-match-as35s2sf1fa-b/,კონდიციონერი HAIER FLEXIS SUPER MATCH AS35S2SF1FA-B inverter | Superi.ge,კონდიციონერი HAIER FLEXIS SUPER MATCH AS35S2SF1FA-B inverter,title > 65
14292,https://superi.ge/air-conditioning-tcl-multi-split-fma-32i4hd-dvo-outdoor-fma-09chsd-tph11i-2pc-fma-12chsd-tph1/,TCL MULTI SPLIT FMA-32I4HD/DVO OUTDOOR + FMA-09CHSD/TPH11I (2pc) + FMA-12CHSD/TPH11I(2pc) 130-160 m2 Inverter მულტი სპლიტ კონდიციონერი | Superi.ge,TCL MULTI SPLIT FMA-32I4HD/DVO OUTDOOR + FMA-09CHSD/TPH11I,title > 65
14295,https://superi.ge/air-conditioning-tac-09cpa-sl-25-30m2-r410a-portable-cooling-complect/,პორტატული კონდიციონერი TCL TAC-09CPA/SL 25-30 m2 - White | Superi.ge,პორტატული კონდიციონერი TCL TAC-09CPA/SL 25-30 m2 | Superi.ge,title > 65
14299,https://superi.ge/air-conditioning-panasonic-etherea-cs-z71ckew-indoor-70-80m2-r32-nanoe-x-white/,Panasonic Etherea CS-Z71CKEW INDOOR 70-80 m2 - White კონდიციონერი | Superi.ge,Panasonic Etherea CS-Z71CKEW INDOOR 70-80 m2 | Superi.ge,title > 65
15025,https://superi.ge/panasonic-compact-premium-cs-tz25ckew-25-30/,კონდიციონერი Panasonic Compact Premium CS-TZ25CKEW (25-30 მ²) | Superi.ge,კონდიციონერი Panasonic Compact Premium CS-TZ25CKEW (25-30 მ²),title > 65
15026,https://superi.ge/panasonic-compact-premium-cs-tz35ckew-35-40/,კონდიციონერი Panasonic Compact Premium CS-TZ35CKEW (35-40 მ²) | Superi.ge,კონდიციონერი Panasonic Compact Premium CS-TZ35CKEW (35-40 მ²),title > 65
15027,https://superi.ge/panasonic-compact-premium-cs-tz42ckew-45-50/,კონდიციონერი Panasonic Compact Premium CS-TZ42CKEW (45-50 მ²) | Superi.ge,კონდიციონერი Panasonic Compact Premium CS-TZ42CKEW (45-50 მ²),title > 65
15028,https://superi.ge/panasonic-compact-premium-cs-tz50ckew-50-60/,კონდიციონერი Panasonic Compact Premium CS-TZ50CKEW (50-60 მ²) | Superi.ge,კონდიციონერი Panasonic Compact Premium CS-TZ50CKEW (50-60 მ²),title > 65
15030,https://superi.ge/panasonic-etherea-cs-xz25ckew-h-25-30/,კონდიციონერი Panasonic Etherea CS-XZ25CKEW-H (25-30 მ²) | Superi.ge,კონდიციონერი Panasonic Etherea CS-XZ25CKEW-H (25-30 მ²),title > 65
15032,https://superi.ge/panasonic-etherea-cs-xz35ckew-h-35-40/,კონდიციონერი Panasonic Etherea CS-XZ35CKEW-H (35-40 მ²) | Superi.ge,კონდიციონერი Panasonic Etherea CS-XZ35CKEW-H (35-40 მ²),title > 65
15033,https://superi.ge/panasonic-etherea-cs-xz42ckew-h-45-50/,კონდიციონერი Panasonic Etherea CS-XZ42CKEW-H (45-50 მ²) | Superi.ge,კონდიციონერი Panasonic Etherea CS-XZ42CKEW-H (45-50 მ²),title > 65
15040,https://superi.ge/samsung-ai-windfree-ar18cxfcabt-50-60/,კონდიციონერი Samsung AI WindFree AR18CXFCABT (50-60 მ²) | Superi.ge,კონდიციონერი Samsung AI WindFree AR18CXFCABT (50-60 მ²),title > 65
15041,https://superi.ge/samsung-ai-windfree-ar24cxfcabt-70-80/,კონდიციონერი Samsung AI WindFree AR24CXFCABT (70-80 მ²) | Superi.ge,კონდიციონერი Samsung AI WindFree AR24CXFCABT (70-80 მ²),title > 65
15045,https://superi.ge/samsung-ai-windfree-ar60f24c1dwner-70-80/,კონდიციონერი Samsung AI WindFree AR60F24C1DWNER (70-80 მ²) | Superi.ge,კონდიციონერი Samsung AI WindFree AR60F24C1DWNER (70-80 მ²),title > 65
789,https://superi.ge/trinx-m116/,ველოსიპედი TRINX M116|Superi.ge,ველოსიპედი TRINX M116 | Superi.ge,title-ს | Superi.ge აკლია
790,https://superi.ge/trinx-junior-3-0/,ველოსიპედი TRINX JUNIOR 3.0|Superi.ge,ველოსიპედი TRINX JUNIOR 3.0 | Superi.ge,title-ს | Superi.ge აკლია
791,https://superi.ge/trinx-majestic-m600-elite/,ველოსიპედი TRINX MAJESTIC M600 ELITE,ველოსიპედი TRINX MAJESTIC M600 ELITE | Superi.ge,title-ს | Superi.ge აკლია
792,https://superi.ge/trinx-princess-2-0/,ველოსიპედი TRINX PRINCESS 2.0|Superi.ge,ველოსიპედი TRINX PRINCESS 2.0 | Superi.ge,title-ს | Superi.ge აკლია
832,https://superi.ge/trinx-smile-tx1410/,ველოსიპედი TRINX SMILE TX1410|Superi.ge,ველოსიპედი TRINX SMILE TX1410 | Superi.ge,title-ს | Superi.ge აკლია
1732,https://superi.ge/trinx-m500-pro-17-2020/,ველოსიპედი TRINX M500 PRO 17 2020,ველოსიპედი TRINX M500 PRO 17 2020 | Superi.ge,title-ს | Superi.ge აკლია
1920,https://superi.ge/totem-bernard-27-5/,"ველოსიპედი TOTEM BERNARD 27.5""","ველოსიპედი TOTEM BERNARD 27.5"" | Superi.ge",title-ს | Superi.ge აკლია
1933,https://superi.ge/trinx-m116-pro/,ველოსიპედი TRINX M116 PRO|Superi.ge,ველოსიპედი TRINX M116 PRO | Superi.ge,title-ს | Superi.ge აკლია
1947,https://superi.ge/trinx-n600-nana/,ველოსიპედი TRINX N600 NANA|Superi.ge,ველოსიპედი TRINX N600 NANA | Superi.ge,title-ს | Superi.ge აკლია
2061,https://superi.ge/trinx-m600-elite-27-5x16-2020/,ველოსიპედი TRINX M600 ELITE 27.5X16 2020,ველოსიპედი TRINX M600 ELITE 27.5X16 2020 | Superi.ge,title-ს | Superi.ge აკლია
6307,https://superi.ge/1300w-sds-hex-pdb130018-ingco/,ელექტრო პნევმატური პერფორატორი 1300W SDS-HEX PDB130018 INGCO | Superi.ge,ელექტრო პნევმატური პერფორატორი 1300W SDS-HEX PDB130018 INGCO,title > 65
6310,https://superi.ge/jifa-jfs1601-120-w/,ფიგურების გამოსაყვანი ბეწვა ხერხი JIFA JFS1601 (120 W) | Superi.ge,ფიგურების გამოსაყვანი ბეწვა ხერხი JIFA JFS1601 (120 W),title > 65
8385,https://superi.ge/ronix-2821-1500w-27j-10-7kg-sds-max/,ელექტრო სანგრევი ჩაქუჩი Ronix-2821 1500w 27J 10.7kg SDS-MAX | Superi.ge,ელექტრო სანგრევი ჩაქუჩი Ronix-2821 1500w 27J 10.7kg SDS-MAX,title > 65
13,https://superi.ge/roadmarch-3erm597f/,საბურავი ROADMARCH 3ERM597F,საბურავი ROADMARCH 3ERM597F | Superi.ge,title-ს | Superi.ge აკლია
3213,https://superi.ge/riken-225-55r17-101v-snow/,საბურავი RIKEN 225/55R17 101V SNOW,საბურავი RIKEN 225/55R17 101V SNOW (ზამთრის) | Superi.ge,title-ს | Superi.ge აკლია
3214,https://superi.ge/riken-215-60r16-99h-snow/,საბურავი RIKEN 215/60R16 SNOW,საბურავი RIKEN 215/60R16 99H SNOW (ზამთრის) | Superi.ge,title-ს | Superi.ge აკლია
12,https://superi.ge/beko-rdse500m20wb-superia/,მაცივარი BEKO RDSE500M20WB SUPERIA,მაცივარი BEKO RDSE500M20WB SUPERIA | Superi.ge,title-ს | Superi.ge აკლია
165,https://superi.ge/vestel-rs-390-silver/,მაცივარი VESTEL RS 390 SILVER|Superi.ge,მაცივარი VESTEL RS 390 SILVER | Superi.ge,title-ს | Superi.ge აკლია
242,https://superi.ge/midea-mdrs619fgf25/,მაცივარი MIDEA MDRS619FGF25|Superi.ge,მაცივარი MIDEA MDRS619FGF25 | Superi.ge,title-ს | Superi.ge აკლია
468,https://superi.ge/toshiba-gr-rb449we-pmj-06/,მაცივარი TOSHIBA GR-RB449WE-PMJ(06),მაცივარი TOSHIBA GR-RB449WE-PMJ(06) | Superi.ge,title-ს | Superi.ge აკლია
472,https://superi.ge/gorenje-nrs918emb/,მაცივარი GORENJE NRS918EMB|Superi.ge,მაცივარი GORENJE NRS918EMB | Superi.ge,title-ს | Superi.ge აკლია
476,https://superi.ge/vestel-rm700bf3el/,მაცივარი VESTEL RM700BF3EL|Superi.ge,მაცივარი VESTEL RM700BF3EL | Superi.ge,title-ს | Superi.ge აკლია
479,https://superi.ge/midea-mdrs723myf28/,მაცივარი MIDEA MDRS723MYF28|Superi.ge,მაცივარი MIDEA MDRS723MYF28 | Superi.ge,title-ს | Superi.ge აკლია
482,https://superi.ge/beko-gn-163140-zgbn/,მაცივარი BEKO GN 163140 ZGBN|Superi.ge,მაცივარი BEKO GN 163140 ZGBN | Superi.ge,title-ს | Superi.ge აკლია
484,https://superi.ge/gorenje-nrk620eabxl4/,მაცივარი GORENJE NRK620EABXL4|Superi.ge,მაცივარი GORENJE NRK620EABXL4 | Superi.ge,title-ს | Superi.ge აკლია
486,https://superi.ge/hisense-rd73wrwd-inox/,მაცივარი HISENSE RD73WRWD INOX,მაცივარი HISENSE RD73WRWD INOX | Superi.ge,title-ს | Superi.ge აკლია
491,https://superi.ge/beko-rdne510m20w-superia/,მაცივარი BEKO RDNE510M20W SUPERIA,მაცივარი BEKO RDNE510M20W SUPERIA | Superi.ge,title-ს | Superi.ge აკლია
492,https://superi.ge/vestel-rn480-bfr3ei-bb/,მაცივარი VESTEL RN480 BFR3EI-BB | Superi.ge | ონლაინ მაღაზია,მაცივარი VESTEL RN480 BFR3EI-BB | Superi.ge,title-ს | Superi.ge აკლია
494,https://superi.ge/beko-rdne510m20b-superia/,მაცივარი BEKO RDNE510M20B SUPERIA,მაცივარი BEKO RDNE510M20B SUPERIA | Superi.ge,title-ს | Superi.ge აკლია
495,https://superi.ge/beko-rdne510m20xbr/,მაცივარი BEKO RDNE510M20XBR|Superi.ge,მაცივარი BEKO RDNE510M20XBR | Superi.ge,title-ს | Superi.ge აკლია
509,https://superi.ge/toshiba-gr-rt559we-pmj-37/,მაცივარი TOSHIBA GR-RT559WE-PMJ(37),მაცივარი TOSHIBA GR-RT559WE-PMJ(37) | Superi.ge,title-ს | Superi.ge აკლია
510,https://superi.ge/toshiba-gr-rt559we-pmj-06/,მაცივარი TOSHIBA GR-RT559WE-PMJ(06),მაცივარი TOSHIBA GR-RT559WE-PMJ(06) | Superi.ge,title-ს | Superi.ge აკლია
513,https://superi.ge/midea-mdrs619fgf28/,მაცივარი MIDEA MDRS619FGF28|Superi.ge,მაცივარი MIDEA MDRS619FGF28 | Superi.ge,title-ს | Superi.ge აკლია
514,https://superi.ge/midea-mdrs619fgf46/,მაცივარი MIDEA MDRS619FGF46|Superi.ge,მაცივარი MIDEA MDRS619FGF46 | Superi.ge,title-ს | Superi.ge აკლია
515,https://superi.ge/beko-rcne560e35zxb/,მაცივარი BEKO RCNE560E35ZXB|Superi.ge,მაცივარი BEKO RCNE560E35ZXB | Superi.ge,title-ს | Superi.ge აკლია
517,https://superi.ge/beko-rcne560e40zxbrn/,მაცივარი BEKO RCNE560E40ZXBRN|Superi.ge,მაცივარი BEKO RCNE560E40ZXBRN | Superi.ge,title-ს | Superi.ge აკლია
518,https://superi.ge/samsung-rb34a7b4f35-wt/,მაცივარი SAMSUNG RB34A7B4F35/WT,მაცივარი SAMSUNG RB34A7B4F35/WT | Superi.ge,title-ს | Superi.ge აკლია
520,https://superi.ge/beko-rcne560e40zxpn-superia/,მაცივარი BEKO RCNE560E40ZXPN SUPERIA,მაცივარი BEKO RCNE560E40ZXPN SUPERIA | Superi.ge,title-ს | Superi.ge აკლია
533,https://superi.ge/beko-gn1406223px/,მაცივარი BEKO GN1406223PX|Superi.ge,მაცივარი BEKO GN1406223PX | Superi.ge,title-ს | Superi.ge აკლია
535,https://superi.ge/toshiba-gr-rf532we-pmj-06/,მაცივარი TOSHIBA GR-RF532WE-PMJ (06),მაცივარი TOSHIBA GR-RF532WE-PMJ (06) | Superi.ge,title-ს | Superi.ge აკლია
548,https://superi.ge/hitachi-r-w660puc7-gbk/,მაცივარი HITACHI R-W660PUC7 GBK,მაცივარი HITACHI R-W660PUC7 GBK | Superi.ge,title-ს | Superi.ge აკლია
549,https://superi.ge/samsung-rt32k5132s8-wt/,მაცივარი SAMSUNG RT32K5132S8/WT,მაცივარი SAMSUNG RT32K5132S8/WT | Superi.ge,title-ს | Superi.ge აკლია
551,https://superi.ge/samsung-rb34t670fsa-wt/,მაცივარი SAMSUNG RB34T670FSA/WT,მაცივარი SAMSUNG RB34T670FSA/WT | Superi.ge,title-ს | Superi.ge აკლია
552,https://superi.ge/hisense-rc-67ws-bi/,მაცივარი HISENSE RC-67WS BI|Superi.ge,მაცივარი HISENSE RC-67WS BI | Superi.ge,title-ს | Superi.ge აკლია
553,https://superi.ge/samsung-rb34t670fbn-wt/,მაცივარი SAMSUNG RB34T670FBN/WT,მაცივარი SAMSUNG RB34T670FBN/WT | Superi.ge,title-ს | Superi.ge აკლია
554,https://superi.ge/hitachi-r-wb710puc9-gbk/,მაცივარი HITACHI R-WB710PUC9 GBK,მაცივარი HITACHI R-WB710PUC9 GBK | Superi.ge,title-ს | Superi.ge აკლია
555,https://superi.ge/beko-rdne43w-superia/,მაცივარი BEKO RDNE43W SUPERIA|Superi.ge,მაცივარი BEKO RDNE43W SUPERIA | Superi.ge,title-ს | Superi.ge აკლია
560,https://superi.ge/samsung-rb34a7b4f39-wt/,მაცივარი SAMSUNG RB34A7B4F39/WT,მაცივარი SAMSUNG RB34A7B4F39/WT | Superi.ge,title-ს | Superi.ge აკლია
563,https://superi.ge/vestel-rs200lr3m-w/,მაცივარი VESTEL RS200LR3M-W|Superi.ge,მაცივარი VESTEL RS200LR3M-W | Superi.ge,title-ს | Superi.ge აკლია
564,https://superi.ge/beko-gn-1416231-jxn/,მაცივარი BEKO GN 1416231 JXN|Superi.ge,მაცივარი BEKO GN 1416231 JXN | Superi.ge,title-ს | Superi.ge აკლია
567,https://superi.ge/beko-rdsa240k30wn/,მაცივარი BEKO RDSA240K30WN|Superi.ge,მაცივარი BEKO RDSA240K30WN | Superi.ge,title-ს | Superi.ge აკლია
569,https://superi.ge/beko-rdse500m20w-superia/,მაცივარი BEKO RDSE500M20W SUPERIA,მაცივარი BEKO RDSE500M20W SUPERIA | Superi.ge,title-ს | Superi.ge აკლია
571,https://superi.ge/vestel-sd220w/,მაცივარი VESTEL SD220W|Superi.ge,მაცივარი VESTEL SD220W | Superi.ge,title-ს | Superi.ge აკლია
576,https://superi.ge/gorenje-rb491pw/,მაცივარი GORENJE RB491PW|Superi.ge,მაცივარი GORENJE RB491PW | Superi.ge,title-ს | Superi.ge აკლია
580,https://superi.ge/gorenje-nrk6192as4/,მაცივარი GORENJE NRK6192AS4|Superi.ge,მაცივარი GORENJE NRK6192AS4 | Superi.ge,title-ს | Superi.ge აკლია
581,https://superi.ge/bosch-kgn36xi30u/,მაცივარი BOSCH KGN36XI30U|Superi.ge,მაცივარი BOSCH KGN36XI30U | Superi.ge,title-ს | Superi.ge აკლია
583,https://superi.ge/gorenje-nrm818fmb/,მაცივარი GORENJE NRM818FMB|Superi.ge,მაცივარი GORENJE NRM818FMB | Superi.ge,title-ს | Superi.ge აკლია
585,https://superi.ge/vestel-rs455tf3m-w/,მაცივარი VESTEL RS455TF3M-W|Superi.ge,მაცივარი VESTEL RS455TF3M-W | Superi.ge,title-ს | Superi.ge აკლია
611,https://superi.ge/aeg-rmb76121nx/,მაცივარი AEG RMB76121NX,მაცივარი AEG RMB76121NX | Superi.ge,title-ს | Superi.ge აკლია
612,https://superi.ge/gorenje-nrk6191pw4/,მაცივარი GORENJE NRK6191PW4|Superi.ge,მაცივარი GORENJE NRK6191PW4 | Superi.ge,title-ს | Superi.ge აკლია
613,https://superi.ge/bosch-kgn36xw30u/,მაცივარი BOSCH KGN36XW30U|Superi.ge,მაცივარი BOSCH KGN36XW30U | Superi.ge,title-ს | Superi.ge აკლია
618,https://superi.ge/vestel-rm-400tfzm-bg/,მაცივარი VESTEL RM 400TFZM (BG),მაცივარი VESTEL RM 400TFZM (BG) | Superi.ge,title-ს | Superi.ge აკლია
644,https://superi.ge/vestfrost-36654-dsgr/,მაცივარი VESTFROST 36654 DSGR|Superi.ge,მაცივარი VESTFROST 36654 DSGR | Superi.ge,title-ს | Superi.ge აკლია
645,https://superi.ge/vestfrost-3664-rds/,მაცივარი VESTFROST 3664 RDS|Superi.ge,მაცივარი VESTFROST 3664 RDS | Superi.ge,title-ს | Superi.ge აკლია
646,https://superi.ge/vestfrost-gt-n3664mgks-a-ix/,მაცივარი VESTFROST GT/N3664MGKS(A+) IX,მაცივარი VESTFROST GT/N3664MGKS(A+) IX | Superi.ge,title-ს | Superi.ge აკლია
648,https://superi.ge/vestfrost-3664-dsw/,მაცივარი VESTFROST 3664 DSW|Superi.ge,მაცივარი VESTFROST 3664 DSW | Superi.ge,title-ს | Superi.ge აკლია
651,https://superi.ge/vestfrost-tm343w/,მაცივარი VESTFROST TM343W|Superi.ge,მაცივარი VESTFROST TM343W | Superi.ge,title-ს | Superi.ge აკლია
656,https://superi.ge/hisense-rd-32wrn/,მაცივარი HISENSE RD-32WRN|Superi.ge,მაცივარი HISENSE RD-32WRN | Superi.ge,title-ს | Superi.ge აკლია
657,https://superi.ge/hitachi-r-v660puc7-2-bsl/,მაცივარი HITACHI R-V660PUC7-1 BSL A++ BLACK,მაცივარი HITACHI R-V660PUC7-2 BSL | Superi.ge,title-ს | Superi.ge აკლია
659,https://superi.ge/hisense-rd49wr-inox/,მაცივარი HISENSE RD49WR INOX|Superi.ge,მაცივარი HISENSE RD49WR INOX | Superi.ge,title-ს | Superi.ge აკლია
853,https://superi.ge/samsung-rl4353ebasl-wt/,მაცივარი SAMSUNG RL4353EBASL/WT,მაცივარი SAMSUNG RL4353EBASL/WT | Superi.ge,title-ს | Superi.ge აკლია
977,https://superi.ge/hisense-rd-43wc4s-inox/,მაცივარი HISENSE RD-43WC4S INOX,მაცივარი HISENSE RD-43WC4S INOX | Superi.ge,title-ს | Superi.ge აკლია
978,https://superi.ge/hitachi-r-wb710puc9-gbw/,მაცივარი HITACHI R-WB710PUC9 GBW,მაცივარი HITACHI R-WB710PUC9 GBW | Superi.ge,title-ს | Superi.ge აკლია
982,https://superi.ge/graetz-gtn36nw/,მაცივარი GRAETZ GTN36NW|Superi.ge,მაცივარი GRAETZ GTN36NW | Superi.ge,title-ს | Superi.ge აკლია
986,https://superi.ge/samsung-rb38a7b6239-wt/,მაცივარი SAMSUNG RB38A7B6239/WT,მაცივარი SAMSUNG RB38A7B6239/WT | Superi.ge,title-ს | Superi.ge აკლია
988,https://superi.ge/samsung-rb34t670fel-wt/,მაცივარი SAMSUNG RB34T670FEL/WT,მაცივარი SAMSUNG RB34T670FEL/WT | Superi.ge,title-ს | Superi.ge აკლია
992,https://superi.ge/indesit-its-4180-w/,მაცივარი INDESIT ITS 4180 W|Superi.ge,მაცივარი INDESIT ITS 4180 W | Superi.ge,title-ს | Superi.ge აკლია
999,https://superi.ge/vox-nf-4630-f/,მაცივარი VOX NF 4630 F|Superi.ge,მაცივარი VOX NF 4630 F | Superi.ge,title-ს | Superi.ge აკლია
1001,https://superi.ge/samsung-rb38a7b6235-wt/,მაცივარი SAMSUNG RB38A7B6235/WT,მაცივარი SAMSUNG RB38A7B6235/WT | Superi.ge,title-ს | Superi.ge აკლია
1408,https://superi.ge/bosch-kdn30nw20u/,მაცივარი BOSCH KDN30NW20U|Superi.ge,მაცივარი BOSCH KDN30NW20U | Superi.ge,title-ს | Superi.ge აკლია
1410,https://superi.ge/bosch-kgn49xl30u/,მაცივარი BOSCH KGN49XL30U|Superi.ge,მაცივარი BOSCH KGN49XL30U | Superi.ge,title-ს | Superi.ge აკლია
1413,https://superi.ge/bosch-kgn49xw30u/,მაცივარი BOSCH KGN49XW30U|Superi.ge,მაცივარი BOSCH KGN49XW30U | Superi.ge,title-ს | Superi.ge აკლია
1414,https://superi.ge/midea-mdrb470mgf01om/,მაცივარი MIDEA MDRB470MGF01OM|Superi.ge,მაცივარი MIDEA MDRB470MGF01OM | Superi.ge,title-ს | Superi.ge აკლია
1415,https://superi.ge/indesit-its-4200-w/,მაცივარი INDESIT ITS 4200 W|Superi.ge,მაცივარი INDESIT ITS 4200 W | Superi.ge,title-ს | Superi.ge აკლია
1418,https://superi.ge/vox-ks-1200-f/,მაცივარი VOX KS 1200 F|Superi.ge,მაცივარი VOX KS 1200 F | Superi.ge,title-ს | Superi.ge აკლია
1428,https://superi.ge/vox-kk-3600-f/,მაცივარი VOX KK 3600 F|Superi.ge,მაცივარი VOX KK 3600 F | Superi.ge,title-ს | Superi.ge აკლია
1429,https://superi.ge/vox-kg-3330-f/,მაცივარი VOX KG 3330 F|Superi.ge,მაცივარი VOX KG 3330 F | Superi.ge,title-ს | Superi.ge აკლია
1431,https://superi.ge/graetz-gtn43nw/,მაცივარი GRAETZ GTN43NW|Superi.ge,მაცივარი GRAETZ GTN43NW | Superi.ge,title-ს | Superi.ge აკლია
1433,https://superi.ge/vox-nf-3735-ixf/,მაცივარი VOX NF 3735 IXF|Superi.ge,მაცივარი VOX NF 3735 IXF | Superi.ge,title-ს | Superi.ge აკლია
1434,https://superi.ge/beko-rcnk270k20w/,მაცივარი BEKO RCNK270K20W|Superi.ge,მაცივარი BEKO RCNK270K20W | Superi.ge,title-ს | Superi.ge აკლია
1435,https://superi.ge/vox-nf-3830-ixf/,მაცივარი VOX NF 3830 IXF|Superi.ge,მაცივარი VOX NF 3830 IXF | Superi.ge,title-ს | Superi.ge აკლია
1436,https://superi.ge/bosch-kdn43nw20u/,მაცივარი BOSCH KDN43NW20U|Superi.ge,მაცივარი BOSCH KDN43NW20U | Superi.ge,title-ს | Superi.ge აკლია
1438,https://superi.ge/beko-b3drcnk402hxbr/,მაცივარი BEKO B3DRCNK402HXBR|Superi.ge,მაცივარი BEKO B3DRCNK402HXBR | Superi.ge,title-ს | Superi.ge აკლია
1439,https://superi.ge/samsung-rl4362rbasl-wt/,მაცივარი SAMSUNG RL4362RBASL/WT,მაცივარი SAMSUNG RL4362RBASL/WT | Superi.ge,title-ს | Superi.ge აკლია
1444,https://superi.ge/vox-kk-3600-sf/,მაცივარი VOX KK 3600 SF | Superi.ge | ონლაინ მაღაზია,მაცივარი VOX KK 3600 SF | Superi.ge,title-ს | Superi.ge აკლია
1445,https://superi.ge/vox-kg-2500-bf/,მაცივარი VOX KG 2500 BF|Superi.ge,მაცივარი VOX KG 2500 BF | Superi.ge,title-ს | Superi.ge აკლია
1551,https://superi.ge/lg-gbb62dshec/,მაცივარი LG GBB62DSHEC|Superi.ge,მაცივარი LG GBB62DSHEC | Superi.ge,title-ს | Superi.ge აკლია
1554,https://superi.ge/lg-gr-c639hlcl/,მაცივარი LG GR-C639HLCL|Superi.ge,მაცივარი LG GR-C639HLCL | Superi.ge,title-ს | Superi.ge აკლია
1556,https://superi.ge/graetz-gtn36ndxw/,მაცივარი GRAETZ GTN36NDXW|Superi.ge,მაცივარი GRAETZ GTN36NDXW | Superi.ge,title-ს | Superi.ge აკლია
1571,https://superi.ge/lg-gbp31dstzr/,მაცივარი LG GBP31DSTZR|Superi.ge,მაცივარი LG GBP31DSTZR | Superi.ge,title-ს | Superi.ge აკლია
1572,https://superi.ge/hitachi-r-wb720vuc0-gbk/,მაცივარი HITACHI R-WB720VUC0 GBK,მაცივარი HITACHI R-WB720VUC0 GBK | Superi.ge,title-ს | Superi.ge აკლია
1574,https://superi.ge/hisense-rd-39wcd-inox/,მაცივარი HISENSE RD-39WCD INOX,მაცივარი HISENSE RD-39WCD INOX | Superi.ge,title-ს | Superi.ge აკლია
1575,https://superi.ge/hisense-rq-51wcd/,მაცივარი HISENSE RQ-51WCD|Superi.ge,მაცივარი HISENSE RQ-51WCD | Superi.ge,title-ს | Superi.ge აკლია
1708,https://superi.ge/midea-mdrb521mie46odm/,მაცივარი MIDEA MDRB521MIE46ODM,მაცივარი MIDEA MDRB521MIE46ODM | Superi.ge,title-ს | Superi.ge აკლია
1757,https://superi.ge/ardesto-dtf-m212x143/,მაცივარი ARDESTO DTF-M212X143|Superi.ge,მაცივარი ARDESTO DTF-M212X143 | Superi.ge,title-ს | Superi.ge აკლია
1905,https://superi.ge/hisense-dt27dr4-black/,მაცივარი HISENSE DT27DR4 BLACK,მაცივარი HISENSE DT27DR4 BLACK | Superi.ge,title-ს | Superi.ge აკლია
1906,https://superi.ge/hisense-dt27dr4-white/,მაცივარი HISENSE DT27DR4 WHITE,მაცივარი HISENSE DT27DR4 WHITE | Superi.ge,title-ს | Superi.ge აკლია
1907,https://superi.ge/hisense-dt27dr4-silver/,მაცივარი HISENSE DT27DR4 SILVER,მაცივარი HISENSE DT27DR4 SILVER | Superi.ge,title-ს | Superi.ge აკლია
1925,https://superi.ge/samsung-rt47cg6442s9wt/,მაცივარი SAMSUNG RT47CG6442S9WT,მაცივარი SAMSUNG RT47CG6442S9WT | Superi.ge,title-ს | Superi.ge აკლია
2047,https://superi.ge/bosch-kgn86ai32u/,მაცივარი BOSCH KGN86AI32U|Superi.ge,მაცივარი BOSCH KGN86AI32U | Superi.ge,title-ს | Superi.ge აკლია
2072,https://superi.ge/hisense-rd-33wcrwd-inox/,მაცივარი HISENSE RD-33WCRWD-INOX,მაცივარი HISENSE RD-33WCRWD-INOX | Superi.ge,title-ს | Superi.ge აკლია
2116,https://superi.ge/samsung-rf48a4000b4-wt/,მაცივარი SAMSUNG RF48A4000B4/WT,მაცივარი SAMSUNG RF48A4000B4/WT | Superi.ge,title-ს | Superi.ge აკლია
2117,https://superi.ge/samsung-rt42cg6000b1wt/,მაცივარი SAMSUNG RT42CG6000B1WT,მაცივარი SAMSUNG RT42CG6000B1WT | Superi.ge,title-ს | Superi.ge აკლია
2118,https://superi.ge/samsung-rt35cg5000s9wt/,მაცივარი SAMSUNG RT35CG5000S9WT,მაცივარი SAMSUNG RT35CG5000S9WT | Superi.ge,title-ს | Superi.ge აკლია
2158,https://superi.ge/hisense-rd-31dr4sa/,მაცივარი HISENSE RD-31DR4SA|Superi.ge,მაცივარი HISENSE RD-31DR4SA | Superi.ge,title-ს | Superi.ge აკლია
2190,https://superi.ge/samsung-rb38t7762b1-wt/,მაცივარი SAMSUNG RB38T7762B1/WT,მაცივარი SAMSUNG RB38T7762B1/WT | Superi.ge,title-ს | Superi.ge აკლია
2191,https://superi.ge/samsung-rb38t676fsa-wt/,მაცივარი SAMSUNG RB38T676FSA/WT,მაცივარი SAMSUNG RB38T676FSA/WT | Superi.ge,title-ს | Superi.ge აკლია
2214,https://superi.ge/hagen-hrsbs1743x/,მაცივარი HAGEN HRSBS1743X,მაცივარი HAGEN HRSBS1743X | Superi.ge,title-ს | Superi.ge აკლია
2240,https://superi.ge/samsung-rb31ferndsa-wt/,მაცივარი SAMSUNG RB31FERNDSA/WT,მაცივარი SAMSUNG RB31FERNDSA/WT | Superi.ge,title-ს | Superi.ge აკლია
2475,https://superi.ge/bosch-kgn55vl20u/,მაცივარი BOSCH KGN55VL20U,მაცივარი BOSCH KGN55VL20U | Superi.ge,title-ს | Superi.ge აკლია
2486,https://superi.ge/samsung-rt42cb662022wt-bespoke/,მაცივარი SAMSUNG RT42CB662022WT BESPOKE,მაცივარი SAMSUNG RT42CB662022WT BESPOKE | Superi.ge,title-ს | Superi.ge აკლია
2806,https://superi.ge/samsung-rb29ferndsa-wt/,მაცივარი SAMSUNG RB29FERNDSA/WT,მაცივარი SAMSUNG RB29FERNDSA/WT | Superi.ge,title-ს | Superi.ge აკლია
2807,https://superi.ge/samsung-rs64r5331b4-wt/,მაცივარი SAMSUNG RS64R5331B4/WT,მაცივარი SAMSUNG RS64R5331B4/WT | Superi.ge,title-ს | Superi.ge აკლია
2836,https://superi.ge/la-sommeliere-cigar-cellar-cig251/,სიგარას მაცივარი La Sommelière Cigar Cellar CIG251,სიგარას მაცივარი La Sommelière Cigar Cellar CIG251 | Superi.ge,title-ს | Superi.ge აკლია
2837,https://superi.ge/gorenje-nrs8182kx/,მაცივარი GORENJE NRS8182KX,მაცივარი GORENJE NRS8182KX | Superi.ge,title-ს | Superi.ge აკლია
2894,https://superi.ge/samsung-rb50dg602es9-wt/,მაცივარი SAMSUNG RB50DG602ES9/WT,მაცივარი SAMSUNG RB50DG602ES9/WT | Superi.ge,title-ს | Superi.ge აკლია
2914,https://superi.ge/graetz-gtn43ns/,მაცივარი GRAETZ GTN43NS,მაცივარი GRAETZ GTN43NS | Superi.ge,title-ს | Superi.ge აკლია
2917,https://superi.ge/hitachi-r-h330puc7-bsl/,მაცივარი HITACHI R-H330PUC7 BSL,მაცივარი HITACHI R-H330PUC7 BSL | Superi.ge,title-ს | Superi.ge აკლია
2918,https://superi.ge/bosch-kdn76xl30u-542l/,მაცივარი BOSCH KDN76XL30U (542L),მაცივარი BOSCH KDN76XL30U (542L) | Superi.ge,title-ს | Superi.ge აკლია
2919,https://superi.ge/hitachi-r-vx440puc9-bsl/,მაცივარი HITACHI R-VX440PUC9 BSL,მაცივარი HITACHI R-VX440PUC9 BSL | Superi.ge,title-ს | Superi.ge აკლია
2920,https://superi.ge/hitachi-r-vgx470puc9-gbk/,მაცივარი HITACHI R-VGX470PUC9 GBK,მაცივარი HITACHI R-VGX470PUC9 GBK | Superi.ge,title-ს | Superi.ge აკლია
2956,https://superi.ge/bosch-kgn33nw21u/,მაცივარი BOSCH KGN33NW21U,მაცივარი BOSCH KGN33NW21U | Superi.ge,title-ს | Superi.ge აკლია
2958,https://superi.ge/bosch-kdd86ai304/,მაცივარი BOSCH KDD86AI304,მაცივარი BOSCH KDD86AI304 | Superi.ge,title-ს | Superi.ge აკლია
2975,https://superi.ge/zilan-zln4759-33/,ავტომობილის მაცივარი ZILAN ZLN4759 (33ლ),ავტომობილის მაცივარი ZILAN ZLN4759 (33ლ) | Superi.ge,title-ს | Superi.ge აკლია
2981,https://superi.ge/ardesto-dnf-m378gl200/,მაცივარი ARDESTO DNF-M378GL200,მაცივარი ARDESTO DNF-M378GL200 | Superi.ge,title-ს | Superi.ge აკლია
3019,https://superi.ge/bosch-kad93vbfp/,მაცივარი BOSCH KAD93VBFP,მაცივარი BOSCH KAD93VBFP | Superi.ge,title-ს | Superi.ge აკლია
3020,https://superi.ge/bosch-kgn39ul30u/,მაცივარი BOSCH KGN39UL30U,მაცივარი BOSCH KGN39UL30U | Superi.ge,title-ს | Superi.ge აკლია
3021,https://superi.ge/bosch-kgn39xw30u/,მაცივარი BOSCH KGN39XW30U,მაცივარი BOSCH KGN39XW30U | Superi.ge,title-ს | Superi.ge აკლია
3060,https://superi.ge/bosch-kgn49lb30u/,მაცივარი BOSCH KGN49LB30U,მაცივარი BOSCH KGN49LB30U | Superi.ge,title-ს | Superi.ge აკლია
3065,https://superi.ge/bosch-kgn76ci30u/,მაცივარი BOSCH KGN76CI30U,მაცივარი BOSCH KGN76CI30U | Superi.ge,title-ს | Superi.ge აკლია
3066,https://superi.ge/bosch-kgv39vw30u/,მაცივარი BOSCH KGV39VW30U,მაცივარი BOSCH KGV39VW30U | Superi.ge,title-ს | Superi.ge აკლია
3073,https://superi.ge/bosch-kgv36vwea/,მაცივარი BOSCH KGV36VWEA,მაცივარი BOSCH KGV36VWEA | Superi.ge,title-ს | Superi.ge აკლია
3086,https://superi.ge/bosch-kir81afe0/,ჩასაშენებელი მაცივარი BOSCH KIR81AFE0,ჩასაშენებელი მაცივარი BOSCH KIR81AFE0 | Superi.ge,title-ს | Superi.ge აკლია
3132,https://superi.ge/bosch-kfn96vpea/,მაცივარი BOSCH KFN96VPEA,მაცივარი BOSCH KFN96VPEA | Superi.ge,title-ს | Superi.ge აკლია
3149,https://superi.ge/gorenje-nrk6192abk4/,მაცივარი GORENJE NRK6192ABK4,მაცივარი GORENJE NRK6192ABK4 | Superi.ge,title-ს | Superi.ge აკლია
3150,https://superi.ge/bosch-kis87af30u/,ჩასაშენებელი მაცივარი BOSCH KIS87AF30U,ჩასაშენებელი მაცივარი BOSCH KIS87AF30U | Superi.ge,title-ს | Superi.ge აკლია
3151,https://superi.ge/bosch-kgd86ai31u/,მაცივარი BOSCH KGD86AI31U,მაცივარი BOSCH KGD86AI31U | Superi.ge,title-ს | Superi.ge აკლია
3153,https://superi.ge/lg-grfb587pqam-ahsqmea/,მაცივარი LG GRFB587PQAM.AHSQMEA,მაცივარი LG GRFB587PQAM.AHSQMEA | Superi.ge,title-ს | Superi.ge აკლია
3163,https://superi.ge/bosch-kgn86aw32u/,მაცივარი BOSCH KGN86AW32U,მაცივარი BOSCH KGN86AW32U | Superi.ge,title-ს | Superi.ge აკლია
3172,https://superi.ge/bosch-kgn39lb30u/,მაცივარი BOSCH KGN39LB30U,მაცივარი BOSCH KGN39LB30U | Superi.ge,title-ს | Superi.ge აკლია
3173,https://superi.ge/bosch-kgd86aw31u/,მაცივარი BOSCH KGD86AW31U,მაცივარი BOSCH KGD86AW31U | Superi.ge,title-ს | Superi.ge აკლია
3176,https://superi.ge/bosch-kgn39xi30u/,მაცივარი BOSCH KGN39XI30U,მაცივარი BOSCH KGN39XI30U | Superi.ge,title-ს | Superi.ge აკლია
3177,https://superi.ge/bosch-kgn39uw3/,მაცივარი BOSCH KGN39UW3,მაცივარი BOSCH KGN39UW3 | Superi.ge,title-ს | Superi.ge აკლია
3181,https://superi.ge/bosch-kgn56xw30u/,მაცივარი BOSCH KGN56XW30U,მაცივარი BOSCH KGN56XW30U | Superi.ge,title-ს | Superi.ge აკლია
3182,https://superi.ge/bosch-kgn56lb31u/,მაცივარი BOSCH KGN56LB31U,მაცივარი BOSCH KGN56LB31U | Superi.ge,title-ს | Superi.ge აკლია
3183,https://superi.ge/bosch-kgn56ci30u/,მაცივარი BOSCH KGN56CI30U,მაცივარი BOSCH KGN56CI30U | Superi.ge,title-ს | Superi.ge აკლია
3184,https://superi.ge/bosch-kgn56lw31u/,მაცივარი BOSCH KGN56LW31U,მაცივარი BOSCH KGN56LW31U | Superi.ge,title-ს | Superi.ge აკლია
3189,https://superi.ge/hitachi-r-b410puc6-pwh/,მაცივარი HITACHI R-B410PUC6 PWH,მაცივარი HITACHI R-B410PUC6 PWH | Superi.ge,title-ს | Superi.ge აკლია
3280,https://superi.ge/bosch-kgn55vl21u/,მაცივარი BOSCH KGN55VL21U | Superi.ge | ონლაინ მაღაზია,მაცივარი BOSCH KGN55VL21U | Superi.ge,title-ს | Superi.ge აკლია
12012,https://superi.ge/chigo-crg60b/,Chigo CRG60B მინი მაცივარი 48L DeFrost ნაცრისფერი,მაცივარი Chigo CRG60B | Superi.ge,title-ს | Superi.ge აკლია
13893,https://superi.ge/refrigerator-promo-gr-rf677wi-pgj-22-french-door-189-8x83-3x65-3-515-lt-nf-inverter-display-black-glass/,მაცივარი Toshiba GR-RF677WI-PGJ(22) - Black Glass Door | Superi.ge,მაცივარი Toshiba GR-RF677WI-PGJ(22) | Superi.ge,title > 65
2365,https://superi.ge/apple-ipad-air-10-9-2022-wi-fi-64gb-blue/,"ტაბლეტი APPLE IPAD AIR 10.9"" (2022) WI-FI 64GB BLUE","ტაბლეტი APPLE IPAD AIR 10.9"" (2022) WI-FI 64GB BLUE | Superi.ge",title-ს | Superi.ge აკლია
2406,https://superi.ge/apple-ipad-mini-6-2021-wi-fi-64gb-purple/,ტაბლეტი APPLE IPAD MINI 6 (2021) WI-FI 64GB PURPLE,ტაბლეტი APPLE IPAD MINI 6 (2021) WI-FI 64GB PURPLE | Superi.ge,title-ს | Superi.ge აკლია
2427,https://superi.ge/samsung-galaxy-tab-a9-4-64gb-graphite/,"ტაბლეტი SAMSUNG GALAXY TAB A9 8.7"" WI-FI 4/64GB GRAPHITE","ტაბლეტი SAMSUNG GALAXY TAB A9 8.7"" WI-FI (SM-X110) 4GB/64GB",title-ს | Superi.ge აკლია
2473,https://superi.ge/samsung-galaxy-tab-s9-fe-12-4-5g-sm-x616b-8gb-128gb-gray/,"ტაბლეტი SAMSUNG GALAXY TAB S9 FE+ 12.4"" 5G GRAY","ტაბლეტი SAMSUNG GALAXY TAB S9 FE+ 12.4"" 5G (SM-X616B)",title-ს | Superi.ge აკლია
8578,https://superi.ge/samsung-galaxy-tab-s10-fe-10-9-8gb-128gb-5g-grey/,"ტაბლეტი Samsung Galaxy Tab S10 FE 10.9"" (8GB/128GB) 5G - Grey | Superi.ge","ტაბლეტი Samsung Galaxy Tab S10 FE 10.9"" (8GB/128GB) 5G - Grey",title > 65
9160,https://superi.ge/lenovo-tab-8-7-4-128gb-wi-fi-luna-grey-with-clear-case/,"ტაბლეტი Lenovo Tab 8.7"" 4/128GB WI-FI Luna Grey With Clear Case | Superi.ge","ტაბლეტი Lenovo Tab 8.7"" 4/128GB WI-FI Luna Grey With Clear Case",title > 65
9165,https://superi.ge/samsung-galaxy-tab-s10-ultra-14-6-12gb-512gb-5g-moonstone-gray/,"ტაბლეტი Samsung Galaxy Tab S10 Ultra 14.6"" (12GB/512GB) 5G - Moonstone Gray | Superi.ge","ტაბლეტი Samsung Galaxy Tab S10 Ultra 14.6"" (12GB/512GB) 5G",title > 65
9166,https://superi.ge/blackview-mega-2-lte-11-97-ips-12gb-256gb-grey/,ტაბლეტი Blackview Mega 2 LTE 11.97' IPS 12GB 256GB Grey | Superi.ge,ტაბლეტი Blackview Mega 2 LTE 11.97' IPS 12GB 256GB Grey,title > 65
9167,https://superi.ge/blackview-mega-2-lte-11-97-ips-8gb-256gb-lce-blue/,ტაბლეტი Blackview Mega 2 LTE 11.97' IPS 8GB 256GB Lce Blue | Superi.ge,ტაბლეტი Blackview Mega 2 LTE 11.97' IPS 8GB 256GB Lce Blue,title > 65
9168,https://superi.ge/blackview-mega-2-lte-11-97-ips-8gb-256gb-moss-green/,ტაბლეტი Blackview Mega 2 LTE 11.97' IPS 8GB 256GB Moss Green | Superi.ge,ტაბლეტი Blackview Mega 2 LTE 11.97' IPS 8GB 256GB Moss Green,title > 65
9169,https://superi.ge/blackview-mega-2-lte-11-97-ips-8gb-256gb-grey/,ტაბლეტი Blackview Mega 2 LTE 11.97' IPS 8GB 256GB Grey | Superi.ge,ტაბლეტი Blackview Mega 2 LTE 11.97' IPS 8GB 256GB Grey,title > 65
9172,https://superi.ge/blackview-tab-16-pro-lte-10-9-8-2568gb-purple/,ტაბლეტი Blackview Tab 16 PRO LTE 10.9'' 8/256GB Purple | Superi.ge,ტაბლეტი Blackview Tab 16 PRO LTE 10.9'' 8/256GB Purple,title > 65
9173,https://superi.ge/blackview-tab-3-kids-wi-fi-7-2-32gb-fairytale-pink/,"ტაბლეტი Blackview Tab 3 Kids WI-FI 7"" 2/32GB Fairytale Pink | Superi.ge","ტაბლეტი Blackview Tab 3 Kids WI-FI 7"" 2/32GB Fairytale Pink",title > 65
9174,https://superi.ge/blackview-tab-3-kids-wi-fi-7-2-32gb-undersea-blue/,"ტაბლეტი Blackview Tab 3 Kids WI-FI 7"" 2/32GB Undersea Blue | Superi.ge","ტაბლეტი Blackview Tab 3 Kids WI-FI 7"" 2/32GB Undersea Blue",title > 65
9177,https://superi.ge/blackview-tab-60-pro-kids-lte-10-1-ips-4gb-128gb-ocean-blue/,ტაბლეტი Blackview Tab 60 Pro Kids LTE 10.1'' IPS 4GB 128GB Ocean Blue | Superi.ge,ტაბლეტი Blackview Tab 60 Pro Kids LTE 10.1'' IPS 4GB 128GB,title > 65
9178,https://superi.ge/blackview-tab-60-pro-kids-lte-10-1-ips-4gb-128gb-pose-pink/,ტაბლეტი Blackview Tab 60 Pro Kids LTE 10.1'' IPS 4GB 128GB Pose Pink | Superi.ge,ტაბლეტი Blackview Tab 60 Pro Kids LTE 10.1'' IPS 4GB 128GB,title > 65
9182,https://superi.ge/blackview-tab-60-wi-fi-10-1-4-128gb-algae-green/,ტაბლეტი Blackview Tab 60 WI-FI 10.1'' 4/128GB Algae Green | Superi.ge,ტაბლეტი Blackview Tab 60 WI-FI 10.1'' 4/128GB Algae Green,title > 65
9183,https://superi.ge/blackview-tab-60-wi-fi-10-1-4-128gb-sky-blue/,ტაბლეტი Blackview Tab 60 WI-FI 10.1'' 4/128GB Sky Blue | Superi.ge,ტაბლეტი Blackview Tab 60 WI-FI 10.1'' 4/128GB Sky Blue,title > 65
9184,https://superi.ge/blackview-tab-60-wi-fi-10-1-4-128gb-volcano-grey/,ტაბლეტი Blackview Tab 60 WI-FI 10.1'' 4/128GB Volcano Grey | Superi.ge,ტაბლეტი Blackview Tab 60 WI-FI 10.1'' 4/128GB Volcano Grey,title > 65
9185,https://superi.ge/blackview-tab-80-kids-lte-10-1-4-64gb-fantasy-blue/,ტაბლეტი Blackview Tab 80 Kids LTE 10.1'' 4/64GB Fantasy Blue | Superi.ge,ტაბლეტი Blackview Tab 80 Kids LTE 10.1'' 4/64GB Fantasy Blue,title > 65
9188,https://superi.ge/blackview-tab-a6-kids-lte-10-1-4-128gb-ocean-blue/,ტაბლეტი Blackview Tab A6 Kids LTE 10.1'' 4/128GB Ocean Blue | Superi.ge,ტაბლეტი Blackview Tab A6 Kids LTE 10.1'' 4/128GB Ocean Blue,title > 65
9189,https://superi.ge/blackview-tab-a6-kids-wi-fi-10-1-hd-4-128gb-rose-pink/,ტაბლეტი Blackview Tab A6 Kids WI-FI 10.1'' HD+ 4/128GB Rose Pink | Superi.ge,ტაბლეტი Blackview Tab A6 Kids WI-FI 10.1'' HD+ 4/128GB Rose Pink,title > 65
10394,https://superi.ge/blackview-mega-3-lte-12-1-ips-12gb-256gb-grey-with-case-pen-bt-mouse-and-keyboard/,"ტაბლეტი Blackview Mega 3 LTE 12.1'' IPS 12GB 256GB Grey with case,pen bt mouse & keyboard | Superi.ge",ტაბლეტი Blackview Mega 3 LTE 12.1'' IPS 12GB 256GB Grey with,title > 65
11728,https://superi.ge/blackview-tab-20-kids-wi-fi-10-1-hd-4gb-64gb-purple/,ტაბლეტი Blackview TAB 20 KIDS WI-FI 10.1'' HD 4GB 64GB purple | Superi.ge,ტაბლეტი Blackview TAB 20 KIDS WI-FI 10.1'' HD 4GB 64GB purple,title > 65
13130,https://superi.ge/blackview-link-1-kids-wi-fi-8-68-hd-4gb-64gb-purple/,"ტაბლეტი Blackview LINK 1 KIDS WI-FI 8.68"" HD+ 4GB 64GB - PURPLE | Superi.ge","ტაბლეტი Blackview LINK 1 KIDS WI-FI 8.68"" HD+ 4GB 64GB - PURPLE",title > 65
13145,https://superi.ge/samsung-galaxy-tab-s7-fe-lte-12-4-4gb-64-gb-black/,ტაბლეტი Samsung Galaxy Tab S7 FE LTE 12.4'' 4GB 64 GB Black | Superi.ge,ტაბლეტი Samsung Galaxy Tab S7 FE LTE 12.4'' 4GB 64 GB Black,title > 65
13146,https://superi.ge/samsung-galaxy-tab-a11-wi-fi-8-7-4gb-64gb-gray/,"ტაბლეტი Samsung Galaxy Tab A11 Wi-Fi 8.7"" 4GB 64GB Gray | Superi.ge","ტაბლეტი Samsung Galaxy Tab A11 Wi-Fi 8.7"" 4GB 64GB Gray",title > 65
13514,https://superi.ge/blackview-link-1-kids-wi-fi-8-68-hd-4gb-64gb-blue/,"ტაბლეტი Blackview LINK 1 KIDS WI-FI 8.68"" HD+ 4GB 64GB - BLUE | Superi.ge","ტაბლეტი Blackview LINK 1 KIDS WI-FI 8.68"" HD+ 4GB 64GB - BLUE",title > 65
13516,https://superi.ge/blackview-tab-zeno-5-lte-11-8gb-128gb-blue/,ტაბლეტი Blackview Tab Zeno 5 LTE 11'' 8GB/128GB - Blue | Superi.ge,ტაბლეტი Blackview Tab Zeno 5 LTE 11'' 8GB/128GB | Superi.ge,title > 65
13536,https://superi.ge/samsung-galaxy-tab-s10-lite-5g-10-9-6gb-128gb-gray/,"ტაბლეტი Samsung Galaxy Tab S10 Lite 5G 10.9"" (6GB/128GB) - Gray | Superi.ge","ტაბლეტი Samsung Galaxy Tab S10 Lite 5G 10.9"" (6GB/128GB) - Gray",title > 65
13552,https://superi.ge/samsung-sm-x236-galaxy-tab-a11-6-128gb-5g-grey/,ტაბლეტი Samsung SM-X236 Galaxy Tab A11+ 6/128GB 5G Grey | Superi.ge,ტაბლეტი Samsung SM-X236 Galaxy Tab A11+ 6/128GB 5G Grey,title > 65
13950,https://superi.ge/xiaomi-redmi-pad-2-4-256gb-wi-fi-global-version-green/,Xiaomi Redmi Pad 2 4/256GB Wi-Fi Global Version Green ტაბლეტი | Superi.ge,Xiaomi Redmi Pad 2 4/256GB Wi-Fi Global Version Green ტაბლეტი,title > 65
13951,https://superi.ge/xiaomi-redmi-pad-2-4-56gb-wi-fi-global-version-purple/,Xiaomi Redmi Pad 2 4/56GB Wi-Fi Global Version purple ტაბლეტი | Superi.ge,Xiaomi Redmi Pad 2 4/56GB Wi-Fi Global Version purple ტაბლეტი,title > 65
13960,https://superi.ge/xiaomi-redmi-pad-2-pro-6gb-ram-128gb-wi-fi-global-version-purple/,Xiaomi Redmi Pad 2 Pro 6/128GB Wi-Fi Global Version purple ტაბლეტი | Superi.ge,Xiaomi Redmi Pad 2 Pro 6/128GB Wi-Fi Global Version purple,title > 65
13987,https://superi.ge/tablets-samsung-samsung-galaxy-tab-a11-5g-11-90hz-6gb-128gb-gray/,Samsung Galaxy Tab A11+ 5G 11'' SM-X236BZAACAU 6GB 128GB Gray ტაბლეტი | Superi.ge,Samsung Galaxy Tab A11+ 5G 11'' SM-X236BZAACAU 6GB 128GB Gray,title > 65
13990,https://superi.ge/apple-ipad-air-11-2026-m4-128gb-wi-fi-space-grey/,Apple iPad Air 11 2026 M4 128GB Wi-Fi Space Grey ტაბლეტი | Superi.ge,Apple iPad Air 11 2026 M4 128GB Wi-Fi Space Grey ტაბლეტი,title > 65
14277,https://superi.ge/tablets-samsung-samsung-galaxy-tab-a11-lte-8-7-8gb-128gb-gray/,"Samsung Galaxy Tab A11 LTE 8.7"" 8GB 128GB Gray ტაბლეტი | Superi.ge","Samsung Galaxy Tab A11 LTE 8.7"" 8GB 128GB Gray ტაბლეტი",title > 65
14329,https://superi.ge/blackview-zeno-10-5g-11-fhd-6gb-256gb-with-case-pen-bt-mouse-and-keyboard-blue/,"Blackview ZENO 10 5G 11"" FHD+ 6GB 256GB with case, pen bt mouse & keyboard - BLUE ტაბლეტი | Superi.ge","Blackview ZENO 10 5G 11"" FHD+ 6GB 256GB with case, pen bt",title > 65
14330,https://superi.ge/tablets-blackview-blackview-zeno-10-5g-11-fhd-90hz-6gb-256gb-black-with-case-pen-bt-mouse-and-ke/,"Blackview ZENO 10 5G 11"" FHD+ 6GB 256GB with case, pen bt mouse & keyboard - BLACK ტაბლეტი | Superi.ge","Blackview ZENO 10 5G 11"" FHD+ 6GB 256GB with case, pen bt",title > 65
14340,https://superi.ge/lenovo-idea-tab-pro-12-7-8gb-ram-256gb-zae40211uz-luna-grey/,Lenovo Idea Tab Pro 12.7 8/256GB ZAE40211UZ Luna Grey ტაბი | Superi.ge,Lenovo Idea Tab Pro 12.7 8/256GB ZAE40211UZ Luna Grey ტაბი,title > 65
152,https://superi.ge/akog-2sp-25-black/,გაზის გამათბობელი AKOG 2SP (25 მ²) BLACK,გაზის გამათბობელი AKOG 2SP (25 მ²) BLACK | Superi.ge,title-ს | Superi.ge აკლია
161,https://superi.ge/ersel-ehs1200kcb/,გაზის გამათბობელი ERSEL EHS1200KCB,გაზის გამათბობელი ERSEL EHS1200KCB (120-130მ²) | Superi.ge,title-ს | Superi.ge აკლია
540,https://superi.ge/ersel-ehs900ks/,გაზის გამათბობელი ERSEL EHS900KS,გაზის გამათბობელი ERSEL EHS900KS | Superi.ge,title-ს | Superi.ge აკლია
541,https://superi.ge/ersel-ehs900kb/,გაზის გამათბობელი ERSEL EHS900KB,გაზის გამათბობელი ERSEL EHS9000KB | Superi.ge,title-ს | Superi.ge აკლია
542,https://superi.ge/ersel-ehs900kcb/,გაზის გამათბობელი ERSEL EHS900KCB,გაზის გამათბობელი ERSEL EHS900KCB | Superi.ge,title-ს | Superi.ge აკლია
543,https://superi.ge/ersel-ehs900kcs/,გაზის გამათბობელი ERSEL EHS900KCS,გაზის გამათბობელი ERSEL EHS900KCS (80-100მ²) შავი | Superi.ge,title-ს | Superi.ge აკლია
544,https://superi.ge/ersel-ehs1200kcs/,გაზის გამათბობელი ERSEL EHS1200KCS,გაზის გამათბობელი Ersel EHS12000KCBS (120-130მ²) შავი | Superi.ge,title-ს | Superi.ge აკლია
546,https://superi.ge/ersel-ehs1200kb/,გაზის გამათბობელი ERSEL EHS1200KB,გაზის გამათბობელი ERSEL EHS12000KB (120-130მ²) | Superi.ge,title-ს | Superi.ge აკლია
547,https://superi.ge/ersel-ehs1200ks/,გაზის გამათბობელი ERSEL EHS1200KS,გაზის გამათბობელი ERSEL EHS12000KS (100-120 მ²) შავი | Superi.ge,title-ს | Superi.ge აკლია
2083,https://superi.ge/akog-100-sp-110/,გაზის გამათბობელი AKOG 100 SP (110 მ²) იტალიური მექანიზმით,გაზის გამათბობელი AKOG 100 SP (110 მ²) იტალიური მექანიზმით შავი,title-ს | Superi.ge აკლია
2084,https://superi.ge/akog-100-sp-beige-110/,გაზის გამათბობელი AKOG 100 SP BEIGE (110 მ²),გაზის გამათბობელი AKOG 100 SP BEIGE (110 მ²) იტალური მექანიზმით,title-ს | Superi.ge აკლია
2085,https://superi.ge/akog-4-sp-40-black/,გაზის გამათბობელი AKOG 4 SP (40 მ²) BLACK,გაზის გამათბობელი AKOG 4 SP (40 მ²) BLACK | Superi.ge,title-ს | Superi.ge აკლია
2093,https://superi.ge/akog-2h-20-graphite/,გაზის გამათბობელი AKOG 2H (20 მ²) GRAPHITE,გაზის გამათბობელი AKOG 2H (20 მ²) GRAPHITE | Superi.ge,title-ს | Superi.ge აკლია
2133,https://superi.ge/ersel-ehs-4000-ks-40-60-black/,გაზის გამათბობელი ERSEL EHS 4000 KS (40-60მ²) BLACK,გაზის გამათბობელი ERSEL EHS 4000 KS (40-60მ²) BLACK | Superi.ge,title-ს | Superi.ge აკლია
2134,https://superi.ge/tam-kera-ag14/,გაზის გამათბობელი TAM-KERA AG14 (80-100 მ²),გაზის გამათბობელი TAM-KERA AG14 (80-100 მ²) | Superi.ge,title-ს | Superi.ge აკლია
2137,https://superi.ge/ersel-ehs-5000-ks-60-80-black/,გაზის გამათბობელი ERSEL EHS 5000 KS (60-80 მ²) BLACK,გაზის გამათბობელი ERSEL EHS 5000 KS (60-80 მ²) BLACK | Superi.ge,title-ს | Superi.ge აკლია
2140,https://superi.ge/akog-3-sp-35-graphite/,გაზის გამათბობელი AKOG 3 SP (35მ²) GRAPHITE,გაზის გამათბობელი AKOG 3 SP (35მ²) GRAPHITE | Superi.ge,title-ს | Superi.ge აკლია
2143,https://superi.ge/fujiyama-fhs-12000mfc-100-black/,გაზის გამათბობელი FUJIYAMA FHS 12000MFC (100 მ²) BLACK,გაზის გამათბობელი FUJIYAMA FHS 12000MFC (100-120 მ²) BLACK,title-ს | Superi.ge აკლია
2144,https://superi.ge/akog-100-sp-110-grafite-sit/,გაზის გამათბობელი AKOG 100 SP (110 მ²) GRAFITE SIT,გაზის გამათბობელი AKOG 100 SP (110 მ²) GRAFITE SIT | Superi.ge,title-ს | Superi.ge აკლია
2146,https://superi.ge/fujiyama-fhs-9000-mfc-70-white/,გაზის გამათბობელი FUJIYAMA FHS 9000 MFC (70 მ²) WHITE,გაზის გამათბობელი FUJIYAMA FHS 9000 MFC (70 მ²) WHITE | Superi.ge,title-ს | Superi.ge აკლია
2147,https://superi.ge/fujiyama-fhs-4000-k-40-white/,გაზის გამათბობელი FUJIYAMA FHS 4000 K (40 მ²) WHITE,გაზის გამათბობელი FUJIYAMA FHS 4000 K (40 მ²) WHITE | Superi.ge,title-ს | Superi.ge აკლია
2148,https://superi.ge/fujiyama-fhs-11000-f-brown/,გაზის გამათბობელი FUJIYAMA FHS 11000 F BROWN,გაზის გამათბობელი FUJIYAMA FHS 11000 F BROWN | Superi.ge,title-ს | Superi.ge აკლია
2157,https://superi.ge/fujiyama-fhs-9000-mfc-black/,გაზის გამათბობელი FUJIYAMA FHS 9000 MFC BLACK,გაზის გამათბობელი FUJIYAMA FHS 9000 MFC BLACK | Superi.ge,title-ს | Superi.ge აკლია
3096,https://superi.ge/akog-2-sp-25-beige/,გაზის გამათბობელი AKOG 2 SP (25მ²) BEIGE,გაზის გამათბობელი AKOG 2 SP (25მ²) BEIGE | Superi.ge,title-ს | Superi.ge აკლია
3099,https://superi.ge/akog-3-h-sit-35-beige/,გაზის გამათბობელი AKOG 3 (H) SIT (35მ²) BEIGE,გაზის გამათბობელი AKOG 3 (H) SIT (35მ²) BEIGE | Superi.ge,title-ს | Superi.ge აკლია
3100,https://superi.ge/akog-3-sp-sit-35-black/,გაზის გამათბობელი AKOG 3 (SP) SIT (35მ²) BLACK,გაზის გამათბობელი AKOG 3 (SP) SIT (35მ²) BLACK | Superi.ge,title-ს | Superi.ge აკლია
3101,https://superi.ge/akog-4-h-45-beige/,გაზის გამათბობელი AKOG 4 H (45 მ²) BEIGE,გაზის გამათბობელი AKOG 4 H (45 მ²) BEIGE | Superi.ge,title-ს | Superi.ge აკლია
3104,https://superi.ge/akog-4-sp-45-beige/,გაზის გამათბობელი AKOG 4 SP (45 მ²) BEIGE,გაზის გამათბობელი AKOG 4 SP (45 მ²) BEIGE | Superi.ge,title-ს | Superi.ge აკლია
3105,https://superi.ge/akog-4-sp-45-graphit/,გაზის გამათბობელი AKOG 4 SP (45 მ²) GRAPHIT,გაზის გამათბობელი AKOG 4 SP (45 მ²) GRAPHIT | Superi.ge,title-ს | Superi.ge აკლია
3106,https://superi.ge/akog-5-sp-60-beige/,გაზის გამათბობელი AKOG 5 SP (60 მ²) BEIGE,გაზის გამათბობელი AKOG 5 SP (60 მ²) BEIGE | Superi.ge,title-ს | Superi.ge აკლია
3109,https://superi.ge/akog-5-h-60-beige/,გაზის გამათბობელი AKOG 5 H (60 მ²) BEIGE,გაზის გამათბობელი AKOG 5 H (60 მ²) BEIGE | Superi.ge,title-ს | Superi.ge აკლია
3110,https://superi.ge/akog-5-h-60-black/,გაზის გამათბობელი AKOG 5 H (60 მ²) BLACK,გაზის გამათბობელი AKOG 5 H (60 მ²) BLACK | Superi.ge,title-ს | Superi.ge აკლია
3118,https://superi.ge/hosseven-hhs-9-80/,გაზის გამათბობელი HOSSEVEN HHS-9 (80მ²),გაზის გამათბობელი HOSSEVEN HHS-9 (80მ²) | Superi.ge,title-ს | Superi.ge აკლია
3119,https://superi.ge/hosseven-hdu-10-100-beige/,გაზის გამათბობელი HOSSEVEN HDU-10 (100მ²) BEIGE,გაზის გამათბობელი HOSSEVEN HDU-10 (100მ²) BEIGE | Superi.ge,title-ს | Superi.ge აკლია
3120,https://superi.ge/hosseven-hdu-10-100-black/,გაზის გამათბობელი HOSSEVEN HDU-10 (100მ²) BLACK,გაზის გამათბობელი HOSSEVEN HDU-10 (100მ²) BLACK | Superi.ge,title-ს | Superi.ge აკლია
3121,https://superi.ge/gilan-gds-301-120-beige/,გაზის გამათბობელი GILAN GDS-301 (120მ²) BEIGE,გაზის გამათბობელი GILAN GDS-301 (120მ²) BEIGE | Superi.ge,title-ს | Superi.ge აკლია
3122,https://superi.ge/gilan-gds-301-120-black/,გაზის გამათბობელი GILAN GDS-301 (120მ²) BLACK,გაზის გამათბობელი GILAN GDS-301 (120მ²) BLACK | Superi.ge,title-ს | Superi.ge აკლია
3123,https://superi.ge/gilan-gds-701-c-120-zebra/,გაზის გამათბობელი GILAN GDS-701-C (120მ²) ZEBRA,გაზის გამათბობელი GILAN GDS-701-C (120მ²) ZEBRA | Superi.ge,title-ს | Superi.ge აკლია
3124,https://superi.ge/gilan-gds-703-c-120-black/,გაზის გამათბობელი GILAN GDS-703-C (120მ²) BLACK,გაზის გამათბობელი GILAN GDS-703-C (120მ²) BLACK | Superi.ge,title-ს | Superi.ge აკლია
9587,https://superi.ge/gilan-gds-702-c-beyaz-zebra-glass-120/,გაზის გამათბობელი GILAN GDS-702-C Beyaz ZEBRA Glass (120მ²) | Superi.ge,გაზის გამათბობელი GILAN GDS-702-C Beyaz ZEBRA Glass (120მ²),title > 65
9821,https://superi.ge/gilan-gds-703-c-beyaz-zebra-100-120-m2/,გაზის გამათბობელი GILAN GDS 703-C BEYAZ-ZEBRA (100-120 m2) | Superi.ge,გაზის გამათბობელი GILAN GDS 703-C BEYAZ-ZEBRA (100-120 m2),title > 65
1138,https://superi.ge/asus-e410ma-bv1517-90nb0q15-m40210/,ნოუთბუქი ASUS E410MA-BV1517 (90NB0Q15-M40210),ნოუთბუქი ASUS E410MA-BV1517 (90NB0Q15-M40210) | Superi.ge,title-ს | Superi.ge აკლია
1139,https://superi.ge/acer-aspire-3-nx-hs6er-006-blue/,ნოუთბუქი ACER ASPIRE 3 (NX.HS6ER.006) BLUE,ნოუთბუქი ACER ASPIRE 3 (NX.HS6ER.006) BLUE | Superi.ge,title-ს | Superi.ge აკლია
1143,https://superi.ge/acer-aspire-3-nx-he3er-01j-black/,ნოუთბუქი ACER ASPIRE 3 (NX.HE3ER.01J) BLACK,ნოუთბუქი ACER ASPIRE 3 (NX.HE3ER.01J) BLACK | Superi.ge,title-ს | Superi.ge აკლია
1777,https://superi.ge/lenovo-v15-gen-2-82kb0001ru/,ნოუთბუქი LENOVO V15 GEN 2 (82KB0001RU),ნოუთბუქი LENOVO V15 GEN 2 (82KB0001RU) | Superi.ge,title-ს | Superi.ge აკლია
2135,https://superi.ge/acer-aspire-5-a515-58m-39ap-nx-kheer-001/,ნოუთბუქი ACER ASPIRE 5 A515-58M-39AP (NX.KHEER.001),ნოუთბუქი ACER ASPIRE 5 A515-58M-39AP (NX.KHEER.001) | Superi.ge,title-ს | Superi.ge აკლია
2175,https://superi.ge/acer-aspire-5-nx-khjer-002/,ნოუთბუქი ACER ASPIRE 5 (NX.KHJER.002),ნოუთბუქი ACER ASPIRE 5 (NX.KHJER.002) | Superi.ge,title-ს | Superi.ge აკლია
2429,https://superi.ge/acer-aspire-3-a315-59g-nx-k6wer-003-silver/,ნოუთბუქი ACER ASPIRE 3 A315-59G (NX.K6WER.003) SILVER,ნოუთბუქი ACER ASPIRE 3 A315-59G (NX.K6WER.003) SILVER | Superi.ge,title-ს | Superi.ge აკლია
6454,https://superi.ge/asus-tuf-gaming-f16-fx608jmr-rv073-jaeger-gray/,ნოუთბუქი Asus TUF Gaming F16 (FX608JMR-RV073) - Jaeger Gray | Superi.ge,ნოუთბუქი Asus TUF Gaming F16 (FX608JMR-RV073) | Superi.ge,title > 65
8457,https://superi.ge/asus-expertbook-p1-15-6-p1503cva-s70912-grey/,"ნოუთბუქი ASUS ExpertBook P1 15.6"" (P1503CVA-S70912) GREY | Superi.ge","ნოუთბუქი ASUS ExpertBook P1 15.6"" (P1503CVA-S70912) GREY",title > 65
9031,https://superi.ge/asus-expertbook-p1-14-p1403cva-s60857-grey/,"ნოუთბუქი ASUS ExpertBook P1 14"" (P1403CVA-S60857) - Grey | Superi.ge","ნოუთბუქი ASUS ExpertBook P1 14"" (P1403CVA-S60857) | Superi.ge",title > 65
9032,https://superi.ge/asus-expertbook-p1-15-6-p1503cva-s70836-grey/,"ნოუთბუქი ASUS ExpertBook P1 15.6"" (P1503CVA-S70836) - Grey | Superi.ge","ნოუთბუქი ASUS ExpertBook P1 15.6"" (P1503CVA-S70836) | Superi.ge",title > 65
9040,https://superi.ge/asus-vivobook-s-16-s3607va-rp017-silver/,ნოუთბუქი Asus VivoBook S 16'' (S3607VA-RP017) - Silver | Superi.ge,ნოუთბუქი Asus VivoBook S 16'' (S3607VA-RP017) | Superi.ge,title > 65
9051,https://superi.ge/asus-rog-strix-g18-18-g814pm-s9044-eclipse-gray/,ნოუთბუქი Asus ROG Strix G18 18'' (G814PM-S9044) - Eclipse Gray | Superi.ge,ნოუთბუქი Asus ROG Strix G18 18'' (G814PM-S9044) | Superi.ge,title > 65
9062,https://superi.ge/asus-tuf-gaming-f16-fx607jv-n3144-mecha-gray/,ნოუთბუქი Asus TUF Gaming F16 (FX607JV-N3144) - Mecha Gray | Superi.ge,ნოუთბუქი Asus TUF Gaming F16 (FX607JV-N3144) | Superi.ge,title > 65
9085,https://superi.ge/lenovo-ideapad-5-2-in-1-16-83du003vrk-luna-grey/,ნოუთბუქი Lenovo IdeaPad 5 2-In-1 16 (83DU003VRK) - Luna Grey | Superi.ge,ნოუთბუქი Lenovo IdeaPad 5 2-In-1 16 (83DU003VRK) | Superi.ge,title > 65
9087,https://superi.ge/lenovo-ideapad-slim-3-15amn8-82xq007mrk-arctic-grey/,ნოუთბუქი Lenovo IdeaPad Slim 3 15AMN8 (82XQ007MRK) - Arctic Grey | Superi.ge,ნოუთბუქი Lenovo IdeaPad Slim 3 15AMN8 (82XQ007MRK) | Superi.ge,title > 65
9088,https://superi.ge/lenovo-ideapad-slim-3-82xm00dlrk-arctic-grey/,ნოუთბუქი Lenovo IdeaPad Slim 3 (82XM00DLRK) - Arctic Grey | Superi.ge,ნოუთბუქი Lenovo IdeaPad Slim 3 (82XM00DLRK) | Superi.ge,title > 65
9090,https://superi.ge/lenovo-ideapad-slim-5-14irh10-83hr002srk-luna-grey/,ნოუთბუქი Lenovo IdeaPad Slim 5 14IRH10 (83HR002SRK) - Luna Grey | Superi.ge,ნოუთბუქი Lenovo IdeaPad Slim 5 14IRH10 (83HR002SRK) | Superi.ge,title > 65
9102,https://superi.ge/lenovo-ideapad-slim-3-83k1002erk-luna-grey/,ნოუთბუქი Lenovo IdeaPad Slim 3 (83K1002ERK) - Luna Grey | Superi.ge,ნოუთბუქი Lenovo IdeaPad Slim 3 (83K1002ERK) | Superi.ge,title > 65
9104,https://superi.ge/lenovo-ideapad-slim-3-82xq00j7rk-arctic-grey/,ნოუთბუქი Lenovo IdeaPad Slim 3 (82XQ00J7RK) - Arctic Grey | Superi.ge,ნოუთბუქი Lenovo IdeaPad Slim 3 (82XQ00J7RK) | Superi.ge,title > 65
9109,https://superi.ge/lenovo-yoga-7-2-in-1-14ill10-83jq004hrk-luna-grey/,ნოუთბუქი Lenovo Yoga 7 2-In-1 14ILL10 (83JQ004HRK) - Luna Grey | Superi.ge,ნოუთბუქი Lenovo Yoga 7 2-In-1 14ILL10 (83JQ004HRK) | Superi.ge,title > 65
9111,https://superi.ge/lenovo-yoga-slim-7-14-83cv00acrk-luna-grey/,ნოუთბუქი Lenovo Yoga Slim 7 14'' (83CV00ACRK) - Luna Grey | Superi.ge,ნოუთბუქი Lenovo Yoga Slim 7 14'' (83CV00ACRK) | Superi.ge,title > 65
9113,https://superi.ge/lenovo-loq-15-6-fhd-83gs00k0rk-luna-grey/,"ნოუთბუქი Lenovo LOQ 15.6"" FHD (83GS00K0RK) - Luna Grey | Superi.ge","ნოუთბუქი Lenovo LOQ 15.6"" FHD (83GS00K0RK) | Superi.ge",title > 65
9124,https://superi.ge/lenovo-legion-5-15irx10-83ly0011rk-eclipse-black/,ნოუთბუქი Lenovo Legion 5 15IRX10 (83LY0011RK) - Eclipse Black | Superi.ge,ნოუთბუქი Lenovo Legion 5 15IRX10 (83LY0011RK) | Superi.ge,title > 65
9126,https://superi.ge/legion-5-15iax10-83f0000hrk-eclipse-black/,ნოუთბუქი Legion 5 15IAX10 (83F0000HRK) - Eclipse Black | Superi.ge,ნოუთბუქი Legion 5 15IAX10 (83F0000HRK) | Superi.ge,title > 65
9135,https://superi.ge/lenovo-thinkbook-g4-14-21mx002uru-luna-grey/,ნოუთბუქი Lenovo ThinkBook G4 14'' (21MX002URU) Luna Grey | Superi.ge,ნოუთბუქი Lenovo ThinkBook G4 14'' (21MX002URU) Luna Grey,title > 65
9140,https://superi.ge/lenovo-thinkbook-16-g8-21sh008agx-arctic-grey/,ნოუთბუქი Lenovo ThinkBook 16 G8 (21SH008AGX) - Arctic Grey | Superi.ge,ნოუთბუქი Lenovo ThinkBook 16 G8 (21SH008AGX) | Superi.ge,title > 65
9143,https://superi.ge/lenovo-thinkpad-e14-g6-21m7002rgx-graphite-black/,ნოუთბუქი Lenovo ThinkPad E14 G6 (21M7002RGX) - Graphite Black | Superi.ge,ნოუთბუქი Lenovo ThinkPad E14 G6 (21M7002RGX) | Superi.ge,title > 65
9145,https://superi.ge/lenovo-thinkpad-e16-g2-21ma005egx-graphite-black/,ნოუთბუქი Lenovo ThinkPad E16 G2 (21MA005EGX) - Graphite Black | Superi.ge,ნოუთბუქი Lenovo ThinkPad E16 G2 (21MA005EGX) | Superi.ge,title > 65
9149,https://superi.ge/lenovo-thinkpad-t14s-gen-6-14-21n1000ert-black/,ნოუთბუქი Lenovo ThinkPad T14s Gen 6 14'' (21N1000ERT) - Black | Superi.ge,ნოუთბუქი Lenovo ThinkPad T14s Gen 6 14'' (21N1000ERT) | Superi.ge,title > 65
9517,https://superi.ge/lenovo-legion-pro-5-16-83lt0008rk-eclipse-black/,"ნოუთბუქი Lenovo Legion Pro 5 16"" (83LT0008RK) - Eclipse Black | Superi.ge","ნოუთბუქი Lenovo Legion Pro 5 16"" (83LT0008RK) | Superi.ge",title > 65
9838,https://superi.ge/lenovo-legion-5-83f00061rk-intel-core-ultra-7-255hx-rtx-5070-8gb-16gb-ram-1tb-ssd/,ნოუთბუქი Lenovo Legion 5 83F00061RK • Intel Core Ultra 7-255HX • RTX 5070 8GB • 16GB RAM • 1TB SSD | Superi.ge,ნოუთბუქი Lenovo Legion 5 83F00061RK • Intel Core Ultra,title > 65
9839,https://superi.ge/lenovo-legion-5-83f0000drk-intel-core-ultra-7-255hx-rtx-5050-8gb-16gb-ram-512gb-ssd/,ნოუთბუქი Lenovo Legion 5 83F0000DRK • Intel Core Ultra 7-255HX • RTX 5050 8GB • 16GB RAM • 512GB SSD | Superi.ge,ნოუთბუქი Lenovo Legion 5 83F0000DRK • Intel Core Ultra,title > 65
9840,https://superi.ge/lenovo-loq-17-83jh009erk-intel-core-i7-14700hx-rtx-5060-8gb-16gb-ram-512gb-ssd/,ნოუთბუქი Lenovo LOQ 17 83JH009ERK • Intel Core i7-14700HX • RTX 5060 8GB • 16GB RAM • 512GB SSD | Superi.ge,ნოუთბუქი Lenovo LOQ 17 83JH009ERK • Intel Core i7-14700HX •,title > 65
10032,https://superi.ge/lenovo-v17-g4-17-3-fhd-i5-13420h-8gb-512gb-ssd-83a2004crk/,"ნოუთბუქი Lenovo V17 G4 17.3"" FHD i5-13420H / 8GB / 512GB SSD (83A2004CRK) | Superi.ge","ნოუთბუქი Lenovo V17 G4 17.3"" FHD i5-13420H / 8GB / 512GB SSD",title > 65
10274,https://superi.ge/asus-expertbook-b3-b3405cva-14-gentle-grey/,"ნოუთბუქი ASUS ExpertBook B3 B3405CVA 14"" - Gentle Grey | Superi.ge","ნოუთბუქი ASUS ExpertBook B3 B3405CVA 14"" | Superi.ge",title > 65
10275,https://superi.ge/asus-expertbook-b3-16-b3605cva-mb0820-gentle-grey/,ნოუთბუქი ASUS ExpertBook B3 16'' B3605CVA-MB0820 - Gentle Grey | Superi.ge,ნოუთბუქი ASUS ExpertBook B3 16'' B3605CVA-MB0820 | Superi.ge,title > 65
10287,https://superi.ge/lenovo-thinkpad-e14-gen-7-14-21sx004ugx-black/,"ნოუთბუქი Lenovo ThinkPad E14 Gen 7 14"" 21SX004UGX - Black | Superi.ge","ნოუთბუქი Lenovo ThinkPad E14 Gen 7 14"" 21SX004UGX | Superi.ge",title > 65
10290,https://superi.ge/lenovo-thinkbook-14-g9-14-21uy001afw-arctic-grey/,ნოუთბუქი Lenovo ThinkBook 14 G9 14'' 21UY001AFW - Arctic Grey | Superi.ge,ნოუთბუქი Lenovo ThinkBook 14 G9 14'' 21UY001AFW | Superi.ge,title > 65
10292,https://superi.ge/lenovo-legion-pro-5-16irx10-16-eclipse-black/,"ნოუთბუქი Lenovo Legion Pro 5 16IRX10 16"" - Eclipse Black | Superi.ge","ნოუთბუქი Lenovo Legion Pro 5 16IRX10 16"" | Superi.ge",title > 65
10293,https://superi.ge/legion-pro-5-16iax10-83f3000xrk-eclipse-black/,ნოუთბუქი Legion Pro 5 16IAX10 (83F3000XRK) - Eclipse Black | Superi.ge,ნოუთბუქი Legion Pro 5 16IAX10 (83F3000XRK) | Superi.ge,title > 65
10296,https://superi.ge/asus-expertbook-b1-15-6-b1503cva-s76544-gentle-grey/,"ნოუთბუქი ASUS ExpertBook B1 15.6"" B1503CVA-S76544 - Gentle Grey | Superi.ge","ნოუთბუქი ASUS ExpertBook B1 15.6"" B1503CVA-S76544 | Superi.ge",title > 65
10297,https://superi.ge/asus-expertbook-p1-15-6-p1503cva-s72723-silver/,"ნოუთბუქი ASUS ExpertBook P1 15.6"" (P1503CVA-S72723) silver | Superi.ge","ნოუთბუქი ASUS ExpertBook P1 15.6"" (P1503CVA-S72723) silver",title > 65
10298,https://superi.ge/asus-tuf-gaming-a15-15-6-fa506ncq-hn031-graphite-black/,ნოუთბუქი ASUS TUF Gaming A15 15.6'' (FA506NCQ-HN031) Graphite Black | Superi.ge,ნოუთბუქი ASUS TUF Gaming A15 15.6'' (FA506NCQ-HN031) Graphite,title > 65
10301,https://superi.ge/asus-rog-strix-g16-2025-16-g614pr-rv057-eclipse-gray/,ნოუთბუქი ASUS ROG Strix G16 2025 16'' G614PR-RV057 - Eclipse Gray | Superi.ge,ნოუთბუქი ASUS ROG Strix G16 2025 16'' G614PR-RV057 | Superi.ge,title > 65
10302,https://superi.ge/asus-rog-strix-g18-2025-18-g814pm-s9027-eclipse-gray/,ნოუთბუქი ASUS ROG Strix G18 2025 18'' G814PM-S9027 - Eclipse Gray | Superi.ge,ნოუთბუქი ASUS ROG Strix G18 2025 18'' G814PM-S9027 | Superi.ge,title > 65
10304,https://superi.ge/asus-tuf-gaming-a16-fa608pp-rv019-16-jaeger-gray/,ნოუთბუქი ASUS TUF Gaming A16 FA608PP-RV019 16'' - Jaeger Gray | Superi.ge,ნოუთბუქი ASUS TUF Gaming A16 FA608PP-RV019 16'' | Superi.ge,title > 65
10305,https://superi.ge/tuf-a16-16-fa608pm-rv048-jaeger-gray/,ნოუთბუქი ASUS TUF A16 16'' (FA608PM-RV048) Jaeger Gray | Superi.ge,ნოუთბუქი ASUS TUF A16 16'' (FA608PM-RV048) Jaeger Gray,title > 65
10308,https://superi.ge/lenovo-legion-5-15irx10-15-1-83ly00j3rk-eclipse-black/,"ნოუთბუქი Lenovo Legion 5 15IRX10 15.1"" 83LY00J3RK - Eclipse Black | Superi.ge","ნოუთბუქი Lenovo Legion 5 15IRX10 15.1"" 83LY00J3RK | Superi.ge",title > 65
10309,https://superi.ge/asus-tuf-gaming-a18-18-fa808uh-s8033-jaeger-gray/,ნოუთბუქი ASUS TUF Gaming A18 18'' (FA808UH-S8033) Jaeger Gray | Superi.ge,ნოუთბუქი ASUS TUF Gaming A18 18'' (FA808UH-S8033) Jaeger Gray,title > 65
10313,https://superi.ge/asus-tuf-gaming-f16-16-fx607vu-rl077-mecha-gray/,ნოუთბუქი Asus TUF Gaming F16 16'' (FX607VU-RL077) - Mecha Gray | Superi.ge,ნოუთბუქი Asus TUF Gaming F16 16'' (FX607VU-RL077) | Superi.ge,title > 65
10314,https://superi.ge/asus-tuf-gaming-f16-16-fx607vjb-rl103-gray/,ნოუთბუქი ASUS TUF Gaming F16 16'' (FX607VJB-RL103) Gray | Superi.ge,ნოუთბუქი ASUS TUF Gaming F16 16'' (FX607VJB-RL103) Gray,title > 65
10315,https://superi.ge/asus-expertbook-b1-15-6-b1503cva-s78234-graphics/,"ნოუთბუქი ASUS ExpertBook B1 15.6"" (B1503CVA-S78234) Graphics | Superi.ge","ნოუთბუქი ASUS ExpertBook B1 15.6"" (B1503CVA-S78234) Graphics",title > 65
10316,https://superi.ge/asus-expertbook-b1-15-6-b1503cva-s78237-graphics/,"ნოუთბუქი ASUS ExpertBook B1 15.6"" (B1503CVA-S78237) Graphics | Superi.ge","ნოუთბუქი ASUS ExpertBook B1 15.6"" (B1503CVA-S78237) Graphics",title > 65
10318,https://superi.ge/asus-tuf-f16-fx608jmr-rv180-16-jaeger-gray/,ნოუთბუქი ASUS TUF F16 FX608JMR-RV180 16'' - Jaeger Gray | Superi.ge,ნოუთბუქი ASUS TUF F16 FX608JMR-RV180 16'' | Superi.ge,title > 65
10322,https://superi.ge/asus-rog-strix-g16-2025-g614pr-rv007-eclipse-gray/,ნოუთბუქი Asus ROG Strix G16 (2025) (G614PR-RV007) - Eclipse Gray | Superi.ge,ნოუთბუქი Asus ROG Strix G16 (2025) (G614PR-RV007) | Superi.ge,title > 65
10323,https://superi.ge/asus-expertbook-b1-15-6-b1503cva-s70395-black/,"ნოუთბუქი ASUS ExpertBook B1 15.6"" (B1503CVA-S70395) black | Superi.ge","ნოუთბუქი ASUS ExpertBook B1 15.6"" (B1503CVA-S70395) black",title > 65
10324,https://superi.ge/asus-rog-strix-g16-16-g615jmr-s5169-eclipse-gray/,ნოუთბუქი Asus ROG Strix G16 16'' (G615JMR-S5169) - Eclipse Gray | Superi.ge,ნოუთბუქი Asus ROG Strix G16 16'' (G615JMR-S5169) | Superi.ge,title > 65
10326,https://superi.ge/asus-rog-strix-g16-g614fm-s5076-16-eclipse-gray/,"ნოუთბუქი ASUS ROG Strix G16 G614FM-S5076 16"" - Eclipse Gray | Superi.ge","ნოუთბუქი ASUS ROG Strix G16 G614FM-S5076 16"" | Superi.ge",title > 65
10330,https://superi.ge/lenovo-loq-15irx10-83je002brk-15-6-luna-grey/,"ნოუთბუქი Lenovo LOQ 15IRX10 83JE002BRK 15.6"" - Luna Grey | Superi.ge","ნოუთბუქი Lenovo LOQ 15IRX10 83JE002BRK 15.6"" | Superi.ge",title > 65
10333,https://superi.ge/lenovo-loq-17irx10-17-3-83jh0097rk-luna-grey/,"ნოუთბუქი Lenovo LOQ 17IRX10 17.3"" 83JH0097RK - Luna Grey | Superi.ge","ნოუთბუქი Lenovo LOQ 17IRX10 17.3"" 83JH0097RK | Superi.ge",title > 65
10334,https://superi.ge/lenovo-ideapad-slim-5-14-83hr002brk-luna-grey/,"ნოუთბუქი Lenovo Ideapad Slim 5 14"" 83HR002BRK - Luna Grey | Superi.ge","ნოუთბუქი Lenovo Ideapad Slim 5 14"" 83HR002BRK | Superi.ge",title > 65
10335,https://superi.ge/lenovo-ideapad-slim-5-14-83hr002grk-luna-grey/,"ნოუთბუქი Lenovo IdeaPad Slim 5 14"" (83HR002GRK) - Luna Grey | Superi.ge","ნოუთბუქი Lenovo IdeaPad Slim 5 14"" (83HR002GRK) | Superi.ge",title > 65
10336,https://superi.ge/lenovo-ideapad-slim-5-14-83hr002erk-luna-grey/,"ნოუთბუქი Lenovo IdeaPad Slim 5 14"" (83HR002ERK) - Luna Grey | Superi.ge","ნოუთბუქი Lenovo IdeaPad Slim 5 14"" (83HR002ERK) | Superi.ge",title > 65
10339,https://superi.ge/lenovo-ideapad-slim-5-16-83hs0024rk-luna-grey/,"ნოუთბუქი Lenovo Ideapad Slim 5 16"" 83HS0024RK - Luna Grey | Superi.ge","ნოუთბუქი Lenovo Ideapad Slim 5 16"" 83HS0024RK | Superi.ge",title > 65
10342,https://superi.ge/lenovo-loq-15-615ahp10-fhd-144hz-83jg009erk-luna-grey/,"ნოუთბუქი LENOVO LOQ 15.6""15AHP10 FHD 144Hz (83JG009ERK) Luna Grey | Superi.ge","ნოუთბუქი LENOVO LOQ 15.6""15AHP10 FHD 144Hz (83JG009ERK) Luna Grey",title > 65
10343,https://superi.ge/lenovo-legion-5-15irx10-15-1-83ly00jlrk-eclipse-black/,"ნოუთბუქი Lenovo Legion 5 15IRX10 15.1"" 83LY00JLRK- Eclipse Black | Superi.ge","ნოუთბუქი Lenovo Legion 5 15IRX10 15.1"" 83LY00JLRK- Eclipse Black",title > 65
10346,https://superi.ge/acer-aspire-14-ai-a14-52m-14-wuxga-oled-nx-jfver-005/,"ნოუთბუქი ACER Aspire 14 AI A14-52M 14"" WUXGA OLED NX.JFVER.005 | Superi.ge","ნოუთბუქი ACER Aspire 14 AI A14-52M 14"" WUXGA OLED NX.JFVER.005",title > 65
10347,https://superi.ge/acer-aspire-spin-14-agsp14-31pt-nx-jbeer-001-silver/,ნოუთბუქი Acer Aspire Spin 14 AGSP14-31PT NX.JBEER.001 Silver | Superi.ge,ნოუთბუქი Acer Aspire Spin 14 AGSP14-31PT NX.JBEER.001 Silver,title > 65
10351,https://superi.ge/lenovo-v15-g5-15-6-fhd-83gw00gngx/,"ნოუთბუქი Lenovo V15 G5 15.6"" FHD 83GW00GNGX Business Black | Superi.ge","ნოუთბუქი Lenovo V15 G5 15.6"" FHD 83GW00GNGX Business Black",title > 65
10380,https://superi.ge/lenovo-ideapad-slim-5-16-oled-luna-grey-83hw000ark/,"ნოუთბუქი Lenovo IdeaPad Slim 5 16"" OLED Luna Grey (83HW000ARK) | Superi.ge","ნოუთბუქი Lenovo IdeaPad Slim 5 16"" OLED Luna Grey (83HW000ARK)",title > 65
11702,https://superi.ge/lenovo-ideapad-slim-5-16-83hs0025rk-luna-grey/,"ნოუთბუქი Lenovo Ideapad Slim 5 16"" 83HS0025RK - Luna Grey | Superi.ge","ნოუთბუქი Lenovo Ideapad Slim 5 16"" 83HS0025RK | Superi.ge",title > 65
11722,https://superi.ge/asus-zenbook-s-14-ux5406aa-sw046w-gray/,"ნოუთბუქი Asus Zenbook S 14"" 3K Oled UX5406AA-SW046W - Gray | Superi.ge","ნოუთბუქი Asus Zenbook S 14"" 3K Oled UX5406AA-SW046W | Superi.ge",title > 65
11723,https://superi.ge/asus-zenbook-a14-14-ux3407na-qd023w-beige/,ნოუთბუქი Asus Zenbook A14 14'' UX3407NA-QD023W - Beige | Superi.ge,ნოუთბუქი Asus Zenbook A14 14'' UX3407NA-QD023W | Superi.ge,title > 65
13026,https://superi.ge/lenovo-thinkpad-e14-gen-7-14-21t0004qgx-black/,ნოუთბუქი Lenovo ThinkPad E14 Gen 7 14'' 21T0004QGX - Black | Superi.ge,ნოუთბუქი Lenovo ThinkPad E14 Gen 7 14'' 21T0004QGX | Superi.ge,title > 65
13027,https://superi.ge/lenovo-legion-pro-5-16iax10-83f30012rk-eclipse-black/,ნოუთბუქი Lenovo Legion Pro 5 16IAX10 (83F30012RK) - Eclipse Black | Superi.ge,ნოუთბუქი Lenovo Legion Pro 5 16IAX10 (83F30012RK) | Superi.ge,title > 65
13079,https://superi.ge/asus-zenbook-14-3k-oled-ultra-9-ux3405ca-st799w-silver/,"ნოუთბუქი Asus Zenbook 14"" 3K OLED Ultra 9 UX3405CA-ST799W - Silver | Superi.ge","ნოუთბუქი Asus Zenbook 14"" 3K OLED Ultra 9 UX3405CA-ST799W",title > 65
13099,https://superi.ge/asus-tuf-gaming-f16-fx608jhi-tu331-jaeger-gray/,ნოუთბუქი Asus TUF Gaming F16 (FX608JHI-TU331) - Jaeger Gray | Superi.ge,ნოუთბუქი Asus TUF Gaming F16 (FX608JHI-TU331) | Superi.ge,title > 65
13116,https://superi.ge/lenovo-thinkpad-e16-gen-3-16-21sr004tgx-black/,"ნოუთბუქი Lenovo ThinkPad E16 Gen 3 16"" (21SR004TGX) - black | Superi.ge","ნოუთბუქი Lenovo ThinkPad E16 Gen 3 16"" (21SR004TGX) | Superi.ge",title > 65
13279,https://superi.ge/lenovo-thinkpad-t14-gen-7-14-21wn00epgx-black/,"ნოუთბუქი Lenovo ThinkPad T14 Gen 7 14"" 21WN00EPGX - Black | Superi.ge","ნოუთბუქი Lenovo ThinkPad T14 Gen 7 14"" 21WN00EPGX | Superi.ge",title > 65
13285,https://superi.ge/lenovo-legion-pro-5-16-83nn007ark-eclipse-black/,"ნოუთბუქი LENOVO Legion Pro 5 16"" (83NN007ARK) Eclipse Black | Superi.ge","ნოუთბუქი LENOVO Legion Pro 5 16"" (83NN007ARK) Eclipse Black",title > 65
13348,https://superi.ge/lenovo-ideapad-slim-5-16-83v7003urk-2-8k-oled-120hz-ultra-9-185h-32gb-1tb-ssd-integrated-graphics-luna-grey/,"ნოუთბუქი Lenovo Ideapad Slim 5 16"" 83V7003URK 2.8K OLED 120Hz Ultra 9 185H 32GB 1TB SSD Integrated Graphics - Luna Grey | Superi.ge","ნოუთბუქი Lenovo Ideapad Slim 5 16"" 83V7003URK 2.8K OLED 120Hz",title > 65
13369,https://superi.ge/lenovo-legion-pro-5-16-83nn005crk-eclipse-black/,"ნოუთბუქი Lenovo Legion Pro 5 16"" 83NN005CRK - Eclipse Black | Superi.ge","ნოუთბუქი Lenovo Legion Pro 5 16"" 83NN005CRK | Superi.ge",title > 65
13372,https://superi.ge/lenovo-ideapad-slim-3-15-6-fhd-82xq01slrk-grey/,"ნოუთბუქი Lenovo Ideapad Slim 3 15.6"" FHD 82XQ01SLRK - grey | Superi.ge","ნოუთბუქი Lenovo Ideapad Slim 3 15.6"" FHD 82XQ01SLRK | Superi.ge",title > 65
13400,https://superi.ge/asus-rog-strix-g18-18-g815jpr-s9037-eclipse-gray/,ნოუთბუქი Asus ROG Strix G18 18'' G815JPR-S9037 - Eclipse Gray | Superi.ge,ნოუთბუქი Asus ROG Strix G18 18'' G815JPR-S9037 | Superi.ge,title > 65
13513,https://superi.ge/asus-rog-strix-g18-18-g815jmr-s9050-eclipse-gray/,ნოუთბუქი Asus ROG Strix G18 18'' G815JMR-S9050 - Eclipse Gray | Superi.ge,ნოუთბუქი Asus ROG Strix G18 18'' G815JMR-S9050 | Superi.ge,title > 65
13531,https://superi.ge/lenovo-thinkbook-14-g8-14-21y20051gx-graphics-black/,ნოუთბუქი LENOVO ThinkBook 14 G8 14'' (21Y20051GX) Graphics BLACK | Superi.ge,ნოუთბუქი LENOVO ThinkBook 14 G8 14'' (21Y20051GX) Graphics BLACK,title > 65
13574,https://superi.ge/asus-vivobook-s-16-s3607aa-sh061-matte-gray/,ნოუთბუქი Asus Vivobook S 16'' S3607AA-SH061 - Matte Gray | Superi.ge,ნოუთბუქი Asus Vivobook S 16'' S3607AA-SH061 | Superi.ge,title > 65
13746,https://superi.ge/lenovo-legion-pro-5-16-83nn006grk-eclipse-black/,"ნოუთბუქი Lenovo Legion Pro 5 16"" 83NN006GRK - Eclipse Black | Superi.ge","ნოუთბუქი Lenovo Legion Pro 5 16"" 83NN006GRK | Superi.ge",title > 65
13747,https://superi.ge/lenovo-yoga-7-2-in-1-16-83tf003yrk-seashell/,ნოუთბუქი Lenovo Yoga 7 2-in-1 16'' 83TF003YRK - Seashell | Superi.ge,ნოუთბუქი Lenovo Yoga 7 2-in-1 16'' 83TF003YRK | Superi.ge,title > 65
13771,https://superi.ge/lenovo-thinkbook-14-g9-14-21ux006xgx-arctic-grey/,ნოუთბუქი Lenovo ThinkBook 14 G9 14'' 21UX006XGX - Arctic Grey | Superi.ge,ნოუთბუქი Lenovo ThinkBook 14 G9 14'' 21UX006XGX | Superi.ge,title > 65
13837,https://superi.ge/notebook-msi-msi-cyborg-15-15-6-fhd-144hz-core-7-240h-16gb-1tb-ssd-rtx-5050/,"ნოუთბუქი MSI Cyborg 15 15.6"" FHD 9S7-15Q342-1251 - Translucent Black | Superi.ge","ნოუთბუქი MSI Cyborg 15 15.6"" FHD 9S7-15Q342-1251 | Superi.ge",title > 65
13838,https://superi.ge/notebook-msi-msi-katana-15-15-6-fhd-144hz-ryzen-7-8845hs-16gb-1tb-rtx-4050/,"ნოუთბუქი MSI Katana 15 15.6"" FHD 9S7-158N31-644 - Black | Superi.ge","ნოუთბუქი MSI Katana 15 15.6"" FHD 9S7-158N31-644 | Superi.ge",title > 65
13839,https://superi.ge/notebook-msi-msi-modern-14-14-fhd-core-5-120u-16gb-512gb-ssd-iris-xe-graphics-platinum-gray/,"ნოუთბუქი MSI Modern 14 14"" FHD 9S7-14S113-899 - Platinum Gray | Superi.ge","ნოუთბუქი MSI Modern 14 14"" FHD 9S7-14S113-899 | Superi.ge",title > 65
13840,https://superi.ge/notebook-msi-msi-modern-15-15-6-fhd-core-7-150u-16gb-512gb-ssd-intel-integrated-graphics-platinum-gray/,"ნოუთბუქი MSI Modern 15 15.6"" FHD 9S7-15S111-1259 - Platinum Gray | Superi.ge","ნოუთბუქი MSI Modern 15 15.6"" FHD 9S7-15S111-1259 | Superi.ge",title > 65
13841,https://superi.ge/notebook-lenovo-ideapad-yoga-7-2-in-1-16-oled-touch-ryzen-ai-5-435-16gb-512gb-ssd-integrated-amd-graphics-seashell-win-11-home-eng/,ნოუთბუქი Lenovo Yoga 7 2-in-1 16'' OLED 83TF003XRK - Seashell | Superi.ge,ნოუთბუქი Lenovo Yoga 7 2-in-1 16'' OLED 83TF003XRK | Superi.ge,title > 65
13842,https://superi.ge/notebook-lenovo-ideapad-yoga-7-2-in-1-16-oled-touch-ultra-5-325-16gb-512gb-ssd-integrated-intel-graphics-luna-grey-win-11-home-eng-gray/,ნოუთბუქი Lenovo Yoga 7 2-in-1 16'' 83TE0043RK - Luna Grey | Superi.ge,ნოუთბუქი Lenovo Yoga 7 2-in-1 16'' 83TE0043RK | Superi.ge,title > 65
13885,https://superi.ge/lenovo-thinkpad-e16-21y4004ngx-black/,"Lenovo Thinkpad E16 21Y4004NGX, AMD Ryzen AI 7-345, AMD Radeon 840M, 16GB RAM SSD 512GB, Free Dos, ლეპტოპი | Superi.ge","Lenovo Thinkpad E16 21Y4004NGX, AMD Ryzen AI 7-345, AMD",title > 65
13889,https://superi.ge/notebook-lenovo-legion-legion-pro-7-16-oled-240hz-ultra-9-275hx-64gb-1tb-ssd-rtx-5090-24gb-win-11-home-eclipse-black/,"ნოუთბუქი Lenovo Legion Pro 7 16"" OLED Ultra 9 83F50024RK - Eclipse Black | Superi.ge","ნოუთბუქი Lenovo Legion Pro 7 16"" OLED Ultra 9 83F50024RK",title > 65
13993,https://superi.ge/notebook-lenovo-thinkpad-thinkbook-16-g9-16-ultra-7-355-32gb-512gb-ssd-integrated-intel-graphics-arctic-grey-gray/,Lenovo ThinkBook 16 G9 16'' WUXGA 21UR0067GX - Arctic Grey ნოუთბუქი | Superi.ge,Lenovo ThinkBook 16 G9 16'' WUXGA 21UR0067GX | Superi.ge,title > 65
14006,https://superi.ge/asus-tuf-gaming-17-3-fhd-144hz-fx707vjb-hx125w-mecha-gray/,ნოუთბუქი ASUS TUF Gaming 17.3'' FHD 144Hz (FX707VJB-HX125W) Mecha Gray | Superi.ge,ნოუთბუქი ASUS TUF Gaming 17.3'' FHD 144Hz (FX707VJB-HX125W),title > 65
14010,https://superi.ge/notebook-lenovo-yoga-pro-9-16-3-2k-oled-touch-120hz-ultra-9-386h-64gb-1tb-ssd-rtx-5070-12gb-thunder-grey-win-11-home-gray/,"ნოუთბუქი Lenovo Yoga Pro 9 16"" 3.2K OLED 83SF003KRK - Thunder Grey | Superi.ge","ნოუთბუქი Lenovo Yoga Pro 9 16"" 3.2K OLED 83SF003KRK | Superi.ge",title > 65
14012,https://superi.ge/notebook-asustek-asus-tuf-gaming-a15-15-6-fhd-144hz-ryzen-7-8845hs-8gb-512gb-ssd-rtx-3050-win-11-home-graphite-black/,ნოუთბუქი ASUS TUF Gaming A15 15.6'' FHD 144Hz (FA506NCG-HN375W) Graphite Black | Superi.ge,ნოუთბუქი ASUS TUF Gaming A15 15.6'' FHD 144Hz,title > 65
14014,https://superi.ge/notebook-lenovo-smb-lenovo-v15-g5-15-6-fhd-core-7-240h-16gb-512ssd-integrated-uhd-graphics-black/,"ნოუთბუქი Lenovo V15 G5 15.6"" FHD (83GW00KBGX) Graphics Black | Superi.ge","ნოუთბუქი Lenovo V15 G5 15.6"" FHD (83GW00KBGX) Graphics Black",title > 65
14015,https://superi.ge/notebook-asustek-vivobook-15-6-fhd-core-5-320-16gb-512gb-ssd-integrated-intel-graphics-win-11-home-cool-silver/,"ნოუთბუქი Asus Vivobook 15.6"" FHD X1504MA-BQ257W - Silver | Superi.ge","ნოუთბუქი Asus Vivobook 15.6"" FHD X1504MA-BQ257W | Superi.ge",title > 65
14016,https://superi.ge/asus-zenbook-14-oled-ux3405ca-ql1723w-foggy-silver/,"ნოუთბუქი Asus Zenbook 14"" OLED UX3405CA-QL1723W - Foggy Silver | Superi.ge","ნოუთბუქი Asus Zenbook 14"" OLED UX3405CA-QL1723W | Superi.ge",title > 65
14017,https://superi.ge/notebook-asustek-vivobook-go-15-6-fhd-ryzen-5-40-16gb-512gb-ssd-amd-radeon-graphics-win-11-home-cool-silver/,"ნოუთბუქი Asus Vivobook Go 15.6"" FHD E1504FA-BQ5765W - Cool Silver | Superi.ge","ნოუთბუქი Asus Vivobook Go 15.6"" FHD E1504FA-BQ5765W | Superi.ge",title > 65
14019,https://superi.ge/notebook-asustek-vivobook-go-15-6-fhd-ryzen-5-40-8gb-256gb-ssd-amd-radeon-graphics-win-11-home-cool-silver/,"ნოუთბუქი Asus Vivobook Go 15.6"" FHD E1504FA-BQ825W - Silver | Superi.ge","ნოუთბუქი Asus Vivobook Go 15.6"" FHD E1504FA-BQ825W | Superi.ge",title > 65
14020,https://superi.ge/notebook-asustek-vivobook-15-6-fhd-core-5-320-16gb-512gb-ssd-integrated-intel-graphics-win-11-home-quiet-blue/,"ნოუთბუქი Asus Vivobook 15.6"" FHD X1504MA-BQ813W - Quiet Blue | Superi.ge","ნოუთბუქი Asus Vivobook 15.6"" FHD X1504MA-BQ813W | Superi.ge",title > 65
14021,https://superi.ge/notebook-asustek-vivobook-16-fhd-ultra-5-225h-16gb-512gb-ssd-integrated-intel-graphics-win-11-home-quiet-blue/,"ნოუთბუქი Asus Vivobook 16"" FHD X1607CA-MB110W - Quiet Blue | Superi.ge","ნოუთბუქი Asus Vivobook 16"" FHD X1607CA-MB110W | Superi.ge",title > 65
14024,https://superi.ge/notebook-apple-13-inch-macbook-neo-apple-a18-pro-chip-with-6core-cpu-and-5core-gpu-8gb-512gb-ssd-citrus-eng/,ნოუთბუქი Apple MacBook Neo 13'' Touch ID Apple A18 Pro 8GB/512GB Z1TR00021 - Citrus ENG | Superi.ge,ნოუთბუქი Apple MacBook Neo 13'' Touch ID Apple A18 Pro,title > 65
14026,https://superi.ge/asus-tuf-gaming-a15-15-6-fhd-144hz-fa506ncg-hn330w-graphite-black/,ნოუთბუქი ASUS TUF Gaming A15 15.6'' FHD 144Hz (FA506NCG-HN330W) Graphite Black | Superi.ge,ნოუთბუქი ASUS TUF Gaming A15 15.6'' FHD 144Hz,title > 65
14027,https://superi.ge/notebook-lenovo-ideapad-slim-3-17-3-core-3-304-16gb-512gb-ssd-integrated-intel-uhd-graphics-luna-grey-win-11-home-gray/,"ნოუთბუქი Lenovo Ideapad Slim 3 17.3"" 83VS005NRK - Luna Grey | Superi.ge","ნოუთბუქი Lenovo Ideapad Slim 3 17.3"" 83VS005NRK | Superi.ge",title > 65
14028,https://superi.ge/notebook-lenovo-thinkbook-16-g9-16-i5-13420h-16gb-512gb-ssd-integrated-intel-uhd-graphics-win-11-home-eng-keyboard/,"ნოუთბუქი Lenovo ThinkBook 16 G9 16"" WUXGA 21US00GPFX - Arctic Grey | Superi.ge","ნოუთბუქი Lenovo ThinkBook 16 G9 16"" WUXGA 21US00GPFX | Superi.ge",title > 65
14029,https://superi.ge/notebook-asustek-tuf-a16-16-fhd-165hz-ryzen-9-8940hx-16gb-512gb-ssd-rtx-5060-8gb-win-11-home-jaeger-gray/,ნოუთბუქი ASUS TUF A16 16'' FHD+ 165Hz (FA608PM-RV040W) Jaeger Gray | Superi.ge,ნოუთბუქი ASUS TUF A16 16'' FHD+ 165Hz (FA608PM-RV040W) Jaeger,title > 65
14030,https://superi.ge/notebook-asustek-asus-tuf-gaming-f16-16-fhd-144hz-i7-14650hx-16gb-512gb-rtx-5050-win-11-home-jaeger-gray/,ნოუთბუქი ASUS TUF Gaming F16 16'' FHD+ 144Hz (FX608JHI-TU272W) Jaeger Gray | Superi.ge,ნოუთბუქი ASUS TUF Gaming F16 16'' FHD+ 144Hz,title > 65
14031,https://superi.ge/notebook-asustek-asus-tuf-gaming-f16-16-fhd-165hz-i7-14650hx-16gb-512gb-rtx-5060-win-11-home-jaeger-gray/,ნოუთბუქი ASUS TUF Gaming F16 16'' FHD+ 165Hz (FX608JMI-TU394W) Jaeger Gray | Superi.ge,ნოუთბუქი ASUS TUF Gaming F16 16'' FHD+ 165Hz,title > 65
14099,https://superi.ge/lenovo-thinkpad-t14-g6-21qc006ggx-black/,"Lenovo ThinkPad T14 G6 21QC006GGX, Intel Core Ultra 7-255U, Intel UHD Graphics, 16GB RAM SSD 512GB, Free Dos, ლეპტოპი | Superi.ge","Lenovo ThinkPad T14 G6 21QC006GGX, Intel Core Ultra 7-255U,",title > 65
14100,https://superi.ge/hp-elitebook-8-g1i-d85b3et-silver/,"HP Elitebook 8 G1i D85B3ET, Intel Core Ultra 7-258V, Intel Arc Graphics, 32GB RAM SSD 512GB, Free Dos ლეპტოპი | Superi.ge","HP Elitebook 8 G1i D85B3ET, Intel Core Ultra 7-258V, Intel",title > 65
14110,https://superi.ge/acer-e10-plus-m16p-16-zl-oth11-04n-grey/,"Acer E10 PLUS M16P 16 ZL.OTH11.04N, Intel Core i5-1235U, Intel UHD Graphics, 16GB RAM SSD 512GB, Free Dos ლეპტოპი | Superi.ge","Acer E10 PLUS M16P 16 ZL.OTH11.04N, Intel Core i5-1235U,",title > 65
14337,https://superi.ge/lenovo-ideapad-slim-5-14-oled-ultra-5-83v6000grk-luna-grey/,"Lenovo IdeaPad Slim 5 14"" OLED Ultra 5 (83V6000GRK) Luna Grey ნოუთბუქი | Superi.ge","Lenovo IdeaPad Slim 5 14"" OLED Ultra 5 (83V6000GRK) Luna Grey",title > 65
14343,https://superi.ge/lenovo-thinkpad-e16-g3-16-fhd-ultra-7-255h-16c-16gb-512gb-m-2-dos-2y-notebook/,"Lenovo Thinkpad E16 G3, 16"" (21SR0049GX) black ნოუთბუქი | Superi.ge","Lenovo Thinkpad E16 G3, 16"" (21SR0049GX) black ნოუთბუქი",title > 65
14344,https://superi.ge/hp-omnibook-5-16-2k-ips-ultra-7-bk9z1ea-silver/,"HP OmniBook 5 16"" 2K IPS Ultra 7 (BK9Z1EA) silver ნოუთბუქი | Superi.ge","HP OmniBook 5 16"" 2K IPS Ultra 7 (BK9Z1EA) silver ნოუთბუქი",title > 65
14345,https://superi.ge/hp-elitebook-8-g1i-16-fhd-u7-256v-16gb-512gb-glacier-silver/,"HP EliteBook 8 G1i 16"" (D85C1ET) Glacier Silver ნოუთბუქი | Superi.ge","HP EliteBook 8 G1i 16"" (D85C1ET) Glacier Silver ნოუთბუქი",title > 65
14386,https://superi.ge/acer-predator-helios-neo-16-ai-phn16-73-16-2560-x-1600-240hz-dci-p3-100-dds-intel-core-u/,"Acer Predator Helios Neo 16 AI PHN16-73 16"" WQXGA (Ultra 9 275HX/32GB/1TB SSD/RTX 5070 Ti) - NH.U45ER.001 ნოუთბუქი | Superi.ge","Acer Predator Helios Neo 16 AI PHN16-73 16"" WQXGA (Ultra 9",title > 65
14387,https://superi.ge/acer-predator-helios-neo-16-ai-phn16-73-16-wqxga-ultra-9-275hx-32gb-1tb-ssd-rtx-5070-ti-nh-u45er-001/,"Acer Predator Helios Neo 16 AI PHN16-73 16"" WQXGA (Ultra 9 275HX/32GB/1TB SSD/RTX 5070 Ti) - NH.U45ER.001 ნოუთბუქი | Superi.ge","Acer Predator Helios Neo 16 AI PHN16-73 16"" WQXGA (Ultra 9",title > 65
14390,https://superi.ge/acer-swift-16-ai-copilot-sfe16-i51-16-2-8k-oled-dci-p3-100-intel-core-ultra-7-processor-355-/,"Acer Swift 16 SFE16-I51 16"" 2.8K OLED (Core Ultra 7 355/16GB/512GB SSD) - NX.JVNER.003 ნოუთბუქი | Superi.ge","Acer Swift 16 SFE16-I51 16"" 2.8K OLED (Core Ultra 7",title > 65
14391,https://superi.ge/acer-swift-16-ai-sf16-71t-16-2-8k-oled-ultra-9-16gb-512gb-ssd-w11h-nx-ju1er-002/,"Acer Swift 16 AI SF16-71T 16"" 2.8K OLED (Ultra 9/16GB/512GB SSD/W11H) - NX.JU1ER.002 ნოუთბუქი | Superi.ge","Acer Swift 16 AI SF16-71T 16"" 2.8K OLED (Ultra 9/16GB/512GB",title > 65
14392,https://superi.ge/acer-swift-go-16-sfg16-a71-16-wuxga-oled-ryzen-ai-9-16gb-512gb-ssd-w11h-nx-jy8er-001/,"Acer Swift Go 16 SFG16-A71 16"" WUXGA OLED (Ryzen AI 9/16GB/512GB SSD/W11H) - NX.JY8ER.001 ნოუთბუქი | Superi.ge","Acer Swift Go 16 SFG16-A71 16"" WUXGA OLED (Ryzen AI",title > 65
14394,https://superi.ge/acer-e10-16-wuxga-i5-1235u-16gb-512gb-zl-oth11-04n/,"Acer E10 16"" WUXGA (i5-1235U/16GB/512GB) - ZL.OTH11.04N ნოუთბუქი | Superi.ge","Acer E10 16"" WUXGA (i5-1235U/16GB/512GB) | Superi.ge",title > 65
14410,https://superi.ge/dell-16-plus-16-2-5k-ultra-7-256v-16gb-8533mt-512gb-backlit-kb-w11p-db16250/,"Dell 16 Plus 16"" 2.5K Ultra 7 256V/16GB 8533MT/512GB/Backlit Kb/W11P,DB16250 ნოუთბუქი | Superi.ge","Dell 16 Plus 16"" 2.5K Ultra 7 256V/16GB 8533MT/512GB/Backlit",title > 65
14413,https://superi.ge/dell-pro-16-plus-16-fhd-ips-ultra-7-268v-32gb-512gb-backlit-gray-pb16250-notebook/,"DELL Pro 16 Plus 16"" FHD+ IPS Ultra 7 268V 32GB 512GB Backlit, Gray PB16250 ნოუთბუქი | Superi.ge","DELL Pro 16 Plus 16"" FHD+ IPS Ultra 7 268V 32GB 512GB",title > 65
14418,https://superi.ge/asus-expertbook-b3-16-fhd-core-7-150u-16gb-512gb-b3605cva-mb1073/,"Asus ExpertBook B3 B3605CVA-MB1073, Intel Core 7-150U, Intel UHD Graphics, 16GB RAM SSD 512GB, Free Dos, ლეპტოპი | Superi.ge","Asus ExpertBook B3 B3605CVA-MB1073, Intel Core 7-150U, Intel",title > 65
14420,https://superi.ge/lenovo-ideapad-slim-5-14-oled-ultra-5-135h-16gb-512gb-ssd-luna-grey-notebook-gray/,"ნოუთბუქი Lenovo IdeaPad Slim 5 14"" OLED (83V6004VRK) Luna Grey | Superi.ge","ნოუთბუქი Lenovo IdeaPad Slim 5 14"" OLED (83V6004VRK) Luna Grey",title > 65
15554,https://superi.ge/msi-prestige-14-flip-vincent-van-gogh-edition-9s7-14t235-412-starry-night/,"MSI Prestige 14 Flip Vincent van Gogh Edition 9S7-14T235-412, Intel Core Ultra X9 - 378H, Intel Arc Graphics, 32 GB RAM SSD 1TB, Free Dos, ლეპტოპი | Superi.ge","MSI Prestige 14 Flip Vincent van Gogh Edition 9S7-14T235-412,",title > 65
15771,https://superi.ge/lenovo-tinkpad-e14-21y20052gx-black/,"Lenovo Tinkpad E14 21Y20052GX, AMD Ryzen AI 7-345, AMD Radeon 840M, 16GB RAM SSD 512GB, Free Dos, ლეპტოპი | Superi.ge","Lenovo Tinkpad E14 21Y20052GX, AMD Ryzen AI 7-345, AMD Radeon",title > 65
352,https://superi.ge/fujifilm-instax-mini-11-charcoal-greyl/,ფოტოაპარატი FUJIFILM INSTAX MINI 11 CHARCOAL GREYl,ფოტოაპარატი FUJIFILM INSTAX MINI 11 CHARCOAL GREYl | Superi.ge,title-ს | Superi.ge აკლია
356,https://superi.ge/fujifilm-instax-mini-11-ice-white/,ფოტოაპარატი FUJIFILM INSTAX MINI 11 ICE WHITE,ფოტოაპარატი FUJIFILM INSTAX MINI 11 ICE WHITE | Superi.ge,title-ს | Superi.ge აკლია
358,https://superi.ge/fujifilm-instax-mini-11-sky-blue/,ფოტოაპარატი FUJIFILM INSTAX MINI 11 SKY BLUE,ფოტოაპარატი FUJIFILM INSTAX MINI 11 SKY BLUE | Superi.ge,title-ს | Superi.ge აკლია
1793,https://superi.ge/polaroid-now-generation-2-black/,ფოტოაპარატი POLAROID NOW GENERATION 2 BLACK,ფოტოაპარატი POLAROID NOW GENERATION 2 BLACK | Superi.ge,title-ს | Superi.ge აკლია
8324,https://superi.ge/sony-alpha-a7r-iv-mirrorless-digital-camera-body-black/,ფოტოაპარატი Sony Alpha A7R IV Mirrorless Digital Camera Body Black | Superi.ge,ფოტოაპარატი Sony Alpha A7R IV Mirrorless Digital Camera Body,title > 65
10041,https://superi.ge/polaroid-now-generation-3-black-bundle-color-film-8-photos/,ფოტოაპარატი Polaroid Now Generation 3 Black Bundle Color Film 8 Photos | Superi.ge,ფოტოაპარატი Polaroid Now Generation 3 Black Bundle Color Film,title > 65
14111,https://superi.ge/canon-eos-r50-v-rfs-14-30mm-6895c025aa-black/,Canon EOS R50 V RFS 14-30mm 6895C025AA Black ფოტოაპარატი | Superi.ge,Canon EOS R50 V RFS 14-30mm 6895C025AA Black ფოტოაპარატი,title > 65
14112,https://superi.ge/sony-zv-e10-mirrorless-camera-with-16-50mm-lens-black/,Sony ZV-E10 Mirrorless Camera with 16-50mm Lens ფოტოაპარატი | Superi.ge,Sony ZV-E10 Mirrorless Camera with 16-50mm Lens ფოტოაპარატი,title > 65
14339,https://superi.ge/fujifilm-instax-mini-se-instant-camera-purple/,Fujifilm Instax Mini SE Instant Camera Purple ფოტოაპარატი | Superi.ge,Fujifilm Instax Mini SE Instant Camera Purple ფოტოაპარატი,title > 65
669,https://superi.ge/llorens-nicole-doll-35-cm-girl-8426265535293/,თოჯინა LLORENS NICOLE DOLL 35 CM GIRL (8426265535293),თოჯინა LLORENS NICOLE DOLL 35 CM GIRL (8426265535293) | Superi.ge,title-ს | Superi.ge აკლია
715,https://superi.ge/lego-city-wild-animal-rescue-missions/,სათამაშო LEGO CITY - WILD ANIMAL RESCUE MISSIONS,სათამაშო LEGO CITY - WILD ANIMAL RESCUE MISSIONS | Superi.ge,title-ს | Superi.ge აკლია
732,https://superi.ge/lego-jurrasic-pteranodon-chase/,სათამაშო LEGO JURRASIC - PTERANODON CHASE,სათამაშო LEGO JURRASIC - PTERANODON CHASE | Superi.ge,title-ს | Superi.ge აკლია
733,https://superi.ge/enchantimals/,სათამაშო ENCHANTIMALS ჰიქსბი და ზღარბი,სათამაშო ENCHANTIMALS ჰიქსბი და ზღარბი | Superi.ge,title-ს | Superi.ge აკლია
735,https://superi.ge/lego-city-rocket-launch-center/,სათამაშო LEGO City - ROCKET LAUNCH CENTER,სათამაშო LEGO City - ROCKET LAUNCH CENTER | Superi.ge,title-ს | Superi.ge აკლია
742,https://superi.ge/lego-city-4x4-off-roader-adventures/,სათამაშო LEGO CITY - 4x4 OFF - ROADER ADVENTURES,სათამაშო LEGO CITY - 4x4 OFF - ROADER ADVENTURES | Superi.ge,title-ს | Superi.ge აკლია
1022,https://superi.ge/lego-jurassic-worlf-t-rex-and-atrociraptor-dinosaur/,LEGO JURASSIC WORLF T. REX & ATROCIRAPTOR DINOSAUR,სათამაშო LEGO JURASSIC WORLF T. REX & ATROCIRAPTOR DINOSAUR,title-ს | Superi.ge აკლია
2461,https://superi.ge/lego-ninjago-the-hulkbuster-the-battle-of-wakanda-76247/,სათამაშო LEGO NINJAGO - THE HULKBUSTER: THE BATTLE OF WAKANDA (76247),სათამაშო LEGO NINJAGO | Superi.ge,title > 65
8507,https://superi.ge/lego-484-medium-creative-brick-box-classic-10696/,LEGO კუბიკები 484 ერთეული Medium Creative Brick Box Classic (10696) | Superi.ge,LEGO კუბიკები 484 ერთეული Medium Creative Brick Box Classic,title > 65
8509,https://superi.ge/lego-city-stuntz-the-shark-attack-stunt-challenge-60342/,კონსტრუქტორი LEGO City Stuntz The Shark Attack Stunt Challenge (60342) | Superi.ge,კონსტრუქტორი LEGO City Stuntz The Shark Attack Stunt,title > 65
5099,https://superi.ge/all-in-one-lenovo-ideacentre-24irh9-f0hn006bru/,All In One კომპიუტერი LENOVO IDEACENTRE 24IRH9 (F0HN006BRU ) | Superi.ge,All In One კომპიუტერი LENOVO IDEACENTRE 24IRH9 (F0HN006BRU ),title > 65
5100,https://superi.ge/all-in-one-lenovo-ideacentre-27irh9-f0hm0081ru/,ALL IN ONE კომპიუტერი LENOVO 27IRH9 (F0HM0081RU),ALL IN ONE კომპიუტერი LENOVO IDEACENTRE 27IRH9 (F0HM0081RU),title-ს | Superi.ge აკლია
5101,https://superi.ge/all-in-one-lenovo-yoga-7-27aph8-f0hk002xrk/,All In One LENOVO YOGA 7 27APH8 (F0HK002XRK ),All In One კომპიუტერი LENOVO YOGA 7 27APH8 (F0HK002XRK ),title-ს | Superi.ge აკლია
6225,https://superi.ge/all-in-one-apple-imac-a2438-24-m1-16gb-256gb-ssd-z12q000bv/,"All-in-one Apple iMac A2438 24"" - Z12Q000BV","All-in-one კომპიუტერი (მონობლოკი) Apple iMac A2438 24""",title-ს | Superi.ge აკლია
8443,https://superi.ge/all-in-one-asus-aio-a3402-23-8-i3-1315u-8gb-512gb-white/,"ALL IN ONE კომპიუტერი ASUS AIO A3402 23.8"" i3-1315U 8GB 512GB White | Superi.ge","ALL IN ONE კომპიუტერი ASUS AIO A3402 23.8"" i3-1315U 8GB 512GB",title > 65
10016,https://superi.ge/all-in-one-asus-aio-a3402-23-8-e3402wva-16gb-512gb-black/,"ALL IN ONE კომპიუტერი Asus AIO A3402 23.8"" (E3402WVA) 16GB 512GB - Black | Superi.ge","ALL IN ONE კომპიუტერი Asus AIO A3402 23.8"" (E3402WVA) 16GB 512GB",title > 65
10350,https://superi.ge/all-in-one-chuwi-unitech-24-23-8-i3-1220p-16gb-512gb-ssd-integrated-w11p-silver-white/,"All In One კომპიუტერი Chuwi Unitech 24, 23.8"", i3-1220P, 16GB, 512GB SSD, Integrated, W11P, Silver/White | Superi.ge","All In One კომპიუტერი Chuwi Unitech 24, 23.8"", i3-1220P,",title > 65
13524,https://superi.ge/all-in-one-lenovo-thinkcentre-neo-55a-24-gen-6-amd-ryzen-7-250-16gb-512gb-13f90021gw-luna-grey/,ALL IN ONE კომპიუტერი Lenovo ThinkCentre neo 55a 24 Gen 6 AMD Ryzen 7 250 16GB 512GB 13F90021GW - Luna Grey | Superi.ge,ALL IN ONE კომპიუტერი Lenovo ThinkCentre neo 55a 24 Gen 6 AMD,title > 65
14175,https://superi.ge/all-in-one-lenovo-yoga-aio-32ill10-f0hx001jru-luna-grey/,ALL IN ONE კომპიუტერი Lenovo Yoga AIO 32ILL10 (F0HX001JRU) - Luna Grey | Superi.ge,ALL IN ONE კომპიუტერი Lenovo Yoga AIO 32ILL10 (F0HX001JRU),title > 65
14178,https://superi.ge/all-in-one-lenovo-yoga-aio-27iah10-f0j2003uru-luna-grey/,ALL IN ONE კომპიუტერი Lenovo Yoga AIO 27IAH10 (F0J2003URU) - Luna Grey | Superi.ge,ALL IN ONE კომპიუტერი Lenovo Yoga AIO 27IAH10 (F0J2003URU),title > 65
14414,https://superi.ge/hp-prostudio-2-aio-pc-g2i-24fhd-core-5-120u-16gb-512gbpc-freedos-3yw-white-/,"ALL IN ONE კომპიუტერი HP ProStudio 2 AIO PC G2i 24"" (E24MNES) white . | Superi.ge","ALL IN ONE კომპიუტერი HP ProStudio 2 AIO PC G2i 24"" (E24MNES)",title > 65
15586,https://superi.ge/lenovo-ideacentre-aio-27arr9-amd-ryzen-7-7735hs-16gb-512gb-luna-grey-f0hq0089ru/,მონობლოკი Lenovo IdeaCentre AIO 27ARR9 AMD Ryzen 7 7735HS 16GB 512GB Luna Grey F0HQ0089RU | Superi.ge,მონობლოკი Lenovo IdeaCentre AIO 27ARR9 AMD Ryzen 7 7735HS,title > 65
15587,https://superi.ge/lenovo-thinkcentre-neo-50a-24-gen-5-23-8-fhd-12sc00grgw-luna-grey/,მონობლოკი Lenovo ThinkCentre neo 50a 24 Gen 5 23.8'' FHD 12SC00GRGW Luna Grey | Superi.ge,მონობლოკი Lenovo ThinkCentre neo 50a 24 Gen 5 23.8'' FHD,title > 65
15588,https://superi.ge/lenovo-thinkcentre-neo-55a-24-gen-6-amd-ryzen-5-220-16gb-512gb-13f9001tgw-luna-grey/,მონობლოკი Lenovo ThinkCentre neo 55a 24 Gen 6 AMD Ryzen 5 220 16GB 512GB 13F9001TGW Luna Grey | Superi.ge,მონობლოკი Lenovo ThinkCentre neo 55a 24 Gen 6 AMD Ryzen 5 220,title > 65
15589,https://superi.ge/lenovo-thinkcentre-neo-50a-24-gen-5-23-8-fhd-12sc000kru-luna-grey/,მონობლოკი Lenovo ThinkCentre neo 50a 24 Gen 5 23.8'' FHD 12SC000KRU Luna Grey | Superi.ge,მონობლოკი Lenovo ThinkCentre neo 50a 24 Gen 5 23.8'' FHD,title > 65
672,https://superi.ge/pro-plan-steril-1-5-kg-7613036499927/,კატის საკვები PRO PLAN STERIL 1.5 KG (7613036499927),კატის საკვები PRO PLAN STERIL 1.5 KG (7613036499927) | Superi.ge,title-ს | Superi.ge აკლია
1881,https://superi.ge/purina-pro-plan-optidigest-grain-free-7kg-7613036731256/,ძაღლის საკვები PURINA PRO PLAN OPTIDIGEST GRAIN FREE 7KG | Superi.ge,ძაღლის საკვები PURINA PRO PLAN OPTIDIGEST GRAIN FREE 7KG,title > 65
1883,https://superi.ge/purina-pro-plan-delicate-turkey-7613036546959/,კატის საკვები PURINA PRO PLAN DELICATE TURKEY,კატის საკვები PURINA PRO PLAN DELICATE TURKEY (7613036546959),title-ს | Superi.ge აკლია
1886,https://superi.ge/pro-plan-elegant-cat-salmon-10kg-7613036529235/,კატის საკვები PRO PLAN ELEGANT CAT SALMON 10KG,კატის საკვები PRO PLAN ELEGANT CAT SALMON 10KG (7613036529235),title-ს | Superi.ge აკლია
141,https://superi.ge/braun-wk5100bk/,ელექტრო ჩაიდანი BRAUN WK5100BK,ელექტრო ჩაიდანი BRAUN WK5100BK | Superi.ge,title-ს | Superi.ge აკლია
1475,https://superi.ge/bosch-twk8613p/,ელექტრო ჩაიდანი BOSCH TWK8613P,ელექტრო ჩაიდანი BOSCH TWK8613P | Superi.ge,title-ს | Superi.ge აკლია
1522,https://superi.ge/braun-wk300-white/,ელექტრო ჩაიდანი BRAUN WK300 WHITE,ელექტრო ჩაიდანი BRAUN WK300 WHITE | Superi.ge,title-ს | Superi.ge აკლია
1770,https://superi.ge/zilan-zln1001/,ელექტრო ჩაიდანი ZILAN ZLN1001|Superi.ge,ელექტრო ჩაიდანი ZILAN ZLN1001 | Superi.ge,title-ს | Superi.ge აკლია
1789,https://superi.ge/zilan-zln3963/,ელექტრო ჩაიდანი ZILAN ZLN3963,ელექტრო ჩაიდანი ZILAN ZLN3963 | Superi.ge,title-ს | Superi.ge აკლია
1957,https://superi.ge/zilan-zln7033/,ელექტრო ჩაიდანი ZILAN ZLN7033|Superi.ge,ელექტრო ჩაიდანი ZILAN ZLN7033 | Superi.ge,title-ს | Superi.ge აკლია
2096,https://superi.ge/sencor-swk-1775rs/,ელექტრო ჩაიდანი SENCOR SWK 1775RS,ელექტრო ჩაიდანი SENCOR SWK 1775RS | Superi.ge,title-ს | Superi.ge აკლია
2218,https://superi.ge/ardesto-ekl-x53e/,ელექტრო ჩაიდანი ARDESTO EKL-X53E,ელექტრო ჩაიდანი ARDESTO EKL-X53E | Superi.ge,title-ს | Superi.ge აკლია
2334,https://superi.ge/midea-mk-17g02a2/,ელექტრო ჩაიდანი MIDEA MK-17G02A2,ელექტრო ჩაიდანი MIDEA MK-17G02A2 | Superi.ge,title-ს | Superi.ge აკლია
2728,https://superi.ge/midea-mk-17g02b2/,ელექტრო ჩაიდანი MIDEA MK-17G02B2,ელექტრო ჩაიდანი MIDEA MK-17G02B2 | Superi.ge,title-ს | Superi.ge აკლია
2829,https://superi.ge/bosch-twk3p424/,ელექტრო ჩაიდანი BOSCH TWK3P424,ელექტრო ჩაიდანი BOSCH TWK3P424 | Superi.ge,title-ს | Superi.ge აკლია
2830,https://superi.ge/gorenje-k17dwd/,ელექტრო ჩაიდანი GORENJE K17DWD,ელექტრო ჩაიდანი GORENJE K17DWD | Superi.ge,title-ს | Superi.ge აკლია
2831,https://superi.ge/gorenje-k17gpd/,ელექტრო ჩაიდანი GORENJE K17GPD,ელექტრო ჩაიდანი GORENJE K17GPD | Superi.ge,title-ს | Superi.ge აკლია
2839,https://superi.ge/gorenje-k17bk/,ელექტრო ჩაიდანი GORENJE K17BK,ელექტრო ჩაიდანი GORENJE K17BK | Superi.ge,title-ს | Superi.ge აკლია
2888,https://superi.ge/delonghi-kbov2001-bk/,ელექტრო ჩაიდანი DELONGHI KBOV2001.BK,ელექტრო ჩაიდანი DELONGHI KBOV2001.BK | Superi.ge,title-ს | Superi.ge აკლია
2889,https://superi.ge/braun-wk5115bk/,ელექტრო ჩაიდანი BRAUN WK5115BK,ელექტრო ჩაიდანი BRAUN WK5115BK | Superi.ge,title-ს | Superi.ge აკლია
2890,https://superi.ge/kenwood-zjm810rd/,ელექტრო ჩაიდანი KENWOOD ZJM810RD,ელექტრო ჩაიდანი KENWOOD ZJM810RD | Superi.ge,title-ს | Superi.ge აკლია
2892,https://superi.ge/smeg-klf03rdeu-red/,ელექტრო ჩაიდანი SMEG KLF03RDEU RED,ელექტრო ჩაიდანი SMEG KLF03RDEU RED | Superi.ge,title-ს | Superi.ge აკლია
3001,https://superi.ge/smeg-klf04pkeu/,ელექტრო ჩაიდანი SMEG KLF04PKEU,ელექტრო ჩაიდანი SMEG KLF04PKEU | Superi.ge,title-ს | Superi.ge აკლია
3004,https://superi.ge/smeg-klf03bleu-black/,ელექტრო ჩაიდანი SMEG KLF03BLEU BLACK,ელექტრო ჩაიდანი SMEG KLF03BLEU BLACK | Superi.ge,title-ს | Superi.ge აკლია
3031,https://superi.ge/bosch-twk8611p/,ელექტრო ჩაიდანი BOSCH TWK8611P,ელექტრო ჩაიდანი BOSCH TWK8611P | Superi.ge,title-ს | Superi.ge აკლია
3078,https://superi.ge/gorenje-k15dws/,ელექტრო ჩაიდანი GORENJE K15DWS,ელექტრო ჩაიდანი GORENJE K15DWS | Superi.ge,title-ს | Superi.ge აკლია
3158,https://superi.ge/bosch-twk3p423/,ელექტრო ჩაიდანი BOSCH TWK3P423,ელექტრო ჩაიდანი BOSCH TWK3P423 | Superi.ge,title-ს | Superi.ge აკლია
3199,https://superi.ge/gorenje-k17cli/,ელექტრო ჩაიდანი GORENJE K17CLI,ელექტრო ჩაიდანი GORENJE K17CLI | Superi.ge,title-ს | Superi.ge აკლია
3206,https://superi.ge/bosch-twk6a514/,ელექტრო ჩაიდანი BOSCH TWK6A514,ელექტრო ჩაიდანი BOSCH TWK6A514 | Superi.ge,title-ს | Superi.ge აკლია
3224,https://superi.ge/bosch-twk3p420-2400w-red/,ელექტრო ჩაიდანი BOSCH TWK3P420 (2400W) RED,ელექტრო ჩაიდანი BOSCH TWK3P420 (2400W) | Superi.ge,title-ს | Superi.ge აკლია
9857,https://superi.ge/smeg-klf03egmeu-emerald-green-50s-style/,ელექტრო ჩაიდანი Smeg KLF03EGMEU Emerald Green 50’s Style | Superi.ge,ელექტრო ჩაიდანი Smeg KLF03EGMEU Emerald Green 50’s Style,title > 65
9859,https://superi.ge/smeg-klf03sseu-stainless-steel-50s-style/,ელექტრო ჩაიდანი Smeg KLF03SSEU Stainless Steel 50’s Style | Superi.ge,ელექტრო ჩაიდანი Smeg KLF03SSEU Stainless Steel 50’s Style,title > 65
13509,https://superi.ge/delonghi-icona-vintage-green-kbov2001-gr/,ელექტრო ჩაიდანი DeLonghi Icona Vintage Green KBOV2001.GR | Superi.ge,ელექტრო ჩაიდანი DeLonghi Icona Vintage Green KBOV2001.GR,title > 65
13659,https://superi.ge/delonghi-icona-vintage-cream-kbov2001-bg/,ელექტრო ჩაიდანი DeLonghi Icona Vintage Cream KBOV2001.BG | Superi.ge,ელექტრო ჩაიდანი DeLonghi Icona Vintage Cream KBOV2001.BG,title > 65
668,https://superi.ge/dingqi-108005/,გენერატორი DINGQI 108005|Superi.ge,გენერატორი DINGQI 108005 | Superi.ge,title-ს | Superi.ge აკლია
828,https://superi.ge/dingqi-108010/,გენერატორი DINGQI 108010|Superi.ge,გენერატორი DINGQI 108010 | Superi.ge,title-ს | Superi.ge აკლია
1019,https://superi.ge/bauma-premium-bm3500e-m/,გენერატორი BAUMA PREMIUM BM3500E-M,გენერატორი BAUMA PREMIUM BM3500E-M | Superi.ge,title-ს | Superi.ge აკლია
1911,https://superi.ge/al-ko-6500-d-c/,გენერატორი AL-KO 6500 D-C|Superi.ge,გენერატორი AL-KO 6500 D-C | Superi.ge,title-ს | Superi.ge აკლია
2581,https://superi.ge/al-ko-2500-c-8041420/,გენერატორი AL-KO 2500-C (8041420),გენერატორი AL-KO 2500-C (8041420) | Superi.ge,title-ს | Superi.ge აკლია
3769,https://superi.ge/konner-and-sohnen-ksb-22i-s-2000w/,გენერატორი Konner&Sohnen KSB 22i S 2000W,გენერატორი ინვერტორული Konner&Sohnen KSB 22i S 2000W | Superi.ge,title-ს | Superi.ge აკლია
3772,https://superi.ge/konner-and-sohnen-ks-8100hde-1-3-atsr-6-5kw/,გენერატორი დიზელის Konner&Sohnen KS 8100HDE-1/3 ATSR 6.5kW | Superi.ge,გენერატორი დიზელის Konner&Sohnen KS 8100HDE-1/3 ATSR 6.5kW,title > 65
3782,https://superi.ge/konner-and-sohnen-ks-9100hde-1-3-atsr-7-5-kw/,გენერატორი დიზელის Konner&Sohnen KS 9100HDE-1/3 ATSR 7.5 kW | Superi.ge,გენერატორი დიზელის Konner&Sohnen KS 9100HDE-1/3 ATSR 7.5 kW,title > 65
3783,https://superi.ge/konner-and-sohnen-ks-2000i-s-2kw/,გენერატორი Konner&Sohnen KS 2000i S (2KW),გენერატორი ბენზინის ინვერტორული Konner&Sohnen KS 2000i S (2KW),title-ს | Superi.ge აკლია
9669,https://superi.ge/schpindel-schi-169009-2-8kw-x208cc/,Schpindel SCHI-169009 გენერატორი ბენზინზე 2.8KW X208CC | Superi.ge,Schpindel SCHI-169009 გენერატორი ბენზინზე 2.8KW X208CC,title > 65
9764,https://superi.ge/schpindel-inverter-e-start-5-5-kw/,Schpindel inverter გენერატორი ბენზინზე (E.START) 5.5 kw | Superi.ge,Schpindel inverter გენერატორი ბენზინზე (E.START) 5.5 kw,title > 65
9767,https://superi.ge/schpindel-schi-169061-inverter-6kw-x320cc/,Schpindel SCHI-169061 გენერატორი ბენზინზე (INVERTER - ინვერტორული) 6KW X320CC | Superi.ge,Schpindel SCHI-169061 გენერატორი ბენზინზე (INVERTER | Superi.ge,title > 65
12784,https://superi.ge/schpindel-schi-198580-inverter-8-8kw-220-380v-x459cc/,Schpindel SCHI-198580 გენერატორი ბენზინზე (INVERTER - ინვერტორული) 8.8KW (220-380V) X459CC | Superi.ge,Schpindel SCHI-198580 გენერატორი ბენზინზე (INVERTER -,title > 65
12785,https://superi.ge/schpindel-schi-112319-2-5kw-x208cc/,Schpindel SCHI-112319 გენერატორი ბენზინზე 2.5KW X208CC | Superi.ge,Schpindel SCHI-112319 გენერატორი ბენზინზე 2.5KW X208CC,title > 65
12798,https://superi.ge/schpindel-schi-162543-inverter-1-7kw-x-80cc/,Schpindel SCHI-162543-გენერატორი ბენზინზე (INVERTER) 1.7KW X 80CC | Superi.ge,Schpindel SCHI-162543-გენერატორი ბენზინზე (INVERTER) 1.7KW X 80CC,title > 65
12799,https://superi.ge/schpindel-schi-169016-5-5kw-x420cc/,Schpindel SCHI-169016 გენერატორი ბენზინზე 5.5KW X420CC | Superi.ge,Schpindel SCHI-169016 გენერატორი ბენზინზე 5.5KW X420CC,title > 65
12838,https://superi.ge/shinever-yg5000is-4-4kw/,გენერატორი ბენზინის ინვერტორული SHINEVER YG5000IS (4.4KW) | Superi.ge,გენერატორი ბენზინის ინვერტორული SHINEVER YG5000IS (4.4KW),title > 65
12839,https://superi.ge/shinever-yg7500pro-c-6-5kw/,ბენზინის ინვერტორული გენერატორი SHINEVER YG7500PRO-C (6.5KW) | Superi.ge,ბენზინის ინვერტორული გენერატორი SHINEVER YG7500PRO-C (6.5KW),title > 65
14486,https://superi.ge/konner-and-sohnen-ks-2900g-2-9/,გენერატორი Konner&Sohnen KS 2900G ბენზინი/აირი 2.9 კვტ | Superi.ge,გენერატორი Konner&Sohnen KS 2900G ბენზინი/აირი 2.9 კვტ,title > 65
191,https://superi.ge/singer-simple-3210/,საკერავი მანქანა SINGER SIMPLE 3210,საკერავი მანქანა SINGER SIMPLE 3210 | Superi.ge,title-ს | Superi.ge აკლია
744,https://superi.ge/janome-1522dg/,საკერავი მანქანა JANOME 1522DG,საკერავი მანქანა JANOME 1522DG | Superi.ge,title-ს | Superi.ge აკლია
745,https://superi.ge/brother-okinawa/,საკერავი მანქანა BROTHER OKINAWA,საკერავი მანქანა BROTHER OKINAWA | Superi.ge,title-ს | Superi.ge აკლია
747,https://superi.ge/janome-se-7519/,საკერავი მანქანა JANOME SE 7519,საკერავი მანქანა JANOME SE 7519 | Superi.ge,title-ს | Superi.ge აკლია
748,https://superi.ge/brother-js27/,საკერავი მანქანა BROTHER JS27,საკერავი მანქანა BROTHER JS27 | Superi.ge,title-ს | Superi.ge აკლია
749,https://superi.ge/janome-2252/,საკერავი მანქანა JANOME 2252,საკერავი მანქანა JANOME 2252 | Superi.ge,title-ს | Superi.ge აკლია
750,https://superi.ge/janome-1522pg/,საკერავი მანქანა JANOME 1522PG,საკერავი მანქანა JANOME 1522PG | Superi.ge,title-ს | Superi.ge აკლია
751,https://superi.ge/janome-mx55/,საკერავი მანქანა JANOME MX55,საკერავი მანქანა JANOME MX55 | Superi.ge,title-ს | Superi.ge აკლია
752,https://superi.ge/brother-vitrage-m77/,საკერავი მანქანა BROTHER VITRAGE M77,საკერავი მანქანა BROTHER VITRAGE M77 | Superi.ge,title-ს | Superi.ge აკლია
753,https://superi.ge/janome-clio-320/,საკერავი მანქანა JANOME CLIO 320,საკერავი მანქანა JANOME CLIO 320 | Superi.ge,title-ს | Superi.ge აკლია
754,https://superi.ge/janome-clio-325/,საკერავი მანქანა JANOME CLIO 325,საკერავი მანქანა JANOME CLIO 325 | Superi.ge,title-ს | Superi.ge აკლია
755,https://superi.ge/brother-modern-210e/,საკერავი მანქანა BROTHER MODERN 210E,საკერავი მანქანა BROTHER MODERN 210E | Superi.ge,title-ს | Superi.ge აკლია
756,https://superi.ge/janome-high-style-1818/,საკერავი მანქანა JANOME HIGH STYLE 1818,საკერავი მანქანა JANOME HIGH STYLE 1818 | Superi.ge,title-ს | Superi.ge აკლია
757,https://superi.ge/brother-innov-is-f460/,საკერავი მანქანა BROTHER INNOV-IS F460,საკერავი მანქანა BROTHER INNOV-IS F460 | Superi.ge,title-ს | Superi.ge აკლია
758,https://superi.ge/janome-artdecor-724a/,საკერავი მანქანა JANOME ARTDECOR 724A,საკერავი მანქანა JANOME ARTDECOR 724A | Superi.ge,title-ს | Superi.ge აკლია
760,https://superi.ge/janome-hd6130/,საკერავი მანქანა JANOME HD6130,საკერავი მანქანა JANOME HD6130 | Superi.ge,title-ს | Superi.ge აკლია
761,https://superi.ge/janome-2121/,საკერავი მანქანა JANOME 2121,საკერავი მანქანა JANOME 2121 | Superi.ge,title-ს | Superi.ge აკლია
762,https://superi.ge/janome-dc3900/,საკერავი მანქანა JANOME DC3900,საკერავი მანქანა JANOME DC3900 | Superi.ge,title-ს | Superi.ge აკლია
763,https://superi.ge/janome-hd1023/,საკერავი მანქანა JANOME HD1023,საკერავი მანქანა JANOME HD1023 | Superi.ge,title-ს | Superi.ge აკლია
767,https://superi.ge/singer-standard-smc-8280-00/,საკერავი მანქანა SINGER STANDARD SMC 8280/00,საკერავი მანქანა SINGER STANDARD SMC 8280/00 | Superi.ge,title-ს | Superi.ge აკლია
768,https://superi.ge/janome-1225s/,საკერავი მანქანა JANOME 1225S,საკერავი მანქანა JANOME 1225S | Superi.ge,title-ს | Superi.ge აკლია
769,https://superi.ge/janome-se-7522/,საკერავი მანქანა JANOME SE 7522,საკერავი მანქანა JANOME SE 7522 | Superi.ge,title-ს | Superi.ge აკლია
770,https://superi.ge/janome-1547/,საკერავი მანქანა JANOME 1547|Superi.ge,საკერავი მანქანა JANOME 1547 | Superi.ge,title-ს | Superi.ge აკლია
772,https://superi.ge/brother-st55e/,საკერავი მანქანა BROTHER ST55E,საკერავი მანქანა BROTHER ST55E | Superi.ge,title-ს | Superi.ge აკლია
773,https://superi.ge/janome-homedecor-2077/,საკერავი მანქანა JANOME HOMEDECOR 2077,საკერავი მანქანა JANOME HOMEDECOR 2077 | Superi.ge,title-ს | Superi.ge აკლია
774,https://superi.ge/brother-elite-55/,საკერავი მანქანა BROTHER ELITE 55,საკერავი მანქანა BROTHER ELITE 55 | Superi.ge,title-ს | Superi.ge აკლია
775,https://superi.ge/janome-artstyle-4045/,საკერავი მანქანა JANOME ARTSTYLE 4045,საკერავი მანქანა JANOME ARTSTYLE 4045 | Superi.ge,title-ს | Superi.ge აკლია
776,https://superi.ge/janome-718a/,საკერავი მანქანა JANOME 718A|Superi.ge,საკერავი მანქანა JANOME 718A | Superi.ge,title-ს | Superi.ge აკლია
781,https://superi.ge/singer-start-1306/,საკერავი მანქანა SINGER START 1306,საკერავი მანქანა SINGER START 1306 | Superi.ge,title-ს | Superi.ge აკლია
782,https://superi.ge/brother-artwork-37a/,საკერავი მანქანა BROTHER ARTWORK 37A,საკერავი მანქანა BROTHER ARTWORK 37A | Superi.ge,title-ს | Superi.ge აკლია
786,https://superi.ge/brother-elite-45/,საკერავი მანქანა BROTHER ELITE 45,საკერავი მანქანა BROTHER ELITE 45 | Superi.ge,title-ს | Superi.ge აკლია
787,https://superi.ge/brother-artwork-33a/,საკერავი მანქანა BROTHER ARTWORK 33A,საკერავი მანქანა BROTHER ARTWORK 33A | Superi.ge,title-ს | Superi.ge აკლია
2092,https://superi.ge/leader-vs-330d/,ოვერლოკი LEADER VS 330D,ოვერლოკი LEADER VS 330D | Superi.ge,title-ს | Superi.ge აკლია
373,https://superi.ge/korkmaz-prochef-a501-01/,დანების ნაკრები KORKMAZ PROCHEF A501-01,დანების ნაკრები KORKMAZ PROCHEF A501-01 | Superi.ge,title-ს | Superi.ge აკლია
2337,https://superi.ge/ardesto-black-mars-ar2020sw/,დანის ნაკრები ARDESTO BLACK MARS AR2020SW,დანის ნაკრები ARDESTO BLACK MARS AR2020SW | Superi.ge,title-ს | Superi.ge აკლია
3003,https://superi.ge/tefal-k232s574-5pcs/,დანების ნაკრები TEFAL K232S574 5PCS,დანების ნაკრები TEFAL K232S574 5PCS | Superi.ge,title-ს | Superi.ge აკლია
9856,https://superi.ge/smeg-kbsf02cr-50s-style-6pcs/,დანების ნაკრები Smeg KBSF02CR 50’s Style 6PCS კრემისფერი | Superi.ge,დანების ნაკრები Smeg KBSF02CR 50’s Style 6PCS კრემისფერი,title > 65
676,https://superi.ge/hyundai-hcb-c4205-1800w/,გაზონის საკრეჭი მანქანა HYUNDAI HCB.C4205 1800W,გაზონის საკრეჭი მანქანა HYUNDAI HCB.C4205 1800W | Superi.ge,title-ს | Superi.ge აკლია
2690,https://superi.ge/ingco-lm385/,გაზონის საკრეჭი მანქანა INGCO LM385,გაზონის საკრეჭი მანქანა INGCO LM385 | Superi.ge,title-ს | Superi.ge აკლია
2910,https://superi.ge/al-ko-classic-3-82-se-1400-w/,გაზონის საკრეჭი მანქანა AL-KO CLASSIC 3.82 SE 1400 W,გაზონის საკრეჭი მანქანა AL-KO CLASSIC 3.82 SE 1400 W | Superi.ge,title-ს | Superi.ge აკლია
11516,https://superi.ge/hyundai-hcb-hym510sp/,გაზონის საკრეჭი ბენზინის ძრავიანი HYUNDAI HCB.HYM510SP | Superi.ge,გაზონის საკრეჭი ბენზინის ძრავიანი HYUNDAI HCB.HYM510SP,title > 65
11517,https://superi.ge/hyundai-hym38li-2x4ah/,"გაზონის საკრეჭი HYUNDAI HYM38LI 2x4Ah ბატარეა, დამტენი | Superi.ge","გაზონის საკრეჭი HYUNDAI HYM38LI 2x4Ah ბატარეა, დამტენი",title > 65
11518,https://superi.ge/20v-20v-lmli20186-ingco/,უსადენო გაზონის სათიბი მანქანა 20V-20V (LMLI20186) INGCO | Superi.ge,უსადენო გაზონის სათიბი მანქანა 20V-20V (LMLI20186) INGCO,title > 65
11521,https://superi.ge/3-5-glm196201/,გაზონის სათიბი მანქანა ბენზინის ძრავით 3.5 კვტ (GLM196201) | Superi.ge,გაზონის სათიბი მანქანა ბენზინის ძრავით 3.5 კვტ (GLM196201),title > 65
11522,https://superi.ge/3-5kw-glm196202-ingco/,გაზონის სათიბი მანქანა ბენზინის ძრავით 3.5KW (GLM196202) INGCO | Superi.ge,გაზონის სათიბი მანქანა ბენზინის ძრავით 3.5KW (GLM196202) INGCO,title > 65
11523,https://superi.ge/20v-20v-lmli20185-ingco/,უსადენო გაზონის სათიბი მანქანა 20V-20V (LMLI20185) INGCO | Superi.ge,უსადენო გაზონის სათიბი მანქანა 20V-20V (LMLI20185) INGCO,title > 65
11526,https://superi.ge/hyundai-hcb-hym530sp-slc/,გაზონის საკრეჭი ბენზინის ძრავიანი HYUNDAI HCB.HYM530SP-SLC | Superi.ge,გაზონის საკრეჭი ბენზინის ძრავიანი HYUNDAI HCB.HYM530SP-SLC,title > 65
3221,https://superi.ge/ugreen-pb312-20000mah/,პორტატული დამტენი UGREEN PB312 (20000mAh) BLACK,პორტატული დამტენი UGREEN PB312 (20000mAh) | Superi.ge,title-ს | Superi.ge აკლია
5086,https://superi.ge/canyon-pb-2010-cne-cpb2010dg-27000mah/,პორტატული დამტენი CANYON PB-2010 CNE-CPB2010DG (27000mAh) | Superi.ge,პორტატული დამტენი CANYON PB-2010 CNE-CPB2010DG (27000mAh),title > 65
5087,https://superi.ge/lenovo-go-usb-c-laptop-power-bank-20000-mah/,პორტატული დამტენი LENOVO GO (20000 mAh),პორტატული დამტენი ნოუთბუქებისთვის LENOVO GO USB-C LAPTOP,title-ს | Superi.ge აკლია
1713,https://superi.ge/allscreen-ctp-7272/,პროექტორის ეკრანი ALLSCREEN CTP-7272,პროექტორის ეკრანი ALLSCREEN TRIPOD PROJECTION SCREEN,title-ს | Superi.ge აკლია
1725,https://superi.ge/reflecta-crystalline-rollo-180x180/,პროექტორის ეკრანი REFLECTA CRYSTALLINE ROLLO 180x180,პროექტორის ეკრანი REFLECTA CRYSTALLINE ROLLO 180x180 | Superi.ge,title-ს | Superi.ge აკლია
1728,https://superi.ge/reflecta-crystalline-tripod-200x200/,პროექტორის ეკრანი REFLECTA CRYSTALLINE TRIPOD 200x200,პროექტორის ეკრანი REFLECTA CRYSTALLINE TRIPOD 200x200 | Superi.ge,title-ს | Superi.ge აკლია
1811,https://superi.ge/allscreen-ctp-5050/,პროექტორის ეკრანი ALLSCREEN CTP-5050,პროექტორის ეკრანი ALLSCREEN TRIPOD PROJECTION SCREEN,title-ს | Superi.ge აკლია
2875,https://superi.ge/reflecta-crystalline-rollo-300x208/,პროექტორის ეკრანი REFLECTA CRYSTALLINE ROLLO 300x208,პროექტორის ეკრანი REFLECTA CRYSTALLINE ROLLO 300x208 | Superi.ge,title-ს | Superi.ge აკლია
2970,https://superi.ge/allscreen-cmp-8080b-with/,პროექტორის ელექტრო ეკრანი ALLSCREEN MP-8080B,პროექტორის ელექტრო ეკრანი ALLSCREEN ELECTRIC PROJECTION,title-ს | Superi.ge აკლია
8579,https://superi.ge/allscreen-manual-projection-screen-160x160cm-hd-fabric-cwp-6363b-black/,პროექტორის ეკრანი ALLSCREEN MANUAL PROJECTION SCREEN 160X160CM HD FABRIC CWP-6363B Black | Superi.ge,პროექტორის ეკრანი ALLSCREEN MANUAL PROJECTION SCREEN,title > 65
8580,https://superi.ge/allscreen-cwp-8080b-manual-projection-screen-200x200cm-hd-fabric-cwp-8080b-110-inch/,"პროექტორის ეკრანი ALLSCREEN CWP-8080B, MANUAL PROJECTION SCREEN, 200X200CM HD FABRIC CWP-8080B 110 inch | Superi.ge","პროექტორის ეკრანი ALLSCREEN CWP-8080B, MANUAL PROJECTION",title > 65
8936,https://superi.ge/allscreen-inflatable-screen-24ft-7-3152-16-9-black/,"გასაბერი პროექტორის ეკრანი Allscreen Inflatable Screen 24FT (7.3152 მ), 16:9, Black | Superi.ge",გასაბერი პროექტორის ეკრანი Allscreen Inflatable Screen 24FT,title > 65
8937,https://superi.ge/allscreen-tripod-projection-screen-200x200cm-hd-fabric-ctp-8080-110-inch/,პროექტორის ეკრანი ALLSCREEN TRIPOD PROJECTION SCREEN 200X200CM HD FABRIC CTP-8080 110 inch | Superi.ge,პროექტორის ეკრანი ALLSCREEN TRIPOD PROJECTION SCREEN,title > 65
8938,https://superi.ge/allscreen-manual-projection-screen-200x200cm-cwp-8080/,პროექტორის ეკრანი ALLSCREEN MANUAL PROJECTION SCREEN 200X200CM CWP-8080 | Superi.ge,პროექტორის ეკრანი ALLSCREEN MANUAL PROJECTION SCREEN,title > 65
8939,https://superi.ge/allscreen-tripod-projection-screen-244-x-244-cm-hd-fabric-ctp-9696/,პროექტორის ეკრანი ALLSCREEN TRIPOD PROJECTION SCREEN 244 X 244 CM HD FABRIC CTP-9696 | Superi.ge,პროექტორის ეკრანი ALLSCREEN TRIPOD PROJECTION SCREEN 244 X,title > 65
8940,https://superi.ge/allscreen-electric-projection-screen-160x160cm-hd-fabric-cmp-6363-with-remote-control-90-inch/,პროექტორის ელექტრო ეკრანი ALLSCREEN ELECTRIC PROJECTION SCREEN 160X160CM HD FABRIC CMP-6363 WITH REMOTE CONTROL 90 inch | Superi.ge,პროექტორის ელექტრო ეკრანი ALLSCREEN ELECTRIC PROJECTION,title > 65
8941,https://superi.ge/allscreen-manual-projection-screen-300x200cm-hd-fabric-cwp-11879-diagonal-141-inch-358-cm/,პროექტორის ეკრანი ALLSCREEN MANUAL PROJECTION SCREEN 300X200CM HD FABRIC CWP-11879 Diagonal 141 inch / 358 CM | Superi.ge,პროექტორის ეკრანი ALLSCREEN MANUAL PROJECTION SCREEN,title > 65
8942,https://superi.ge/allscreen-cwp-110110-manual-projection-screen-280x280cm-hd-fabric-diagonal-155-inch-393-cm/,პროექტორის ეკრანი ALLSCREEN CWP-110110 MANUAL PROJECTION SCREEN 280X280CM HD FABRIC Diagonal 155 inch / 393 CM | Superi.ge,პროექტორის ეკრანი ALLSCREEN CWP-110110 MANUAL PROJECTION,title > 65
8943,https://superi.ge/allscreen-manual-projection-screen-244x186cm-16-9-hd-fabric-cwp-244186-diagonal-120-inch-304-cm/,პროექტორის ეკრანი ALLSCREEN MANUAL PROJECTION SCREEN 244X186CM 16:9 HD FABRIC CWP-244186 Diagonal 120 inch / 304 CM | Superi.ge,პროექტორის ეკრანი ALLSCREEN MANUAL PROJECTION SCREEN,title > 65
8944,https://superi.ge/allscreen-manual-projection-screen-213x169cm-16-9-hd-fabric-cwp-213169-diagonal-107-inch-271-cm/,პროექტორის ეკრანი ALLSCREEN MANUAL PROJECTION SCREEN 213X169CM 16:9 HD FABRIC CWP-213169 Diagonal 107 inch / 271 CM | Superi.ge,პროექტორის ეკრანი ALLSCREEN MANUAL PROJECTION SCREEN,title > 65
8945,https://superi.ge/allscreen-electric-projection-screen-240x180cm-cmp-12043-hd-fabric-with-remote-control-diagonal-120-inch-304-cm/,პროექტორის ელექტრო ეკრანი ALLSCREEN ELECTRIC PROJECTION SCREEN 240X180CM CMP-12043 HD FABRIC WITH REMOTE CONTROL DIAGONAL 120 INCH / 304 CM | Superi.ge,პროექტორის ელექტრო ეკრანი ALLSCREEN ELECTRIC PROJECTION,title > 65
8946,https://superi.ge/allscreen-manual-projection-screen-295x220cm-hd-fabric-cwp-15043-diagonal-150-inch-381-cm/,პროექტორის ეკრანი ALLSCREEN MANUAL PROJECTION SCREEN 295X220CM HD FABRIC CWP-15043 Diagonal 150 INCH / 381 CM | Superi.ge,პროექტორის ეკრანი ALLSCREEN MANUAL PROJECTION SCREEN,title > 65
8947,https://superi.ge/allscreen-manual-projection-screen-244x244cm-hd-fabric-cwp-9696-diagonal-136-inch-345-cm/,პროექტორის ეკრანი ALLSCREEN MANUAL PROJECTION SCREEN 244X244CM HD FABRIC CWP-9696 Diagonal 136 inch / 345 CM | Superi.ge,პროექტორის ეკრანი ALLSCREEN MANUAL PROJECTION SCREEN,title > 65
8948,https://superi.ge/allscreen-manual-projection-screen-240x180cm-hd-fabric-cwp-12043/,პროექტორის ეკრანი ALLSCREEN MANUAL PROJECTION SCREEN 240X180CM HD FABRIC CWP-12043 | Superi.ge,პროექტორის ეკრანი ALLSCREEN MANUAL PROJECTION SCREEN,title > 65
8949,https://superi.ge/allscreen-electric-projection-screen-300x208cm-hd-fabric-cmp-11879-with-remote-control-150-inch/,პროექტორის ელექტრო ეკრანი ALLSCREEN ELECTRIC PROJECTION SCREEN 300X208CM HD FABRIC CMP-11879 WITH REMOTE CONTROL 150 inch | Superi.ge,პროექტორის ელექტრო ეკრანი ALLSCREEN ELECTRIC PROJECTION,title > 65
8950,https://superi.ge/allscreen-electric-projection-screen-200x200cm-hd-fabric-cmp-8080-with-remote-control-110-inch/,პროექტორის ელექტრო ეკრანი ALLSCREEN ELECTRIC PROJECTION SCREEN 200X200CM HD FABRIC CMP-8080 WITH REMOTE CONTROL 110 inch | Superi.ge,პროექტორის ელექტრო ეკრანი ALLSCREEN ELECTRIC PROJECTION,title > 65
8951,https://superi.ge/allscreen-electric-projection-screen-180x180cm-hd-fabric-cmp-7272-with-remote-control-100-inch/,პროექტორის ელექტრო ეკრანი ALLSCREEN ELECTRIC PROJECTION SCREEN 180X180CM HD FABRIC CMP-7272 WITH REMOTE CONTROL 100 inch | Superi.ge,პროექტორის ელექტრო ეკრანი ALLSCREEN ELECTRIC PROJECTION,title > 65
8952,https://superi.ge/allscreen-tripod-projection-screen-160x160cm-hd-fabric-89-inch-ctp-6363/,პროექტორის ეკრანი ALLSCREEN TRIPOD PROJECTION SCREEN 160X160CM HD FABRIC 89 inch CTP-6363 | Superi.ge,პროექტორის ეკრანი ALLSCREEN TRIPOD PROJECTION SCREEN,title > 65
8953,https://superi.ge/allscreen-manual-projection-screen-180x180cm-hd-fabric-cwp-7272-100-inch/,პროექტორის ეკრანი ALLSCREEN MANUAL PROJECTION SCREEN 180X180CM HD FABRIC CWP-7272 100 inch | Superi.ge,პროექტორის ეკრანი ALLSCREEN MANUAL PROJECTION SCREEN,title > 65
8954,https://superi.ge/allscreen-manual-projection-screen-221x125cm-hd-fabric-cwp-100169/,პროექტორის ეკრანი ALLSCREEN MANUAL PROJECTION SCREEN 221X125CM HD FABRIC CWP-100169 | Superi.ge,პროექტორის ეკრანი ALLSCREEN MANUAL PROJECTION SCREEN,title > 65
12058,https://superi.ge/burio-electric-screen-200x200cm-br8484e/,პროექტორის ეკრანი: BURIO Electric screen 200x200cm - BR8484E | Superi.ge,პროექტორის ეკრანი: BURIO Electric screen 200x200cm | Superi.ge,title > 65
2606,https://superi.ge/sc-094-sc-092/,ბაღის ავეჯის ნაკრები SC-094/SC-092,ბაღის ავეჯის ნაკრები SC-094/SC-092 | Superi.ge,title-ს | Superi.ge აკლია
2667,https://superi.ge/nexus/,ბაღის ავეჯის კომპლექტი NEXUS,ბაღის ავეჯის კომპლექტი NEXUS | Superi.ge,title-ს | Superi.ge აკლია
3283,https://superi.ge/baghis-avejis-kompleqti-magida-80x80x70-sm-skami-57x70x65-sm/,ბაღის ავეჯის კომპლექტი მაგიდა 80x80x70 სმ სკამი 57x70x65 სმ | Superi.ge,ბაღის ავეჯის კომპლექტი მაგიდა 80x80x70 სმ სკამი 57x70x65 სმ,title > 65
8357,https://superi.ge/cosy-aj-sfs071/,მოწნული ავეჯის ნაკრები ბალიშებით COSY - შავი (AJ-SFS071) | Superi.ge,მოწნული ავეჯის ნაკრები ბალიშებით COSY - შავი (AJ-SFS071),title > 65
8885,https://superi.ge/bagis-avejis-kompleqti-naturaluri-rotangi-bahama/,კომპლექტი ბაღის ავეჯის ნატურალური როტანგისგან BAHAMA მაგიდა დავანი 2 სავარძელი | Superi.ge,კომპლექტი ბაღის ავეჯის ნატურალური როტანგისგან BAHAMA მაგიდა,title > 65
8886,https://superi.ge/bagis-avejis-kompleqti-allibert-corfu-ii-fiesta-whisky-brown/,კომპლექტი ბაღის ავეჯის Allibert CORFU II FIESTA whisky brown | Superi.ge,კომპლექტი ბაღის ავეჯის Allibert CORFU II FIESTA whisky brown,title > 65
8897,https://superi.ge/california-chaise-longue-grnw-cg-03-std/,ბაღის ავეჯის კომპლექტი California chaise longue Gr+NW-cg 03 STD | Superi.ge,ბაღის ავეჯის კომპლექტი California chaise longue Gr+NW-cg 03 STD,title > 65
8898,https://superi.ge/iowa-balcony-grap-cus-cl-gr-008-std/,ბაღის ავეჯის კომპლექტი Iowa balcony grap + cus cl gr 008 std | Superi.ge,ბაღის ავეჯის კომპლექტი Iowa balcony grap + cus cl gr 008 std,title > 65
8900,https://superi.ge/koopman-042280180-2/,ბაღის ავეჯის კომპლექტი Koopman 042280180 მაგიდა და 2 სკამი | Superi.ge,ბაღის ავეჯის კომპლექტი Koopman 042280180 მაგიდა და 2 სკამი,title > 65
8901,https://superi.ge/2-jha-16010/,კომპლექტი ბაღის ავეჯის მაგიდა 2 სავარძელი და დივანი JHA-16010 | Superi.ge,კომპლექტი ბაღის ავეჯის მაგიდა 2 სავარძელი და დივანი JHA-16010,title > 65
8903,https://superi.ge/trenton-balcony-capc-nw-oat-008-std/,ბაღის ავეჯის კომპლექტი Trenton balcony capc + NW oat 008 std | Superi.ge,ბაღის ავეჯის კომპლექტი Trenton balcony capc + NW oat 008 std,title > 65
8906,https://superi.ge/baghis-avejis-kompleqti-magida-da-2-skami-17051478/,"ბაღის ავეჯის კომპლექტი მაგიდა და 2 სკამი, ლითონის, შავი (17051478) | Superi.ge","ბაღის ავეჯის კომპლექტი მაგიდა და 2 სკამი, ლითონის, შავი",title > 65
8910,https://superi.ge/baghis-avejis-kompleqti-17051527/,"ბაღის ავეჯის კომპლექტი მაგიდა და 2 სკამი, დასაკეცი, შავი (17051527) | Superi.ge","ბაღის ავეჯის კომპლექტი მაგიდა და 2 სკამი, დასაკეცი, შავი",title > 65
8912,https://superi.ge/baghis-avejis-kompleqti-17051529/,"ბაღის ავეჯის კომპლექტი მაგიდა და 2 სკამი, დასაკეცი, ნაცრისფერი (17051529) | Superi.ge","ბაღის ავეჯის კომპლექტი მაგიდა და 2 სკამი, დასაკეცი,",title > 65
8913,https://superi.ge/baghis-avejis-kompleqti-17051528/,"ბაღის ავეჯის კომპლექტი 2 სავარძელი და მაგიდა, ხელოვნური რატანი (17051528) | Superi.ge","ბაღის ავეჯის კომპლექტი 2 სავარძელი და მაგიდა, ხელოვნური",title > 65
8914,https://superi.ge/baghis-avejis-kompleqti-17051534/,"ბაღის ავეჯის კომპლექტი მაგიდა და 2 სკამი, დასაკეცი, ღია მწვანე (17051534) | Superi.ge","ბაღის ავეჯის კომპლექტი მაგიდა და 2 სკამი, დასაკეცი, ღია",title > 65
8915,https://superi.ge/baghis-avejis-kompleqti-17051535/,"ბაღის ავეჯის კომპლექტი მრგვალი მაგიდა და 2 სკამი, დასაკეცი, თეთრი (17051535) | Superi.ge","ბაღის ავეჯის კომპლექტი მრგვალი მაგიდა და 2 სკამი, დასაკეცი,",title > 65
8916,https://superi.ge/baghis-avejis-kompleqti-17051548/,"ბაღის ავეჯის კომპლექტი დივანი, 2 სავარძელი და მაგიდა, ალუმინის (17051548) | Superi.ge","ბაღის ავეჯის კომპლექტი დივანი, 2 სავარძელი და მაგიდა,",title > 65
8917,https://superi.ge/baghis-avejis-kompleqti-17051570/,"ბაღის ავეჯის კომპლექტი დივანი, 2 სავარძელი და 2 მაგიდა, მწვანე (17051570) | Superi.ge","ბაღის ავეჯის კომპლექტი დივანი, 2 სავარძელი და 2 მაგიდა,",title > 65
8918,https://superi.ge/baghis-avejis-kompleqti-magida-da-2-skami-17051569/,"ბაღის ავეჯის კომპლექტი მაგიდა და 2 სკამი, პლასტმასის, ტერაკოტა (17051569) | Superi.ge","ბაღის ავეჯის კომპლექტი მაგიდა და 2 სკამი, პლასტმასის,",title > 65
8919,https://superi.ge/baghis-avejis-kompleqti-magida-80x70-sm-4-skami-53x58x74-sm/,ბაღის ავეჯის კომპლექტი მაგიდა 80x70 სმ 4 სკამი 53x58x74 სმ | Superi.ge,ბაღის ავეჯის კომპლექტი მაგიდა 80x70 სმ 4 სკამი 53x58x74 სმ,title > 65
8920,https://superi.ge/hilton-set-sps-h010-119x67x82-70x66x81-96x59x40/,ბაღის ავეჯის კომპლექტი ავეჯის კომპლექტი HILTON SET (SPS-H010) 119x67x82/70x66x81/ 96x59x40 | Superi.ge,ბაღის ავეჯის კომპლექტი ავეჯის კომპლექტი HILTON SET (SPS-H010),title > 65
8922,https://superi.ge/98x100x142-48x63x37-5-jm-ps-t108/,ბაღის ავეჯის კომპლექტი 98x100x142 სმ პუფი 48x63x37.5 სმ JM-PS-T108 | Superi.ge,ბაღის ავეჯის კომპლექტი 98x100x142 სმ პუფი 48x63x37.5 სმ,title > 65
8924,https://superi.ge/baghis-avejis-kompleqti-17051599/,"ბაღის ავეჯის კომპლექტი მაგიდა 180 სმ და 6 სავარძელი, რატანი (17051599) | Superi.ge","ბაღის ავეჯის კომპლექტი მაგიდა 180 სმ და 6 სავარძელი, რატანი",title > 65
8926,https://superi.ge/kompleqti-baghis-avejis-magida-61x61x72-sm-skami-57x70x65-sm/,კომპლექტი ბაღის ავეჯის მაგიდა 61x61x72 სმ სკამი 57x70x65 სმ | Superi.ge,კომპლექტი ბაღის ავეჯის მაგიდა 61x61x72 სმ სკამი 57x70x65 სმ,title > 65
8927,https://superi.ge/baghis-avejis-kompleqti-137x72x63-5-sm-magida-65x65x37-5-sm/,ბაღის ავეჯის კომპლექტი 137x72x63.5 სმ მაგიდა 65x65x37.5 სმ | Superi.ge,ბაღის ავეჯის კომპლექტი 137x72x63.5 სმ მაგიდა 65x65x37.5 სმ,title > 65
8928,https://superi.ge/baghis-avejis-kompleqti-106-6x74-sm-4-skami-73-5x59-8x108-sm-jm-ps-t720/,ბაღის ავეჯის კომპლექტი 106.6x74 სმ 4 სკამი 73.5x59.8x108 სმ JM-PS-T720 | Superi.ge,ბაღის ავეჯის კომპლექტი 106.6x74 სმ 4 სკამი 73.5x59.8x108 სმ,title > 65
8931,https://superi.ge/173x102x75-6-60x62x91-jm-ps-t726/,ბაღის ავეჯის კომპლექტი მაგიდა 173x102x75 სმ 6 სკამი 60x62x91 სმ JM-PS-T726 | Superi.ge,ბაღის ავეჯის კომპლექტი მაგიდა 173x102x75 სმ 6 სკამი 60x62x91,title > 65
8934,https://superi.ge/baghis-avejis-kompleqti-17051659/,"ბაღის ავეჯის კომპლექტი დივანი, 2 სავარძელი და მაგიდა 120 სმ (17051659) | Superi.ge","ბაღის ავეჯის კომპლექტი დივანი, 2 სავარძელი და მაგიდა 120 სმ",title > 65
765,https://superi.ge/korkmaz-nora-a2890/,ქვაბებისა და ტაფის ნაკრები KORKMAZ NORA A2890,ქვაბებისა და ტაფის ნაკრები Korkmaz A2890 Nora Cookware Set 7 pcs,title-ს | Superi.ge აკლია
1016,https://superi.ge/falez-ex27/,ქვაბებისა და ტაფების ნაკრები FALEZ EX27,ქვაბებისა და ტაფების ნაკრები FALEZ EX27 | Superi.ge,title-ს | Superi.ge აკლია
1017,https://superi.ge/falez-18-10-9pcs/,ქვაბებისა და ტაფების ნაკრები FALEZ 18/10 9PCS,ქვაბებისა და ტაფების ნაკრები FALEZ 18/10 9PCS | Superi.ge,title-ს | Superi.ge აკლია
1928,https://superi.ge/gorenje-cwsa08hc/,ქვაბებისა და ტაფების ნაკრები GORENJE CWSA08HC,ქვაბებისა და ტაფების ნაკრები GORENJE CWSA08HC | Superi.ge,title-ს | Superi.ge აკლია
2378,https://superi.ge/tefal-g720s674-18-10/,ქვაბების ნაკრები TEFAL G720S674 18/10,ქვაბების ნაკრები TEFAL G720S674 18/10 | Superi.ge,title-ს | Superi.ge აკლია
2499,https://superi.ge/naturel-nt10pc-set1-gry/,ქვაბებისა და ტაფების ნაკრები NATUREL NT10PC SET1 GRY,ქვაბებისა და ტაფების ნაკრები NATUREL NT10PC SET1 GRY | Superi.ge,title-ს | Superi.ge აკლია
2947,https://superi.ge/korkmaz-a2863-set-6pcs/,ქვაბების ნაკრები KORKMAZ A2863 SET 6PCS,ქვაბების ნაკრები KORKMAZ A2863 SET 6PCS | Superi.ge,title-ს | Superi.ge აკლია
3083,https://superi.ge/tefal-h852sa56-10pcs/,ქვაბების ნაკრები TEFAL H852SA56 10PCS,ქვაბების ნაკრები TEFAL H852SA56 10PCS | Superi.ge,title-ს | Superi.ge აკლია
11556,https://superi.ge/korkmaz-a2607-vintage-green-cookware-set-5-pcs/,ქვაბებისა და ტაფის ნაკრები Korkmaz A2607 VINTAGE green.Cookware Set (5 pcs) | Superi.ge,ქვაბებისა და ტაფის ნაკრები Korkmaz A2607 VINTAGE,title > 65
11560,https://superi.ge/berllong-bos-set-07-onyx/,ბიო გრანიტის ქვაბების ნაკრები BERLLONG BOS-SET-07 ONYX | Superi.ge,ბიო გრანიტის ქვაბების ნაკრები BERLLONG BOS-SET-07 ONYX,title > 65
11561,https://superi.ge/berllong-bos-set-09-onyx/,ბიო გრანიტის ქვაბების ნაკრები BERLLONG BOS-SET-09 ONYX | Superi.ge,ბიო გრანიტის ქვაბების ნაკრები BERLLONG BOS-SET-09 ONYX,title > 65
1634,https://superi.ge/xiaomi-amazfit-gtr-2-thunder-black/,სმარტ საათი XIAOMI AMAZFIT GTR 2 THUNDER BLACK,სმარტ საათი XIAOMI AMAZFIT GTR 2 THUNDER BLACK | Superi.ge,title-ს | Superi.ge აკლია
2903,https://superi.ge/samsung-galaxy-watch-6-sm-r960-47mm/,სმარტ საათი SAMSUNG GALAXY WATCH 6 (SM-R960) 47MM,სმარტ საათი SAMSUNG GALAXY WATCH 6 (SM-R960) 47MM | Superi.ge,title-ს | Superi.ge აკლია
14670,https://superi.ge/honor-watch-x5i-standard-bt-8mb128mb-black-silicone-strap-5502acch/,სმარტ საათი HONOR Watch X5i Standard BT 8MB+128MB Black Silicone Strap/5502ACCH | Superi.ge,სმარტ საათი HONOR Watch X5i Standard BT 8MB+128MB Black,title > 65
14671,https://superi.ge/honor-watch-x5i-standard-bt-8mb128mb-white-silicone-strap-5502accj/,სმარტ საათი HONOR Watch X5i Standard BT 8MB+128MB White Silicone Strap/5502ACCJ | Superi.ge,სმარტ საათი HONOR Watch X5i Standard BT 8MB+128MB White,title > 65
14672,https://superi.ge/celly-smartw-1-96-fabricsil-band-trainermate3bk/,სმარტ საათი Celly SMARTW 1.96 FABRIC+SIL BAND/TRAINERMATE3BK | Superi.ge,სმარტ საათი Celly SMARTW 1.96 FABRIC+SIL BAND/TRAINERMATE3BK,title > 65
14673,https://superi.ge/canyon-jondy-kids-watch-with-gps-green-cne-kw44gb/,"ბავშვის სმარტ საათი Canyon ""Jondy"" Kids Watch With GPS Green/CNE-KW44GB | Superi.ge","ბავშვის სმარტ საათი Canyon ""Jondy"" Kids Watch With GPS",title > 65
163,https://superi.ge/midea-ny2311-20m/,ზეთის გამათბობელი MIDEA NY2311-20M,ზეთის გამათბობელი MIDEA NY2311-20M | Superi.ge,title-ს | Superi.ge აკლია
398,https://superi.ge/ardesto-ofh-09x1/,ზეთის გამათბობელი ARDESTO OFH-09X1,ზეთის გამათბობელი ARDESTO OFH-09X1 | Superi.ge,title-ს | Superi.ge აკლია
399,https://superi.ge/zilan-zln6258/,ელექტრო გამათბობელი ZILAN ZLN6258,ელექტრო გამათბობელი ZILAN ZLN6258 | Superi.ge,title-ს | Superi.ge აკლია
404,https://superi.ge/midea-ndk20-21a/,ელექტრო გამათბობელი MIDEA NDK20-21A,ელექტრო გამათბობელი MIDEA NDK20-21A | Superi.ge,title-ს | Superi.ge აკლია
825,https://superi.ge/zilan-zln2083/,ელექტრო გამათბობელი ZILAN ZLN2083,ელექტრო გამათბობელი ZILAN ZLN2083 | Superi.ge,title-ს | Superi.ge აკლია
826,https://superi.ge/zilan-zln2069/,ელექტრო გამათბობელი ZILAN ZLN2069,ელექტრო გამათბობელი ZILAN ZLN2069 | Superi.ge,title-ს | Superi.ge აკლია
2425,https://superi.ge/sencor-soh-3309bk/,ზეთის გამათბობელი SENCOR SOH 3309BK,ზეთის გამათბობელი SENCOR SOH 3309BK | Superi.ge,title-ს | Superi.ge აკლია
2426,https://superi.ge/sencor-scf-2101bk/,ელექტრო გამათბობელი SENCOR SCF 2101BK,ელექტრო გამათბობელი SENCOR SCF 2101BK | Superi.ge,title-ს | Superi.ge აკლია
2430,https://superi.ge/kumtel-lx-2830-m-black/,ელექტრო გამათბობელი KUMTEL LX-2830 M BLACK,ელექტრო გამათბობელი KUMTEL LX-2830 M BLACK | Superi.ge,title-ს | Superi.ge აკლია
2431,https://superi.ge/kumtel-ks-2760/,ინფრაწითელი გამათბობელი KUMTEL KS-2760,ინფრაწითელი გამათბობელი KUMTEL KS-2760 | Superi.ge,title-ს | Superi.ge აკლია
2464,https://superi.ge/kumtel-mh-1800/,გამათბობელი KUMTEL MH-1800,გამათბობელი KUMTEL MH-1800 | Superi.ge,title-ს | Superi.ge აკლია
3125,https://superi.ge/zilan-zln2823/,ელექტრო გამათბობელი ZILAN ZLN2823,ელექტრო გამათბობელი ZILAN ZLN2823 | Superi.ge,title-ს | Superi.ge აკლია
3195,https://superi.ge/gorenje-or2000e/,ზეთის გამათბობელი GORENJE OR2000E,ზეთის გამათბობელი GORENJE OR2000E | Superi.ge,title-ს | Superi.ge აკლია
14941,https://superi.ge/zilan-zln2076-ceramic-tower-heater/,ელექტრო გამათბობელი Zilan ZLN2076 Ceramic Tower Heater | Superi.ge,ელექტრო გამათბობელი Zilan ZLN2076 Ceramic Tower Heater,title > 65
102,https://superi.ge/vestfrost-vw712ft2w/,სარეცხი მანქანა VESTFROST VW712FT2W,სარეცხი მანქანა VESTFROST VW712FT2W | Superi.ge,title-ს | Superi.ge აკლია
162,https://superi.ge/midea-mf100w60/,სარეცხი მანქანა MIDEA MF100W60,სარეცხი მანქანა MIDEA MF100W60 | Superi.ge,title-ს | Superi.ge აკლია
275,https://superi.ge/midea-mfe06w60-w/,სარეცხი მანქანა MIDEA MFE06W60/W,სარეცხი მანქანა MIDEA MFE06W60/W | Superi.ge,title-ს | Superi.ge აკლია
278,https://superi.ge/midea-mf100w70/,სარეცხი მანქანა MIDEA MF100W70,სარეცხი მანქანა MIDEA MF100W70 | Superi.ge,title-ს | Superi.ge აკლია
283,https://superi.ge/midea-mf200w80wb-t/,სარეცხი მანქანა MIDEA MF200W80WB/T,სარეცხი მანქანა MIDEA MF200W80WB/T | Superi.ge,title-ს | Superi.ge აკლია
285,https://superi.ge/midea-mf200w90wb-t/,სარეცხი მანქანა MIDEA MF200W90WB/T,სარეცხი მანქანა MIDEA MF200W90WB/T | Superi.ge,title-ს | Superi.ge აკლია
857,https://superi.ge/beko-wsre-6512-prw/,სარეცხი მანქანა BEKO WSRE 6512 PRW,სარეცხი მანქანა BEKO WSRE 6512 PRW | Superi.ge,title-ს | Superi.ge აკლია
860,https://superi.ge/samsung-wd10t654cbx-lp/,სარეცხი მანქანა SAMSUNG WD10T654CBX/LP,სარეცხი მანქანა SAMSUNG WD10T654CBX/LP | Superi.ge,title-ს | Superi.ge აკლია
865,https://superi.ge/bosch-wav28m80me/,სარეცხი მანქანა BOSCH WAV28M80ME,სარეცხი მანქანა BOSCH WAV28M80ME | Superi.ge,title-ს | Superi.ge აკლია
871,https://superi.ge/ardesto-swmg-7121w/,სარეცხი მანქანა ARDESTO SWMG-7121W,სარეცხი მანქანა ARDESTO SWMG-7121W | Superi.ge,title-ს | Superi.ge აკლია
875,https://superi.ge/samsung-ww12tp84dsx-lp/,სარეცხი მანქანა SAMSUNG WW12TP84DSX/LP,სარეცხი მანქანა SAMSUNG WW12TP84DSX/LP | Superi.ge,title-ს | Superi.ge აკლია
880,https://superi.ge/lg-f4v5vs0w/,სარეცხი მანქანა LG F4V5VS0W|Superi.ge,სარეცხი მანქანა LG F4V5VS0W | Superi.ge,title-ს | Superi.ge აკლია
884,https://superi.ge/samsung-ww90t4041ce-lp/,სარეცხი მანქანა SAMSUNG WW90T4041CE/LP,სარეცხი მანქანა SAMSUNG WW90T4041CE/LP | Superi.ge,title-ს | Superi.ge აკლია
889,https://superi.ge/beko-wtv-9612-xs-nova/,სარეცხი მანქანა BEKO WTV 9612 XS NOVA,სარეცხი მანქანა BEKO WTV 9612 XS NOVA | Superi.ge,title-ს | Superi.ge აკლია
890,https://superi.ge/samsung-wd12tp34dsh-lp/,სარეცხი მანქანა SAMSUNG WD12TP34DSH/LP,სარეცხი მანქანა SAMSUNG WD12TP34DSH/LP | Superi.ge,title-ს | Superi.ge აკლია
896,https://superi.ge/beko-rspe78612s/,სარეცხი მანქანა BEKO RSPE78612S,სარეცხი მანქანა BEKO RSPE78612S | Superi.ge,title-ს | Superi.ge აკლია
897,https://superi.ge/beko-wspe7612a/,სარეცხი მანქანა BEKO WSPE7612A,სარეცხი მანქანა BEKO WSPE7612A | Superi.ge,title-ს | Superi.ge აკლია
898,https://superi.ge/beko-wsre-6512-prs/,სარეცხი მანქანა BEKO WSRE 6512 PRS,სარეცხი მანქანა BEKO WSRE 6512 PRS | Superi.ge,title-ს | Superi.ge აკლია
899,https://superi.ge/beko-wsre7512prw/,სარეცხი მანქანა BEKO WSRE7512PRW,სარეცხი მანქანა BEKO WSRE7512PRW | Superi.ge,title-ს | Superi.ge აკლია
901,https://superi.ge/samsung-ww12tp84dsh-lp/,სარეცხი მანქანა SAMSUNG WW12TP84DSH/LP,სარეცხი მანქანა SAMSUNG WW12TP84DSH/LP | Superi.ge,title-ს | Superi.ge აკლია
902,https://superi.ge/vestel-w508t1/,სარეცხი მანქანა VESTEL W508T1|Superi.ge,სარეცხი მანქანა VESTEL W508T1 | Superi.ge,title-ს | Superi.ge აკლია
903,https://superi.ge/vox-wm1290-t14d/,სარეცხი მანქანა VOX WM1290-T14D,სარეცხი მანქანა VOX WM1290-T14D | Superi.ge,title-ს | Superi.ge აკლია
907,https://superi.ge/samsung-ww90t554cax-lp/,სარეცხი მანქანა SAMSUNG WW90T554CAX/LP,სარეცხი მანქანა SAMSUNG WW90T554CAX/LP | Superi.ge,title-ს | Superi.ge აკლია
909,https://superi.ge/samsung-ww70ta046ae-le/,სარეცხი მანქანა SAMSUNG WW70TA046AE/LE,სარეცხი მანქანა SAMSUNG WW70TA046AE/LE | Superi.ge,title-ს | Superi.ge აკლია
910,https://superi.ge/hotpoint-ariston-nm11-845-ws-a-eu-n/,სარეცხი მანქანა HOTPOINT ARISTON NM11 845 WS A EU N,სარეცხი მანქანა HOTPOINT ARISTON NM11 845 WS A EU N | Superi.ge,title-ს | Superi.ge აკლია
912,https://superi.ge/samsung-wf18t8000gv-lp/,სარეცხი მანქანა SAMSUNG WF18T8000GV/LP,სარეცხი მანქანა SAMSUNG WF18T8000GV/LP | Superi.ge,title-ს | Superi.ge აკლია
930,https://superi.ge/lg-f2v9gw9p/,სარეცხი მანქანა LG F2V9GW9P|Superi.ge,სარეცხი მანქანა LG F2V9GW9P | Superi.ge,title-ს | Superi.ge აკლია
931,https://superi.ge/vestel-w610t2ds/,სარეცხი მანქანა VESTEL W610T2DS,სარეცხი მანქანა VESTEL W610T2DS | Superi.ge,title-ს | Superi.ge აკლია
932,https://superi.ge/vestel-w710t2/,სარეცხი მანქანა VESTEL W710T2|Superi.ge,სარეცხი მანქანა VESTEL W710T2 | Superi.ge,title-ს | Superi.ge აკლია
936,https://superi.ge/vestel-w812t2tds/,სარეცხი მანქანა VESTEL W812T2TDS,სარეცხი მანქანა VESTEL W812T2TDS | Superi.ge,title-ს | Superi.ge აკლია
937,https://superi.ge/samsung-ww90t4041cx-lp/,სარეცხი მანქანა SAMSUNG WW90T4041CX/LP,სარეცხი მანქანა SAMSUNG WW90T4041CX/LP | Superi.ge,title-ს | Superi.ge აკლია
943,https://superi.ge/vestfrost-vw48ff2w/,სარეცხი მანქანა VESTFROST VW48FF2W,სარეცხი მანქანა VESTFROST VW48FF2W | Superi.ge,title-ს | Superi.ge აკლია
944,https://superi.ge/vestfrost-vw510ff4w/,სარეცხი მანქანა VESTFROST VW510FF4W,სარეცხი მანქანა VESTFROST VW510FF4W | Superi.ge,title-ს | Superi.ge აკლია
946,https://superi.ge/electrolux-ew6s5r06w/,სარეცხი მანქანა ELECTROLUX EW6S5R06W,სარეცხი მანქანა ELECTROLUX EW6S5R06W | Superi.ge,title-ს | Superi.ge აკლია
947,https://superi.ge/electrolux-ew-6f4r21b/,სარეცხი მანქანა ELECTROLUX EW-6F4R21B,სარეცხი მანქანა ELECTROLUX EW-6F4R21B | Superi.ge,title-ს | Superi.ge აკლია
951,https://superi.ge/whirlpool-ffd-9458-bv-ee/,სარეცხი მანქანა WHIRLPOOL FFD 9458 BV EE,სარეცხი მანქანა WHIRLPOOL FFD 9458 BV EE | Superi.ge,title-ს | Superi.ge აკლია
955,https://superi.ge/electrolux-ew6s4r06bx/,სარეცხი მანქანა ELECTROLUX EW6S4R06BX,სარეცხი მანქანა ELECTROLUX EW6S4R06BX | Superi.ge,title-ს | Superi.ge აკლია
959,https://superi.ge/electrolux-ew6f4r28b/,სარეცხი მანქანა ELECTROLUX EW6F4R28B,სარეცხი მანქანა ELECTROLUX EW6F4R28B | Superi.ge,title-ს | Superi.ge აკლია
962,https://superi.ge/toshiba-tw-bk110g4uz-sk/,სარეცხი მანქანა TOSHIBA TW-BK110G4UZ (SK),სარეცხი მანქანა TOSHIBA TW-BK110G4UZ (SK) | Superi.ge,title-ს | Superi.ge აკლია
964,https://superi.ge/toshiba-tw-bk110g4uz-wk/,სარეცხი მანქანა TOSHIBA TW-BK110G4UZ (WK),სარეცხი მანქანა TOSHIBA TW-BK110G4UZ (WK) | Superi.ge,title-ს | Superi.ge აკლია
965,https://superi.ge/toshiba-tw-bl90a4uz-wk/,სარეცხი მანქანა TOSHIBA TW-BL90A4UZ (WK),სარეცხი მანქანა TOSHIBA TW-BL90A4UZ (WK) | Superi.ge,title-ს | Superi.ge აკლია
966,https://superi.ge/toshiba-tw-bl100a4uz-wk/,სარეცხი მანქანა TOSHIBA TW-BL100A4UZ (WK),სარეცხი მანქანა TOSHIBA TW-BL100A4UZ (WK) | Superi.ge,title-ს | Superi.ge აკლია
967,https://superi.ge/toshiba-tw-bl90a4uz-ss/,სარეცხი მანქანა TOSHIBA TW-BL90A4UZ (SS),სარეცხი მანქანა TOSHIBA TW-BL90A4UZ (SS) | Superi.ge,title-ს | Superi.ge აკლია
968,https://superi.ge/toshiba-tw-bl80a2uz-wk/,სარეცხი მანქანა TOSHIBA TW-BL80A2UZ (WK),სარეცხი მანქანა TOSHIBA TW-BL80A2UZ (WK) | Superi.ge,title-ს | Superi.ge აკლია
969,https://superi.ge/toshiba-tw-bk100g4uz-wk/,სარეცხი მანქანა TOSHIBA TW-BK100G4UZ (WK),სარეცხი მანქანა TOSHIBA TW-BK100G4UZ (WK) | Superi.ge,title-ს | Superi.ge აკლია
970,https://superi.ge/toshiba-tw-bk90g4uz-wk/,სარეცხი მანქანა TOSHIBA TW-BK90G4UZ (WK),სარეცხი მანქანა TOSHIBA TW-BK90G4UZ (WK) | Superi.ge,title-ს | Superi.ge აკლია
1371,https://superi.ge/lg-f2m5hs6s/,სარეცხი მანქანა LG F2M5HS6S|Superi.ge,სარეცხი მანქანა LG F2M5HS6S | Superi.ge,title-ს | Superi.ge აკლია
1377,https://superi.ge/vox-wm1288-sat2t15d/,სარეცხი მანქანა VOX WM1288-SAT2T15D,სარეცხი მანქანა VOX WM1288-SAT2T15D | Superi.ge,title-ს | Superi.ge აკლია
1378,https://superi.ge/lg-f-2j3ns0w/,სარეცხი მანქანა LG F-2J3NS0W|Superi.ge,სარეცხი მანქანა LG F-2J3NS0W | Superi.ge,title-ს | Superi.ge აკლია
1379,https://superi.ge/beko-b5df-t-510447-m/,სარეცხი მანქანა BEKO B5DF T 510447 M,სარეცხი მანქანა BEKO B5DF T 510447 M | Superi.ge,title-ს | Superi.ge აკლია
1382,https://superi.ge/vox-wm1495-t14qd/,სარეცხი მანქანა VOX WM1495-T14QD,სარეცხი მანქანა VOX WM1495-T14QD | Superi.ge,title-ს | Superi.ge აკლია
1383,https://superi.ge/vox-wm1490-sat2t15d/,სარეცხი მანქანა VOX WM1490-SAT2T15D,სარეცხი მანქანა VOX WM1490-SAT2T15D | Superi.ge,title-ს | Superi.ge აკლია
1385,https://superi.ge/vox-wm1410-sat15abldc/,სარეცხი მანქანა VOX WM1410-SAT15ABLDC,სარეცხი მანქანა VOX WM1410-SAT15ABLDC | Superi.ge,title-ს | Superi.ge აკლია
1386,https://superi.ge/toshiba-tw-bk90g4uz-sk/,სარეცხი მანქანა TOSHIBA TW-BK90G4UZ (SK),სარეცხი მანქანა TOSHIBA TW-BK90G4UZ (SK) | Superi.ge,title-ს | Superi.ge აკლია
1387,https://superi.ge/vestel-w9b12tb/,სარეცხი მანქანა VESTEL W9B12TB,სარეცხი მანქანა VESTEL W9B12TB | Superi.ge,title-ს | Superi.ge აკლია
1388,https://superi.ge/vestel-w610t2w/,სარეცხი მანქანა VESTEL W610T2W,სარეცხი მანქანა VESTEL W610T2W | Superi.ge,title-ს | Superi.ge აკლია
1391,https://superi.ge/samsung-ww90t604clx-lp/,სარეცხი მანქანა SAMSUNG WW90T604CLX/LP,სარეცხი მანქანა SAMSUNG WW90T604CLX/LP | Superi.ge,title-ს | Superi.ge აკლია
1392,https://superi.ge/toshiba-tw-bk100g4uz-sk/,სარეცხი მანქანა TOSHIBA TW-BK100G4UZ (SK),სარეცხი მანქანა TOSHIBA TW-BK100G4UZ (SK) | Superi.ge,title-ს | Superi.ge აკლია
1394,https://superi.ge/gorenje-wnei84sds/,სარეცხი მანქანა GORENJE WNEI84SDS,სარეცხი მანქანა GORENJE WNEI84SDS | Superi.ge,title-ს | Superi.ge აკლია
1396,https://superi.ge/vestel-w812t2t/,სარეცხი მანქანა VESTEL W812T2T,სარეცხი მანქანა VESTEL W812T2T | Superi.ge,title-ს | Superi.ge აკლია
1399,https://superi.ge/toshiba-tw-bl100a4uz-ss/,სარეცხი მანქანა TOSHIBA TW-BL100A4UZ (SS),სარეცხი მანქანა TOSHIBA TW-BL100A4UZ (SS) | Superi.ge,title-ს | Superi.ge აკლია
1401,https://superi.ge/samsung-ww90t604clh-lp/,სარეცხი მანქანა SAMSUNG WW90T604CLH/LP,სარეცხი მანქანა SAMSUNG WW90T604CLH/LP | Superi.ge,title-ს | Superi.ge აკლია
1402,https://superi.ge/indesit-bwsa-61051-wwv-ru/,სარეცხი მანქანა INDESIT BWSA 61051 WWV RU,სარეცხი მანქანა INDESIT BWSA 61051 WWV RU | Superi.ge,title-ს | Superi.ge აკლია
1403,https://superi.ge/indesit-bwsd-61051-wwv-ru/,სარეცხი მანქანა INDESIT BWSD 61051 WWV RU,სარეცხი მანქანა INDESIT BWSD 61051 WWV RU | Superi.ge,title-ს | Superi.ge აკლია
1404,https://superi.ge/indesit-bwse-61051-wwv-ru/,სარეცხი მანქანა INDESIT BWSE 61051 WWV RU,სარეცხი მანქანა INDESIT BWSE 61051 WWV RU | Superi.ge,title-ს | Superi.ge აკლია
1405,https://superi.ge/indesit-bwsa-71052x-wwv-ru/,სარეცხი მანქანა INDESIT BWSA 71052X WWV RU,სარეცხი მანქანა INDESIT BWSA 71052X WWV RU | Superi.ge,title-ს | Superi.ge აკლია
1406,https://superi.ge/indesit-bwse-71252x-wsv-ru/,სარეცხი მანქანა INDESIT BWSE 71252X WSV RU,სარეცხი მანქანა INDESIT BWSE 71252X WSV RU | Superi.ge,title-ს | Superi.ge აკლია
1407,https://superi.ge/indesit-bwse-81293x-wsv-ru/,სარეცხი მანქანა INDESIT BWSE 81293X WSV RU,სარეცხი მანქანა INDESIT BWSE 81293X WSV RU | Superi.ge,title-ს | Superi.ge აკლია
1442,https://superi.ge/samsung-ww11bb744cge-lp/,სარეცხი მანქანა SAMSUNG WW11BB744CGE/LP,სარეცხი მანქანა SAMSUNG WW11BB744CGE/LP | Superi.ge,title-ს | Superi.ge აკლია
1560,https://superi.ge/aeg-l6se47sre/,სარეცხი მანქანა AEG L6SE47SRE|Superi.ge,სარეცხი მანქანა AEG L6SE47SRE | Superi.ge,title-ს | Superi.ge აკლია
1576,https://superi.ge/lg-f2v3gs4w/,სარეცხი მანქანა LG F2V3GS4W|Superi.ge,სარეცხი მანქანა LG F2V3GS4W | Superi.ge,title-ს | Superi.ge აკლია
1578,https://superi.ge/lg-f2j3hs2w/,სარეცხი მანქანა LG F2J3HS2W|Superi.ge,სარეცხი მანქანა LG F2J3HS2W | Superi.ge,title-ს | Superi.ge აკლია
1583,https://superi.ge/vestfrost-vw712ft2s/,სარეცხი მანქანა VESTFROST VW712FT2S,სარეცხი მანქანა VESTFROST VW712FT2S | Superi.ge,title-ს | Superi.ge აკლია
1665,https://superi.ge/samsung-ww11bga047aelp/,სარეცხი მანქანა SAMSUNG WW11BGA047AELP,სარეცხი მანქანა SAMSUNG WW11BGA047AELP | Superi.ge,title-ს | Superi.ge აკლია
1666,https://superi.ge/gorenje-whe60sfs/,სარეცხი მანქანა GORENJE WHE60SFS,სარეცხი მანქანა GORENJE WHE60SFS | Superi.ge,title-ს | Superi.ge აკლია
1667,https://superi.ge/vox-wm1280-sat2t15d/,სარეცხი მანქანა VOX WM1280-SAT2T15D,სარეცხი მანქანა VOX WM1280-SAT2T15D | Superi.ge,title-ს | Superi.ge აკლია
1668,https://superi.ge/beko-htv-7736-xsht-b300/,სარეცხი მანქანა BEKO HTV 7736 XSHT B300,სარეცხი მანქანა BEKO HTV 7736 XSHT B300 | Superi.ge,title-ს | Superi.ge აკლია
1669,https://superi.ge/beko-wtv-8712-xw-b100/,სარეცხი მანქანა BEKO WTV 8712 XW B100,სარეცხი მანქანა BEKO WTV 8712 XW B100 | Superi.ge,title-ს | Superi.ge აკლია
1670,https://superi.ge/samsung-ww11bb534caelp/,სარეცხი მანქანა SAMSUNG WW11BB534CAELP,სარეცხი მანქანა SAMSUNG WW11BB534CAELP | Superi.ge,title-ს | Superi.ge აკლია
1673,https://superi.ge/samsung-ww80t3040bs-lp/,სარეცხი მანქანა SAMSUNG WW80T3040BS/LP,სარეცხი მანქანა SAMSUNG WW80T3040BS/LP | Superi.ge,title-ს | Superi.ge აკლია
2155,https://superi.ge/samsung-ww70t3020bw-lp/,სარეცხი მანქანა SAMSUNG WW70T3020BW/LP,სარეცხი მანქანა SAMSUNG WW70T3020BW/LP | Superi.ge,title-ს | Superi.ge აკლია
2327,https://superi.ge/samsung-ww60ag4s00celp/,სარეცხი მანქანა SAMSUNG WW60AG4S00CELP,სარეცხი მანქანა SAMSUNG WW60AG4S00CELP | Superi.ge,title-ს | Superi.ge აკლია
2413,https://superi.ge/electrolux-ew6t4rf061/,სარეცხი მანქანა ELECTROLUX EW6T4RF061,სარეცხი მანქანა ELECTROLUX EW6T4RF061 | Superi.ge,title-ს | Superi.ge აკლია
2448,https://superi.ge/samsung-ww65ag4s20cxlp/,სარეცხი მანქანა SAMSUNG WW65AG4S20CXLP,სარეცხი მანქანა SAMSUNG WW65AG4S20CXLP | Superi.ge,title-ს | Superi.ge აკლია
2455,https://superi.ge/gorenje-wnei14as-10/,სარეცხი მანქანა GORENJE WNEI14AS 10კგ,სარეცხი მანქანა GORENJE WNEI14AS 10კგ | Superi.ge,title-ს | Superi.ge აკლია
2484,https://superi.ge/lg-f2v5gg2s/,სარეცხი მანქანა LG F2V5GG2S,სარეცხი მანქანა LG F2V5GG2S | Superi.ge,title-ს | Superi.ge აკლია
2495,https://superi.ge/samsung-ww70agas25axlp-7kg/,სარეცხი მანქანა SAMSUNG WW70AGAS25AXLP 7KG,სარეცხი მანქანა SAMSUNG WW70AGAS25AXLP 7KG | Superi.ge,title-ს | Superi.ge აკლია
2666,https://superi.ge/gorenje-wnei94bs/,სარეცხი მანქანა GORENJE WNEI94BS,სარეცხი მანქანა GORENJE WNEI94BS | Superi.ge,title-ს | Superi.ge აკლია
2670,https://superi.ge/regal-ty7454w-7/,სარეცხი მანქანა REGAL TY7454W (7 კგ),სარეცხი მანქანა REGAL TY7454W (7 კგ) | Superi.ge,title-ს | Superi.ge აკლია
2697,https://superi.ge/lg-f4v5vs2s/,სარეცხი მანქანა LG F4V5VS2S,სარეცხი მანქანა LG F4V5VS2S | Superi.ge,title-ს | Superi.ge აკლია
2715,https://superi.ge/midea-mf200w90wb-w-9/,სარეცხი მანქანა MIDEA MF200W90WB/W (9კგ),სარეცხი მანქანა MIDEA MF200W90WB/W (9კგ) | Superi.ge,title-ს | Superi.ge აკლია
2838,https://superi.ge/gorenje-whe72sfs-7/,სარეცხი მანქანა GORENJE WHE72SFS (7კგ),სარეცხი მანქანა GORENJE WHE72SFS (7კგ) | Superi.ge,title-ს | Superi.ge აკლია
2858,https://superi.ge/lg-f4j3tyl3w-8/,სარეცხი მანქანა LG F4J3TYL3W (8კგ),სარეცხი მანქანა LG F4J3TYL3W (8კგ) | Superi.ge,title-ს | Superi.ge აკლია
2860,https://superi.ge/lg-f4j3vyg6j-9/,სარეცხი მანქანა LG F4J3VYG6J (9კგ),სარეცხი მანქანა LG F4J3VYG6J (9კგ) | Superi.ge,title-ს | Superi.ge აკლია
2861,https://superi.ge/lg-f4j3tyg6j-8/,სარეცხი მანქანა LG F4J3TYG6J (8კგ),სარეცხი მანქანა LG F4J3TYG6J (8კგ) | Superi.ge,title-ს | Superi.ge აკლია
2901,https://superi.ge/vestfrost-vw810ff4s-8/,სარეცხი მანქანა VESTFROST VW810FF4S (8კგ),სარეცხი მანქანა VESTFROST VW810FF4S (8კგ) | Superi.ge,title-ს | Superi.ge აკლია
2902,https://superi.ge/vestfrost-vw810ff4w-8/,სარეცხი მანქანა VESTFROST VW810FF4W (8კგ),სარეცხი მანქანა VESTFROST VW810FF4W (8კგ) | Superi.ge,title-ს | Superi.ge აკლია
2955,https://superi.ge/gorenje-wnei72sb-7/,სარეცხი მანქანა GORENJE WNEI72SB (7კგ),სარეცხი მანქანა GORENJE WNEI72SB (7კგ) | Superi.ge,title-ს | Superi.ge აკლია
2971,https://superi.ge/lg-f2j3hyl5l-alspmer-7/,სარეცხი მანქანა LG F2J3HYL5L.ALSPMER (7კგ),სარეცხი მანქანა LG F2J3HYL5L.ALSPMER (7კგ) | Superi.ge,title-ს | Superi.ge აკლია
2982,https://superi.ge/bosch-wga244a0me-9kg/,სარეცხი მანქანა BOSCH WGA244A0ME (9KG),სარეცხი მანქანა BOSCH WGA244A0ME (9KG) | Superi.ge,title-ს | Superi.ge აკლია
2983,https://superi.ge/bosch-wgb2560xme-10kg/,სარეცხი მანქანა BOSCH WGB2560XME (10KG),სარეცხი მანქანა BOSCH WGB2560XME (10KG) | Superi.ge,title-ს | Superi.ge აკლია
3014,https://superi.ge/graetz-wd8614w-8/,სარეცხი მანქანა GRAETZ WD8614W (8კგ),სარეცხი მანქანა GRAETZ WD8614W (8კგ) | Superi.ge,title-ს | Superi.ge აკლია
3016,https://superi.ge/bosch-wgb2440xme-9/,სარეცხი მანქანა BOSCH WGB2440XME (9კგ),სარეცხი მანქანა BOSCH WGB2440XME (9კგ) | Superi.ge,title-ს | Superi.ge აკლია
3017,https://superi.ge/bosch-wga244zrme-9/,სარეცხი მანქანა BOSCH WGA244ZRME (9კგ),სარეცხი მანქანა BOSCH WGA244ZRME (9კგ) | Superi.ge,title-ს | Superi.ge აკლია
3032,https://superi.ge/bosch-wav28mx0me-9/,სარეცხი მანქანა BOSCH WAV28MX0ME (9კგ),სარეცხი მანქანა BOSCH WAV28MX0ME (9კგ) | Superi.ge,title-ს | Superi.ge აკლია
3034,https://superi.ge/bosch-wan24200me-8/,სარეცხი მანქანა BOSCH WAN24200ME (8კგ),სარეცხი მანქანა BOSCH WAN24200ME (8კგ) | Superi.ge,title-ს | Superi.ge აკლია
3035,https://superi.ge/bosch-wga25400me-10/,სარეცხი მანქანა BOSCH WGA25400ME (10კგ),სარეცხი მანქანა BOSCH WGA25400ME (10კგ) | Superi.ge,title-ს | Superi.ge აკლია
3039,https://superi.ge/bosch-wga2440xme-9/,სარეცხი მანქანა BOSCH WGA2440XME (9კგ),სარეცხი მანქანა BOSCH WGA2440XME (9კგ) | Superi.ge,title-ს | Superi.ge აკლია
3040,https://superi.ge/daewoo-wm914t3wb0ge-9/,სარეცხი მანქანა DAEWOO WM914T3WB0GE (9კგ),სარეცხი მანქანა DAEWOO WM914T3WB0GE (9კგ) | Superi.ge,title-ს | Superi.ge აკლია
3041,https://superi.ge/daewoo-wm610t1wu0ge-6/,სარეცხი მანქანა DAEWOO WM610T1WU0GE (6კგ),სარეცხი მანქანა DAEWOO WM610T1WU0GE (6კგ) | Superi.ge,title-ს | Superi.ge აკლია
3044,https://superi.ge/bosch-wga254a1me-10/,სარეცხი მანქანა BOSCH WGA254A1ME (10კგ),სარეცხი მანქანა BOSCH WGA254A1ME (10კგ) | Superi.ge,title-ს | Superi.ge აკლია
3045,https://superi.ge/bosch-wga24400me-9/,სარეცხი მანქანა BOSCH WGA24400ME (9კგ),სარეცხი მანქანა BOSCH WGA24400ME (9კგ) | Superi.ge,title-ს | Superi.ge აკლია
3046,https://superi.ge/bosch-wga2540xme-10/,სარეცხი მანქანა BOSCH WGA2540XME (10კგ),სარეცხი მანქანა BOSCH WGA2540XME (10კგ) | Superi.ge,title-ს | Superi.ge აკლია
3047,https://superi.ge/bosch-wan2420xme-8/,სარეცხი მანქანა BOSCH WAN2420XME (8კგ),სარეცხი მანქანა BOSCH WAN2420XME (8კგ) | Superi.ge,title-ს | Superi.ge აკლია
3048,https://superi.ge/bosch-wga254zrme-10/,სარეცხი მანქანა BOSCH WGA254ZRME (10კგ),სარეცხი მანქანა BOSCH WGA254ZRME (10კგ) | Superi.ge,title-ს | Superi.ge აკლია
3049,https://superi.ge/bosch-wgb256a0me-10/,სარეცხი მანქანა BOSCH WGB256A0ME (10კგ),სარეცხი მანქანა BOSCH WGB256A0ME (10კგ) | Superi.ge,title-ს | Superi.ge აკლია
3093,https://superi.ge/bosch-wgb24400me-9/,სარეცხი მანქანა BOSCH WGB24400ME (9კგ),სარეცხი მანქანა BOSCH WGB24400ME (9კგ) | Superi.ge,title-ს | Superi.ge აკლია
3133,https://superi.ge/lg-f2t2tym1s/,სარეცხი მანქანა LG F2T2TYM1S,სარეცხი მანქანა LG F2T2TYM1S | Superi.ge,title-ს | Superi.ge აკლია
3137,https://superi.ge/samsung-ww11cg604clblp-11/,სარეცხი მანქანა SAMSUNG WW11CG604CLBLP (11კგ),სარეცხი მანქანა SAMSUNG WW11CG604CLBLP (11კგ) | Superi.ge,title-ს | Superi.ge აკლია
3186,https://superi.ge/gorenje-w1d2a164ads-10-6/,სარეცხი მანქანა საშრობით GORENJE W1D2A164ADS (10/6კგ),სარეცხი მანქანა საშრობით GORENJE W1D2A164ADS (10/6კგ) | Superi.ge,title-ს | Superi.ge აკლია
3187,https://superi.ge/gorenje-w1d2a854adps-8-5/,სარეცხი მანქანა საშრობით GORENJE W1D2A854ADPS (8/5კგ),სარეცხი მანქანა საშრობით GORENJE W1D2A854ADPS (8/5კგ) | Superi.ge,title-ს | Superi.ge აკლია
3192,https://superi.ge/gorenje-w2nhai94aps-c/,სარეცხი მანქანა GORENJE W2NHAI94APS/C,სარეცხი მანქანა GORENJE W2NHAI94APS/C | Superi.ge,title-ს | Superi.ge აკლია
3193,https://superi.ge/gorenje-wnhai1x4aps-c-10-5/,სარეცხი მანქანა GORENJE WNHAI1X4APS/C (10.5კგ),სარეცხი მანქანა GORENJE WNHAI1X4APS/C (10.5კგ) | Superi.ge,title-ს | Superi.ge აკლია
3367,https://superi.ge/samsung-wd10t654cbh-lp-10-5-7/,სარეცხი მანქანა საშრობით SAMSUNG WD10T654CBH/LP (10.5/7კგ) | Superi.ge,სარეცხი მანქანა საშრობით SAMSUNG WD10T654CBH/LP (10.5/7კგ),title > 65
5258,https://superi.ge/midea-mfk03d105b-s-10-5-7/,სარეცხი მანქანა საშრობით MIDEA MFK03D105B/S,სარეცხი მანქანა საშრობით MIDEA MFK03D105B/S (10.5/7კგ),title-ს | Superi.ge აკლია
6304,https://superi.ge/samsung-wd18db8995bzld-18-11/,სარეცხი მანქანა საშრობით SAMSUNG WD18DB8995BZLD (18/11 კგ) | Superi.ge,სარეცხი მანქანა საშრობით SAMSUNG WD18DB8995BZLD (18/11 კგ),title > 65
8527,https://superi.ge/lg-w1s1cvk2ehm-ablpaly-19-16/,სარეცხი მანქანა საშრობით LG W1S1CVK2EHM.ABLPALY (19/16კგ) | Superi.ge,სარეცხი მანქანა საშრობით LG W1S1CVK2EHM.ABLPALY (19/16კგ),title > 65
9593,https://superi.ge/vox-wdm1468-t14eabldc-8-6kg/,სარეცხი მანქანა საშრობით VOX WDM1468-T14EABLDC (8/6KG) | Superi.ge,სარეცხი მანქანა საშრობით VOX WDM1468-T14EABLDC (8/6KG),title > 65
9621,https://superi.ge/lg-f18l2crv2t2-asspara-18-10/,სარეცხი მანქანა საშრობით LG F18L2CRV2T2.ASSPARA (18/10კგ) | Superi.ge,სარეცხი მანქანა საშრობით LG F18L2CRV2T2.ASSPARA (18/10კგ),title > 65
9794,https://superi.ge/samsung-wd11dg6b85belp-11-6kg/,სარეცხი მანქანა საშრობით Samsung WD11DG6B85BELP (11/6KG) | Superi.ge,სარეცხი მანქანა საშრობით Samsung WD11DG6B85BELP (11/6KG),title > 65
9795,https://superi.ge/samsung-wd11db8b85ghlp-11-6kg/,სარეცხი მანქანა საშრობით SAMSUNG WD11DB8B85GHLP (11/6KG) | Superi.ge,სარეცხი მანქანა საშრობით SAMSUNG WD11DB8B85GHLP (11/6KG),title > 65
9868,https://superi.ge/samsung-wd11dg6b85bblp-11-6kg/,სარეცხი მანქანა საშრობით Samsung WD11DG6B85BBLP (11/6KG) | Superi.ge,სარეცხი მანქანა საშრობით Samsung WD11DG6B85BBLP (11/6KG),title > 65
9870,https://superi.ge/hyundai-hyu100-1448dph-10-6kg/,სარეცხი მანქანა საშრობით HYUNDAI HYU100-1448DPH (10/6kg) | Superi.ge,სარეცხი მანქანა საშრობით HYUNDAI HYU100-1448DPH (10/6kg),title > 65
10019,https://superi.ge/samsung-ww11cg604clelp-11-ai-ecobubble-a/,"სარეცხი მანქანა Samsung WW11CG604CLELP 11 კგ AI Ecobubble™, A+++ | Superi.ge","სარეცხი მანქანა Samsung WW11CG604CLELP 11 კგ AI Ecobubble™, A+++",title > 65
10022,https://superi.ge/samsung-wd90dg5g34bblp-9-5-ai-ecobubble/,სარეცხი მანქანა საშრობით Samsung WD90DG5G34BBLP 9/5 კგ AI Ecobubble™ შავი | Superi.ge,სარეცხი მანქანა საშრობით Samsung WD90DG5G34BBLP 9/5 კგ AI,title > 65
10023,https://superi.ge/samsung-ww90dg6u34lelp-9-ai-ecobubble/,სარეცხი მანქანა Samsung WW90DG6U34LELP 9 კგ AI Ecobubble™ თეთრი | Superi.ge,სარეცხი მანქანა Samsung WW90DG6U34LELP 9 კგ AI Ecobubble™ თეთრი,title > 65
11542,https://superi.ge/lg-l5c0905psgc-aptpmer-9-5/,სარეცხი მანქანა საშრობით LG L5C0905PSGC.APTPMER (9/5კგ) | Superi.ge,სარეცხი მანქანა საშრობით LG L5C0905PSGC.APTPMER (9/5კგ),title > 65
12015,https://superi.ge/midea-mf01814bs47-w-8kg/,"Midea MF01814BS47/W სარეცხი მანქანა 8 კგ , ორთქლით1400 ბრ/წთ",სარეცხი მანქანა Midea MF01814BS47/W (8kg) | Superi.ge,title-ს | Superi.ge აკლია
12172,https://superi.ge/ardesto-wdmw-106isbd-10-6/,სარეცხი მანქანა საშრობით Ardesto WDMW-106ISBD (10/6კგ) | Superi.ge,სარეცხი მანქანა საშრობით Ardesto WDMW-106ISBD (10/6კგ),title > 65
13343,https://superi.ge/vestel-wdb8b14t2ds-8-6/,სარეცხი მანქანა საშრობით VESTEL WDB8B14T2DS (8/6კგ) თეთრი | Superi.ge,სარეცხი მანქანა საშრობით VESTEL WDB8B14T2DS (8/6კგ) თეთრი,title > 65
13510,https://superi.ge/beko-bi5dbt68447w/,ჩასაშენებელი სარეცხი მანქანა საშრობით BEKO BI5DBT68447W | Superi.ge,ჩასაშენებელი სარეცხი მანქანა საშრობით BEKO BI5DBT68447W,title > 65
14058,https://superi.ge/washing-machine-promo-tw-t21bu90uwge-mg-8-kg-1400-rpm-85x59-5x47-inverter-rotary-knob-led-touch-display-morandi-gray/,სარეცხი მანქანა Toshiba TW-T21BU90UWGE(MG) - Morandi Grey | Superi.ge,სარეცხი მანქანა Toshiba TW-T21BU90UWGE(MG) | Superi.ge,title > 65
14063,https://superi.ge/lg-f2x5frny6-aebqme3-9-5-kg-matt-black/,სარეცხი მანქანა საშრობით LG F2X5FRNY6.AEBQME3 9/5 KG Matt Black | Superi.ge,სარეცხი მანქანა საშრობით LG F2X5FRNY6.AEBQME3 9/5 KG Matt Black,title > 65
14064,https://superi.ge/washing-machine-dryer-lg-f2x5frn23-aesqme3-9-5-kg-1200-rpm-85x60x46-dd-inverter-rotary-knob-add-wash-steam-essence-silver/,სარეცხი მანქანა საშრობით LG F2X5FRN23.AESQME3 9/5 KG Essence Silver | Superi.ge,სარეცხი მანქანა საშრობით LG F2X5FRN23.AESQME3 9/5 KG Essence,title > 65
793,https://superi.ge/varta-blue-60-ah-d-24/,ავტომობილის აკუმულატორი VARTA BLUE 60 A\H D-24,ავტომობილის აკუმულატორი VARTA BLUE 60 A\H D-24 | Superi.ge,title-ს | Superi.ge აკლია
9989,https://superi.ge/varta-blu-e24-70-ah-jis-varta-70/,მანქანის აკუმულატორი VARTA BLU E24 70 AH JIS VARTA 70 ამპ*სთ | Superi.ge,მანქანის აკუმულატორი VARTA BLU E24 70 AH JIS VARTA 70 ამპ*სთ,title > 65
9990,https://superi.ge/varta-blu-g8-95-ah-jis-varta-95/,მანქანის აკუმულატორი VARTA BLU G8 95 AH JIS VARTA 95 ამპ*სთ | Superi.ge,მანქანის აკუმულატორი VARTA BLU G8 95 AH JIS VARTA 95 ამპ*სთ,title > 65
9991,https://superi.ge/varta-blu-b36-44ah-varta-44/,მანქანის აკუმულატორი VARTA BLU B36 44AH VARTA 44 ამპ*სთ | Superi.ge,მანქანის აკუმულატორი VARTA BLU B36 44AH VARTA 44 ამპ*სთ,title > 65
9992,https://superi.ge/varta-sil-i1-110-ah-varta-110/,მანქანის აკუმულატორი VARTA SIL I1 110 AH VARTA 110 ამპ*სთ | Superi.ge,მანქანის აკუმულატორი VARTA SIL I1 110 AH VARTA 110 ამპ*სთ,title > 65
9994,https://superi.ge/varta-pr-shd-n9-225-ah-225/,მანქანის აკუმულატორი VARTA PR SHD N9 225 AH 225 ამპ*სთ | Superi.ge,მანქანის აკუმულატორი VARTA PR SHD N9 225 AH 225 ამპ*სთ,title > 65
9998,https://superi.ge/exide-agm12-19-18-ah-exide-18/,მოტოციკლის აკუმულატორი EXIDE AGM12-19 18 AH EXIDE 18 ამპ*სთ | Superi.ge,მოტოციკლის აკუმულატორი EXIDE AGM12-19 18 AH EXIDE 18 ამპ*სთ,title > 65
2913,https://superi.ge/tv-blaupunkt-dv8535-2-8gb/,ანდროიდ TV ბოქსი BLAUPUNKT DV8535 2/8GB,ანდროიდ TV ბოქსი BLAUPUNKT DV8535 2/8GB | Superi.ge,title-ს | Superi.ge აკლია
3138,https://superi.ge/dell-lcd-p2722he-210-azzb/,"მონიტორი Dell P2722HE 27"" FHD (210-AZZB), შავი","მონიტორი Dell P2722HE 27"" FHD (210-AZZB), შავი | Superi.ge",title-ს | Superi.ge აკლია
3325,https://superi.ge/samsung-odyssey-g3-ls27ag320nixci-27/,"მონიტორი Samsung Odyssey G3 27"" FHD (LS27AG320NIXCI), შავი | Superi.ge","მონიტორი Samsung Odyssey G3 27"" FHD (LS27AG320NIXCI), შავი",title > 65
3326,https://superi.ge/samsung-odyssey-g3-ls24ag320nixci-24/,"მონიტორი Samsung Odyssey G3 24"" FHD (LS24AG320NIXCI), შავი | Superi.ge","მონიტორი Samsung Odyssey G3 24"" FHD (LS24AG320NIXCI), შავი",title > 65
3327,https://superi.ge/samsung-odyssey-g4-ls27bg400eixci-27/,"მონიტორი Samsung Odyssey G4 27"" FHD (LS27BG400EIXCI), შავი | Superi.ge","მონიტორი Samsung Odyssey G4 27"" FHD (LS27BG400EIXCI), შავი",title > 65
3328,https://superi.ge/samsung-odyssey-g4-ls25bg400eixci-25/,"მონიტორი Samsung Odyssey G4 25"" FHD (LS25BG400EIXCI), შავი | Superi.ge","მონიტორი Samsung Odyssey G4 25"" FHD (LS25BG400EIXCI), შავი",title > 65
3329,https://superi.ge/samsung-odyssey-g6-ls32bg650eixci-32/,"SAMSUNG ODYSSEY G6 (LS32BG650EIXCI) 32""","მონიტორი Samsung Odyssey G6 32"" 2K Curved (LS32BG650EIXCI), შავი",title-ს | Superi.ge აკლია
3330,https://superi.ge/samsung-odyssey-g8-ls34bg850sixci-34/,"მონიტორი Samsung Odyssey OLED G8 34"" WQHD Curved (LS34BG850SIXCI) | Superi.ge","მონიტორი Samsung Odyssey OLED G8 34"" WQHD Curved (LS34BG850SIXCI)",title > 65
4027,https://superi.ge/lenovo-l24i-4a-67bckac6eu/,"მონიტორი Lenovo L24i-4A 23.8"" FHD (67BCKAC6EU), ნაცრისფერი | Superi.ge","მონიტორი Lenovo L24i-4A 23.8"" FHD (67BCKAC6EU), ნაცრისფერი",title > 65
4029,https://superi.ge/samsung-curved-gaming-odyssey-g5-ls32cg550eixci-32/,"მონიტორი Samsung Odyssey G5 32"" 2K Curved (LS32CG550EIXCI) | Superi.ge","მონიტორი Samsung Odyssey G5 32"" 2K Curved (LS32CG550EIXCI)",title > 65
4030,https://superi.ge/samsung-odyssey-neo-g7-ls32bg752nixci/,"მონიტორი Samsung Odyssey Neo G7 32"" 4K Mini LED Curved (LS32BG752NIXCI) | Superi.ge","მონიტორი Samsung Odyssey Neo G7 32"" 4K Mini LED Curved",title > 65
5102,https://superi.ge/lenovo-legion-y32p-30-uhd-pro-4k-gaming-monitor-31-5/,მონიტორი Lenovo Legion Y32p-30 UHD Pro 4K,"მონიტორი Lenovo Legion Y32p-30 31.5"" 4K, შავი | Superi.ge",title-ს | Superi.ge აკლია
6462,https://superi.ge/samsung-odyssey-g5-ls27cg550eixci-curved/,"მონიტორი Samsung Odyssey G5 27"" 2K Curved (LS27CG550EIXCI) | Superi.ge","მონიტორი Samsung Odyssey G5 27"" 2K Curved (LS27CG550EIXCI)",title > 65
8328,https://superi.ge/samsung-27-odyssey-g6-ls27bg650eixci-black/,"მონიტორი Samsung Odyssey G6 27"" 2K Curved (LS27BG650EIXCI), შავი | Superi.ge","მონიტორი Samsung Odyssey G6 27"" 2K Curved (LS27BG650EIXCI), შავი",title > 65
8330,https://superi.ge/samsung-27-odyssey-g3-ls27dg300eixci-black/,"მონიტორი Samsung Odyssey G3 27"" FHD (LS27DG300EIXCI), შავი | Superi.ge","მონიტორი Samsung Odyssey G3 27"" FHD (LS27DG300EIXCI), შავი",title > 65
8331,https://superi.ge/samsung-24-odyssey-g3-ls24dg300eixci-black/,"მონიტორი Samsung Odyssey G3 24"" FHD (LS24DG300EIXCI), შავი | Superi.ge","მონიტორი Samsung Odyssey G3 24"" FHD (LS24DG300EIXCI), შავი",title > 65
8332,https://superi.ge/samsung-32-viewfinity-s7-4k-uhd-ls32d700eaixci/,"მონიტორი Samsung ViewFinity S7 32"" 4K (LS32D700EAIXCI), შავი | Superi.ge","მონიტორი Samsung ViewFinity S7 32"" 4K (LS32D700EAIXCI), შავი",title > 65
8333,https://superi.ge/samsung-27-viewfinity-s9-ls27c902paixci/,"მონიტორი Samsung ViewFinity S9 27"" 5K (LS27C902PAIXCI), ვერცხლისფერი | Superi.ge","მონიტორი Samsung ViewFinity S9 27"" 5K (LS27C902PAIXCI),",title > 65
8334,https://superi.ge/samsung-essential-s3-ls27d300gaixci-27-fhd/,"მონიტორი Samsung Essential S3 27"" FHD (LS27D300GAIXCI), შავი | Superi.ge","მონიტორი Samsung Essential S3 27"" FHD (LS27D300GAIXCI), შავი",title > 65
8344,https://superi.ge/samsung-essential-s3-24-ls24d300gaixci/,"მონიტორი Samsung Essential S3 24"" FHD (LS24D300GAIXCI), შავი | Superi.ge","მონიტორი Samsung Essential S3 24"" FHD (LS24D300GAIXCI), შავი",title > 65
8347,https://superi.ge/samsung-27-odyssey-oled-g6-ls27dg612sixci/,"მონიტორი Samsung Odyssey OLED G6 27"" 2K (LS27DG612SIXCI), ვერცხლისფერი | Superi.ge","მონიტორი Samsung Odyssey OLED G6 27"" 2K (LS27DG612SIXCI),",title > 65
8349,https://superi.ge/asus-tuf-gaming-vg34vql1b-34-165hz/,"მონიტორი ASUS TUF Gaming VG34VQL1B 34"" WQHD Curved, შავი | Superi.ge","მონიტორი ASUS TUF Gaming VG34VQL1B 34"" WQHD Curved, შავი",title > 65
9772,https://superi.ge/xiaomi-mini-led-gaming-monitor-g-pro-27i-p27qba-rgpgl/,"მონიტორი Xiaomi G Pro 27i 27"" 2K Mini LED (P27QBA-RGPGL) | Superi.ge","მონიტორი Xiaomi G Pro 27i 27"" 2K Mini LED (P27QBA-RGPGL)",title > 65
13032,https://superi.ge/samsung-viewfinity-s7-27-4k-ls27d700eaixci-black/,"მონიტორი Samsung ViewFinity S7 27"" 4K (LS27D700EAIXCI), შავი | Superi.ge","მონიტორი Samsung ViewFinity S7 27"" 4K (LS27D700EAIXCI), შავი",title > 65
13062,https://superi.ge/samsung-viewfinity-curved-s6-34-uwqhd-ls34c650vaixci-black/,"მონიტორი Samsung ViewFinity S6 34"" WQHD Curved (LS34C650VAIXCI), შავი | Superi.ge","მონიტორი Samsung ViewFinity S6 34"" WQHD Curved",title > 65
13072,https://superi.ge/samsung-odyssey-g5-27-oled-ls27fg502sixci/,"მონიტორი Samsung Odyssey OLED G5 27"" 2K (LS27FG502SIXCI) | Superi.ge","მონიტორი Samsung Odyssey OLED G5 27"" 2K (LS27FG502SIXCI)",title > 65
13111,https://superi.ge/samsung-34-odyssey-g5-curved-lc34g55twwixci-black/,"მონიტორი Samsung Odyssey G5 34"" WQHD Curved (LC34G55TWWIXCI), შავი | Superi.ge","მონიტორი Samsung Odyssey G5 34"" WQHD Curved (LC34G55TWWIXCI),",title > 65
13131,https://superi.ge/samsung-viewfinity-s6-27-2-5k-ls27d604uaixci-black/,"მონიტორი Samsung ViewFinity S6 27"" 2K (LS27D604UAIXCI), შავი | Superi.ge","მონიტორი Samsung ViewFinity S6 27"" 2K (LS27D604UAIXCI), შავი",title > 65
13140,https://superi.ge/samsung-odyssey-g5-27-2k-ls27fg502eixci-black/,"მონიტორი Samsung Odyssey G5 27"" 2K (LS27FG502EIXCI), შავი | Superi.ge","მონიტორი Samsung Odyssey G5 27"" 2K (LS27FG502EIXCI), შავი",title > 65
13143,https://superi.ge/samsung-odyssey-g4-27-fhd-ls27hg400eixci-black/,"მონიტორი Samsung Odyssey G4 27"" FHD (LS27HG400EIXCI), შავი | Superi.ge","მონიტორი Samsung Odyssey G4 27"" FHD (LS27HG400EIXCI), შავი",title > 65
13148,https://superi.ge/samsung-odyssey-g6-27-oled-ls27hg610sixci-black/,"მონიტორი Samsung Odyssey OLED G6 27"" 2K (LS27HG610SIXCI), შავი | Superi.ge","მონიტორი Samsung Odyssey OLED G6 27"" 2K (LS27HG610SIXCI), შავი",title > 65
13152,https://superi.ge/samsung-odyssey-oled-g8-ls34dg852sixci/,"მონიტორი Samsung Odyssey OLED G8 34"" WQHD Curved Smart (LS34DG852SIXCI), ვერცხლისფერი | Superi.ge","მონიტორი Samsung Odyssey OLED G8 34"" WQHD Curved Smart",title > 65
13153,https://superi.ge/samsung-odyssey-neo-g9-57-dual-4k-uhd-ls57cg952nixci-black-white/,"მონიტორი Samsung Odyssey Neo G9 57"" Dual 4K Curved (LS57CG952NIXCI) | Superi.ge","მონიტორი Samsung Odyssey Neo G9 57"" Dual 4K Curved",title > 65
13223,https://superi.ge/samsung-odyssey-oled-g9-ls49dg932sixci/,"მონიტორი Samsung Odyssey OLED G9 49"" DQHD Curved (LS49DG932SIXCI), ვერცხლისფერი | Superi.ge","მონიტორი Samsung Odyssey OLED G9 49"" DQHD Curved",title > 65
13538,https://superi.ge/asus-vz249hg-23-8-fhd-90lm0bv1-b01a71-black/,"მონიტორი ASUS VZ249HG 23.8"" FHD (90LM0BV1-B01A71), შავი | Superi.ge","მონიტორი ASUS VZ249HG 23.8"" FHD (90LM0BV1-B01A71), შავი",title > 65
13539,https://superi.ge/asus-vz249hg-w-23-8-fhd-90lm0bv2-b01a71-white/,"მონიტორი ASUS VZ249HG-W 23.8"" FHD (90LM0BV2-B01A71), თეთრი | Superi.ge","მონიტორი ASUS VZ249HG-W 23.8"" FHD (90LM0BV2-B01A71), თეთრი",title > 65
13557,https://superi.ge/lenovo-legion-pro-32ud-10-31-5-4k-69d0gacbeu-white/,"მონიტორი Lenovo Legion Pro 32UD-10 31.5"" 4K QD-OLED (69D0GACBEU), თეთრი | Superi.ge","მონიტორი Lenovo Legion Pro 32UD-10 31.5"" 4K QD-OLED",title > 65
13567,https://superi.ge/lenovo-legion-pro-34wd-10-34-uwqhd-67c9uac1eu-white/,"მონიტორი Lenovo Legion Pro 34WD-10 34"" WQHD OLED Curved (67C9UAC1EU), თეთრი | Superi.ge","მონიტორი Lenovo Legion Pro 34WD-10 34"" WQHD OLED Curved",title > 65
13701,https://superi.ge/samsung-odyssey-oled-g6-g60sd-ls27dg600sixci/,"მონიტორი Samsung Odyssey OLED G6 G60SD 27"" 2K (LS27DG600SIXCI), ვერცხლისფერი | Superi.ge","მონიტორი Samsung Odyssey OLED G6 G60SD 27"" 2K",title > 65
13772,https://superi.ge/samsung-viewfinity-s7-ls27h700eaixc-4k-uhd/,"მონიტორი Samsung ViewFinity S7 27"" 4K (LS27H700EAIXC), შავი | Superi.ge","მონიტორი Samsung ViewFinity S7 27"" 4K (LS27H700EAIXC), შავი",title > 65
14135,https://superi.ge/samsung-odyssey-g5-ls32fg502eixci/,"მონიტორი Samsung Odyssey G5 32"" 2K (LS32FG502EIXCI), შავი | Superi.ge","მონიტორი Samsung Odyssey G5 32"" 2K (LS32FG502EIXCI), შავი",title > 65
14172,https://superi.ge/samsung-viewfinity-s8-ls27h804uaixci-27-4k-black/,"მონიტორი Samsung ViewFinity S8 27"" 4K (LS27H804UAIXCI), შავი | Superi.ge","მონიტორი Samsung ViewFinity S8 27"" 4K (LS27H804UAIXCI), შავი",title > 65
14179,https://superi.ge/asus-rog-strix-xg32ucds-31-5-4k-90lm0a50-b01370-black/,"მონიტორი ASUS ROG Strix XG32UCDS 31.5"" 4K QD-OLED (90LM0A50-B01370), შავი | Superi.ge","მონიტორი ASUS ROG Strix XG32UCDS 31.5"" 4K QD-OLED",title > 65
14180,https://superi.ge/hp-series-7-pro-732xk/,"მონიტორი HP Series 7 Pro 732xk 31.5"" 4K (B7JM6AA), ვერცხლისფერი | Superi.ge","მონიტორი HP Series 7 Pro 732xk 31.5"" 4K (B7JM6AA), ვერცხლისფერი",title > 65
14182,https://superi.ge/samsung-viewfinity-s9-ls49c950uaixci/,"მონიტორი Samsung ViewFinity S9 49"" DQHD Curved (LS49C950UAIXCI), შავი | Superi.ge","მონიტორი Samsung ViewFinity S9 49"" DQHD Curved",title > 65
14192,https://superi.ge/lenovo-thinkvision-p27qd-40-27-2k-64b3gat2eu-black/,"მონიტორი Lenovo ThinkVision P27QD-40 27"" 2K (64B3GAT2EU), შავი | Superi.ge","მონიტორი Lenovo ThinkVision P27QD-40 27"" 2K (64B3GAT2EU), შავი",title > 65
14196,https://superi.ge/samsung-viewfinity-s7-ls32h700eaixci/,"მონიტორი Samsung ViewFinity S7 32"" 4K (LS32H700EAIXCI), შავი | Superi.ge","მონიტორი Samsung ViewFinity S7 32"" 4K (LS32H700EAIXCI), შავი",title > 65
14296,https://superi.ge/lenovo-legion-pro-27ud-10/,"მონიტორი Lenovo Legion Pro 27UD-10 26.5"" 4K QD-OLED (68CEGACBEU), შავი | Superi.ge","მონიტორი Lenovo Legion Pro 27UD-10 26.5"" 4K QD-OLED",title > 65
14300,https://superi.ge/lenovo-yoga-pro-27ud-10/,"მონიტორი Lenovo Yoga Pro 27UD-10 26.5"" 4K QD-OLED (67E5RAC2EU), შავი | Superi.ge","მონიტორი Lenovo Yoga Pro 27UD-10 26.5"" 4K QD-OLED",title > 65
14301,https://superi.ge/asus-rog-swift-oled-pg27ucdm/,"მონიტორი ASUS ROG Swift OLED PG27UCDM 26.5"" 4K QD-OLED (90LM0B30-B01971) | Superi.ge","მონიტორი ASUS ROG Swift OLED PG27UCDM 26.5"" 4K QD-OLED",title > 65
14302,https://superi.ge/lenovo-thinkvision-p40wd-40/,"მონიტორი Lenovo ThinkVision P40WD-40 39.7"" 5K2K Curved (64B4XAT1EU), შავი | Superi.ge","მონიტორი Lenovo ThinkVision P40WD-40 39.7"" 5K2K Curved",title > 65
14312,https://superi.ge/lenovo-thinkvision-t27ud-40-27-4k-64afgat2eu-eclipse-black/,"მონიტორი Lenovo ThinkVision T27UD-40 27"" 4K (64AFGAT2EU), შავი | Superi.ge","მონიტორი Lenovo ThinkVision T27UD-40 27"" 4K (64AFGAT2EU), შავი",title > 65
14317,https://superi.ge/lenovo-thinkvision-e27-40-27-fhd-64bcmat4eu-black/,Lenovo ThinkVision E27-40 27'' FHD 64BCMAT4EU - Black მონიტორი | Superi.ge,Lenovo ThinkVision E27-40 27'' FHD 64BCMAT4EU | Superi.ge,title > 65
14333,https://superi.ge/lenovo-legion-r45w-30/,"მონიტორი Lenovo Legion R45w-30 44.5"" DQHD Curved (67B1GAC3EU), შავი | Superi.ge","მონიტორი Lenovo Legion R45w-30 44.5"" DQHD Curved",title > 65
14396,https://superi.ge/msi-gaming-monitor-32-mag-322urdf-e16-9s6-3dd89t-012-black/,"მონიტორი MSI MAG 322URDF E16 31.5"" 4K (9S6-3DD89T-012), შავი | Superi.ge","მონიტორი MSI MAG 322URDF E16 31.5"" 4K (9S6-3DD89T-012), შავი",title > 65
14664,https://superi.ge/lenovo-thinkvision-t32ud-40-31-5-4k-64b0gat1eu-black/,"მონიტორი Lenovo ThinkVision T32UD-40 31.5"" 4K (64B0GAT1EU), შავი | Superi.ge","მონიტორი Lenovo ThinkVision T32UD-40 31.5"" 4K (64B0GAT1EU), შავი",title > 65
14666,https://superi.ge/lenovo-thinkvision-s24-4e-23-8-fhd-64b5kat1eu-black/,"მონიტორი Lenovo ThinkVision S24-4e 23.8"" FHD (64B5KAT1EU), შავი | Superi.ge","მონიტორი Lenovo ThinkVision S24-4e 23.8"" FHD (64B5KAT1EU), შავი",title > 65
14667,https://superi.ge/lenovo-thinkvision-t24-40-23-8-fhd-64a4matxeu-black/,"მონიტორი Lenovo ThinkVision T24-40 23.8"" FHD (64A4MATXEU), შავი | Superi.ge","მონიტორი Lenovo ThinkVision T24-40 23.8"" FHD (64A4MATXEU), შავი",title > 65
15473,https://superi.ge/dell-video-conferencing-c2423h-23-8-fhd/,"მონიტორი Dell Video Conferencing C2423H 23.8"" FHD, შავი | Superi.ge","მონიტორი Dell Video Conferencing C2423H 23.8"" FHD, შავი",title > 65
15494,https://superi.ge/acer-nitro-xf270-m3-xf270x1biiph-27-fhd/,"მონიტორი Acer Nitro XF270 M3 XF270X1BIIPH 27"" FHD, შავი | Superi.ge","მონიტორი Acer Nitro XF270 M3 XF270X1BIIPH 27"" FHD, შავი",title > 65
15495,https://superi.ge/asus-tuf-gaming-monitor-27-vg279q5r-90lm0bs0-b01e71-black/,"მონიტორი ASUS TUF Gaming VG279Q5R 27"" FHD (90LM0BS0-B01E71), შავი | Superi.ge","მონიტორი ASUS TUF Gaming VG279Q5R 27"" FHD (90LM0BS0-B01E71), შავი",title > 65
15642,https://superi.ge/lenovo-legion-r24s-23-8-fhd-68ccgac1eu-raven-black/,"Lenovo Legion R24s 23.8"" FHD 68CCGAC1EU - Raven Black მონიტორი | Superi.ge","Lenovo Legion R24s 23.8"" FHD 68CCGAC1EU | Superi.ge",title > 65
1011,https://superi.ge/samsung-ms23j5133ak-ba/,მიკროტალღური ღუმელი SAMSUNG MS23J5133AK/BA,მიკროტალღური ღუმელი SAMSUNG MS23J5133AK/BA | Superi.ge,title-ს | Superi.ge აკლია
1012,https://superi.ge/midea-am720c4e-s/,მიკროტალღური ღუმელი MIDEA AM720C4E-S,მიკროტალღური ღუმელი MIDEA AM720C4E-S | Superi.ge,title-ს | Superi.ge აკლია
1013,https://superi.ge/beko-mgb-25333-bg/,მიკროტალღური ღუმელი BEKO MGB 25333 BG,მიკროტალღური ღუმელი BEKO MGB 25333 BG | Superi.ge,title-ს | Superi.ge აკლია
1230,https://superi.ge/samsung-me81krw-1/,მიკროტალღური ღუმელი SAMSUNG ME81KRW-1,მიკროტალღური ღუმელი SAMSUNG ME81KRW-1 | Superi.ge,title-ს | Superi.ge აკლია
1474,https://superi.ge/bosch-bel653mw3/,მიკროტალღური ღუმელი BOSCH BEL653MW3,მიკროტალღური ღუმელი BOSCH BEL653MW3 | Superi.ge,title-ს | Superi.ge აკლია
1746,https://superi.ge/samsung-ms23a7013ab-bw/,მიკროტალღური ღუმელი SAMSUNG MS23A7013AB/BW,მიკროტალღური ღუმელი SAMSUNG MS23A7013AB/BW | Superi.ge,title-ს | Superi.ge აკლია
1762,https://superi.ge/samsung-me83xr/,მიკროტალღური ღუმელი SAMSUNG ME83XR,მიკროტალღური ღუმელი SAMSUNG ME83XR | Superi.ge,title-ს | Superi.ge აკლია
1999,https://superi.ge/samsung-ms20a7013ab-bw/,მიკროტალღური ღუმელი SAMSUNG MS20A7013AB/BW,მიკროტალღური ღუმელი SAMSUNG MS20A7013AB/BW | Superi.ge,title-ს | Superi.ge აკლია
2000,https://superi.ge/ardesto-go-e865b/,მიკროტალღური ღუმელი ARDESTO GO-E865B,მიკროტალღური ღუმელი ARDESTO GO-E865B | Superi.ge,title-ს | Superi.ge აკლია
2002,https://superi.ge/samsung-mg23t5018ap-bw/,მიკროტალღური ღუმელი SAMSUNG MG23T5018AP/BW,მიკროტალღური ღუმელი SAMSUNG MG23T5018AP/BW | Superi.ge,title-ს | Superi.ge აკლია
2187,https://superi.ge/bosch-fel053ms2/,მიკროტალღური ღუმელი BOSCH FEL053MS2,მიკროტალღური ღუმელი BOSCH FEL053MS2 | Superi.ge,title-ს | Superi.ge აკლია
2459,https://superi.ge/gorenje-mo20a3x/,მიკროტალღური ღუმელი GORENJE MO20A3X,მიკროტალღური ღუმელი GORENJE MO20A3X | Superi.ge,title-ს | Superi.ge აკლია
2488,https://superi.ge/samsung-ms23a7118aw-bw/,მიკროტალღური ღუმელი SAMSUNG MS23A7118AW/BW,მიკროტალღური ღუმელი SAMSUNG MS23A7118AW/BW | Superi.ge,title-ს | Superi.ge აკლია
2676,https://superi.ge/gorenje-mo17e1s/,მიკროტალღური ღუმელი GORENJE MO17E1S,მიკროტალღური ღუმელი GORENJE MO17E1S | Superi.ge,title-ს | Superi.ge აკლია
2719,https://superi.ge/midea-am823a2at-b/,მიკროტალღური ღუმელი MIDEA AM823A2AT-B,მიკროტალღური ღუმელი MIDEA AM823A2AT-B | Superi.ge,title-ს | Superi.ge აკლია
2814,https://superi.ge/midea-mm7p012mz-b/,მიკროტალღური ღუმელი MIDEA MM7P012MZ-B,მიკროტალღური ღუმელი MIDEA MM7P012MZ-B | Superi.ge,title-ს | Superi.ge აკლია
2826,https://superi.ge/bosch-ffl020mw0/,მიკროტალღური ღუმელი BOSCH FFL020MW0,მიკროტალღური ღუმელი BOSCH FFL020MW0 | Superi.ge,title-ს | Superi.ge აკლია
2827,https://superi.ge/bosch-bel653mb3/,მიკროტალღური ღუმელი BOSCH BEL653MB3,მიკროტალღური ღუმელი BOSCH BEL653MB3 | Superi.ge,title-ს | Superi.ge აკლია
2840,https://superi.ge/bosch-bfl524mw0/,მიკროტალღური ღუმელი BOSCH BFL524MW0,მიკროტალღური ღუმელი BOSCH BFL524MW0 | Superi.ge,title-ს | Superi.ge აკლია
2893,https://superi.ge/samsung-mg23k3515ak-bw/,მიკროტალღური ღუმელი SAMSUNG MG23K3515AK/BW,მიკროტალღური ღუმელი SAMSUNG MG23K3515AK/BW | Superi.ge,title-ს | Superi.ge აკლია
3074,https://superi.ge/gorenje-mo17e1wh/,მიკროტალღური ღუმელი GORENJE MO17E1WH,მიკროტალღური ღუმელი GORENJE MO17E1WH | Superi.ge,title-ს | Superi.ge აკლია
3156,https://superi.ge/gorenje-mo17e1bh/,მიკროტალღური ღუმელი GORENJE MO17E1BH,მიკროტალღური ღუმელი GORENJE MO17E1BH | Superi.ge,title-ს | Superi.ge აკლია
3226,https://superi.ge/lg-ms2535gib-neochef/,მიკროტალღური ღუმელი LG MS2535GIB NeoChef ™,მიკროტალღური ღუმელი LG MS2535GIB NeoChef ™ | Superi.ge,title-ს | Superi.ge აკლია
3229,https://superi.ge/bosch-bfl7221b1/,ჩასაშენებელი მიკროტალღური ღუმელი BOSCH BFL7221B1,ჩასაშენებელი მიკროტალღური ღუმელი BOSCH BFL7221B1 | Superi.ge,title-ს | Superi.ge აკლია
5261,https://superi.ge/midea-mco82007pbg-i/,ჩასაშენებელი მიკროტალღური MIDEA MCO82007PBG-I,ჩასაშენებელი მიკროტალღური ღუმელი MIDEA MCO82007PBG-I | Superi.ge,title-ს | Superi.ge აკლია
12717,https://superi.ge/gorenje-bm235cli/,ჩასაშენებელი მიკროტალღური ღუმელი Gorenje BM235CLI ბეჟი | Superi.ge,ჩასაშენებელი მიკროტალღური ღუმელი Gorenje BM235CLI ბეჟი,title > 65
13059,https://superi.ge/samsung-mg23a7013aa-bw/,ჩასაშენებელი მიკროტალღური ღუმელი Samsung MG23A7013AA/BW | Superi.ge,ჩასაშენებელი მიკროტალღური ღუმელი Samsung MG23A7013AA/BW,title > 65
13196,https://superi.ge/samsung-ms23a7013at-bw/,ჩასაშენებელი მიკროტალღური ღუმელი SAMSUNG MS23A7013AT/BW | Superi.ge,ჩასაშენებელი მიკროტალღური ღუმელი SAMSUNG MS23A7013AT/BW,title > 65
13718,https://superi.ge/samsung-mg23a7118ak-bw/,ჩასაშენებელი მიკროტალღური ღუმელი SAMSUNG MG23A7118AK/BW | Superi.ge,ჩასაშენებელი მიკროტალღური ღუმელი SAMSUNG MG23A7118AK/BW,title > 65
1996,https://superi.ge/aston-martin-5db11/,ელექტრო მანქანა ASTON MARTIN 5DB11,ელექტრო მანქანა ASTON MARTIN 5DB11 | Superi.ge,title-ს | Superi.ge აკლია
1997,https://superi.ge/bmw-5ft-968/,ელექტრო მანქანა BMW 5FT-968|Superi.ge,ელექტრო მანქანა BMW 5FT-968 | Superi.ge,title-ს | Superi.ge აკლია
1325,https://superi.ge/hyundai-gm105fqs-7hp/,ხელის ტრაქტორი HYUNDAI GM105FQS 7HP,ხელის ტრაქტორი HYUNDAI GM105FQS-G 7HP | Superi.ge,title-ს | Superi.ge აკლია
1326,https://superi.ge/hecht-752/,კულტივატორი HECHT 752|Superi.ge,კულტივატორი HECHT 752 | Superi.ge,title-ს | Superi.ge აკლია
1327,https://superi.ge/royal-turbo-rt1000-170f-7hp/,ხელის ტრაქტორი ROYAL TURBO RT1000 170F 7HP,ხელის ტრაქტორი ROYAL TURBO RT1000 170F 7HP | Superi.ge,title-ს | Superi.ge აკლია
1330,https://superi.ge/royal-2-r2-1000bg/,ხელის ტრაქტორი ROYAL-2 R2 1000BG,ხელის ტრაქტორი ROYAL-2 R2 1000BG | Superi.ge,title-ს | Superi.ge აკლია
1331,https://superi.ge/royal-turbo-rtgt186fae/,ხელის ტრაქტორი ROYAL TURBO RTGT186FAE,ხელის ტრაქტორი ROYAL TURBO RTGT186FAE | Superi.ge,title-ს | Superi.ge აკლია
1332,https://superi.ge/hyundai-hy1100c-6-7-hp/,ხელის ტრაქტორი HYUNDAI HY1100C-6 7 HP,ხელის ტრაქტორი HYUNDAI HY1100C-6 7 HP | Superi.ge,title-ს | Superi.ge აკლია
1334,https://superi.ge/royal-turbo-rt1000bg/,ხელის ტრაქტორი ROYAL TURBO RT1000BG,ხელის ტრაქტორი ROYAL TURBO RT1000BG | Superi.ge,title-ს | Superi.ge აკლია
1343,https://superi.ge/bauma-premium-bm1100c-7-hp/,ხელის ტრაქტორი BAUMA PREMIUM BM1100C 7 HP,ხელის ტრაქტორი BAUMA PREMIUM BM1100C 7 HP | Superi.ge,title-ს | Superi.ge აკლია
1345,https://superi.ge/storm-st1000b-170f/,ხელის ტრაქტორი STORM ST1000B 170F,ხელის ტრაქტორი STORM ST1000B 170F | Superi.ge,title-ს | Superi.ge აკლია
1346,https://superi.ge/royal-turbo-rt177/,ხელის ტრაქტორი ROYAL TURBO RT177,ხელის ტრაქტორი ROYAL TURBO RT177 | Superi.ge,title-ს | Superi.ge აკლია
1347,https://superi.ge/bauma-premium-bm1000n-7-hp/,ხელის ტრაქტორი BAUMA PREMIUM BM1000N 7 HP,ხელის ტრაქტორი BAUMA PREMIUM BM1000N 7 HP | Superi.ge,title-ს | Superi.ge აკლია
1491,https://superi.ge/hyundai-gm105fqs-l/,ხელის ტრაქტორი HYUNDAI GM105FQS-L,ხელის ტრაქტორი HYUNDAI GM105FQS-L | Superi.ge,title-ს | Superi.ge აკლია
1492,https://superi.ge/hyundai-gm115fqe-7hp/,ხელის ტრაქტორი HYUNDAI GM115FQE 7HP,ხელის ტრაქტორი HYUNDAI GM115FQE 7HP | Superi.ge,title-ს | Superi.ge აკლია
1494,https://superi.ge/hyundai-gm115fq-7hp/,ხელის ტრაქტორი HYUNDAI GM115FQ 7HP,ხელის ტრაქტორი HYUNDAI GM115FQ 7HP | Superi.ge,title-ს | Superi.ge აკლია
10239,https://superi.ge/bauma-premium-bm1100d-6-9-hp/,ხელის მოტობლოკი BAUMA Premium BM1100D-6 9 hp რაზდატკით | Superi.ge,ხელის მოტობლოკი BAUMA Premium BM1100D-6 9 hp რაზდატკით,title > 65
1497,https://superi.ge/remeza-sb4-c-50-j1047b/,კომპრესორი REMEZA SB4/C-50.J1047B,კომპრესორი REMEZA SB4/C-50.J1047B | Superi.ge,title-ს | Superi.ge აკლია
1498,https://superi.ge/ingco-ac25508/,კომპრესორი INGCO AC25508|Superi.ge,კომპრესორი INGCO AC25508 | Superi.ge,title-ს | Superi.ge აკლია
1499,https://superi.ge/remeza-sb4-c-50-j1048b/,კომპრესორი REMEZA SB4/C-50.J1048B,კომპრესორი REMEZA SB4/C-50.J1048B | Superi.ge,title-ს | Superi.ge აკლია
1503,https://superi.ge/ingco-ac301008/,ჰაერის კომპრესორი INGCO AC301008,ჰაერის კომპრესორი INGCO AC301008 | Superi.ge,title-ს | Superi.ge აკლია
1508,https://superi.ge/remeza-sb4-f-270-lb50/,კომპრესორი REMEZA SB4/F-270.LB50,კომპრესორი REMEZA SB4/F-270.LB50 | Superi.ge,title-ს | Superi.ge აკლია
1509,https://superi.ge/remeza-sb4-f-270-lb75/,კომპრესორი REMEZA SB4/F-270.LB75,კომპრესორი REMEZA SB4/F-270.LB75 | Superi.ge,title-ს | Superi.ge აკლია
1510,https://superi.ge/remeza-sb4-f-500-lb75/,კომპრესორი REMEZA SB4/F-500.LB75,კომპრესორი REMEZA SB4/F-500.LB75 | Superi.ge,title-ს | Superi.ge აკლია
1515,https://superi.ge/dingqi-10080105/,ჰაერის კომპრესორი DINGQI 10080105,ჰაერის კომპრესორი DINGQI 10080105 | Superi.ge,title-ს | Superi.ge აკლია
1516,https://superi.ge/hecht-2026/,ჰაერის კომპრესორი HECHT 2026|Superi.ge,ჰაერის კომპრესორი HECHT 2026 | Superi.ge,title-ს | Superi.ge აკლია
2613,https://superi.ge/ronix-rc-5010/,ჰაერის კომპრესორი RONIX RC-5010,ჰაერის კომპრესორი RONIX RC-5010 | Superi.ge,title-ს | Superi.ge აკლია
6333,https://superi.ge/160l4-kotumy-ld1115-8800-w/,ჰაერის კომპრესორი სამედიცინო 160L*4/KOTUMY LD1115 (8800 W) | Superi.ge,ჰაერის კომპრესორი სამედიცინო 160L*4/KOTUMY LD1115 (8800 W),title > 65
1822,https://superi.ge/harman-kardon-fly-tws/,ყურსასმენი HARMAN/KARDON FLY TWS,ყურსასმენი HARMAN/KARDON FLY TWS | Superi.ge,title-ს | Superi.ge აკლია
2883,https://superi.ge/marshall-major-v-black/,ყურსასმენი MARSHALL MAJOR V BLACK,ყურსასმენი MARSHALL MAJOR V BLACK | Superi.ge,title-ს | Superi.ge აკლია
8581,https://superi.ge/apple-airpods-4-with-active-noise-cancellation/,ყურსასმენი APPLE AirPods 4 with Active Noise Cancellation | Superi.ge,ყურსასმენი APPLE AirPods 4 with Active Noise Cancellation,title > 65
15654,https://superi.ge/genius-hs-m360/,"ყურში ჩასადები ყურსასმენი Genius HS-M360, ვერცხლისფერი | Superi.ge","ყურში ჩასადები ყურსასმენი Genius HS-M360, ვერცხლისფერი",title > 65
15659,https://superi.ge/genius-hs-04s-23-5/,"ყურზე დასადები ყურსასმენი Genius HS-04S (2×3.5 მმ), ლურჯი | Superi.ge","ყურზე დასადები ყურსასმენი Genius HS-04S (2×3.5 მმ), ლურჯი",title > 65
15665,https://superi.ge/genius-hs-820bt-bluetooth/,"ყურზე დასადები ყურსასმენი Genius HS-820BT Bluetooth, შავი | Superi.ge","ყურზე დასადები ყურსასმენი Genius HS-820BT Bluetooth, შავი",title > 65
15672,https://superi.ge/logitech-h110/,"ყურზე დასადები ყურსასმენი Logitech H110, მუქი ნაცრისფერი | Superi.ge","ყურზე დასადები ყურსასმენი Logitech H110, მუქი ნაცრისფერი",title > 65
15694,https://superi.ge/razer-kraken-kitty-v2-bt-ka-2/,"გეიმინგ ყურსასმენი Razer Kraken Kitty V2 BT, ვარდისფერი | Superi.ge","გეიმინგ ყურსასმენი Razer Kraken Kitty V2 BT, ვარდისფერი",title > 65
663,https://superi.ge/gorenje-f492pw/,საყინულე GORENJE F492PW|Superi.ge,საყინულე GORENJE F492PW | Superi.ge,title-ს | Superi.ge აკლია
1321,https://superi.ge/camry-cr8073/,ყინულის აპარატი CAMRY CR8073|Superi.ge,ყინულის აპარატი CAMRY CR8073 | Superi.ge,title-ს | Superi.ge აკლია
1760,https://superi.ge/vestel-rn270fr3ei-w/,საყინულე VESTEL RN270FR3EI-W|Superi.ge,საყინულე VESTEL RN270FR3EI-W | Superi.ge,title-ს | Superi.ge აკლია
1959,https://superi.ge/hisense-fc-26dd4sa/,საყინულე HISENSE FC-26DD4SA|Superi.ge,საყინულე HISENSE FC-26DD4SA | Superi.ge,title-ს | Superi.ge აკლია
2862,https://superi.ge/alneo-s13ow01-400/,საყინულე მაცივარი ALNEO S13OW01 (400ლ),საყინულე მაცივარი ALNEO S13OW01 (400ლ) | Superi.ge,title-ს | Superi.ge აკლია
2905,https://superi.ge/franko-fcf-294dw-295/,საყინულე FRANKO FCF-294DW (295ლ),საყინულე FRANKO FCF-294DW (295ლ) | Superi.ge,title-ს | Superi.ge აკლია
2906,https://superi.ge/franko-fcf-142dw-139/,საყინულე FRANKO FCF-142DW (139ლ),საყინულე FRANKO FCF-142DW (139ლ) | Superi.ge,title-ს | Superi.ge აკლია
2907,https://superi.ge/franko-fcf-198dw-198/,საყინულე FRANKO FCF-198DW (198ლ),საყინულე FRANKO FCF-198DW (198ლ) | Superi.ge,title-ს | Superi.ge აკლია
2908,https://superi.ge/franko-fcf-249dw-245/,საყინულე FRANKO FCF-249DW (245ლ),საყინულე FRANKO FCF-249DW (245ლ) | Superi.ge,title-ს | Superi.ge აკლია
2932,https://superi.ge/ardesto-frm-145ecm-142/,საყინულე ARDESTO FRM-145ECM (142ლ),საყინულე ARDESTO FRM-145ECM (142ლ) | Superi.ge,title-ს | Superi.ge აკლია
2933,https://superi.ge/ardesto-frm-200ecm-195/,საყინულე ARDESTO FRM-200ECM (195ლ),საყინულე ARDESTO FRM-200ECM (195ლ) | Superi.ge,title-ს | Superi.ge აკლია
2934,https://superi.ge/ardesto-urm-85m90-83/,საყინულე ARDESTO URM-85M90 (83ლ),საყინულე ARDESTO URM-85M90 (83ლ) | Superi.ge,title-ს | Superi.ge აკლია
2935,https://superi.ge/ardesto-frm-250ecm-249/,საყინულე ARDESTO FRM-250ECM (249ლ),საყინულე ARDESTO FRM-250ECM (249ლ) | Superi.ge,title-ს | Superi.ge აკლია
2939,https://superi.ge/franko-fcf-350dw-347l/,საყინულე FRANKO FCF-350DW (347L),საყინულე FRANKO FCF-350DW (347L) | Superi.ge,title-ს | Superi.ge აკლია
2940,https://superi.ge/franko-fcf-400dw-400l/,საყინულე FRANKO FCF-400DW (400L),საყინულე FRANKO FCF-400DW (400L) | Superi.ge,title-ს | Superi.ge აკლია
2976,https://superi.ge/vox-em2101/,ყინულის აპარატი VOX EM2101,ყინულის აპარატი VOX EM2101 | Superi.ge,title-ს | Superi.ge აკლია
3023,https://superi.ge/gorenje-fn619few5/,საყინულე GORENJE FN619FEW5,საყინულე GORENJE FN619FEW5 | Superi.ge,title-ს | Superi.ge აკლია
3025,https://superi.ge/gorenje-imd1200sb/,ყინულის აპარატი GORENJE IMD1200SB,ყინულის აპარატი GORENJE IMD1200SB | Superi.ge,title-ს | Superi.ge აკლია
3088,https://superi.ge/sharp-scf-k520h-wh3-380l/,საყინულე SHARP SCF-K520H-WH3 (380L),საყინულე SHARP SCF-K520H-WH3 (380L) | Superi.ge,title-ს | Superi.ge აკლია
3089,https://superi.ge/sharp-scf-k440h-wh3-316l/,საყინულე SHARP SCF-K440H-WH3 (316L),საყინულე SHARP SCF-K440H-WH3 (316L) | Superi.ge,title-ს | Superi.ge აკლია
3090,https://superi.ge/sharp-scf-k350h-wh3-251l/,საყინულე SHARP SCF-K350H-WH3 (251L),საყინულე SHARP SCF-K350H-WH3 (251L) | Superi.ge,title-ს | Superi.ge აკლია
3091,https://superi.ge/sharp-scf-k270h-wh3-200l/,საყინულე SHARP SCF-K270H-WH3 (200L),საყინულე SHARP SCF-K270H-WH3 (200L) | Superi.ge,title-ს | Superi.ge აკლია
3092,https://superi.ge/sharp-scf-k200hl-wh3-145l/,საყინულე SHARP SCF-K200HL-WH3 (145L),საყინულე SHARP SCF-K200HL-WH3 (145L) | Superi.ge,title-ს | Superi.ge აკლია
3180,https://superi.ge/gorenje-fh50bpw-500l/,საყინულე GORENJE FH50BPW (500L),საყინულე GORENJE FH50BPW (500L) | Superi.ge,title-ს | Superi.ge აკლია
5091,https://superi.ge/bosch-gsn36vw31u/,საყინულე BOSCH GSN36VW31U - Superi.ge,საყინულე BOSCH GSN36VW31U | Superi.ge,title-ს | Superi.ge აკლია
1716,https://superi.ge/zilan-zln1112/,ვენტილატორი ZILAN ZLN1112,ვენტილატორი ZILAN ZLN1112 | Superi.ge,title-ს | Superi.ge აკლია
1755,https://superi.ge/franko-fsf-1213/,ვენტილატორი FRANKO FSF-1213,ვენტილატორი FRANKO FSF-1213 | Superi.ge,title-ს | Superi.ge აკლია
1827,https://superi.ge/zilan-zln1314/,ვენტილატორი ZILAN ZLN1314|Superi.ge,ვენტილატორი ZILAN ZLN1314 | Superi.ge,title-ს | Superi.ge აკლია
1980,https://superi.ge/zilan-zln1307/,ჰაერის გამაგრილებელი ZILAN ZLN1307,ჰაერის გამაგრილებელი ZILAN ZLN1307 | Superi.ge,title-ს | Superi.ge აკლია
2087,https://superi.ge/arshia-fa128-2579/,ვენტილატორი ARSHIA FA128-2579|Superi.ge,ვენტილატორი ARSHIA FA128-2579 | Superi.ge,title-ს | Superi.ge აკლია
2856,https://superi.ge/sencor-sfn-4080wh/,ვენტილატორი SENCOR SFN 4080WH,ვენტილატორი SENCOR SFN 4080WH | Superi.ge,title-ს | Superi.ge აკლია
2896,https://superi.ge/zilan-zln3390/,ჰაერის გამაგრილებელი ZILAN ZLN3390,ჰაერის გამაგრილებელი ZILAN ZLN3390 | Superi.ge,title-ს | Superi.ge აკლია
2993,https://superi.ge/midea-fs40-21mrb/,ვენტილატორი MIDEA FS40-21MRB,ვენტილატორი MIDEA FS40-21MR | Superi.ge,title-ს | Superi.ge აკლია
11844,https://superi.ge/crown-fs-1630/,Crown მძლავრი 6 ფრთიანი ვენტილატორი 16'' FS-1630,ვენტილატორი Crown FS-1630 | Superi.ge,title-ს | Superi.ge აკლია
11870,https://superi.ge/ilitek-il195/,ILITEK IL 195 იატაკზე დასადგამი ვენტილატორი 70 W თეთრი,ვენტილატორი ILITEK IL195 | Superi.ge,title-ს | Superi.ge აკლია
11871,https://superi.ge/xiaomi-mi-smart-standing-fan-2-lite-pyv4007gl-white/,ვენტილატორი Xiaomi Mi Smart Standing Fan 2 Lite PYV4007GL White | Superi.ge,ვენტილატორი Xiaomi Mi Smart Standing Fan 2 Lite PYV4007GL White,title > 65
11872,https://superi.ge/xiaomi-smart-standing-fan-pro-slim-bplds12dm-white/,ვენტილატორი Xiaomi Mijia Smart Pro Slim BPLDS12DM თეთრი,ვენტილატორი Xiaomi Smart Standing Fan Pro Slim (BPLDS12DM) White,title-ს | Superi.ge აკლია
12048,https://superi.ge/brillop-hq30-300bsr-2209b/,"ჰაერის გამაგრილებელი BRILLOP HQ30-300BSR-2209B წყლის, პულტით თეთრი | Superi.ge","ჰაერის გამაგრილებელი BRILLOP HQ30-300BSR-2209B წყლის, პულტით",title > 65
12050,https://superi.ge/aimon-100w-lf-401/,ჰაერის გამაგრილებელი AIMON 100W LF-401 დამატენიანებელი | Superi.ge,ჰაერის გამაგრილებელი AIMON 100W LF-401 დამატენიანებელი,title > 65
1110,https://superi.ge/microsoft-xbox-series-s-512gb-digital-white/,კონსოლი MICROSOFT XBOX SERIES S 512GB DIGITAL - WHITE,კონსოლი MICROSOFT XBOX SERIES S 512GB DIGITAL - WHITE | Superi.ge,title-ს | Superi.ge აკლია
1114,https://superi.ge/nba-2k23-game-for-ps5/,თამაში NBA 2K23 GAME FOR PS5,თამაში NBA 2K23 GAME FOR PS5 | Superi.ge,title-ს | Superi.ge აკლია
13472,https://superi.ge/nintendo-switch-2-console-mario-kart-world-bundle/,კონსოლი Nintendo Switch 2 Console - Mario Kart world Bundle | Superi.ge,კონსოლი Nintendo Switch 2 Console | Superi.ge,title > 65
15590,https://superi.ge/playstation-dualsense-ps5-cosmic-red/,უსადენო კონტროლერი PlayStation DualSense PS5 Cosmic Red | Superi.ge,უსადენო კონტროლერი PlayStation DualSense PS5 Cosmic Red,title > 65
15591,https://superi.ge/playstation-dualsense-ps5-galactic-purple/,უსადენო კონტროლერი PlayStation DualSense PS5 Galactic Purple | Superi.ge,უსადენო კონტროლერი PlayStation DualSense PS5 Galactic Purple,title > 65
15593,https://superi.ge/playstation-dualsense-ps5-midnight-black/,უსადენო კონტროლერი PlayStation DualSense PS5 Midnight Black | Superi.ge,უსადენო კონტროლერი PlayStation DualSense PS5 Midnight Black,title > 65
15595,https://superi.ge/playstation-dualsense-ps5-starlight-blue/,უსადენო კონტროლერი PlayStation DualSense PS5 Starlight Blue | Superi.ge,უსადენო კონტროლერი PlayStation DualSense PS5 Starlight Blue,title > 65
15597,https://superi.ge/playstation-dualsense-ps5-chroma-indigo/,უსადენო კონტროლერი PlayStation DualSense PS5 Chroma Indigo | Superi.ge,უსადენო კონტროლერი PlayStation DualSense PS5 Chroma Indigo,title > 65
15598,https://superi.ge/playstation-dualsense-ps5-chroma-pearl/,უსადენო კონტროლერი PlayStation DualSense PS5 Chroma Pearl | Superi.ge,უსადენო კონტროლერი PlayStation DualSense PS5 Chroma Pearl,title > 65
15600,https://superi.ge/playstation-5-dualsense-volcanic-red/,უსადენო კონტროლერი PlayStation 5 DualSense Volcanic Red | Superi.ge,უსადენო კონტროლერი PlayStation 5 DualSense Volcanic Red,title > 65
15601,https://superi.ge/playstation-5-dualsense-007-first-light-limited-edition/,უსადენო კონტროლერი PlayStation 5 DualSense 007 First Light Limited Edition | Superi.ge,უსადენო კონტროლერი PlayStation 5 DualSense 007 First Light,title > 65
15605,https://superi.ge/playstation-5-dualsense-edge-midnight-black/,უსადენო კონტროლერი PlayStation 5 DualSense Edge Midnight Black | Superi.ge,უსადენო კონტროლერი PlayStation 5 DualSense Edge Midnight Black,title > 65
15607,https://superi.ge/playstation-5-dualsense-white/,კონტროლერის დამტენი სადგური PlayStation 5 DualSense White | Superi.ge,კონტროლერის დამტენი სადგური PlayStation 5 DualSense White,title > 65
15611,https://superi.ge/playstation-5-pulse-elite-white-black/,უსადენო ყურსასმენი PlayStation 5 PULSE Elite White/Black | Superi.ge,უსადენო ყურსასმენი PlayStation 5 PULSE Elite White/Black,title > 65
15612,https://superi.ge/playstation-pulse-explore-white-black/,უსადენო ყურსასმენი PlayStation PULSE Explore White/Black | Superi.ge,უსადენო ყურსასმენი PlayStation PULSE Explore White/Black,title > 65
1753,https://superi.ge/braun-hm1010wh/,მიქსერი BRAUN HM1010WH,მიქსერი BRAUN HM1010WH | Superi.ge,title-ს | Superi.ge აკლია
1828,https://superi.ge/zilan-zln3185/,მიქსერი ZILAN ZLN3185|Superi.ge,მიქსერი ZILAN ZLN3185 | Superi.ge,title-ს | Superi.ge აკლია
2182,https://superi.ge/bosch-mfq4980b/,მიქსერი BOSCH MFQ4980B | Superi.ge | ონლაინ მაღაზია,მიქსერი BOSCH MFQ4980B | Superi.ge,title-ს | Superi.ge აკლია
2960,https://superi.ge/smeg-smf03creu/,მიქსერი SMEG SMF03CREU,მიქსერი SMEG SMF03CREU | Superi.ge,title-ს | Superi.ge აკლია
2961,https://superi.ge/smeg-smf03pgeu/,მიქსერი SMEG SMF03PGEU,მიქსერი SMEG SMF03PGEU | Superi.ge,title-ს | Superi.ge აკლია
3061,https://superi.ge/bosch-mfq40302/,მიქსერი BOSCH MFQ40302,მიქსერი BOSCH MFQ40302 | Superi.ge,title-ს | Superi.ge აკლია
3072,https://superi.ge/bosch-mfq3540/,მიქსერი BOSCH MFQ3540,მიქსერი BOSCH MFQ3540 | Superi.ge,title-ს | Superi.ge აკლია
3076,https://superi.ge/bosch-mfq364v0/,მიქსერი BOSCH MFQ364V0,მიქსერი BOSCH MFQ364V0 | Superi.ge,title-ს | Superi.ge აკლია
3080,https://superi.ge/bosch-mfq36460/,მიქსერი BOSCH MFQ36460,მიქსერი BOSCH MFQ36460 | Superi.ge,title-ს | Superi.ge აკლია
3157,https://superi.ge/bosch-mfq40304/,მიქსერი BOSCH MFQ40304,მიქსერი BOSCH MFQ40304 | Superi.ge,title-ს | Superi.ge აკლია
3302,https://superi.ge/gorenje-m450xg/,მიქსერი GORENJE M450XG | Superi.ge | ონლაინ მაღაზია,მიქსერი GORENJE M450XG | Superi.ge,title-ს | Superi.ge აკლია
6407,https://superi.ge/bosch-mfq3010/,მიქსერი BOSCH MFQ3010 - Superi.ge,მიქსერი BOSCH MFQ3010 | Superi.ge,title-ს | Superi.ge აკლია
1239,https://superi.ge/intex-28273/,კარკასული აუზი INTEX 28273|Superi.ge,აუზი INTEX 28273 | Superi.ge,title-ს | Superi.ge აკლია
1312,https://superi.ge/hecht-3690-bluesea/,აუზი HECHT 3690 BLUESEA|Superi.ge,აუზი HECHT 3690 BLUESEA | Superi.ge,title-ს | Superi.ge აკლია
1314,https://superi.ge/intex-28202/,აუზი INTEX 28202 ფილტრით|Superi.ge,აუზი INTEX 28202 ფილტრით | Superi.ge,title-ს | Superi.ge აკლია
1316,https://superi.ge/bestway-56677/,აუზი BESTWAY 56677,აუზი BESTWAY 56677 | Superi.ge,title-ს | Superi.ge აკლია
1317,https://superi.ge/intex-28118/,აუზი INTEX 28118 ფილტრით|Superi.ge,აუზი INTEX 28118 ფილტრით | Superi.ge,title-ს | Superi.ge აკლია
1543,https://superi.ge/intex-rainbow-57453/,აუზი INTEX RAINBOW 57453|Superi.ge,აუზი INTEX RAINBOW 57453 | Superi.ge,title-ს | Superi.ge აკლია
1569,https://superi.ge/intex-candy-57149/,აუზი INTEX CANDY 57149|Superi.ge,აუზი INTEX CANDY 57149 | Superi.ge,title-ს | Superi.ge აკლია
1977,https://superi.ge/intex-28130-easy-set/,აუზი INTEX 28130 EASY SET|Superi.ge,აუზი INTEX 28130 EASY SET | Superi.ge,title-ს | Superi.ge აკლია
2006,https://superi.ge/intex-28122-easy-set/,აუზი INTEX 28122 EASY SET|Superi.ge,აუზი INTEX 28122 EASY SET | Superi.ge,title-ს | Superi.ge აკლია
2010,https://superi.ge/bestway-56404-300x201x66/,აუზი BESTWAY 56404 (300x201x66 სმ),აუზი BESTWAY 56404 (300x201x66 სმ) | Superi.ge,title-ს | Superi.ge აკლია
2011,https://superi.ge/bestway-56950/,აუზი BESTWAY 56950,აუზი BESTWAY (56950) 427 x 107 სმ | Superi.ge,title-ს | Superi.ge აკლია
2012,https://superi.ge/intex-57558/,საცურაო აქსესუარი INTEX 57558|Superi.ge,საცურაო აქსესუარი INTEX 57558 | Superi.ge,title-ს | Superi.ge აკლია
2015,https://superi.ge/bestway-56406-305-x-76/,აუზი BESTWAY 56406 (305 X 76 სმ),აუზი BESTWAY 56406 (305 X 76 სმ) | Superi.ge,title-ს | Superi.ge აკლია
2017,https://superi.ge/intex-57444/,მინი აკვაპარკი INTEX 57444|Superi.ge,მინი აკვაპარკი INTEX 57444 | Superi.ge,title-ს | Superi.ge აკლია
2023,https://superi.ge/intex-58894/,გასაბერი ლეიბი INTEX 58894|Superi.ge,გასაბერი ლეიბი INTEX 58894 | Superi.ge,title-ს | Superi.ge აკლია
2031,https://superi.ge/intex-26700-305-x-76/,აუზი INTEX 26700 (305 x 76 სმ),აუზი INTEX 26700 (305 x 76 სმ) | Superi.ge,title-ს | Superi.ge აკლია
2035,https://superi.ge/intex-28030-305/,აუზის ტენტი INTEX 28030 305სმ|Superi.ge,აუზის ტენტი INTEX 28030 305სმ | Superi.ge,title-ს | Superi.ge აკლია
2038,https://superi.ge/intex-57135/,მინი აკვაპარკი INTEX 57135|Superi.ge,მინი აკვაპარკი INTEX 57135 | Superi.ge,title-ს | Superi.ge აკლია
2057,https://superi.ge/intex-28120-easy-set-76-x-305/,აუზი INTEX 28120 EASY SET 76 x 305 სმ,აუზი INTEX 28120 EASY SET 76 x 305 სმ | Superi.ge,title-ს | Superi.ge აკლია
2058,https://superi.ge/bestway-56595-427-x-84/,აუზი BESTWAY 56595 (427 x 84 სმ),აუზი BESTWAY 56595 (427 x 84 სმ) | Superi.ge,title-ს | Superi.ge აკლია
2059,https://superi.ge/intex-28142-84-x-396/,აუზი INTEX 28142 (84 x 396 სმ),აუზი INTEX 28142 (84 x 396 სმ) | Superi.ge,title-ს | Superi.ge აკლია
2062,https://superi.ge/bestway-56260-100-x-366/,აუზი BESTWAY 56260 (100 x 366 სმ),აუზი BESTWAY 56260 (100 x 366 სმ) | Superi.ge,title-ს | Superi.ge აკლია
2064,https://superi.ge/bestway-5612x/,კარკასული აუზი BESTWAY 5612X (15232 ლტ) |Superi.ge,კარკასული აუზი BESTWAY 5612X (15232 ლტ) | Superi.ge,title-ს | Superi.ge აკლია
2065,https://superi.ge/bestway-57458-305-x-66/,აუზი BESTWAY 57458 (305 X 66 სმ),აუზი BESTWAY 57458 (305 X 66 სმ) | Superi.ge,title-ს | Superi.ge აკლია
2070,https://superi.ge/intex-26790-400x200x122/,აუზი INTEX 26790 (400X200X122 სმ),აუზი INTEX 26790 (400X200X122 სმ) | Superi.ge,title-ს | Superi.ge აკლია
6434,https://superi.ge/bestway-561gd-457107/,კარკასული აუზი BESTWAY (561GD) დიოდური ნათებით 457*107 სმ | Superi.ge,კარკასული აუზი BESTWAY (561GD) დიოდური ნათებით 457*107 სმ,title > 65
1712,https://superi.ge/royal-turbo-rt-cg-520y-yellow/,სათიბი ROYAL TURBO RT CG 520Y YELLOW,სათიბი ROYAL TURBO RT CG 520Y YELLOW | Superi.ge,title-ს | Superi.ge აკლია
1802,https://superi.ge/royal-turbo-cg520g/,სათიბი ROYAL TURBO CG520G|Superi.ge,სათიბი ROYAL TURBO CG520G | Superi.ge,title-ს | Superi.ge აკლია
2074,https://superi.ge/total-tg103512-350w/,ბალახის სათიბი TOTAL TG103512 (350W),ბალახის სათიბი TOTAL TG103512 (350W) | Superi.ge,title-ს | Superi.ge აკლია
1936,https://superi.ge/ardesto-cremona-ar2926bc/,თეფში ARDESTO CREMONA AR2926BC,თეფში ARDESTO CREMONA AR2926BC | Superi.ge,title-ს | Superi.ge აკლია
1937,https://superi.ge/ardesto-bagheria-ar2926wgc/,თეფში ARDESTO BAGHERIA AR2926WGC,თეფში ARDESTO BAGHERIA AR2926WGC | Superi.ge,title-ს | Superi.ge აკლია
1938,https://superi.ge/ardesto-ar2919ggc/,თეფში ARDESTO AR2919GGC|Superi.ge,თეფში ARDESTO AR2919GGC | Superi.ge,title-ს | Superi.ge აკლია
1940,https://superi.ge/luminarc-carine-19/,თეფში LUMINARC CARINE 19 სმ|Superi.ge,თეფში LUMINARC CARINE 19 სმ | Superi.ge,title-ს | Superi.ge აკლია
1990,https://superi.ge/total-tht141451/,ინსტრუმენტების ნაკრები TOTAL THT141451,ინსტრუმენტების ნაკრები TOTAL THT141451 | Superi.ge,title-ს | Superi.ge აკლია
145,https://superi.ge/samsung-dw60m5052fw/,ჭურჭლის სარეცხი მანქანა SAMSUNG DW60M5052FW,ჭურჭლის სარეცხი მანქანა SAMSUNG DW60M5052FW | Superi.ge,title-ს | Superi.ge აკლია
146,https://superi.ge/samsung-dw60m5052fs/,ჭურჭლის სარეცხი მანქანა SAMSUNG DW60M5052FS,გ | Superi.ge,title-ს | Superi.ge აკლია
851,https://superi.ge/gorenje-gs541d10x/,ჭურჭლის სარეცხი მანქანა GORENJE GS541D10X,ჭურჭლის სარეცხი მანქანა GORENJE GS541D10X | Superi.ge,title-ს | Superi.ge აკლია
858,https://superi.ge/beko-dvn05321b/,ჭურჭლის სარეცხი მანქანა BEKO DVN05321B,ჭურჭლის სარეცხი მანქანა BEKO DVN05321B | Superi.ge,title-ს | Superi.ge აკლია
1026,https://superi.ge/beko-bdfn26430xc/,ჭურჭლის სარეცხი მანქანა BEKO BDFN26430XC,ჭურჭლის სარეცხი მანქანა BEKO BDFN26430XC | Superi.ge,title-ს | Superi.ge აკლია
1030,https://superi.ge/gorenje-gs62040w/,ჭურჭლის სარეცხი მანქანა GORENJE GS62040W,ჭურჭლის სარეცხი მანქანა GORENJE GS62040W | Superi.ge,title-ს | Superi.ge აკლია
1251,https://superi.ge/vestfrost-vfa2bfs60d/,ჭურჭლის სარეცხი მანქანა VESTFROST VFA2BFS60D,ჭურჭლის სარეცხი მანქანა VESTFROST VFA2BFS60D | Superi.ge,title-ს | Superi.ge აკლია
1252,https://superi.ge/vestfrost-vfa2wfs60d/,ჭურჭლის სარეცხი მანქანა VESTFROST VFA2WFS60D,ჭურჭლის სარეცხი მანქანა VESTFROST VFA2WFS60D | Superi.ge,title-ს | Superi.ge აკლია
1253,https://superi.ge/vestfrost-vfa2dsfs60/,ჭურჭლის სარეცხი მანქანა VESTFROST VFA2DSFS60,ჭურჭლის სარეცხი მანქანა VESTFROST VFA2DSFS60 | Superi.ge,title-ს | Superi.ge აკლია
1264,https://superi.ge/beko-dvs050r02s/,ჭურჭლის სარეცხი მანქანა BEKO DVS050R02S,ჭურჭლის სარეცხი მანქანა BEKO DVS050R02S | Superi.ge,title-ს | Superi.ge აკლია
1441,https://superi.ge/beko-dvn05320w/,ჭურჭლის სარეცხი მანქანა BEKO DVN05320W,ჭურჭლის სარეცხი მანქანა BEKO DVN05320W | Superi.ge,title-ს | Superi.ge აკლია
1469,https://superi.ge/vestel-dwa1b3bow/,ჭურჭლის სარეცხი მანქანა VESTEL DWA1B3BOW,ჭურჭლის სარეცხი მანქანა VESTEL DWA1B3BOW | Superi.ge,title-ს | Superi.ge აკლია
1470,https://superi.ge/bosch-smv25bx02r/,ჭურჭლის სარეცხი მანქანა BOSCH SMV25BX02R,ჭურჭლის სარეცხი მანქანა BOSCH SMV25BX02R | Superi.ge,title-ს | Superi.ge აკლია
1472,https://superi.ge/bosch-smi50d05tr/,ჭურჭლის სარეცხი მანქანა BOSCH SMI50D05TR,ჭურჭლის სარეცხი მანქანა BOSCH SMI50D05TR | Superi.ge,title-ს | Superi.ge აკლია
1483,https://superi.ge/bosch-sms45dw10q/,ჭურჭლის სარეცხი მანქანა BOSCH SMS45DW10Q,ჭურჭლის სარეცხი მანქანა BOSCH SMS45DW10Q | Superi.ge,title-ს | Superi.ge აკლია
1532,https://superi.ge/toshiba-dw-14f1cis-w/,ჭურჭლის სარეცხი მანქანა TOSHIBA DW-14F1CIS (W),ჭურჭლის სარეცხი მანქანა TOSHIBA DW-14F1CIS (W) | Superi.ge,title-ს | Superi.ge აკლია
1763,https://superi.ge/bosch-sms43d08me/,ჭურჭლის სარეცხი მანქანა BOSCH SMS43D08ME,ჭურჭლის სარეცხი მანქანა BOSCH SMS43D08ME | Superi.ge,title-ს | Superi.ge აკლია
2180,https://superi.ge/bosch-sms45di10q/,ჭურჭლის სარეცხი მანქანა BOSCH SMS45DI10Q,ჭურჭლის სარეცხი მანქანა BOSCH SMS45DI10Q | Superi.ge,title-ს | Superi.ge აკლია
2447,https://superi.ge/bosch-sms4hmb62t/,ჭურჭლის სარეცხი მანქანა BOSCH SMS4HMB62T,ჭურჭლის სარეცხი მანქანა BOSCH SMS4HMB62T | Superi.ge,title-ს | Superi.ge აკლია
2818,https://superi.ge/bosch-sms43d02me/,ჭურჭლის სარეცხი მანქანა BOSCH SMS43D02ME,ჭურჭლის სარეცხი მანქანა BOSCH SMS43D02ME | Superi.ge,title-ს | Superi.ge აკლია
2819,https://superi.ge/gorenje-gv62040/,ჭურჭლის სარეცხი მანქანა GORENJE GV62040,ჭურჭლის სარეცხი მანქანა GORENJE GV62040 | Superi.ge,title-ს | Superi.ge აკლია
2820,https://superi.ge/gorenje-gs541d10w/,ჭურჭლის სარეცხი მანქანა GORENJE GS541D10W,ჭურჭლის სარეცხი მანქანა GORENJE GS541D10W | Superi.ge,title-ს | Superi.ge აკლია
2821,https://superi.ge/gorenje-gi62040x/,ჭურჭლის სარეცხი მანქანა GORENJE GI62040X,ჭურჭლის სარეცხი მანქანა GORENJE GI62040X | Superi.ge,title-ს | Superi.ge აკლია
2822,https://superi.ge/bosch-smv6ecx51e/,ჭურჭლის სარეცხი მანქანა BOSCH SMV6ECX51E,ჭურჭლის სარეცხი მანქანა BOSCH SMV6ECX51E | Superi.ge,title-ს | Superi.ge აკლია
2824,https://superi.ge/gorenje-gi520e15x/,ჭურჭლის სარეცხი მანქანა GORENJE GI520E15X,ჭურჭლის სარეცხი მანქანა GORENJE GI520E15X | Superi.ge,title-ს | Superi.ge აკლია
2825,https://superi.ge/gorenje-gs520e15w/,ჭურჭლის სარეცხი მანქანა GORENJE GS520E15W,ჭურჭლის სარეცხი მანქანა GORENJE GS520E15W | Superi.ge,title-ს | Superi.ge აკლია
2832,https://superi.ge/bosch-smv25cx10q/,ჭურჭლის სარეცხი მანქანა BOSCH SMV25CX10Q,ჭურჭლის სარეცხი მანქანა BOSCH SMV25CX10Q | Superi.ge,title-ს | Superi.ge აკლია
2833,https://superi.ge/bosch-sms44dw01t/,ჭურჭლის სარეცხი მანქანა BOSCH SMS44DW01T,ჭურჭლის სარეცხი მანქანა BOSCH SMS44DW01T | Superi.ge,title-ს | Superi.ge აკლია
2834,https://superi.ge/bosch-smi46ks00t/,ჭურჭლის სარეცხი მანქანა BOSCH SMI46KS00T,ჭურჭლის სარეცხი მანქანა BOSCH SMI46KS00T | Superi.ge,title-ს | Superi.ge აკლია
2835,https://superi.ge/gorenje-gv531e10/,ჭურჭლის სარეცხი მანქანა GORENJE GV531E10,ჭურჭლის სარეცხი მანქანა GORENJE GV531E10 | Superi.ge,title-ს | Superi.ge აკლია
2897,https://superi.ge/vestfrost-vfa2wfs60sd6/,ჭურჭლის სარეცხი მანქანა VESTFROST VFA2WFS60SD6,ჭურჭლის სარეცხი მანქანა VESTFROST VFA2WFS60SD6 | Superi.ge,title-ს | Superi.ge აკლია
2952,https://superi.ge/bosch-spv4hmx55q/,ჩასაშენებელი ჭურჭლის სარეცხი BOSCH SPV4HMX55Q,ჩასაშენებელი ჭურჭლის სარეცხი BOSCH SPV4HMX55Q | Superi.ge,title-ს | Superi.ge აკლია
3028,https://superi.ge/gorenje-gv663d60/,ჩასაშენებელი ჭურჭლის სარეცხი მანქანა GORENJE GV663D60,ჩასაშენებელი ჭურჭლის სარეცხი მანქანა GORENJE GV663D60 | Superi.ge,title-ს | Superi.ge აკლია
3142,https://superi.ge/gorenje-gv561d10/,ჩასაშენებელი ჭურჭლის სარეცხი მანქანა GORENJE GV561D10,ჩასაშენებელი ჭურჭლის სარეცხი მანქანა GORENJE GV561D10 | Superi.ge,title-ს | Superi.ge აკლია
3171,https://superi.ge/bosch-sms4hmc65q/,ჭურჭლის სარეცხი მანქანა BOSCH SMS4HMC65Q,ჭურჭლის სარეცხი მანქანა BOSCH SMS4HMC65Q | Superi.ge,title-ს | Superi.ge აკლია
3203,https://superi.ge/bosch-smv4hmx65q/,ჭურჭლის სარეცხი მანქანა BOSCH SMV4HMX65Q,ჭურჭლის სარეცხი მანქანა BOSCH SMV4HMX65Q | Superi.ge,title-ს | Superi.ge აკლია
3204,https://superi.ge/bosch-smv41d10eu/,ჭურჭლის სარეცხი მანქანა BOSCH SMV41D10EU,ჭურჭლის სარეცხი მანქანა BOSCH SMV41D10EU (12კომპლ) | Superi.ge,title-ს | Superi.ge აკლია
3205,https://superi.ge/bosch-sps2ikw1br/,ჭურჭლის სარეცხი მანქანა BOSCH SPS2IKW1BR,ჭურჭლის სარეცხი მანქანა BOSCH SPS2IKW1BR | Superi.ge,title-ს | Superi.ge აკლია
3207,https://superi.ge/bosch-smv8ycx03e/,ჭურჭლის სარეცხი მანქანა BOSCH SMV8YCX03E,ჭურჭლის სარეცხი მანქანა BOSCH SMV8YCX03E | Superi.ge,title-ს | Superi.ge აკლია
3218,https://superi.ge/gorenje-gs673c60x/,ჭურჭლის სარეცხი მანქანა GORENJE GS673C60X,ჭურჭლის სარეცხი მანქანა GORENJE GS673C60X | Superi.ge,title-ს | Superi.ge აკლია
5175,https://superi.ge/bosch-spv2ikx54q-45/,ჩასაშენებელი ჭურჭლის სარეცხი BOSCH SPV2IKX54Q (45სმ),ჩასაშენებელი ჭურჭლის სარეცხი მანქანა BOSCH SPV2IKX54Q (45სმ),title-ს | Superi.ge აკლია
5176,https://superi.ge/bosch-smv8ycx02e/,ჩასაშენებელი ჭურჭლის სარეცხი BOSCH SMV8YCX02E,ჩასაშენებელი ჭურჭლის სარეცხი მანქანა BOSCH SMV8YCX02E | Superi.ge,title-ს | Superi.ge აკლია
5272,https://superi.ge/beko-dis35025/,ჩასაშენებელი ჭურჭლის სარეცხი BEKO DIS35025,ჩასაშენებელი ჭურჭლის სარეცხი მანქანა BEKO DIS35025 | Superi.ge,title-ს | Superi.ge აკლია
5276,https://superi.ge/beko-din35320-superia/,ჩასაშენებელი ჭურჭლის სარეცხი BEKO DIN35320,ჩასაშენებელი ჭურჭლის სარეცხი მანქანა BEKO DIN35320 SUPERIA,title-ს | Superi.ge აკლია
5277,https://superi.ge/beko-bdis38121q-b300/,ჩასაშენებელი ჭურჭლის სარეცხი BEKO BDIS38121Q,ჩასაშენებელი ჭურჭლის სარეცხი მანქანა BEKO BDIS38121Q b300,title-ს | Superi.ge აკლია
6314,https://superi.ge/indesit-di-4c68-14-pcs/,ჩასაშენებელი ჭურჭლის სარეცხი მანქანა INDESIT DI 4C68 (14 PCS) | Superi.ge,ჩასაშენებელი ჭურჭლის სარეცხი მანქანა INDESIT DI 4C68 (14 PCS),title > 65
6317,https://superi.ge/beko-bdin3630-15-pcs/,ჩასაშენებელი ჭურჭლის სარეცხი მანქანა BEKO BDIN3630 (15 PCS) | Superi.ge,ჩასაშენებელი ჭურჭლის სარეცხი მანქანა BEKO BDIN3630 (15 PCS),title > 65
8364,https://superi.ge/bosch-spv4hmx65q-16pcs/,ჩასაშენებელი ჭურჭლის სარეცხი მანქანა BOSCH SPV4HMX65Q (10PCS) | Superi.ge,ჩასაშენებელი ჭურჭლის სარეცხი მანქანა BOSCH SPV4HMX65Q (10PCS),title > 65
8366,https://superi.ge/bosch-smv4hmx25q-13pcs/,ჩასაშენებელი ჭურჭლის სარეცხი მანქანა BOSCH - SMV4HMX25Q (13pcs) | Superi.ge,ჩასაშენებელი ჭურჭლის სარეცხი მანქანა BOSCH | Superi.ge,title > 65
8369,https://superi.ge/bosch-smi4ims62t-14pcs/,ჩასაშენებელი ჭურჭლის სარეცხი მანქანა BOSCH SMI4IMS62T (14PCS) | Superi.ge,ჩასაშენებელი ჭურჭლის სარეცხი მანქანა BOSCH SMI4IMS62T (14PCS),title > 65
8370,https://superi.ge/bosch-smi4iks50t-13pcs/,ჩასაშენებელი ჭურჭლის სარეცხი მანქანა BOSCH SMI4IKS50T (13PCS) | Superi.ge,ჩასაშენებელი ჭურჭლის სარეცხი მანქანა BOSCH SMI4IKS50T (13PCS),title > 65
8371,https://superi.ge/bosch-smd8tcx04e-14pcs/,ჩასაშენებელი ჭურჭლის სარეცხი მანქანა BOSCH SMD8TCX04E (14PCS) | Superi.ge,ჩასაშენებელი ჭურჭლის სარეცხი მანქანა BOSCH SMD8TCX04E (14PCS),title > 65
8374,https://superi.ge/samsung-dw60m6072fs-tr-14pcs/,ჭურჭლის სარეცხი მანქანა Samsung DW60M6072FS/TR (14PCS) | Superi.ge,ჭურჭლის სარეცხი მანქანა Samsung DW60M6072FS/TR (14PCS),title > 65
8375,https://superi.ge/samsung-dw60a6092fs-wt-14pcs/,ჭურჭლის სარეცხი მანქანა Samsung DW60A6092FS/WT (14PCS) | Superi.ge,ჭურჭლის სარეცხი მანქანა Samsung DW60A6092FS/WT (14PCS),title > 65
9793,https://superi.ge/samsung-dw50r4070bb-wt/,ჩასაშენებელი ჭურჭლის სარეცხი მანქანა SAMSUNG DW50R4070BB/WT | Superi.ge,ჩასაშენებელი ჭურჭლის სარეცხი მანქანა SAMSUNG DW50R4070BB/WT,title > 65
10007,https://superi.ge/lg-db242tx-14/,ჩასაშენებელი ჭურჭლის სარეცხი მანქანა LG DB242TX (14პერს) | Superi.ge,ჩასაშენებელი ჭურჭლის სარეცხი მანქანა LG DB242TX (14პერს),title > 65
10008,https://superi.ge/lg-db325txs-aaspcis-14/,ჩასაშენებელი ჭურჭლის სარეცხი მანქანა LG DB325TXS.AASPCIS (14პერს) | Superi.ge,ჩასაშენებელი ჭურჭლის სარეცხი მანქანა LG DB325TXS.AASPCIS (14პერს),title > 65
10025,https://superi.ge/gorenje-gv520e10-11-45-a/,"ჩასაშენებელი ჭურჭლის სარეცხი მანქანა Gorenje GV520E10 — 11 კომპლექტი, 45 სმ, A++ | Superi.ge",ჩასაშენებელი ჭურჭლის სარეცხი მანქანა Gorenje GV520E10 — 11,title > 65
10178,https://superi.ge/bosch-smv26ax00q-12/,ჩასაშენებელი ჭურჭლის სარეცხი მანქანა BOSCH SMV26AX00Q (12პერს) | Superi.ge,ჩასაშენებელი ჭურჭლის სარეცხი მანქანა BOSCH SMV26AX00Q (12პერს),title > 65
10179,https://superi.ge/bosch-spv6emx70q-10/,ჩასაშენებელი ჭურჭლის სარეცხი მანქანა BOSCH SPV6EMX70Q (10პერს) | Superi.ge,ჩასაშენებელი ჭურჭლის სარეცხი მანქანა BOSCH SPV6EMX70Q (10პერს),title > 65
10344,https://superi.ge/electrolux-eem48300l-built-in-dishwasher-14-set/,ჩასაშენებელი ჭურჭლის სარეცხი მანქანა Electrolux EEM48300L 14 კომპლექტი,ჩასაშენებელი ჭურჭლის სარეცხი Electrolux EEM48300L (14პერს),title > 65
10366,https://superi.ge/bosch-smv26dx00t-13/,ჩასაშენებელი ჭურჭლის სარეცხი მანქანა BOSCH SMV26DX00T (13პერს) | Superi.ge,ჩასაშენებელი ჭურჭლის სარეცხი მანქანა BOSCH SMV26DX00T (13პერს),title > 65
10381,https://superi.ge/electrolux-eea17200l-13-sets/,ჩასაშენებელი ჭურჭლის სარეცხი Electrolux EEA17200L (13 Sets) | Superi.ge,ჩასაშენებელი ჭურჭლის სარეცხი Electrolux EEA17200L (13 Sets),title > 65
10383,https://superi.ge/toshiba-dw-14b4-b-cis-14-sets/,ჩასაშენებელი ჭურჭლის სარეცხი Toshiba DW-14B4(B)-CIS (14 SETS) | Superi.ge,ჩასაშენებელი ჭურჭლის სარეცხი Toshiba DW-14B4(B)-CIS (14 SETS),title > 65
10405,https://superi.ge/bosch-spv6emx65q-10-set/,ჩასაშენებელი ჭურჭლის სარეცხი BOSCH SPV6EMX65Q (10 SET) | Superi.ge,ჩასაშენებელი ჭურჭლის სარეცხი BOSCH SPV6EMX65Q (10 SET),title > 65
11548,https://superi.ge/gorenje-gv643d90-16pcs/,ჩასაშენებელი ჭურჭლის სარეცხი მანქანა GORENJE GV643D90 (16PCS) | Superi.ge,ჩასაშენებელი ჭურჭლის სარეცხი მანქანა GORENJE GV643D90 (16PCS),title > 65
12233,https://superi.ge/midea-mdwb-6029tq/,ჩასაშენებელი ჭურჭლის სარეცხი მანქანა Midea MDWB-6029TQ | Superi.ge,ჩასაშენებელი ჭურჭლის სარეცხი მანქანა Midea MDWB-6029TQ,title > 65
12521,https://superi.ge/midea-mid45s060-9/,ჩასაშენებელი ჭურჭლის სარეცხი მანქანა Midea MID45S060 (9კომპ) | Superi.ge,ჩასაშენებელი ჭურჭლის სარეცხი მანქანა Midea MID45S060 (9კომპ),title > 65
12764,https://superi.ge/gorenje-gv561c10-10/,ჩასაშენებელი ჭურჭლის სარეცხი მანქანა GORENJE GV561C10 (10 კომპლ) | Superi.ge,ჩასაშენებელი ჭურჭლის სარეცხი მანქანა GORENJE GV561C10 (10 კომპლ),title > 65
12791,https://superi.ge/gorenje-gv642d61-14/,ჩასაშენებელი ჭურჭლის სარეცხი მანქანა GORENJE GV642D61 (14კომპლ) | Superi.ge,ჩასაშენებელი ჭურჭლის სარეცხი მანქანა GORENJE GV642D61 (14კომპლ),title > 65
12878,https://superi.ge/bosch-spv2hmx03q-10/,ჩასაშენეებლი ჭურჭლის სარეცხი მანქანა BOSCH SPV2HMX03Q (10 კომპლ) | Superi.ge,ჩასაშენეებლი ჭურჭლის სარეცხი მანქანა BOSCH SPV2HMX03Q (10 კომპლ),title > 65
12879,https://superi.ge/bosch-smv4imx62t-14/,ჩასაშენებელი ჭურჭლის სარეცხი მანქანა BOSCH SMV4IMX62T (14 კომპლ) | Superi.ge,ჩასაშენებელი ჭურჭლის სარეცხი მანქანა BOSCH SMV4IMX62T (14 კომპლ),title > 65
12884,https://superi.ge/bosch-spv2ikx01q-9/,ჩასაშენებელი ჭურჭლის სარეცხი მანქანა BOSCH SPV2IKX01Q (9 კომპლ) | Superi.ge,ჩასაშენებელი ჭურჭლის სარეცხი მანქანა BOSCH SPV2IKX01Q (9 კომპლ),title > 65
12947,https://superi.ge/lg-dfc287hms-abmpgcc-14/,ჭურჭლის სარეცხი მანქანა LG DFC287HMS.ABMPGCC (14 კომპლ) | Superi.ge,ჭურჭლის სარეცხი მანქანა LG DFC287HMS.ABMPGCC (14 კომპლ),title > 65
12975,https://superi.ge/lg-dfc435fp-apzpmer-14/,ჭურჭლის სარეცხი მანქანა LG DFC435FP.APZPMER (14 კომპლ) | Superi.ge,ჭურჭლის სარეცხი მანქანა LG DFC435FP.APZPMER (14 კომპლ),title > 65
12987,https://superi.ge/lg-dbc435tsl-aaspmer-14/,ჩასაშენებელი ჭურჭლის სარეცხი მანქანა LG DBC435TSL.AASPMER (14 კომპლ) | Superi.ge,ჩასაშენებელი ჭურჭლის სარეცხი მანქანა LG DBC435TSL.AASPMER (14,title > 65
12991,https://superi.ge/lg-dfc513fve-apzpmer-14/,ჭურჭლის სარეცხი მანქანა LG DFC513FVE.APZPMER (14 კომპლ) | Superi.ge,ჭურჭლის სარეცხი მანქანა LG DFC513FVE.APZPMER (14 კომპლ),title > 65
12992,https://superi.ge/lg-dbc513ts-aaspmer-14/,ჩასაშენებელი ჭურჭლის სარეცხი მანქანა LG DBC513TS.AASPMER (14 კომპლ) | Superi.ge,ჩასაშენებელი ჭურჭლის სარეცხი მანქანა LG DBC513TS.AASPMER (14,title > 65
13054,https://superi.ge/gorenje-gv642d90-14/,ჩასაშენებელი ჭურჭლის სარეცხი მანქანა Gorenje GV642D90 (14კომპლ) | Superi.ge,ჩასაშენებელი ჭურჭლის სარეცხი მანქანა Gorenje GV642D90 (14კომპლ),title > 65
13085,https://superi.ge/aeg-gi6210d2sg-14/,ჩასაშენებელი ჭურჭლის სარეცხი მანქანა AEG GI6210D2SG (14 კომპლ) | Superi.ge,ჩასაშენებელი ჭურჭლის სარეცხი მანქანა AEG GI6210D2SG (14 კომპლ),title > 65
13086,https://superi.ge/electrolux-eea13200l/,ჩასაშენებელი ჭურჭლის სარეცხი მანქანა Electrolux EEA13200L | Superi.ge,ჩასაშენებელი ჭურჭლის სარეცხი მანქანა Electrolux EEA13200L,title > 65
13087,https://superi.ge/electrolux-esm64831sx-14/,ჭურჭლის სარეცხი მანქანა Electrolux ESM64831SX (14 კომპლ) | Superi.ge,ჭურჭლის სარეცხი მანქანა Electrolux ESM64831SX (14 კომპლ),title > 65
13098,https://superi.ge/electrolux-ess64321sx-10/,ჭურჭლის სარეცხი მანქანა Electrolux ESS64321SX (10 კომპლ) | Superi.ge,ჭურჭლის სარეცხი მანქანა Electrolux ESS64321SX (10 კომპლ),title > 65
13186,https://superi.ge/bosch-spv4hmx14q-10/,ჩასაშენებელი ჭურჭლის სარეცხი მანქანა BOSCH SPV4HMX14Q (10კომპლ) | Superi.ge,ჩასაშენებელი ჭურჭლის სარეცხი მანქანა BOSCH SPV4HMX14Q (10კომპლ),title > 65
13224,https://superi.ge/electrolux-e62ld200s-14/,ჩასაშენებელი ჭურჭლის სარეცხი მანქანა Electrolux E62LD200S (14კომპლ) | Superi.ge,ჩასაშენებელი ჭურჭლის სარეცხი მანქანა Electrolux E62LD200S,title > 65
13263,https://superi.ge/electrolux-dishwasher-e62sc200sx-14/,ჭურჭლის სარეცხი მანქანა Electrolux Dishwasher E62SC200SX (14კომპლ) | Superi.ge,ჭურჭლის სარეცხი მანქანა Electrolux Dishwasher E62SC200SX,title > 65
13277,https://superi.ge/electrolux-e62lb200t-14/,ჭურჭლის სარეცხი მანქანა Electrolux E62LB200T (14კომპლ) | Superi.ge,ჭურჭლის სარეცხი მანქანა Electrolux E62LB200T (14კომპლ),title > 65
13331,https://superi.ge/toshiba-dw-16f1-bs-cis-16/,ჭურჭლის სარეცხი მანქანა Toshiba DW-16F1(BS)-CIS (16კომპლ) | Superi.ge,ჭურჭლის სარეცხი მანქანა Toshiba DW-16F1(BS)-CIS (16კომპლ),title > 65
14038,https://superi.ge/samsung-dw70h73wcb0wt/,ჩასაშენებელი ჭურჭლის სარეცხი მანქანა SAMSUNG DW70H73WCB0WT | Superi.ge,ჩასაშენებელი ჭურჭლის სარეცხი მანქანა SAMSUNG DW70H73WCB0WT,title > 65
15326,https://superi.ge/dishwasher-toshiba-dw-10b3-b-cis-bi-81-5x44-8x55-prog-8-set-10-silver/,Toshiba DW-10B3(B)-CIS ჩასაშენებელი ჭურჭლის სარეცხი მანქანა | Superi.ge,Toshiba DW-10B3(B)-CIS ჩასაშენებელი ჭურჭლის სარეცხი მანქანა,title > 65
2330,https://superi.ge/manamo-ashley-50052/,ბალიში MANAMO ASHLEY (50052),ბალიში MANAMO ASHLEY (50052) | Superi.ge,title-ს | Superi.ge აკლია
1443,https://superi.ge/franko-fco-1091/,ელექტრო ღუმელი FRANKO FCO-1091,ელექტრო ღუმელი FRANKO FCO-1091 | Superi.ge,title-ს | Superi.ge აკლია
1693,https://superi.ge/itimat-i-09/,ელექტრო ღუმელი ITIMAT I-09|Superi.ge,ელექტრო ღუმელი ITIMAT I-09 | Superi.ge,title-ს | Superi.ge აკლია
2196,https://superi.ge/logitech-k360-l920-003095-black/,კლავიატურა LOGITECH K360 (L920-003095) BLACK,კლავიატურა LOGITECH K360 (L920-003095) BLACK | Superi.ge,title-ს | Superi.ge აკლია
2603,https://superi.ge/ingco-hpwr14008/,წნევით სარეცხი აპარატი INGCO HPWR14008,წნევით სარეცხი აპარატი INGCO HPWR14008 | Superi.ge,title-ს | Superi.ge აკლია
14123,https://superi.ge/schpindel-lt707k-2000b-160-bar/,Schpindel LT707K-2000B მაღალი წნევის სარეცხი აპარატი 160 bar | Superi.ge,Schpindel LT707K-2000B მაღალი წნევის სარეცხი აპარატი 160 bar,title > 65
2749,https://superi.ge/midea-l1pb20-c28wm/,ცენტრალური გათბობის ქვაბი MIDEA L1PB20-C28WM,ცენტრალური გათბობის ქვაბი MIDEA L1PB20-C28WM | Superi.ge,title-ს | Superi.ge აკლია
2750,https://superi.ge/midea-l1pb24-c28wm/,ცენტრალური გათბობის ქვაბი MIDEA L1PB24-C28WM,ცენტრალური გათბობის ქვაბი MIDEA L1PB24-C28WM | Superi.ge,title-ს | Superi.ge აკლია
2751,https://superi.ge/midea-l1pb32-c28wl/,ცენტრალური გათბობის ქვაბი MIDEA L1PB32-C28WL,ცენტრალური გათბობის ქვაბი MIDEA L1PB32-C28WL | Superi.ge,title-ს | Superi.ge აკლია
2752,https://superi.ge/midea-l1pb36-c28wl/,ცენტრალური გათბობის ქვაბი MIDEA L1PB36-C28WL,ცენტრალური გათბობის ქვაბი MIDEA L1PB36-C28WL | Superi.ge,title-ს | Superi.ge აკლია
6461,https://superi.ge/ariston-demir-dokum-h24-24kw/,ცენტრალური გათბობის ქვაბი ARISTON Demir Dokum H24 (24KW) | Superi.ge,ცენტრალური გათბობის ქვაბი ARISTON Demir Dokum H24 (24KW),title > 65
557,https://superi.ge/bofigo-60x90-29/,მაგიდა BOFIGO 60X90 (29)|Superi.ge,მაგიდა BOFIGO 60X90 (29) | Superi.ge,title-ს | Superi.ge აკლია
1951,https://superi.ge/samzareulos-skami-tetri-07020919/,სამზარეულოს სკამი თეთრი (07020919),სამზარეულოს სკამი თეთრი | Superi.ge,title-ს | Superi.ge აკლია
1952,https://superi.ge/samzareulos-skami-natsrisperi-07020918/,სამზარეულოს სკამი ნაცრისფერი (07020918),სამზარეულოს სკამი ნაცრისფერი (07020918) | Superi.ge,title-ს | Superi.ge აკლია
1973,https://superi.ge/gardex-rattan/,სკამი GARDEX RATTAN,სკამი GARDEX RATTAN | Superi.ge,title-ს | Superi.ge აკლია
2071,https://superi.ge/13547-brown/,სკამი მეტალის 13547 BROWN|Superi.ge,სკამი მეტალის 13547 BROWN | Superi.ge,title-ს | Superi.ge აკლია
2359,https://superi.ge/bofigo-65-5x60-23/,მაგიდა BOFIGO 65.5X60 (23),მაგიდა BOFIGO 65.5X60 (23) | Superi.ge,title-ს | Superi.ge აკლია
671,https://superi.ge/panasonic-kx-tg1611uar/,სახლის ტელეფონი PANASONIC KX-TG1611UAR,სახლის ტელეფონი PANASONIC KX-TG1611UAR | Superi.ge,title-ს | Superi.ge აკლია
1733,https://superi.ge/panasonic-kx-tg1611uah/,სტაციონარული ტელეფონი PANASONIC KX-TG1611UAH,სტაციონარული ტელეფონი PANASONIC KX-TG1611UAH | Superi.ge,title-ს | Superi.ge აკლია
2684,https://superi.ge/panasonic-kx-ts2350uab/,სახლის ტელეფონი PANASONIC KX-TS2350UAB,სახლის ტელეფონი PANASONIC KX-TS2350UAB | Superi.ge,title-ს | Superi.ge აკლია
6188,https://superi.ge/panasonic-kx-tgj320ucb-kx-tgj310-tam/,სტაციონარული ტელეფონი PANASONIC KX-TGJ320UCB (KX-TGJ310 + TAM) | Superi.ge,სტაციონარული ტელეფონი PANASONIC KX-TGJ320UCB (KX-TGJ310 + TAM),title > 65
226,https://superi.ge/electrolux-gpe363nk/,გაზის ქურის ზედაპირი ELECTROLUX GPE363NK,გაზის ქურის ზედაპირი ELECTROLUX GPE363NK | Superi.ge,title-ს | Superi.ge აკლია
824,https://superi.ge/bosch-ppp6a6b10/,გაზის ქურის ზედაპირი BOSCH PPP6A6B10,გაზის ქურის ზედაპირი BOSCH PPP6A6B10 | Superi.ge,title-ს | Superi.ge აკლია
839,https://superi.ge/samsung-na64h3010as-wt/,გაზის ქურის ზედაპირი SAMSUNG NA64H3010AS/WT,გაზის ქურის ზედაპირი SAMSUNG NA64H3010AS/WT | Superi.ge,title-ს | Superi.ge აკლია
846,https://superi.ge/samsung-na64h3000ak-wt/,გაზის ქურის ზედაპირი SAMSUNG NA64H3000AK/WT,გაზის ქურის ზედაპირი SAMSUNG NA64H3000AK/WT | Superi.ge,title-ს | Superi.ge აკლია
1476,https://superi.ge/bosch-pry6a6b70q/,კომბინირებული ქურის ზედაპირი BOSCH PRY6A6B70Q,კომბინირებული ქურის ზედაპირი BOSCH PRY6A6B70Q | Superi.ge,title-ს | Superi.ge აკლია
1795,https://superi.ge/franko-fih-1180/,ინდუქციური ქურის ზედაპირი FRANKO FIH-1180,ინდუქციური ქურის ზედაპირი FRANKO FIH-1180 | Superi.ge,title-ს | Superi.ge აკლია
1814,https://superi.ge/beko-hinw-64229-s/,გაზის ქურის ზედაპირი BEKO HINW 64229 S,გაზის ქურის ზედაპირი BEKO HINW 64229 S | Superi.ge,title-ს | Superi.ge აკლია
1923,https://superi.ge/gorenje-it-646-orab/,ინდუქციური ქურის ზედაპირი GORENJE IT 646 ORAB,ინდუქციური ქურის ზედაპირი GORENJE IT 646 ORAB | Superi.ge,title-ს | Superi.ge აკლია
2098,https://superi.ge/kumtel-ko-40tahdf-b/,გაზის ქურის ზედაპირი KUMTEL KO-40TAHDF B,გაზის ქურის ზედაპირი KUMTEL KO-40TAHDF B | Superi.ge,title-ს | Superi.ge აკლია
2416,https://superi.ge/midea-60sk005/,გაზის ქურის ზედაპირი MIDEA 60SK005,გაზის ქურის ზედაპირი MIDEA 60SK005 | Superi.ge,title-ს | Superi.ge აკლია
2487,https://superi.ge/bosch-ppq7a6b20/,გაზის ქურის ზედაპირი BOSCH PPQ7A6B20,გაზის ქურის ზედაპირი BOSCH PPQ7A6B20 | Superi.ge,title-ს | Superi.ge აკლია
2734,https://superi.ge/midea-mg684tgw/,გაზის ქურის ზედაპირი MIDEA MG684TGW,გაზის ქურის ზედაპირი MIDEA MG684TGW | Superi.ge,title-ს | Superi.ge აკლია
2735,https://superi.ge/midea-mg631sas/,კომბინირებული ქურის ზედაპირი MIDEA MG631SAS,კომბინირებული ქურის ზედაპირი MIDEA MG631SAS | Superi.ge,title-ს | Superi.ge აკლია
2736,https://superi.ge/midea-mg631gab/,კომბინირებული ქურის ზედაპირი MIDEA MG631GAB,კომბინირებული ქურის ზედაპირი MIDEA MG631GAB | Superi.ge,title-ს | Superi.ge აკლია
2740,https://superi.ge/midea-mg696trgb-b/,გაზის ქურის ზედაპირი MIDEA MG696TRGB-B,გაზის ქურის ზედაპირი MIDEA MG696TRGB-B | Superi.ge,title-ს | Superi.ge აკლია
2746,https://superi.ge/midea-mg30sb005dt1b/,გაზის ქურის ზედაპირი MIDEA MG30SB005DT1B,გაზის ქურის ზედაპირი MIDEA MG30SB005DT1B | Superi.ge,title-ს | Superi.ge აკლია
3029,https://superi.ge/bosch-pnh6b6o92r/,გაზის ქურის ზედაპირი BOSCH PNH6B6O92R,გაზის ქურის ზედაპირი BOSCH PNH6B6O92R | Superi.ge,title-ს | Superi.ge აკლია
3162,https://superi.ge/bosch-pci6b1b90r/,გაზის ქურის ზედაპირი BOSCH PCI6B1B90R,გაზის ქურის ზედაპირი BOSCH PCI6B1B90R | Superi.ge,title-ს | Superi.ge აკლია
3211,https://superi.ge/bosch-pnp6b2o92r/,გაზის ქურის ზედაპირი BOSCH PNP6B2O92R,გაზის ქურის ზედაპირი BOSCH PNP6B2O92R | Superi.ge,title-ს | Superi.ge აკლია
3212,https://superi.ge/bosch-prp6a6d70r/,გაზის ქურის ზედაპირი BOSCH PRP6A6D70R,გაზის ქურის ზედაპირი BOSCH PRP6A6D70R | Superi.ge,title-ს | Superi.ge აკლია
3215,https://superi.ge/bosch-pgp6b6o92r/,გაზის ქურის ზედაპირი BOSCH PGP6B6O92R,გაზის ქურის ზედაპირი BOSCH PGP6B6O92R | Superi.ge,title-ს | Superi.ge აკლია
12134,https://superi.ge/midea-mg9005tx/,Midea MG9005TX ჩასაშენებელი გაზის ზედაპირი 5 კონფორით,გაზის ქურის ზედაპირი MIDEA MG9005TX | Superi.ge,title-ს | Superi.ge აკლია
12858,https://superi.ge/bosch-pxy875kv1e/,ინდუქციური ქურის ზედაპირი BOSCH PXY875KV1E Accent Line | Superi.ge,ინდუქციური ქურის ზედაპირი BOSCH PXY875KV1E Accent Line,title > 65
12915,https://superi.ge/bosch-pxx895d66e/,ინდუქციური ქურის ზედაპირი გამწოვით BOSCH PXX895D66E Accent Line | Superi.ge,ინდუქციური ქურის ზედაპირი გამწოვით BOSCH PXX895D66E Accent Line,title > 65
11842,https://superi.ge/ninja-jc151eu/,Ninja JC151EU წვენსაწური 700 მლ 150 W,წვენსაწური Ninja JC151EU | Superi.ge,title-ს | Superi.ge აკლია
14078,https://superi.ge/juicer-braun-sj7000/,წვენსაწური Braun MultiJuice 7 Spin juicer SJ7000 - Grey | Superi.ge,წვენსაწური Braun MultiJuice 7 Spin juicer SJ7000 | Superi.ge,title > 65
3287,https://superi.ge/gardex-luxe7-gx-7/,შესაწამლი აპარატი აკუმულატორზე GARDEX LUXE7 GX,შესაწამლი აპარატი აკუმულატორზე GARDEX LUXE7 GX (7 ლ) | Superi.ge,title-ს | Superi.ge აკლია
2869,https://superi.ge/allx-sk8815/,გეიმერული სავარძელი ALLX SK8815,გეიმერული სავარძელი ALLX SK8815 | Superi.ge,title-ს | Superi.ge აკლია
2870,https://superi.ge/allx-sk8825/,გეიმერული სავარძელი ALLX SK8825,გეიმერული სავარძელი ALLX SK8825 | Superi.ge,title-ს | Superi.ge აკლია
2871,https://superi.ge/allx-sk8817/,გეიმერული სავარძელი ALLX SK8817,გეიმერული სავარძელი ALLX SK8817 | Superi.ge,title-ს | Superi.ge აკლია
2872,https://superi.ge/yenkee-ygc-100rd-sabotage/,გეიმერული სავარძელი YENKEE YGC 100RD SABOTAGE,გეიმერული სავარძელი YENKEE YGC 100RD SABOTAGE | Superi.ge,title-ს | Superi.ge აკლია
2963,https://superi.ge/hyperx-367522-ruby/,გეიმერული სავარძელი HyperX 367522 RUBY,გეიმერული სავარძელი HyperX 367522 RUBY | Superi.ge,title-ს | Superi.ge აკლია
2964,https://superi.ge/hyperx-367502-blast/,გეიმერული სავარძელი HyperX 367502 BLAST,გეიმერული სავარძელი HyperX 367502 BLAST | Superi.ge,title-ს | Superi.ge აკლია
13487,https://superi.ge/playseat-evolution-pro-racing-seat-nascar-edition-nas-00226-black/,Playseat Evolution Pro Racing Seat Nascar Edition NAS.00226 Black სარბოლო სავარძელი | Superi.ge,Playseat Evolution Pro Racing Seat Nascar Edition NAS.00226,title > 65
3052,https://superi.ge/graetz-te50b20-50lt/,წყლის ელექტრო გამაცხელებელი GRAETZ TE50B20 (50LT),წყლის ელექტრო გამაცხელებელი GRAETZ TE50B20 (50LT) | Superi.ge,title-ს | Superi.ge აკლია
9596,https://superi.ge/kettler-jsg26-13vl00/,ორკამერიანი გაზის წყლის გამათბობელი KETTLER JSG26-13VL00 (13L) | Superi.ge,ორკამერიანი გაზის წყლის გამათბობელი KETTLER JSG26-13VL00 (13L),title > 65
12109,https://superi.ge/midea-mwh80-20ed6-cis-w/,Midea MWH80-20ED6(CIS)W დენის წყლის გამაცხელებელი 80 ლ,დენის წყლის გამაცხელებელი Midea MWH80-20ED6(CIS)W | Superi.ge,title-ს | Superi.ge აკლია
12507,https://superi.ge/midea-mwh80-20mfg-cis-w-80/,დენის წყლის გამაცხელებელი Midea MWH80-20MFG(CIS)W (80ლ) | Superi.ge,დენის წყლის გამაცხელებელი Midea MWH80-20MFG(CIS)W (80ლ),title > 65
12511,https://superi.ge/midea-mwh100-20mfg-cis-w-100/,დენის წყლის გამაცხელებელი Midea MWH100-20MFG(CIS)W (100ლ) | Superi.ge,დენის წყლის გამაცხელებელი Midea MWH100-20MFG(CIS)W (100ლ),title > 65
119,https://superi.ge/samsung-vcc885hh3p-xev/,მტვერსასრუტი SAMSUNG VCC885HH3P/XEV,მტვერსასრუტი SAMSUNG VCC885HH3P/XEV | Superi.ge,title-ს | Superi.ge აკლია
140,https://superi.ge/beko-vcc-44824-aw/,მტვერსასრუტი BEKO VCC 44824 AW,მტვერსასრუტი BEKO VCC 44824 AW | Superi.ge,title-ს | Superi.ge აკლია
143,https://superi.ge/samsung-vc07m2110sr/,მტვერსასრუტი SAMSUNG VC07M2110SR,მტვერსასრუტი SAMSUNG VC07M2110SR | Superi.ge,title-ს | Superi.ge აკლია
147,https://superi.ge/samsung-vcc8836v36-xev/,მტვერსასრუტი SAMSUNG VCC8836V36/XEV,მტვერსასრუტი SAMSUNG VCC8836V36/XEV | Superi.ge,title-ს | Superi.ge აკლია
148,https://superi.ge/samsung-vc15k4130hb/,მტვერსასრუტი SAMSUNG VC15K4130HB,მტვერსასრუტი SAMSUNG VC15K4130HB | Superi.ge,title-ს | Superi.ge აკლია
434,https://superi.ge/bort-bvc-95/,მტვერსასრუტი BORT BVC-95|Superi.ge,მტვერსასრუტი BORT BVC-95 | Superi.ge,title-ს | Superi.ge აკლია
681,https://superi.ge/midea-m3s/,რობოტი მტვერსასრუტი MIDEA M3S|Superi.ge,რობოტი მტვერსასრუტი MIDEA M3S | Superi.ge,title-ს | Superi.ge აკლია
688,https://superi.ge/samsung-vcc4520s3s/,მტვერსასრუტი SAMSUNG VCC4520S3S,მტვერსასრუტი SAMSUNG VCC4520S3S | Superi.ge,title-ს | Superi.ge აკლია
689,https://superi.ge/vox-sl307/,მტვერსასრუტი VOX SL307|Superi.ge,მტვერსასრუტი VOX SL307 | Superi.ge,title-ს | Superi.ge აკლია
692,https://superi.ge/arnica-pika-et14411/,მტვერსასრუტი ARNICA PIKA ET14411,მტვერსასრუტი ARNICA PIKA ET14411 | Superi.ge,title-ს | Superi.ge აკლია
699,https://superi.ge/franko-fvc-1156/,მტვერსასრუტი FRANKO FVC-1156|Superi.ge,მტვერსასრუტი FRANKO FVC-1156 | Superi.ge,title-ს | Superi.ge აკლია
701,https://superi.ge/bosch-bcs711pet/,მტვერსასრუტი BOSCH BCS711PET|Superi.ge,მტვერსასრუტი BOSCH BCS711PET | Superi.ge,title-ს | Superi.ge აკლია
703,https://superi.ge/bosch-bgs7pet/,მტვერსასრუტი BOSCH BGS7PET|Superi.ge,მტვერსასრუტი BOSCH BGS7PET | Superi.ge,title-ს | Superi.ge აკლია
707,https://superi.ge/ilife-h70-cordless-stick-vacuum-cleaner/,მტვერსასრუტი ILIFE H70 CORDLESS STICK VACUUM CLEANER,მტვერსასრუტი ILIFE H70 CORDLESS STICK VACUUM CLEANER | Superi.ge,title-ს | Superi.ge აკლია
711,https://superi.ge/karcher-wd-3s-1-628-135-0/,მტვერსასრუტი KARCHER WD 3S (1.628-135.0),მტვერსასრუტი KARCHER WD 3S (1.628-135.0) | Superi.ge,title-ს | Superi.ge აკლია
712,https://superi.ge/philips-fc9332-09/,მტვერსასრუტი PHILIPS FC9332/09,მტვერსასრუტი PHILIPS FC9332/09 | Superi.ge,title-ს | Superi.ge აკლია
713,https://superi.ge/franko-fvc-1157/,მტვერსასრუტი FRANKO FVC-1157|Superi.ge,მტვერსასრუტი FRANKO FVC-1157 | Superi.ge,title-ს | Superi.ge აკლია
837,https://superi.ge/samsung-vc18m21a0sb-ev/,მტვერსასრუტი SAMSUNG VC18M21A0SB/EV,მტვერსასრუტი SAMSUNG VC18M21A0SB/EV | Superi.ge,title-ს | Superi.ge აკლია
838,https://superi.ge/samsung-vcc885bh36-xev/,მტვერსასრუტი SAMSUNG VCC885BH36/XEV,მტვერსასრუტი SAMSUNG VCC885BH36/XEV | Superi.ge,title-ს | Superi.ge აკლია
840,https://superi.ge/samsung-vcc4520s36/,მტვერსასრუტი SAMSUNG VCC4520S36,მტვერსასრუტი SAMSUNG VCC4520S36 | Superi.ge,title-ს | Superi.ge აკლია
841,https://superi.ge/samsung-vc18m2150sg-ev/,მტვერსასრუტი SAMSUNG VC18M2150SG/EV,მტვერსასრუტი SAMSUNG VC18M2150SG/EV | Superi.ge,title-ს | Superi.ge აკლია
843,https://superi.ge/samsung-vc20m255awb-ev/,მტვერსასრუტი SAMSUNG VC20M255AWB/EV,მტვერსასრუტი SAMSUNG VC20M255AWB/EV | Superi.ge,title-ს | Superi.ge აკლია
844,https://superi.ge/lavor-wt-20-p-10041394/,მტვერსასრუტი LAVOR WT 20 P (10041394),მტვერსასრუტი LAVOR WT 20 P (10041394) | Superi.ge,title-ს | Superi.ge აკლია
1254,https://superi.ge/arnica-et14450/,მტვერსასრუტი ARNICA ET14450|Superi.ge,მტვერსასრუტი ARNICA ET14450 | Superi.ge,title-ს | Superi.ge აკლია
1468,https://superi.ge/arshia-vc150-2295/,მტვერსასრუტი ARSHIA VC150-2295,მტვერსასრუტი ARSHIA VC150-2295 | Superi.ge,title-ს | Superi.ge აკლია
1478,https://superi.ge/bosch-bgs21pow2/,მტვერსასრუტი BOSCH BGS21POW2|Superi.ge,მტვერსასრუტი BOSCH BGS21POW2 | Superi.ge,title-ს | Superi.ge აკლია
1480,https://superi.ge/bosch-bcs712xxl/,მტვერსასრუტი BOSCH BCS712XXL|Superi.ge,მტვერსასრუტი BOSCH BCS712XXL | Superi.ge,title-ს | Superi.ge აკლია
1487,https://superi.ge/samsung-vcc5241s3k-xev/,მტვერსასრუტი SAMSUNG VCC5241S3K/XEV,მტვერსასრუტი SAMSUNG VCC5241S3K/XEV | Superi.ge,title-ს | Superi.ge აკლია
1599,https://superi.ge/bosch-bgc05aaa1/,მტვერსასრუტი BOSCH BGC05AAA1|Superi.ge,მტვერსასრუტი BOSCH BGC05AAA1 | Superi.ge,title-ს | Superi.ge აკლია
1792,https://superi.ge/arnica-et13212/,მტვერსასრუტი ARNICA ET13212|Superi.ge,მტვერსასრუტი ARNICA ET13212 | Superi.ge,title-ს | Superi.ge აკლია
2228,https://superi.ge/dyson-sv30-v12-slim-absolute-grey/,მტვერსასრუტი DYSON SV30 V12 SLIM ABSOLUTE GREY,მტვერსასრუტი DYSON SV30 V12 SLIM ABSOLUTE GREY | Superi.ge,title-ს | Superi.ge აკლია
2446,https://superi.ge/lg-a9n-prime-bbwqcis/,მტვერსასრუტი LG A9N-PRIME.BBWQCIS,მტვერსასრუტი LG A9N-PRIME.BBWQCIS | Superi.ge,title-ს | Superi.ge აკლია
2721,https://superi.ge/midea-m6/,რობოტი მტვერსასრუტი MIDEA M6,რობოტი მტვერსასრუტი MIDEA M6 | Superi.ge,title-ს | Superi.ge აკლია
2725,https://superi.ge/midea-s8/,რობოტი მტვერსასრუტი MIDEA S8+,რობოტი მტვერსასრუტი MIDEA S8+ | Superi.ge,title-ს | Superi.ge აკლია
2974,https://superi.ge/karcher-vc-3-1-198-053-0/,მტვერსასრუტი KARCHER VC 3 (1.198-053.0),მტვერსასრუტი KARCHER VC 3 (1.198-053.0) | Superi.ge,title-ს | Superi.ge აკლია
3015,https://superi.ge/gorenje-svc252fmbk/,მტვერსასრუტი GORENJE SVC252FMBK,მტვერსასრუტი GORENJE SVC252FMBK | Superi.ge,title-ს | Superi.ge აკლია
3030,https://superi.ge/bosch-bcs711xxl/,მტვერსასრუტი BOSCH BCS711XXL,მტვერსასრუტი BOSCH BCS711XXL | Superi.ge,title-ს | Superi.ge აკლია
3054,https://superi.ge/bosch-bgs05a222/,მტვერსასრუტი BOSCH BGS05A222,მტვერსასრუტი BOSCH BGS05A222 | Superi.ge,title-ს | Superi.ge აკლია
3055,https://superi.ge/bosch-bgs7pow1/,მტვერსასრუტი BOSCH BGS7POW1,მტვერსასრუტი BOSCH BGS7POW1 | Superi.ge,title-ს | Superi.ge აკლია
3057,https://superi.ge/bosch-bch85n/,მტვერსასრუტი BOSCH BCH85N,მტვერსასრუტი BOSCH BCH85N | Superi.ge,title-ს | Superi.ge აკლია
3058,https://superi.ge/bosch-bch86sil1/,მტვერსასრუტი BOSCH BCH86SIL1,მტვერსასრუტი BOSCH BCH86SIL1 | Superi.ge,title-ს | Superi.ge აკლია
3064,https://superi.ge/bosch-bwd421pet/,მტვერსასრუტი BOSCH BWD421PET,მტვერსასრუტი BOSCH BWD421PET | Superi.ge,title-ს | Superi.ge აკლია
3067,https://superi.ge/bosch-bwd420hyg/,მტვერსასრუტი BOSCH BWD420HYG,მტვერსასრუტი BOSCH BWD420HYG | Superi.ge,title-ს | Superi.ge აკლია
3068,https://superi.ge/bosch-bch86hyg1/,მტვერსასრუტი BOSCH BCH86HYG1,მტვერსასრუტი BOSCH BCH86HYG1 | Superi.ge,title-ს | Superi.ge აკლია
3084,https://superi.ge/bosch-bgs41hyg1/,მტვერსასრუტი BOSCH BGS41HYG1,მტვერსასრუტი BOSCH BGS41HYG1 | Superi.ge,title-ს | Superi.ge აკლია
3085,https://superi.ge/bosch-bchf2mx20/,მტვერსასრუტი BOSCH BCHF2MX20,მტვერსასრუტი BOSCH BCHF2MX20 | Superi.ge,title-ს | Superi.ge აკლია
3087,https://superi.ge/gorenje-vce03sprcy/,მტვერსასრუტი GORENJE VCE03SPRCY,მტვერსასრუტი GORENJE VCE03SPRCY | Superi.ge,title-ს | Superi.ge აკლია
3130,https://superi.ge/bosch-bgc21hyg1/,მტვერსასრუტი BOSCH BGC21HYG1,მტვერსასრუტი BOSCH BGC21HYG1 | Superi.ge,title-ს | Superi.ge აკლია
3131,https://superi.ge/gorenje-vcea03gapracy/,მტვერსასრუტი GORENJE VCEA03GAPRACY,მტვერსასრუტი GORENJE VCEA03GAPRACY | Superi.ge,title-ს | Superi.ge აკლია
3145,https://superi.ge/bosch-bbhf214r/,მტვერსასრუტი BOSCH BBHF214R,მტვერსასრუტი BOSCH BBHF214R | Superi.ge,title-ს | Superi.ge აკლია
3147,https://superi.ge/gorenje-vc2302galrcy/,მტვერსასრუტი GORENJE VC2302GALRCY,მტვერსასრუტი GORENJE VC2302GALRCY | Superi.ge,title-ს | Superi.ge აკლია
3164,https://superi.ge/gorenje-svc216gfw/,მტვერსასრუტი GORENJE SVC216GFW,მტვერსასრუტი GORENJE SVC216GFW | Superi.ge,title-ს | Superi.ge აკლია
3175,https://superi.ge/rowenta-ro3786ea/,მტვერსასრუტი ROWENTA RO3786EA,მტვერსასრუტი ROWENTA RO3786EA | Superi.ge,title-ს | Superi.ge აკლია
3178,https://superi.ge/gorenje-vc2303galbkcy/,მტვერსასრუტი GORENJE VC2303GALBKCY,მტვერსასრუტი GORENJE VC2303GALBKCY | Superi.ge,title-ს | Superi.ge აკლია
3179,https://superi.ge/gorenje-vc1801sfabkr/,მტვერსასრუტი GORENJE VC1801SFABKR,მტვერსასრუტი GORENJE VC1801SFABKR | Superi.ge,title-ს | Superi.ge აკლია
3200,https://superi.ge/bosch-bsgl3mult3/,მტვერსასრუტი BOSCH BSGL3MULT3,მტვერსასრუტი BOSCH BSGL3MULT3 | Superi.ge,title-ს | Superi.ge აკლია
3201,https://superi.ge/gorenje-vc2303sprcy/,მტვერსასრუტი GORENJE VC2303SPRCY,მტვერსასრუტი GORENJE VC2303SPRCY | Superi.ge,title-ს | Superi.ge აკლია
3202,https://superi.ge/gorenje-svc216fmlbkii/,მტვერსასრუტი GORENJE SVC216FMLBKII,მტვერსასრუტი GORENJE SVC216FMLBKII | Superi.ge,title-ს | Superi.ge აკლია
8564,https://superi.ge/bosch-bcs71hyg1-unlimited-7-prohygienic-aqua/,მტვერსასრუტი BOSCH BCS71HYG1 Unlimited 7 ProHygienic Aqua | Superi.ge,მტვერსასრუტი BOSCH BCS71HYG1 Unlimited 7 ProHygienic Aqua,title > 65
9644,https://superi.ge/shark-and-ninja-wd210eu-wet-and-dry/,ხელის მტვერსასრუტი Shark & Ninja WD210EU (Wet and Dry) | Superi.ge,ხელის მტვერსასრუტი Shark & Ninja WD210EU (Wet and Dry),title > 65
9999,https://superi.ge/dyson-gen5-sv23-detect-absolute-purple-iron-446989-01/,მტვერსასრუტი Dyson Gen5 SV23 Detect Absolute Purple/Iron (446989-01) | Superi.ge,მტვერსასრუტი Dyson Gen5 SV23 Detect Absolute Purple/Iron,title > 65
10000,https://superi.ge/dyson-cyclone-sv27-v10-absolute-448883-01/,მტვერსასრუტი Dyson Cyclone SV27 V10 Absolute (448883-01) | Superi.ge,მტვერსასრუტი Dyson Cyclone SV27 V10 Absolute (448883-01),title > 65
10018,https://superi.ge/samsung-bespoke-jet-ai-ultra-400w-vs90f40dfg-ev/,უსადენო მტვერსასრუტი Samsung Bespoke Jet AI Ultra 400W (VS90F40DFG/EV) | Superi.ge,უსადენო მტვერსასრუტი Samsung Bespoke Jet AI Ultra 400W,title > 65
10026,https://superi.ge/dreame-h14-dual-wet-dry/,ვერტიკალური მრეცხავი მტვერსასრუტი Dreame H14 WET/DRY DUAL | Superi.ge,ვერტიკალური მრეცხავი მტვერსასრუტი Dreame H14 WET/DRY DUAL,title > 65
11591,https://superi.ge/dreame-h15-pro-heat-wet-and-dry-vacuum-cleaner-hhr48a/,მტვერსასრუტი Dreame H15 Pro Heat wet and dry Vacuum Cleaner (HHR48A) | Superi.ge,მტვერსასრუტი Dreame H15 Pro Heat wet and dry Vacuum Cleaner,title > 65
12170,https://superi.ge/dyson-vacuum-cleaner-sv53-a-v16-animal-cordless-piston-492963-01-black-copper/,მტვერსასრუტი Dyson Vacuum Cleaner SV53-A V16 Animal Cordless Piston 492963-01 Black/Copper | Superi.ge,მტვერსასრუტი Dyson Vacuum Cleaner SV53-A V16 Animal Cordless,title > 65
12236,https://superi.ge/dreame-cordless-vacuum-cleaner-r20-ultra-vrv57f/,მტვერსასრუტი Dreame Cordless Vacuum Cleaner R20 Ultra (VRV57F) | Superi.ge,მტვერსასრუტი Dreame Cordless Vacuum Cleaner R20 Ultra (VRV57F),title > 65
13393,https://superi.ge/shark-iw3611eu-electric-broom-with-self-emptying/,მტვერსასრუტი Shark IW3611EU Electric Broom with Self-Emptying | Superi.ge,მტვერსასრუტი Shark IW3611EU Electric Broom with Self-Emptying,title > 65
14128,https://superi.ge/vc18m2130sr-ev/,მტვერსასრუტი Samsung VC18M2130SR/EV,მტვერსასრუტი Samsung VC18M2130SR/EV | Superi.ge,title-ს | Superi.ge აკლია
14133,https://superi.ge/samsung-jet-85s-pro-vs70h25wht-ev/,უსადენო მტვერსასრუტი Samsung Jet 85S PRO VS70H25WHT/EV | Superi.ge,უსადენო მტვერსასრუტი Samsung Jet 85S PRO VS70H25WHT/EV,title > 65
14237,https://superi.ge/l50-ultra-ae-white/,რობოტი მტვერსასრუტი Dreame L50 Ultra AE White (RLL51SE) EUA | Superi.ge,რობოტი მტვერსასრუტი Dreame L50 Ultra AE White (RLL51SE) EUA,title > 65
14239,https://superi.ge/aqua-10-roller-white/,რობოტი მტვერსასრუტი Dreame Aqua 10 Roller White (RLH31CE) EUA | Superi.ge,რობოტი მტვერსასრუტი Dreame Aqua 10 Roller White (RLH31CE) EUA,title > 65
14243,https://superi.ge/l40-ultra-ce-black-rld52se/,რობოტი მტვერსასრუტი Dreame Dreame Robot Vacuum L40 Ultra CE Black (RLD52SE)L40 Ultra CE Black (RLD52SE) | Superi.ge,რობოტი მტვერსასრუტი Dreame Dreame Robot Vacuum L40 Ultra CE,title > 65
14244,https://superi.ge/l40s-pro-ultra-black-rll74ce/,რობოტი მტვერსასრუტი Dreame L40s Pro Ultra Black/RLL74CE | Superi.ge,რობოტი მტვერსასრუტი Dreame L40s Pro Ultra Black/RLL74CE,title > 65
14318,https://superi.ge/vacuum-cleaner-sencor-floor-washer-s88-aquino-svw-8872bk/,მტვერსასრუტი Sencor SVW 8872BK Floor Washer S88 AQUINO+ | Superi.ge,მტვერსასრუტი Sencor SVW 8872BK Floor Washer S88 AQUINO+,title > 65
2097,https://superi.ge/epson-l14150-c11ch96404/,მრავალფუნქციური მოწყობილობა EPSON L14150 (C11CH96404),მრავალფუნქციური მოწყობილობა EPSON L14150 (C11CH96404) | Superi.ge,title-ს | Superi.ge აკლია
2808,https://superi.ge/canon-ink-maxify-mb5140-0960c007aa/,პრინტერი CANON INK MAXIFY MB5140 (0960C007AA),პრინტერი CANON INK MAXIFY MB5140 (0960C007AA) | Superi.ge,title-ს | Superi.ge აკლია
2950,https://superi.ge/xerox-phaser-3020bi/,პრინტერი XEROX PHASER 3020BI,პრინტერი XEROX PHASER 3020BI | Superi.ge,title-ს | Superi.ge აკლია
3136,https://superi.ge/canon-i-sensys-mf463dw-5951c008ba/,პრინტერი CANON I-SENSYS MF463DW (All-in-One) Printer White - 5951C008BA,პრინტერი CANON I-SENSYS MF463DW (All-in-One) Printer White,title > 65
3141,https://superi.ge/canon-maxify-gx5040-5550c009aa5550c009ab/,პრინტერი CANON MAXIFY GX5040 (5550C009AA_5550C009AB),პრინტერი CANON MAXIFY GX5040 (5550C009AA_5550C009AB) | Superi.ge,title-ს | Superi.ge აკლია
3408,https://superi.ge/hp-laserjet-pro-mfp-4103fdn-2z628a/,პრინტერი HP LaserJet Pro MFP 4103FDN (2Z628A),მრავალფუნქციური პრინტერი HP LaserJet Pro MFP 4103FDN (2Z628A),title-ს | Superi.ge აკლია
3413,https://superi.ge/xerox-workcentre-3025v-ni/,პრინტერი XEROX WORKCENTRE 3025V/NI,მრავალფუნქციური მოწყობილობა XEROX WORKCENTRE 3025V/NI | Superi.ge,title-ს | Superi.ge აკლია
3414,https://superi.ge/canon-pixma-g3410-2315c009aa/,პრინტერი CANON PIXMA G3410 (2315C009AA),მრავალფუნქციური მოწყობილობა CANON PIXMA G3410 (2315C009AA),title-ს | Superi.ge აკლია
3415,https://superi.ge/epson-l15160-c11ch71504/,პრინტერი EPSON L15160 (C11CH71404),მრავალფუნქციური მოწყობილობა EPSON L15160 (C11CH71404) | Superi.ge,title-ს | Superi.ge აკლია
10337,https://superi.ge/hp-laserjet-m236sdn-9yg08a/,მრავალფუნქციური მოწყობილობა HP LaserJet M236sdn (9YG08A) | Superi.ge,მრავალფუნქციური მოწყობილობა HP LaserJet M236sdn (9YG08A),title > 65
14352,https://superi.ge/epson-ecotank-l3356-a4-wifi/,EPSON EcoTank L3356 A4 ფერადი მულტიფუნქციური WiFi პრინტერი | Superi.ge,EPSON EcoTank L3356 A4 ფერადი მულტიფუნქციური WiFi პრინტერი,title > 65
14353,https://superi.ge/epson-ecotank-l6490-a4-wifi/,Epson EcoTank L6490 A4 ფერადი მულტიფუნქციური WiFi პრინტერი | Superi.ge,Epson EcoTank L6490 A4 ფერადი მულტიფუნქციური WiFi პრინტერი,title > 65
14354,https://superi.ge/epson-ecotank-l3266-a4-wifi/,Epson EcoTank L3266 A4 ფერადი მულტიფუნქციური WiFi პრინტერი | Superi.ge,Epson EcoTank L3266 A4 ფერადი მულტიფუნქციური WiFi პრინტერი,title > 65
15704,https://superi.ge/hp-laserjet-pro-mfp-4103dw-2z627a/,მრავალფუნქციური პრინტერი HP LaserJet Pro MFP 4103dw (2Z627A) | Superi.ge,მრავალფუნქციური პრინტერი HP LaserJet Pro MFP 4103dw (2Z627A),title > 65
15707,https://superi.ge/hp-officejet-pro-9730-537p5c/,მრავალფუნქციური პრინტერი HP OfficeJet Pro 9730 (537P5C) | Superi.ge,მრავალფუნქციური პრინტერი HP OfficeJet Pro 9730 (537P5C),title > 65
15708,https://superi.ge/hp-color-laserjet-pro-mfp-4303dw-5hh65a/,მრავალფუნქციური პრინტერი HP Color LaserJet Pro MFP 4303dw (5HH65A) | Superi.ge,მრავალფუნქციური პრინტერი HP Color LaserJet Pro MFP 4303dw,title > 65
15710,https://superi.ge/hp-laserjet-mfp-m141w-7md74a/,მრავალფუნქციური პრინტერი HP LaserJet MFP M141w (7MD74A) | Superi.ge,მრავალფუნქციური პრინტერი HP LaserJet MFP M141w (7MD74A),title > 65
15712,https://superi.ge/epson-ecotank-l4360-c11cl41411/,მრავალფუნქციური პრინტერი Epson EcoTank L4360 (C11CL41411) | Superi.ge,მრავალფუნქციური პრინტერი Epson EcoTank L4360 (C11CL41411),title > 65
15713,https://superi.ge/epson-ecotank-l3351-c11cl62414/,მრავალფუნქციური პრინტერი Epson EcoTank L3351 (C11CL62414) | Superi.ge,მრავალფუნქციური პრინტერი Epson EcoTank L3351 (C11CL62414),title > 65
588,https://superi.ge/gred-star-6-5-black-ese/,ჰოვერბორდი GRED STAR 6.5 BLACK ESE,ჰოვერბორდი GRED STAR 6.5 BLACK ESE | Superi.ge,title-ს | Superi.ge აკლია
589,https://superi.ge/smart-balance-6-5-blue/,ჰოვერბორდი SMART BALANCE 6.5 BLUE,ჰოვერბორდი SMART BALANCE 6.5 BLUE | Superi.ge,title-ს | Superi.ge აკლია
590,https://superi.ge/gred-star-6-5-purple-blue/,ჰოვერბორდი GRED STAR 6.5 PURPLE/BLUE,ჰოვერბორდი GRED STAR 6.5 PURPLE/BLUE | Superi.ge,title-ს | Superi.ge აკლია
593,https://superi.ge/gred-star-8-purple/,"ჰოვერბორდი GRED STAR 8"" PURPLE","ჰოვერბორდი GRED STAR 8"" PURPLE | Superi.ge",title-ს | Superi.ge აკლია
594,https://superi.ge/gred-star-8-light-blue/,"ჰოვერბორდი GRED STAR 8"" LIGHT BLUE","ჰოვერბორდი GRED STAR 8"" LIGHT BLUE | Superi.ge",title-ს | Superi.ge აკლია
596,https://superi.ge/gred-star-10-black-white/,"ჰოვერბორდი GRED STAR 10"" BLACK-WHITE","ჰოვერბორდი GRED STAR 10"" BLACK-WHITE | Superi.ge",title-ს | Superi.ge აკლია
597,https://superi.ge/gred-star-10-purple-blue/,"ჰოვერბორდი GRED STAR 10"" PURPLE/BLUE","ჰოვერბორდი GRED STAR 10"" PURPLE/BLUE | Superi.ge",title-ს | Superi.ge აკლია
598,https://superi.ge/gred-star-8-yellow-green/,"ჰოვერბორდი GRED STAR 8"" YELLOW/GREEN","ჰოვერბორდი GRED STAR 8"" YELLOW/GREEN | Superi.ge",title-ს | Superi.ge აკლია
599,https://superi.ge/gred-star-10-purple/,"ჰოვერბორდი GRED STAR 10"" PURPLE","ჰოვერბორდი GRED STAR 10"" PURPLE | Superi.ge",title-ს | Superi.ge აკლია
600,https://superi.ge/gred-star-10-blue/,"ჰოვერბორდი GRED STAR 10"" BLUE|Superi.ge","ჰოვერბორდი GRED STAR 10"" BLUE | Superi.ge",title-ს | Superi.ge აკლია
604,https://superi.ge/gred-star-8-colorful/,"ჰოვერბორდი GRED STAR 8"" COLORFUL","ჰოვერბორდი GRED STAR 8"" COLORFUL | Superi.ge",title-ს | Superi.ge აკლია
605,https://superi.ge/gred-star-6-5-orange/,ჰოვერბორდი GRED STAR 6.5 ORANGE,ჰოვერბორდი GRED STAR 6.5 ORANGE | Superi.ge,title-ს | Superi.ge აკლია
606,https://superi.ge/gred-star-6-5-white/,ჰოვერბორდი GRED STAR 6.5 WHITE - Superi.ge,ჰოვერბორდი GRED STAR 6.5 WHITE | Superi.ge,title-ს | Superi.ge აკლია
607,https://superi.ge/gred-star-6-5-colorful/,ჰოვერბორდი GRED STAR 6.5 COLORFUL,ჰოვერბორდი GRED STAR 6.5 COLORFUL | Superi.ge,title-ს | Superi.ge აკლია
8474,https://superi.ge/golden-child-8-5-bluetooth/,"ჰოვერბორდი GOLDEN CHILD 8.0"" (თვითბალანსი, განათება, BLUETOOTH) | Superi.ge","ჰოვერბორდი GOLDEN CHILD 8.0"" (თვითბალანსი, განათება, BLUETOOTH)",title > 65
817,https://superi.ge/midea-mo-37001-gb/,ჩასაშენებელი ღუმელი MIDEA MO 37001 GB,ჩასაშენებელი ღუმელი MIDEA MO 37001 GB | Superi.ge,title-ს | Superi.ge აკლია
819,https://superi.ge/midea-mo78100cgbx/,ჩასაშენებელი ღუმელი MIDEA MO78100CGBX,ჩასაშენებელი ღუმელი MIDEA MO78100CGBX | Superi.ge,title-ს | Superi.ge აკლია
849,https://superi.ge/bosch-hbf113bv0q/,ჩასაშენებელი ღუმელი BOSCH HBF113BV0Q,ჩასაშენებელი ღუმელი BOSCH HBF113BV0Q | Superi.ge,title-ს | Superi.ge აკლია
1360,https://superi.ge/midea-mo58100rgb-b/,ჩასაშენებელი ღუმელი MIDEA MO58100RGB-B,ჩასაშენებელი ღუმელი MIDEA MO58100RGB-B | Superi.ge,title-ს | Superi.ge აკლია
1361,https://superi.ge/beko-oim-27201-a/,ჩასაშენებელი ღუმელი BEKO OIM 27201 A,ჩასაშენებელი ღუმელი BEKO OIM 27201 A | Superi.ge,title-ს | Superi.ge აკლია
1362,https://superi.ge/beko-bbim12300xm/,ჩასაშენებელი ღუმელი BEKO BBIM12300XM,ჩასაშენებელი ღუმელი BEKO BBIM12300XM | Superi.ge,title-ს | Superi.ge აკლია
1365,https://superi.ge/vox-ebb6505/,ჩასაშენებელი ღუმელი VOX EBB6505,ჩასაშენებელი ღუმელი VOX EBB6505 | Superi.ge,title-ს | Superi.ge აკლია
1366,https://superi.ge/vestel-bo-8786b/,ჩასაშენებელი ღუმელი VESTEL BO-8786B,ჩასაშენებელი ღუმელი VESTEL BO-8786B | Superi.ge,title-ს | Superi.ge აკლია
1367,https://superi.ge/beko-bbim13300xm-superia/,ჩასაშენებელი ღუმელი BEKO BBIM13300XM SUPERIA,ჩასაშენებელი ღუმელი BEKO BBIM13300XM SUPERIA | Superi.ge,title-ს | Superi.ge აკლია
1477,https://superi.ge/bosch-hbg536hb0r/,ჩასაშენებელი ღუმელები BOSCH HBG536HB0R,ჩასაშენებელი ღუმელები BOSCH HBG536HB0R | Superi.ge,title-ს | Superi.ge აკლია
1482,https://superi.ge/bosch-hbf113ba0q/,ჩასაშენებელი ღუმელი BOSCH HBF113BA0Q,ჩასაშენებელი ღუმელი BOSCH HBF113BA0Q | Superi.ge,title-ს | Superi.ge აკლია
1484,https://superi.ge/bosch-hbf534eb0q/,ჩასაშენებელი ღუმელი BOSCH HBF534EB0Q,ჩასაშენებელი ღუმელი BOSCH HBF534EB0Q | Superi.ge,title-ს | Superi.ge აკლია
1485,https://superi.ge/bosch-hbf534es0q/,ჩასაშენებელი ღუმელი BOSCH HBF534ES0Q,ჩასაშენებელი ღუმელი BOSCH HBF534ES0Q | Superi.ge,title-ს | Superi.ge აკლია
1523,https://superi.ge/graetz-bo6501x01/,ჩასაშენებელი ღუმელი GRAETZ BO6501X01,ჩასაშენებელი ღუმელი GRAETZ BO6501X01 | Superi.ge,title-ს | Superi.ge აკლია
1659,https://superi.ge/samsung-nv68a1110bs-wt/,ღუმელი SAMSUNG NV68A1110BS/WT|Superi.ge,ღუმელი SAMSUNG NV68A1110BS/WT | Superi.ge,title-ს | Superi.ge აკლია
1924,https://superi.ge/gorenje-bos6747a01x/,ღუმელი GORENJE BOS6747A01X|Superi.ge,ღუმელი GORENJE BOS6747A01X | Superi.ge,title-ს | Superi.ge აკლია
2382,https://superi.ge/bosch-hbf113br0q/,ღუმელი BOSCH HBF113BR0Q,ღუმელი BOSCH HBF113BR0Q | Superi.ge,title-ს | Superi.ge აკლია
2450,https://superi.ge/samsung-bespoke-nv7b5645tak/,ჩასაშენებელი ღუმელი SAMSUNG BESPOKE NV7B5645TAK,ჩასაშენებელი ღუმელი SAMSUNG BESPOKE NV7B5645TAK | Superi.ge,title-ს | Superi.ge აკლია
3127,https://superi.ge/graetz-bo6504s01/,ჩასაშენებელი ღუმელი GRAETZ BO6504S01,ჩასაშენებელი ღუმელი GRAETZ BO6504S01 | Superi.ge,title-ს | Superi.ge აკლია
3129,https://superi.ge/bosch-hbg517es0r/,ჩასაშენებელი ღუმელი BOSCH HBG517ES0R,ჩასაშენებელი ღუმელი BOSCH HBG517ES0R | Superi.ge,title-ს | Superi.ge აკლია
3143,https://superi.ge/gorenje-bosb6737e03x/,ჩასაშენებელი ღუმელი GORENJE BOSB6737E03X,ჩასაშენებელი ღუმელი GORENJE BOSB6737E03X | Superi.ge,title-ს | Superi.ge აკლია
3161,https://superi.ge/bosch-hbj558ys3q/,ჩასაშენებელი ღუმელი BOSCH HBJ558YS3Q,ჩასაშენებელი ღუმელი BOSCH HBJ558YS3Q | Superi.ge,title-ს | Superi.ge აკლია
3165,https://superi.ge/bosch-hbg517eb1r/,ჩასაშენებელი ღუმელი BOSCH HBG517EB1R,ჩასაშენებელი ღუმელი BOSCH HBG517EB1R | Superi.ge,title-ს | Superi.ge აკლია
3166,https://superi.ge/bosch-hbf011br0q/,ჩასაშენებელი ღუმელი BOSCH HBF011BR0Q,ჩასაშენებელი ღუმელი BOSCH HBF011BR0Q | Superi.ge,title-ს | Superi.ge აკლია
3167,https://superi.ge/bosch-hbf534ew0q/,ჩასაშენებელი ღუმელი BOSCH HBF534EW0Q,ჩასაშენებელი ღუმელი BOSCH HBF534EW0Q | Superi.ge,title-ს | Superi.ge აკლია
3169,https://superi.ge/gorenje-bos6727syb/,ჩასაშენებელი ღუმელი GORENJE BOS6727SYB,ჩასაშენებელი ღუმელი GORENJE BOS6727SYB | Superi.ge,title-ს | Superi.ge აკლია
3170,https://superi.ge/bosch-hij517yb0r/,ჩასაშენებელი ღუმელი BOSCH HIJ517YB0R,ჩასაშენებელი ღუმელი BOSCH HIJ517YB0R | Superi.ge,title-ს | Superi.ge აკლია
3191,https://superi.ge/gorenje-bos67372cli/,ჩასაშენებელი ღუმელი GORENJE BOS67372CLI,ჩასაშენებელი ღუმელი GORENJE BOS67372CLI | Superi.ge,title-ს | Superi.ge აკლია
3196,https://superi.ge/bosch-hbj558yb3q/,ჩასაშენებელი ღუმელი BOSCH HBJ558YB3Q,ჩასაშენებელი ღუმელი BOSCH HBJ558YB3Q | Superi.ge,title-ს | Superi.ge აკლია
3208,https://superi.ge/gorenje-bsa6737oraw/,ჩასაშენებელი ღუმელი GORENJE BSA6737ORAW,ჩასაშენებელი ღუმელი GORENJE BSA6737ORAW | Superi.ge,title-ს | Superi.ge აკლია
3209,https://superi.ge/bosch-hbj558yw0q/,ჩასაშენებელი ღუმელი BOSCH HBJ558YW0Q,ჩასაშენებელი ღუმელი BOSCH HBJ558YW0Q | Superi.ge,title-ს | Superi.ge აკლია
3210,https://superi.ge/gorenje-bps6737e14x/,ჩასაშენებელი ღუმელი GORENJE BPS6737E14X,ჩასაშენებელი ღუმელი GORENJE BPS6737E14X | Superi.ge,title-ს | Superi.ge აკლია
3217,https://superi.ge/bosch-hbg8764c1/,ჩასაშენებელი ღუმელი BOSCH HBG8764C1,ჩასაშენებელი ღუმელი BOSCH HBG8764C1 | Superi.ge,title-ს | Superi.ge აკლია
11983,https://superi.ge/midea-mo96000mgb/,Midea MO96000MGB ჩასაშენებელი ელექტრო ღუმელი მიკროტალღურით 72 ლ,ჩასაშენებელი ელექტრო ღუმელი Midea MO96000MGB | Superi.ge,title-ს | Superi.ge აკლია
14310,https://superi.ge/electrolux-opeb2520r-retro-black/,ჩასაშენებელი ელექტრო ღუმელი Electrolux OPEB2520R Retro Black | Superi.ge,ჩასაშენებელი ელექტრო ღუმელი Electrolux OPEB2520R Retro Black,title > 65
1721,https://superi.ge/sencor-sbu-7878bk/,ბლენდერი SENCOR SBU 7878BK|Superi.ge,ბლენდერი SENCOR SBU 7878BK | Superi.ge,title-ს | Superi.ge აკლია
1805,https://superi.ge/arnica-ih39010/,ბლენდერი ARNICA IH39010|Superi.ge,ბლენდერი ARNICA IH39010 | Superi.ge,title-ს | Superi.ge აკლია
1806,https://superi.ge/beko-tbn-62608-w/,ბლენდერი BEKO TBN 62608 W|Superi.ge,ბლენდერი BEKO TBN 62608 W | Superi.ge,title-ს | Superi.ge აკლია
2081,https://superi.ge/braun-mq535/,ბლენდერი BRAUN MQ535|Superi.ge,ბლენდერი BRAUN MQ535 | Superi.ge,title-ს | Superi.ge აკლია
2343,https://superi.ge/midea-mj-bh1001w/,ბლენდერი MIDEA MJ-BH1001W,ბლენდერი MIDEA MJ-BH1001W | Superi.ge,title-ს | Superi.ge აკლია
2419,https://superi.ge/midea-mj-bl6006w/,ბლენდერი MIDEA MJ-BL6006W,ბლენდერი MIDEA MJ-BL6006W | Superi.ge,title-ს | Superi.ge აკლია
2732,https://superi.ge/midea-mj-bh4001w/,ბლენდერი MIDEA MJ-BH4001W,ბლენდერი MIDEA MJ-BH4001W | Superi.ge,title-ს | Superi.ge აკლია
2828,https://superi.ge/bosch-mmb6141b/,ბლენდერი BOSCH MMB6141B,ბლენდერი BOSCH MMB6141B | Superi.ge,title-ს | Superi.ge აკლია
2972,https://superi.ge/ninja-bn495eu/,ბლენდერი NINJA BN495EU,ბლენდერი NINJA BN495EU | Superi.ge,title-ს | Superi.ge აკლია
2973,https://superi.ge/ninja-bn750eu/,ბლენდერი NINJA BN750EU,ბლენდერი NINJA BN750EU | Superi.ge,title-ს | Superi.ge აკლია
3160,https://superi.ge/bosch-mmbh6p6b/,ბლენდერი BOSCH MMBH6P6B,ბლენდერი BOSCH MMBH6P6B | Superi.ge,title-ს | Superi.ge აკლია
3216,https://superi.ge/bosch-mmb6172s/,ბლენდერი BOSCH MMB6172S,ბლენდერი BOSCH MMB6172S | Superi.ge,title-ს | Superi.ge აკლია
3219,https://superi.ge/bosch-msm24500/,ბლენდერი BOSCH MSM24500,ბლენდერი BOSCH MSM24500 | Superi.ge,title-ს | Superi.ge აკლია
3243,https://superi.ge/bosch-msm4w421/,ბლენდერი BOSCH MSM4W421 | Superi.ge | ონლაინ მაღაზია,ბლენდერი BOSCH MSM4W421 | Superi.ge,title-ს | Superi.ge აკლია
5130,https://superi.ge/ninja-hb150eu/,ბლენდერი NINJA HB150EU - Superi.ge,ბლენდერი NINJA HB150EU | Superi.ge,title-ს | Superi.ge აკლია
11843,https://superi.ge/ninja-ci100eu-3-in-1/,Ninja CI100EU ხელის ბლენდერი 3-in-1 850 W,ხელის ბლენდერი Ninja CI100EU 3-in-1 | Superi.ge,title-ს | Superi.ge აკლია
13803,https://superi.ge/nutribullet-flex-batidora-portatil-nbp013gr/,პორტატული ბლენდერი nutribullet Flex™ - Batidora portátil NBP013GR | Superi.ge,პორტატული ბლენდერი nutribullet Flex™ | Superi.ge,title > 65
14219,https://superi.ge/nutribullet-nbp003pa-mclaren-orange/,პორტატული ბლენდერი NutriBullet NBP003PA McLaren - Orange | Superi.ge,პორტატული ბლენდერი NutriBullet NBP003PA McLaren | Superi.ge,title > 65
1256,https://superi.ge/batuti-244-sm-22bt2415/,ბატუტი (244სმ - 150კგ-მდე) (22BT2415),ბატუტი (244სმ - 150კგ-მდე) (22BT2415) | Superi.ge,title-ს | Superi.ge აკლია
1258,https://superi.ge/dia-1-5m-5ft-blue/,ბატუტი DIA:1.5M 5FT BLUE|Superi.ge,ბატუტი DIA:1.5M 5FT BLUE | Superi.ge,title-ს | Superi.ge აკლია
1266,https://superi.ge/dia1-4m-4-5ft-red/,ბატუტი DIA1.4M 4.5FT RED|Superi.ge,ბატუტი DIA1.4M 4.5FT RED | Superi.ge,title-ს | Superi.ge აკლია
3434,https://superi.ge/dyson-airwrap-multi-styler-complete-long-hs05-lb-copper-blue/,DYSON AIRWRAP MULTI-STYLER COMPLETE LONG HS05 LB COPPER/BLUE,თმის დასახვევი DYSON AIRWRAP MULTI-STYLER COMPLETE LONG HS05,title-ს | Superi.ge აკლია
12250,https://superi.ge/dreame-airstyle-pro-gold-titanium-amf18a/,თმის სტაილერი Dreame AirStyle Pro Gold Titanium/AMF18A | Superi.ge,თმის სტაილერი Dreame AirStyle Pro Gold Titanium/AMF18A,title > 65
14252,https://superi.ge/dreame-airstyle-hair-styler-titanium-gold/,Dreame Airstyle Hair Styler Titanium Gold თმის სტაილერი | Superi.ge,Dreame Airstyle Hair Styler Titanium Gold თმის სტაილერი,title > 65
6293,https://superi.ge/electrolux-ewn7f447wi-7/,ჩასაშენებელი სარეცხი მანქანა ELECTROLUX EWN7F447WI (7კგ) | Superi.ge,ჩასაშენებელი სარეცხი მანქანა ELECTROLUX EWN7F447WI (7კგ),title > 65
1302,https://superi.ge/patio-tora-h031-05pb-17050907/,საქანელა PATIO TORA H031-05PB (17050907),საქანელა PATIO TORA H031-05PB (17050907) | Superi.ge,title-ს | Superi.ge აკლია
1303,https://superi.ge/guswing-17051234/,საქანელა GUSWING (17051234)|Superi.ge,საქანელა GUSWING (17051234) | Superi.ge,title-ს | Superi.ge აკლია
1310,https://superi.ge/sc-025/,ბუდე საქანელა SC-025|Superi.ge,ბუდე საქანელა SC-025 | Superi.ge,title-ს | Superi.ge აკლია
1796,https://superi.ge/sea-tide-hc-128/,მეტალის საქანელა SEA-TIDE HC-128,მეტალის საქანელა SEA-TIDE HC-128 | Superi.ge,title-ს | Superi.ge აკლია
1856,https://superi.ge/hamskb-blue/,ჰამაკი-სავარძელი HAMSKB BLUE|Superi.ge,ჰამაკი-სავარძელი HAMSKB BLUE | Superi.ge,title-ს | Superi.ge აკლია
1857,https://superi.ge/hamskr-red/,ჰამაკი-სავარძელი HAMSKR RED|Superi.ge,ჰამაკი-სავარძელი HAMSKR RED | Superi.ge,title-ს | Superi.ge აკლია
2073,https://superi.ge/hamso/,ბუდე საქანელა HAMSO - ყავისფერი ბალიშებით,ბუდე საქანელა HAMSO - ყავისფერი ბალიშებით | Superi.ge,title-ს | Superi.ge აკლია
2951,https://superi.ge/3-adgiliani-premium-saqanela-gasashleli-a2958/,3 ადგილიანი პრემიუმ საქანელა - გასაშლელი,3 ადგილიანი პრემიუმ საქანელა - გასაშლელი | Superi.ge,title-ს | Superi.ge აკლია
1735,https://superi.ge/hp-44a-cf244a/,კარტრიჯი HP 44A (CF244A)|Superi.ge,კარტრიჯი HP 44A (CF244A) | Superi.ge,title-ს | Superi.ge აკლია
1771,https://superi.ge/canon-c-exv34-magenta-3784b002aa/,კარტრიჯი CANON C-EXV34 MAGENTA (3784B002AA),კარტრიჯი CANON C-EXV34 MAGENTA (3784B002AA) | Superi.ge,title-ს | Superi.ge აკლია
1772,https://superi.ge/canon-c-exv34-yellow-3785b002aa/,კარტრიჯი CANON C-EXV34 YELLOW (3785B002AA),კარტრიჯი CANON C-EXV34 YELLOW (3785B002AA) | Superi.ge,title-ს | Superi.ge აკლია
1773,https://superi.ge/canon-c-exv34-cyan-3783b002aa/,კარტრიჯი CANON C-EXV34 CYAN (3783B002AA),კარტრიჯი CANON C-EXV34 CYAN (3783B002AA) | Superi.ge,title-ს | Superi.ge აკლია
1829,https://superi.ge/hp-652-f6v24ae/,კარტრიჯი HP 652 (F6V24AE)|Superi.ge,კარტრიჯი HP 652 (F6V24AE) | Superi.ge,title-ს | Superi.ge აკლია
1984,https://superi.ge/hp-203a-cf540a/,კარტრიჯი HP 203A (CF540A)|Superi.ge,კარტრიჯი HP 203A (CF540A) | Superi.ge,title-ს | Superi.ge აკლია
1985,https://superi.ge/hp-203a-cf543a/,კარტრიჯი HP 203A (CF543A)|Superi.ge,კარტრიჯი HP 203A (CF543A) | Superi.ge,title-ს | Superi.ge აკლია
2295,https://superi.ge/hp-652-f6v25ae-black/,კარტრიჯი HP 652 (F6V25AE) BLACK,კარტრიჯი HP 652 (F6V25AE) BLACK | Superi.ge,title-ს | Superi.ge აკლია
2853,https://superi.ge/xerox-phaser-3020-3025-1500-pages/,"კარტრიჯი Xerox Phaser 3020, 3025 (1500 pages)","კარტრიჯი Xerox Phaser 3020, 3025 (1500 pages) | Superi.ge",title-ს | Superi.ge აკლია
10263,https://superi.ge/epson-l31-103-ecotank-magenta-ink-bottle-65ml/,მელანი Epson L31 103 EcoTank Magenta ink bottle (65ml) | Superi.ge,მელანი Epson L31 103 EcoTank Magenta ink bottle (65ml),title > 65
14586,https://superi.ge/printermayin-cf259a-can057/,"ტონერ კარტრიჯი PrinterMayin CF259A/CAN057, ჩიპის გარეშე | Superi.ge","ტონერ კარტრიჯი PrinterMayin CF259A/CAN057, ჩიპის გარეშე",title > 65
14969,https://superi.ge/canon-gi-45-6286c001aa/,"ჭავლური კარტრიჯი Canon GI-45 (6286C001AA), იასამნისფერი | Superi.ge","ჭავლური კარტრიჯი Canon GI-45 (6286C001AA), იასამნისფერი",title > 65
14972,https://superi.ge/canon-gi-46-4428c001aa/,"ჭავლური კარტრიჯი Canon GI-46 (4428C001AA), იასამნისფერი | Superi.ge","ჭავლური კარტრიჯი Canon GI-46 (4428C001AA), იასამნისფერი",title > 65
14974,https://superi.ge/canon-gi-41-4544c001aa/,"ჭავლური კარტრიჯი Canon GI-41 (4544C001AA), იასამნისფერი | Superi.ge","ჭავლური კარტრიჯი Canon GI-41 (4544C001AA), იასამნისფერი",title > 65
14978,https://superi.ge/canon-gi-40-3401c001aa/,"ჭავლური კარტრიჯი Canon GI-40 (3401C001AA), იასამნისფერი | Superi.ge","ჭავლური კარტრიჯი Canon GI-40 (3401C001AA), იასამნისფერი",title > 65
3220,https://superi.ge/intex-64122/,გასაბერი ლეიბი INTEX 64122 | Superi.ge | ონლაინ მაღაზია,გასაბერი ლეიბი INTEX 64122 | Superi.ge,title-ს | Superi.ge აკლია
1888,https://superi.ge/dixi-byz1171/,დისპენსერი DIXI BYZ1171|Superi.ge,დისპენსერი DIXI BYZ1171 | Superi.ge,title-ს | Superi.ge აკლია
1890,https://superi.ge/beko-bss-4600-tt-set/,დისპენსერი BEKO BSS 4600 TT SET,დისპენსერი BEKO BSS 4600 TT SET | Superi.ge,title-ს | Superi.ge აკლია
1891,https://superi.ge/millen-ty-lwyr33w/,დისპენსერი MILLEN TY-LWYR33W|Superi.ge,დისპენსერი MILLEN TY-LWYR33W | Superi.ge,title-ს | Superi.ge აკლია
1892,https://superi.ge/toshiba-rwf-w1766tge-w/,დისპენსერი TOSHIBA RWF-W1766TGE(W),დისპენსერი TOSHIBA RWF-W1766TGE(W) | Superi.ge,title-ს | Superi.ge აკლია
1894,https://superi.ge/millen-ty-lwyr87w/,დისპენსერი MILLEN TY-LWYR87W|Superi.ge,დისპენსერი MILLEN TY-LWYR87W | Superi.ge,title-ს | Superi.ge აკლია
1896,https://superi.ge/beko-bss-2210-set/,დისპენსერი BEKO BSS 2210 SET,დისპენსერი BEKO BSS 2210 SET | Superi.ge,title-ს | Superi.ge აკლია
1897,https://superi.ge/bosch-rdw1571/,დისპენსერი BOSCH RDW1571|Superi.ge,დისპენსერი BOSCH RDW1571 | Superi.ge,title-ს | Superi.ge აკლია
2037,https://superi.ge/dixi-byb110-3-silver/,წყლის დისპენსერი Dixi BYB110-3 silver,წყლის დისპენსერი Dixi BYB110-3 silver | Superi.ge,title-ს | Superi.ge აკლია
2252,https://superi.ge/bosch-rdw1276/,დისპენსერი BOSCH RDW1276,დისპენსერი BOSCH RDW1276 | Superi.ge,title-ს | Superi.ge აკლია
2480,https://superi.ge/bosch-rdw1576/,დისპენსერი BOSCH RDW1576,დისპენსერი BOSCH RDW1576 | Superi.ge,title-ს | Superi.ge აკლია
2804,https://superi.ge/alneo-ylr2-84a/,წყლის დისპენსერი ALNEO YLR2-84A,წყლის დისპენსერი ALNEO YLR2-84A | Superi.ge,title-ს | Superi.ge აკლია
2865,https://superi.ge/sharp-swd-e3tlc-wh2/,წყლის დისპენსერი SHARP SWD-E3TLC-WH2,წყლის დისპენსერი SHARP SWD-E3TLC-WH2 | Superi.ge,title-ს | Superi.ge აკლია
2866,https://superi.ge/sharp-swd-e3tlc-bk2/,წყლის დისპენსერი SHARP SWD-E3TLC-BK2,წყლის დისპენსერი SHARP SWD-E3TLC-BK2 | Superi.ge,title-ს | Superi.ge აკლია
2938,https://superi.ge/alneo-ylr2-88b/,დისპენსერი ALNEO YLR2-88B (მაცივრით),დისპენსერი ALNEO YLR2-88B (მაცივრით) | Superi.ge,title-ს | Superi.ge აკლია
2977,https://superi.ge/millen-ty-lyr39w/,დისპენსერი MILLEN TY-LYR39W,დისპენსერი MILLEN TY-LYR39W | Superi.ge,title-ს | Superi.ge აკლია
2978,https://superi.ge/millen-ty-lyr801w/,დისპენსერი MILLEN TY-LYR801W,დისპენსერი MILLEN TY-LYR801W | Superi.ge,title-ს | Superi.ge აკლია
2979,https://superi.ge/2e-2e-spps-l-am-sigma-61l-suitcase-orange/,"ჩემოდანი 2E 2E-SPPS-L-AM Sigma, 61L, Suitcase, Orange","ჩემოდანი 2E 2E-SPPS-L-AM Sigma, 61L, Suitcase, Orange | Superi.ge",title-ს | Superi.ge აკლია
2236,https://superi.ge/nadzvis-khe-dublini-180-sm-aa-180/,ნაძვის ხე კოლორადო 180 სმ (AB-180),ნაძვის ხე დუბლინი 180 სმ (AA-180) | Superi.ge,title-ს | Superi.ge აკლია
2237,https://superi.ge/nadzvis-khe-dublini-210-sm-aa-210/,ნაძვის ხე დუბლინი 210 სმ (AB-210),ნაძვის ხე დუბლინი 210 სმ (AA-210) | Superi.ge,title-ს | Superi.ge აკლია
2238,https://superi.ge/nadzvis-khe-kolorado-240-sm-aa-240/,ნაძვის ხე კოლორადო 240 სმ (AB-240),ნაძვის ხე კოლორადო 240 სმ (AA-240) | Superi.ge,title-ს | Superi.ge აკლია
2275,https://superi.ge/nadzvis-khe-himalai-180-sm-bc-180/,ნაძვის ხე ჰიმალაი 180სმ (BC-180),ნაძვის ხე ჰიმალაი 180სმ (BC-180) | Superi.ge,title-ს | Superi.ge აკლია
2276,https://superi.ge/nadzvis-khe-himalai-210-sm-bc-210/,ნაძვის ხე ჰიმალაი 210სმ (BC-210),ნაძვის ხე ჰიმალაი 210სმ (BC-210) | Superi.ge,title-ს | Superi.ge აკლია
2277,https://superi.ge/nadzvis-khe-himalai-270-sm-bc-270/,ნაძვის ხე ჰიმალაი 270სმ (BC-270),ნაძვის ხე ჰიმალაი 270სმ (BC-270) | Superi.ge,title-ს | Superi.ge აკლია
2288,https://superi.ge/super-270-vc-270/,ნაძვის ხე SUPER ნორვეგია 270 სმ (VC-270),ნაძვის ხე SUPER ნორვეგია 270 სმ (VC-270) | Superi.ge,title-ს | Superi.ge აკლია
2291,https://superi.ge/nadzvis-khe-ohaio-240-sm-ef-240/,ნაძვის ხე ოჰაიო 240 სმ (EF-240),ნაძვის ხე ოჰაიო 240 სმ (EF-240) | Superi.ge,title-ს | Superi.ge აკლია
2357,https://superi.ge/cansus-150-00-00018334/,ნაძვის ხე CANSUS 150სმ (00-00018334),ნაძვის ხე CANSUS 150სმ (00-00018334) | Superi.ge,title-ს | Superi.ge აკლია
2358,https://superi.ge/cansus-300-00-00018338/,ნაძვის ხე CANSUS 300სმ (00-00018338),ნაძვის ხე CANSUS 300სმ (00-00018338) | Superi.ge,title-ს | Superi.ge აკლია
2360,https://superi.ge/cansus-240-00-00018337/,ნაძვის ხე CANSUS 240სმ (00-00018337),ნაძვის ხე CANSUS 240სმ (00-00018337) | Superi.ge,title-ს | Superi.ge აკლია
2389,https://superi.ge/nadzvis-khe-180-sm-23sn2675-180/,ნაძვის ხე 180 სმ (23SN2675-180),ნაძვის ხე 180 სმ (23SN2675-180) | Superi.ge,title-ს | Superi.ge აკლია
2390,https://superi.ge/nadzvis-khe-210-sm-23sn2675-210/,ნაძვის ხე 210 სმ (23SN2675-210),ნაძვის ხე 210 სმ (23SN2675-210) | Superi.ge,title-ს | Superi.ge აკლია
2391,https://superi.ge/nadzvis-khe-240-sm-23sn2675-240/,ნაძვის ხე 240 სმ (23SN2675-240),ნაძვის ხე 240 სმ (23SN2675-240) | Superi.ge,title-ს | Superi.ge აკლია
2392,https://superi.ge/nadzvis-khe-270-sm-23sn2675-270/,ნაძვის ხე 270 სმ (23SN2675-270),ნაძვის ხე 270 სმ (23SN2675-270) | Superi.ge,title-ს | Superi.ge აკლია
2393,https://superi.ge/datovlili-nadzvis-khe-180-sm-23sn2732-180/,დათოვლილი ნაძვის ხე 180 სმ (23SN2732-180),დათოვლილი ნაძვის ხე 180 სმ (23SN2732-180) | Superi.ge,title-ს | Superi.ge აკლია
2394,https://superi.ge/nadzvis-khe-210-sm-23sn2732-210/,დათოვლილი ნაძვის ხე 210 სმ (23SN2732-210),დათოვლილი ნაძვის ხე 210 სმ (23SN2732-210) | Superi.ge,title-ს | Superi.ge აკლია
2395,https://superi.ge/nadzvis-khe-270-sm-23sn2732-270/,დათოვლილი ნაძვის ხე 270 სმ (23SN2732-270),დათოვლილი ნაძვის ხე 270 სმ (23SN2732-270) | Superi.ge,title-ს | Superi.ge აკლია
2396,https://superi.ge/nadzvis-khe-300-sm-23sn2732-300/,დათოვლილი ნაძვის ხე 300 სმ (23SN2732-300),დათოვლილი ნაძვის ხე 300 სმ (23SN2732-300) | Superi.ge,title-ს | Superi.ge აკლია
2397,https://superi.ge/nadzvis-khe-210-sm-22sn1323-210/,ნაძვის ხე 210 სმ (22SN1323-210),ნაძვის ხე 210 სმ (22SN1323-210) | Superi.ge,title-ს | Superi.ge აკლია
2338,https://superi.ge/byintek-moon-k25-basic/,პროექტორი BYINTEK MOON K25 BASIC,პროექტორი BYINTEK MOON K25 BASIC | Superi.ge,title-ს | Superi.ge აკლია
2607,https://superi.ge/epson-v11ha86340-co-wx02/,პროექტორი EPSON V11HA86340 CO-WX02,პროექტორი EPSON V11HA86340 CO-WX02 | Superi.ge,title-ს | Superi.ge აკლია
10352,https://superi.ge/acer-l812-4k-uhd-laser-ultra-short-throw-4000lm-mr-juz11-001/,Acer L812 4K UHD Laser Projector 4000 Lumens Ultra Short Throw HDR10 MR.JUZ11.001,პროექტორი Acer L812 4K UHD Laser Ultra Short Throw 4000lm,title > 65
10353,https://superi.ge/acer-pl6510-fhd-laser-5500lm-120hz-mr-jr511-001/,პროექტორი Acer PL6510 Laser Projector FHD 5500 Lumens 120Hz 30000h MR.JR511.001,პროექტორი Acer PL6510 FHD Laser 5500lm 120Hz MR.JR511.001,title > 65
10354,https://superi.ge/acer-predator-gd711-4k-uhd-3d-mr-juw11-001-black/,პროექტორი ACER Predator GD711 4K UHD 3D Home Theatre Gaming Projector | 4000 Lumens | 240 Hz Gaming | Lamp-free LED,პროექტორი ACER Predator GD711 4K UHD 3D MR.JUW11.001 BLACK,title > 65
10355,https://superi.ge/acer-h6815bd-3840x2160-4k-dlp-3d-4000lm-10000-1-white-mr-jta11-001/,პროექტორი Acer H6815BD 3840x2160 4K DLP 3D 4000Lm 10000:1 White - MR.JTA11.001 | Superi.ge,პროექტორი Acer H6815BD 3840x2160 4K DLP 3D 4000Lm 10000:1 White,title > 65
14306,https://superi.ge/projector-viewsonic-m1-max-fhd-smart-google-tv-portable-led-projector/,ViewSonic M1 Max FHD Smart Google TV Portable LED პროექტორი | Superi.ge,ViewSonic M1 Max FHD Smart Google TV Portable LED პროექტორი,title > 65
14395,https://superi.ge/acer-mr-jyh11-001-p1558i-dlp-projector-fhd-1920x1080-5200lm-white/,"პროექტორი Acer MR.JYH11.001 P1558I, DLP Projector, FHD 1920x1080, 5200Lm, White | Superi.ge","პროექტორი Acer MR.JYH11.001 P1558I, DLP Projector, FHD",title > 65
2615,https://superi.ge/ninja-af300eu/,აეროგრილი NINJA AF300EU,აეროგრილი NINJA AF300EU | Superi.ge,title-ს | Superi.ge აკლია
2681,https://superi.ge/ninja-af400eu/,აეროგრილი Ninja AF400EU,აეროგრილი Ninja AF400EU | Superi.ge,title-ს | Superi.ge აკლია
2696,https://superi.ge/franko-faf-1217/,აეროგრილი FRANKO FAF-1217,აეროგრილი FRANKO FAF-1217 | Superi.ge,title-ს | Superi.ge აკლია
2809,https://superi.ge/ninja-af160eu/,აეროგრილი NINJA AF160EU,აეროგრილი NINJA AF160EU | Superi.ge,title-ს | Superi.ge აკლია
2810,https://superi.ge/ninja-af100eu/,აეროგრილი NINJA AF100EU,აეროგრილი NINJA AF100EU | Superi.ge,title-ს | Superi.ge აკლია
2873,https://superi.ge/ninja-ag651eu/,აეროგრილი NINJA - AG651EU,აეროგრილი NINJA - AG651EU | Superi.ge,title-ს | Superi.ge აკლია
2874,https://superi.ge/franko-faf-1218/,აეროგრილი FRANKO FAF-1218,აეროგრილი FRANKO FAF-1218 | Superi.ge,title-ს | Superi.ge აკლია
2878,https://superi.ge/xiaomi-deerma-dem-kz130w/,აეროგრილი XIAOMI DEERMA DEM-KZ130W,აეროგრილი XIAOMI DEERMA DEM-KZ130W | Superi.ge,title-ს | Superi.ge აკლია
2879,https://superi.ge/sencor-sfr-6550bk/,აეროგრილი SENCOR SFR 6550BK,აეროგრილი SENCOR SFR 6550BK | Superi.ge,title-ს | Superi.ge აკლია
2880,https://superi.ge/beko-frl-5388b-air-fryer/,აეროგრილი BEKO FRL 5388B AIR FRYER,აეროგრილი BEKO FRL 5388B AIR FRYER | Superi.ge,title-ს | Superi.ge აკლია
2909,https://superi.ge/franko-fig-9002/,აეროგრილი FRANKO FIG-9002,აეროგრილი FRANKO FIG-9002 | Superi.ge,title-ს | Superi.ge აკლია
2948,https://superi.ge/arzum-ar2076-s-7-5l/,აეროგრილი ARZUM AR2076-S (7.5L),აეროგრილი ARZUM AR2076-S (7.5L) | Superi.ge,title-ს | Superi.ge აკლია
2949,https://superi.ge/arzum-ar2062-g-4l/,აეროგრილი ARZUM AR2062-G (4L),აეროგრილი ARZUM AR2062-G (4L) | Superi.ge,title-ს | Superi.ge აკლია
2962,https://superi.ge/tefal-ey5018-4-2l/,აეროგრილი TEFAL EY5018 (4.2L),აეროგრილი TEFAL EY5018 (4.2L) | Superi.ge,title-ს | Superi.ge აკლია
3154,https://superi.ge/tefal-ey501d15-4-2/,აეროგრილი TEFAL EY501D15 (4.2ლ),აეროგრილი TEFAL EY501D15 (4.2ლ) | Superi.ge,title-ს | Superi.ge აკლია
12006,https://superi.ge/bosch-maf671b0-7-2/,Bosch MAF671B0 აეროგრილი 7.2L 1800W სენსორული მართვით შავი,აეროგრილი BOSCH MAF671B0 (7.2ლ) | Superi.ge,title-ს | Superi.ge აკლია
13485,https://superi.ge/ninja-double-stack-xl-air-fryer-9-5l-sl400eu/,აეროგრილი NINJA Double Stack XL Air Fryer 9.5L SL400EU | Superi.ge,აეროგრილი NINJA Double Stack XL Air Fryer 9.5L SL400EU,title > 65
3026,https://superi.ge/gorenje-h50w-20m/,"ჰაერის დამატენიანებელი GORENJE H50W, (20m²)","ჰაერის დამატენიანებელი GORENJE H50W, (20m²) | Superi.ge",title-ს | Superi.ge აკლია
14235,https://superi.ge/dreame-h40-evaporative-humidifier/,ჰაერის დამატენიანებელი DREAME H40 Evaporative Humidifier | Superi.ge,ჰაერის დამატენიანებელი DREAME H40 Evaporative Humidifier,title > 65
2132,https://superi.ge/13549-yellow/,სკამ-საქანელა მეტალის მოწნული 13549 YELLOW,სკამ-საქანელა მეტალის მოწნული 13549 YELLOW | Superi.ge,title-ს | Superi.ge აკლია
3233,https://superi.ge/yd23001-43x43x51/,ჟურნალის მაგიდა YD23001 43X43X51 სმ მწვანე,ჟურნალის მაგიდა YD23001 43X43X51 სმ მწვანე | Superi.ge,title-ს | Superi.ge აკლია
3234,https://superi.ge/nh23001-43x43x52/,ჟურნალის მაგიდა სათავსოთი NH23001 ნაცრისფერი,ჟურნალის მაგიდა სათავსოთი NH23001 43X43X52 სმ ნაცრისფერი,title-ს | Superi.ge აკლია
3784,https://superi.ge/aldridge-terry-fabric-dark-green-uk-green-53x54x75/,სამზარეულოს სკამი aldridge-terry,სკამი aldridge terry fabric dark green uk green 53x54x75 სმ,title-ს | Superi.ge აკლია
1601,https://superi.ge/midea-mh60p303gb/,გამწოვი MIDEA MH60P303GB|Superi.ge,გამწოვი MIDEA MH60P303GB | Superi.ge,title-ს | Superi.ge აკლია
1602,https://superi.ge/samsung-nk24m1030ib-ur/,გამწოვი SAMSUNG NK24M1030IB/UR,გამწოვი SAMSUNG NK24M1030IB/UR | Superi.ge,title-ს | Superi.ge აკლია
1603,https://superi.ge/bosch-dwk65aj90r/,გამწოვი BOSCH DWK65AJ90R|Superi.ge,გამწოვი BOSCH DWK65AJ90R | Superi.ge,title-ს | Superi.ge აკლია
1604,https://superi.ge/bosch-dft63ca60q/,გამწოვი BOSCH DFT63CA60Q|Superi.ge,გამწოვი BOSCH DFT63CA60Q | Superi.ge,title-ს | Superi.ge აკლია
1619,https://superi.ge/beko-ctb-6407-x/,გამწოვი BEKO CTB 6407 X|Superi.ge,გამწოვი BEKO CTB 6407 X | Superi.ge,title-ს | Superi.ge აკლია
1622,https://superi.ge/beko-cwb-6410-cr/,გამწოვი BEKO CWB 6410 CR|Superi.ge,გამწოვი BEKO CWB 6410 CR | Superi.ge,title-ს | Superi.ge აკლია
1625,https://superi.ge/bosch-dwf95aj60t/,გამწოვი BOSCH DWF95AJ60T|Superi.ge,გამწოვი BOSCH DWF95AJ60T | Superi.ge,title-ს | Superi.ge აკლია
1626,https://superi.ge/luxell-da6-865-w/,გამწოვი LUXELL DA6-865 W|Superi.ge,გამწოვი LUXELL DA6-865 W | Superi.ge,title-ს | Superi.ge აკლია
1628,https://superi.ge/electrolux-efc226r/,გამწოვი ELECTROLUX EFC226R,გამწოვი ELECTROLUX EFC226R | Superi.ge,title-ს | Superi.ge აკლია
1629,https://superi.ge/graetz-3420-pb-black/,გამწოვი GRAETZ 3420 PB BLACK|Superi.ge,გამწოვი GRAETZ 3420 PB BLACK | Superi.ge,title-ს | Superi.ge აკლია
1630,https://superi.ge/beko-adv-5160-ran/,გამწოვი BEKO ADV 5160 RAN|Superi.ge,გამწოვი BEKO ADV 5160 RAN | Superi.ge,title-ს | Superi.ge აკლია
1633,https://superi.ge/simfer-8502-black/,გამწოვი SIMFER 8502 BLACK|Superi.ge,გამწოვი SIMFER 8502 BLACK | Superi.ge,title-ს | Superi.ge აკლია
1653,https://superi.ge/beko-cwb-6441-bna/,გამწოვი BEKO CWB 6441 BNA,გამწოვი BEKO CWB 6441 BN | Superi.ge,title-ს | Superi.ge აკლია
1654,https://superi.ge/beko-ctb-6250-b/,გამწოვი BEKO CTB 6250 B|Superi.ge,გამწოვი BEKO CTB 6250 B | Superi.ge,title-ს | Superi.ge აკლია
1764,https://superi.ge/bosch-dft63ca50q/,გამწოვი BOSCH DFT63CA50Q|Superi.ge,გამწოვი BOSCH DFT63CA50Q | Superi.ge,title-ს | Superi.ge აკლია
1941,https://superi.ge/luxell-ds6-905x-inox-450/,გამწოვი LUXELL DS6-905X INOX (450 მ³/სთ),გამწოვი LUXELL DS6-905X INOX (450 მ³/სთ) | Superi.ge,title-ს | Superi.ge აკლია
2646,https://superi.ge/graetz-3461-60-black/,გამწოვი GRAETZ 3461.60 BLACK,გამწოვი GRAETZ 3461.60 BLACK | Superi.ge,title-ს | Superi.ge აკლია
2717,https://superi.ge/midea-mh60c785x/,გამწოვი MIDEA MH60C785X,გამწოვი MIDEA MH60C785X | Superi.ge,title-ს | Superi.ge აკლია
2741,https://superi.ge/midea-mh60p303x/,გამწოვი MIDEA MH60P303X,გამწოვი MIDEA MH60P303X | Superi.ge,title-ს | Superi.ge აკლია
2742,https://superi.ge/midea-mh60c355rb/,გამწოვი MIDEA MH60C355RB,გამწოვი MIDEA MH60C355RB | Superi.ge,title-ს | Superi.ge აკლია
2743,https://superi.ge/midea-60m77/,გამწოვი MIDEA 60M77,გამწოვი MIDEA 60M77 | Superi.ge,title-ს | Superi.ge აკლია
2744,https://superi.ge/midea-60j72/,გამწოვი MIDEA 60J72,გამწოვი MIDEA 60J72 | Superi.ge,title-ს | Superi.ge აკლია
2745,https://superi.ge/midea-mh60p303gw/,გამწოვი MIDEA MH60P303GW,გამწოვი MIDEA MH60P303GW | Superi.ge,title-ს | Superi.ge აკლია
2957,https://superi.ge/bosch-dwk65ad30r/,გამწოვი BOSCH DWK65AD30R,გამწოვი BOSCH DWK65AD30R | Superi.ge,title-ს | Superi.ge აკლია
3024,https://superi.ge/graetz-1490-60-inox/,გამწოვი GRAETZ 1490/60 INOX,გამწოვი GRAETZ 1490/60 INOX | Superi.ge,title-ს | Superi.ge აკლია
3144,https://superi.ge/gorenje-whi6syb/,გამწოვი GORENJE WHI6SYB,გამწოვი GORENJE WHI6SYB | Superi.ge,title-ს | Superi.ge აკლია
3155,https://superi.ge/bosch-dwk67cm60/,გამწოვი BOSCH DWK67CM60,გამწოვი BOSCH DWK67CM60 | Superi.ge,title-ს | Superi.ge აკლია
3198,https://superi.ge/bosch-dwk65aj80r/,გამწოვი BOSCH DWK65AJ80R,გამწოვი BOSCH DWK65AJ80R | Superi.ge,title-ს | Superi.ge აკლია
3222,https://superi.ge/bosch-dwf65aj60t-649/,გამწოვი BOSCH DWF65AJ60T (649 მ³/სთ) BLACK,გამწოვი BOSCH DWF65AJ60T (649 მ³/სთ) | Superi.ge,title-ს | Superi.ge აკლია
3225,https://superi.ge/bosch-dwk64pj60t/,გამწოვი BOSCH DWK64PJ60T | Superi.ge | ონლაინ მაღაზია,გამწოვი BOSCH DWK64PJ60T | Superi.ge,title-ს | Superi.ge აკლია
3241,https://superi.ge/bosch-dln53aa70/,გამწოვი BOSCH DLN53AA70 | Superi.ge | ონლაინ მაღაზია,გამწოვი BOSCH DLN53AA70 | Superi.ge,title-ს | Superi.ge აკლია
3252,https://superi.ge/bosch-dib97im50/,გამწოვი BOSCH DIB97IM50 | Superi.ge | ონლაინ მაღაზია,გამწოვი BOSCH DIB97IM50 | Superi.ge,title-ს | Superi.ge აკლია
3253,https://superi.ge/bosch-dwf97ru60/,გამწოვი BOSCH DWF97RU60 | Superi.ge | ონლაინ მაღაზია,გამწოვი BOSCH DWF97RU60 | Superi.ge,title-ს | Superi.ge აკლია
1731,https://superi.ge/tenda-ac8-ac1200-black/,როუტერი TENDA AC8 (AC1200) BLACK,როუტერი TENDA AC8 (AC1200) BLACK | Superi.ge,title-ს | Superi.ge აკლია
9760,https://superi.ge/tp-link-archer-be400-be6500-dual-band-wi-fi-7/,"როუტერი TP-Link Archer BE400, BE6500 Dual-Band Wi-Fi 7 | Superi.ge","როუტერი TP-Link Archer BE400, BE6500 Dual-Band Wi-Fi 7",title > 65
9763,https://superi.ge/tp-link-archer-nx500-5g-lte-wifi-router-ax3000-nano-sim/,"როუტერი TP-Link Archer NX500 5G LTE WiFi Router, AX3000 (NANO SIM) | Superi.ge","როუტერი TP-Link Archer NX500 5G LTE WiFi Router, AX3000 (NANO",title > 65
10252,https://superi.ge/5g-tp-link-deco-x50-ax3000-mesh-wi-fi-6-gateway/,5G როუტერი TP-Link Deco X50 AX3000 Mesh Wi-Fi 6 Gateway | Superi.ge,5G როუტერი TP-Link Deco X50 AX3000 Mesh Wi-Fi 6 Gateway,title > 65
13906,https://superi.ge/network-active-router-tp-link-tp-link-archer-ge400-be6500-dual-band-wi-fi-7-gaming-router/,როუტერი TP-Link ARCHER GE400 BE6500 Dual-Band Wi-Fi 7 Gaming Router | Superi.ge,როუტერი TP-Link ARCHER GE400 BE6500 Dual-Band Wi-Fi 7 Gaming,title > 65
14075,https://superi.ge/network-active-router-tp-link-tp-link-archer-ge550-be9300-tri-band-wi-fi-7-gaming-router/,როუტერიTP-link Archer GE550 BE9300 Tri-Band Wi-Fi 7 Gaming Router | Superi.ge,როუტერიTP-link Archer GE550 BE9300 Tri-Band Wi-Fi 7 Gaming Router,title > 65
14189,https://superi.ge/tp-link-deco-be85-2-pack-be19000-whole-home-mesh-wi-fi-7-system/,როუტერი TP-link Deco BE85(2-pack) BE19000 Whole Home Mesh Wi-Fi 7 System | Superi.ge,როუტერი TP-link Deco BE85(2-pack) BE19000 Whole Home Mesh,title > 65
14198,https://superi.ge/5g-tp-link-archer-nx600-5g-ax3600-wireless-dual-band-gigabit-wi-fi-6-router/,5G როუტერი TP-link Archer NX600 5G AX3600 Wireless Dual Band Gigabit Wi-Fi 6 Router | Superi.ge,5G როუტერი TP-link Archer NX600 5G AX3600 Wireless Dual Band,title > 65
14204,https://superi.ge/network-active-router-tp-link-tp-link-deco-xe75-3-pack-axe5400-whole-home-mesh-wi-fi-6e-system/,როუტერი TP-Link Deco XE75 AXE5400 Tri-Band Mesh Wi-Fi 6E System | Superi.ge,როუტერი TP-Link Deco XE75 AXE5400 Tri-Band Mesh Wi-Fi 6E System,title > 65
14206,https://superi.ge/network-active-router-tp-link-tp-link-deco-be65-2-pack-be9300-whole-home-mesh-wifi-7-system/,როუტერი TP-Link Deco BE65 BE93000 Whole Home Mesh Wi-Fi 7 System | Superi.ge,როუტერი TP-Link Deco BE65 BE93000 Whole Home Mesh Wi-Fi 7 System,title > 65
14207,https://superi.ge/network-active-router-tp-link-tp-link-deco-px50-3-pack-ax3000g1500-whole-home-powerline-mesh-wi/,როუტერი TP-Link Deco PX50 AX3000+G1500 Wi-Fi 6 DECO PX50(3-PACK) - White | Superi.ge,როუტერი TP-Link Deco PX50 AX3000+G1500 Wi-Fi 6 DECO PX50(3-PACK),title > 65
14209,https://superi.ge/network-active-router-tp-link-tp-link-deco-be25-3-pack-be3600-whole-home-mesh-wifi-7-system/,როუტერი TP-Link Deco BE25(3-pack) BE3600 Whole Home Mesh Wi-Fi 7 System | Superi.ge,როუტერი TP-Link Deco BE25(3-pack) BE3600 Whole Home Mesh,title > 65
14210,https://superi.ge/network-active-router-tp-link-tp-link-deco-px10-3-pack-ax1500-av1000-whole-home-powerline-mesh/,როუტერი TP-Link AX1500 + AV1000 Wi-Fi 6 DECO PX10(3-PACK) - White | Superi.ge,როუტერი TP-Link AX1500 + AV1000 Wi-Fi 6 DECO PX10(3-PACK) - White,title > 65
14213,https://superi.ge/network-active-router-tp-link-tp-link-archer-ax10-ax1500-gigabit-wi-fi-6-router/,როუტერი TP-Link ARCHER AX10 AX1500 Gigabit Wi-Fi 6 Router | Superi.ge,როუტერი TP-Link ARCHER AX10 AX1500 Gigabit Wi-Fi 6 Router,title > 65
14288,https://superi.ge/network-active-router-tp-link-tp-link-deco-x10-2-pack-ax1500-whole-home-mesh-wi-fi-6-system/,TP-Link Deco X10(2-pack) AX1500 Whole Home Mesh Wi-Fi 6 System როუტერი | Superi.ge,TP-Link Deco X10(2-pack) AX1500 Whole Home Mesh Wi-Fi 6,title > 65
14289,https://superi.ge/network-active-router-tp-link-tp-link-deco-x50-2-pack-ax3000-whole-home-mesh-wi-fi-6-system/,TP-Link Deco AX3000 Wi-Fi 6 DECO X50(2-PACK) - White როუტერი | Superi.ge,TP-Link Deco AX3000 Wi-Fi 6 DECO X50(2-PACK) | Superi.ge,title > 65
14356,https://superi.ge/tp-link-m7400-router-300-mbps-lte-advanced-mobile-wi-fi/,TP-Link M7400 4G როუტერი 300 Mbps LTE-Advanced Mobile Wi-Fi | Superi.ge,TP-Link M7400 4G როუტერი 300 Mbps LTE-Advanced Mobile Wi-Fi,title > 65
15793,https://superi.ge/mesh-wi-fi-tp-link-deco-x50-poe-3-pack-ax3000/,Mesh Wi-Fi სისტემა TP-Link Deco X50-PoE(3-pack) AX3000 | Superi.ge,Mesh Wi-Fi სისტემა TP-Link Deco X50-PoE(3-pack) AX3000,title > 65
2579,https://superi.ge/kugoo-m2-pro/,ელექტრო სკუტერი KUGOO M2 PRO,ელექტრო სკუტერი KUGOO M2 PRO | Superi.ge,title-ს | Superi.ge აკლია
2126,https://superi.ge/vileda-turbo-smart-4023103208476/,იატაკის საწმენდი VILEDA TURBO SMART (4023103208476),იატაკის საწმენდი VILEDA TURBO SMART (4023103208476) | Superi.ge,title-ს | Superi.ge აკლია
2904,https://superi.ge/kleaner-gst009/,იატაკის საწმენდი KLEANER GST009,იატაკის საწმენდი KLEANER GST009 | Superi.ge,title-ს | Superi.ge აკლია
3006,https://superi.ge/smeg-tsf01bleu-black/,ტოსტერი SMEG TSF01BLEU BLACK,ტოსტერი SMEG TSF01BLEU BLACK | Superi.ge,title-ს | Superi.ge აკლია
3007,https://superi.ge/smeg-tsf01pgeu-pastel-green/,ტოსტერი SMEG TSF01PGEU PASTEL GREEN,ტოსტერი SMEG TSF01PGEU PASTEL GREEN | Superi.ge,title-ს | Superi.ge აკლია
3009,https://superi.ge/smeg-tsf01wheu/,ტოსტერი SMEG TSF01WHEU,ტოსტერი SMEG TSF01WHEU | Superi.ge,title-ს | Superi.ge აკლია
3062,https://superi.ge/bosch-tat5p425/,ტოსტერი BOSCH TAT5P425,ტოსტერი BOSCH TAT5P425 | Superi.ge,title-ს | Superi.ge აკლია
3063,https://superi.ge/gorenje-t900rl/,ტოსტერი GORENJE T900RL,ტოსტერი GORENJE T900RL | Superi.ge,title-ს | Superi.ge აკლია
3075,https://superi.ge/bosch-tat3p421/,ტოსტერი BOSCH TAT3P421,ტოსტერი BOSCH TAT3P421 | Superi.ge,title-ს | Superi.ge აკლია
3012,https://superi.ge/bosch-wkd28543eu-7-4/,ჩასაშენებელი სარეცხის საშრობი BOSCH WKD28543EU (7/4 კგ),ჩასაშენებელი სარეცხის საშრობი მანქანა BOSCH WKD28543EU (7/4 კგ),title-ს | Superi.ge აკლია
3070,https://superi.ge/bosch-wqg1420ame-9/,სარეცხის საშრობი მანქანა BOSCH WQG1420AME (9კგ),სარეცხის საშრობი მანქანა BOSCH WQG1420AME (9კგ) | Superi.ge,title-ს | Superi.ge აკლია
5145,https://superi.ge/lg-rh10v9pv2w-bptpmea-10-1/,საშრობი მანქანა LG RH10V9PV2W.BPTPMEA,საშრობი მანქანა LG RH10V9PV2W.BPTPMEA (10.1 კგ) | Superi.ge,title-ს | Superi.ge აკლია
11985,https://superi.ge/midea-md210h100wb-w-10/,Midea MD210H100BW/W საშრობი თბური ტუმბოთი 10 კგ A+++,საშრობი Midea MD210H100WB/W 10კგ | Superi.ge,title-ს | Superi.ge აკლია
13113,https://superi.ge/lg-rh90y1mptnp-ambqme3-dryer-9kg-black/,საშრობი მანქანა LG RH90Y1MPTNP.AMBQME3 Dryer 9KG - Black | Superi.ge,საშრობი მანქანა LG RH90Y1MPTNP.AMBQME3 Dryer 9KG | Superi.ge,title > 65
1875,https://superi.ge/cycling-1/,ველოტრენაჟორი CYCLING 1|Superi.ge,ველოტრენაჟორი CYCLING 1 | Superi.ge,title-ს | Superi.ge აკლია
2867,https://superi.ge/xiaomi-lydsto-xd-dgdcs101-s1/,ველოტრენაჟორი XIAOMI LYDSTO XD-DGDCS101 S1,ველოტრენაჟორი XIAOMI LYDSTO XD-DGDCS101 S1 | Superi.ge,title-ს | Superi.ge აკლია
9826,https://superi.ge/kingsmith-walkingpad-exercise-bike-pb08s/,ველო ტრენაჟორი Kingsmith WalkingPad Exercise Bike PB08S | Superi.ge,ველო ტრენაჟორი Kingsmith WalkingPad Exercise Bike PB08S,title > 65
5092,https://superi.ge/bosch-hxc39ag50q/,გაზქურა BOSCH HXC39AG50Q - Superi.ge,გაზქურა BOSCH HXC39AG50Q | Superi.ge,title-ს | Superi.ge აკლია
11986,https://superi.ge/oz-oe-5040-black/,გაზის ქურა Oz OE 5040 BL ელექტრო ღუმელით 50x50x85 cm Mate Black,გაზქურა Oz OE 5040 BLACK | Superi.ge,title-ს | Superi.ge აკლია
8459,https://superi.ge/asus-prime-z790m-plus-4ddr5-lga1700-90mb1e70-m1eay0/,დედა დაფა Asus PRIME Z790M-PLUS 4DDR5 LGA1700 - 90MB1E70-M1EAY0 | Superi.ge,დედა დაფა Asus PRIME Z790M-PLUS 4DDR5 LGA1700 - 90MB1E70-M1EAY0,title > 65
8958,https://superi.ge/asus-rog-strix-b760-g-gaming-wifi-4ddr5-lga1700-90mb1eq0-m1eay0/,დედა დაფა: Asus ROG STRIX B760-G GAMING WIFI 4DDR5 LGA1700 - 90MB1EQ0-M1EAY0 | Superi.ge,დედა დაფა: Asus ROG STRIX B760-G GAMING WIFI 4DDR5 LGA1700 -,title > 65
8959,https://superi.ge/asus-tuf-gaming-b760m-plus-4ddr5-lga1700-90mb1es0-m1eay0/,დედა დაფა: Asus TUF GAMING B760M-PLUS 4DDR5 LGA1700 - 90MB1ES0-M1EAY0 | Superi.ge,დედა დაფა: Asus TUF GAMING B760M-PLUS 4DDR5 LGA1700 -,title > 65
8976,https://superi.ge/asus-tuf-gaming-b760m-plus-wifi-ii-4ddr5-lga1700-90mb1he0-m0eay0/,დედა დაფა: Asus TUF GAMING B760M-PLUS WIFI II 4DDR5 LGA1700 - 90MB1HE0-M0EAY0 | Superi.ge,დედა დაფა: Asus TUF GAMING B760M-PLUS WIFI II 4DDR5 LGA1700 -,title > 65
8978,https://superi.ge/gigabyte-z890-eagle-4ddr5-lga1851-9mz89eg-00-g10/,დედა დაფა: Gigabyte Z890 EAGLE 4DDR5 LGA1851 - 9MZ89EG-00-G10 | Superi.ge,დედა დაფა: Gigabyte Z890 EAGLE 4DDR5 LGA1851 - 9MZ89EG-00-G10,title > 65
8984,https://superi.ge/asus-tuf-gaming-z790-pro-wifi-4ddr5-lga1700-90mb1fj0-m0eay0/,დედა დაფა: Asus TUF GAMING Z790-PRO WIFI 4DDR5 LGA1700 - 90MB1FJ0-M0EAY0 | Superi.ge,დედა დაფა: Asus TUF GAMING Z790-PRO WIFI 4DDR5 LGA1700 -,title > 65
8985,https://superi.ge/asus-tuf-gaming-z890-plus-wifi-4ddr5-lga1851-90mb1iq0-m0eay0/,დედა დაფა: Asus TUF GAMING Z890-PLUS WIFI 4DDR5 LGA1851 - 90MB1IQ0-M0EAY0 | Superi.ge,დედა დაფა: Asus TUF GAMING Z890-PLUS WIFI 4DDR5 LGA1851 -,title > 65
8986,https://superi.ge/asus-tuf-gaming-b850m-e-wifi-4ddr5-am5-90mb1ls0-m0eay0/,დედა დაფა: Asus TUF GAMING B850M-E WIFI 4DDR5 AM5 - 90MB1LS0-M0EAY0 | Superi.ge,დედა დაფა: Asus TUF GAMING B850M-E WIFI 4DDR5 AM5 -,title > 65
8988,https://superi.ge/asus-rog-maximus-z890-hero-4ddr5-lga1851-90mb1id0-m0eay0/,დედა დაფა: Asus ROG MAXIMUS Z890 HERO 4DDR5 LGA1851 - 90MB1ID0-M0EAY0 | Superi.ge,დედა დაფა: Asus ROG MAXIMUS Z890 HERO 4DDR5 LGA1851 -,title > 65
16042,https://superi.ge/asus-prime-b860-plus-wifi-4ddr5-lga1851-90mb1k50-m0eay0/,დედა დაფა Asus PRIME B860-PLUS WIFI 4DDR5 LGA1851 - 90MB1K50-M0EAY0 | Superi.ge,დედა დაფა Asus PRIME B860-PLUS WIFI 4DDR5 LGA1851 -,title > 65
15446,https://superi.ge/asus-tuf-gaming-b860-plus-wifi-ddr5-lga1851-90mb1jl0-m0eay0/,დედა დაფა Asus TUF GAMING B860-PLUS WIFI DDR5 LGA1851 - 90MB1JL0-M0EAY0 | Superi.ge,დედა დაფა Asus TUF GAMING B860-PLUS WIFI DDR5 LGA1851 -,title > 65
15448,https://superi.ge/asus-prime-h810m-k-2ddr5-lga1851-90mb1n10-m0eay0/,დედა დაფა Asus PRIME H810M-K 2DDR5 LGA1851 - 90MB1N10-M0EAY0 | Superi.ge,დედა დაფა Asus PRIME H810M-K 2DDR5 LGA1851 - 90MB1N10-M0EAY0,title > 65
15449,https://superi.ge/asus-proart-b760-creator-wifi-4ddr5-lga1700-90mb1fy0-m1eay0/,დედა დაფა Asus ProArt B760-CREATOR WIFI 4DDR5 LGA1700 - 90MB1FY0-M1EAY0 | Superi.ge,დედა დაფა Asus ProArt B760-CREATOR WIFI 4DDR5 LGA1700 -,title > 65
15450,https://superi.ge/asus-prime-a620am-k-2ddr5-am5-90mb1gx0-m0eay0/,დედა დაფა Asus PRIME A620AM-K 2DDR5 AM5 - 90MB1GX0-M0EAY0 | Superi.ge,დედა დაფა Asus PRIME A620AM-K 2DDR5 AM5 - 90MB1GX0-M0EAY0,title > 65
15451,https://superi.ge/asus-prime-b850m-a-wifi-4ddr5-am5-90mb1ln0-m0eay0/,დედა დაფა Asus PRIME B850M-A WIFI 4DDR5 AM5 - 90MB1LN0-M0EAY0 | Superi.ge,დედა დაფა Asus PRIME B850M-A WIFI 4DDR5 AM5 - 90MB1LN0-M0EAY0,title > 65
15452,https://superi.ge/asus-rog-strix-b860-f-gaming-wifi-4ddr5-lga1851-90mb1jg0-m0eay0/,დედა დაფა Asus ROG STRIX B860-F GAMING WIFI 4DDR5 LGA1851 - 90MB1JG0-M0EAY0 | Superi.ge,დედა დაფა Asus ROG STRIX B860-F GAMING WIFI 4DDR5 LGA1851 -,title > 65
15453,https://superi.ge/asus-rog-strix-x870-f-gaming-wifi-4ddr5-am5-90mb1iv0-m0eay0/,დედა დაფა Asus ROG STRIX X870-F GAMING WIFI 4DDR5 AM5 - 90MB1IV0-M0EAY0 | Superi.ge,დედა დაფა Asus ROG STRIX X870-F GAMING WIFI 4DDR5 AM5 -,title > 65
15454,https://superi.ge/asus-tuf-gaming-b850-e-wifi-4ddr5-am5-90mb1l20-m0eay0/,დედა დაფა Asus TUF GAMING B850-E WIFI 4DDR5 AM5 - 90MB1L20-M0EAY0 | Superi.ge,დედა დაფა Asus TUF GAMING B850-E WIFI 4DDR5 AM5 - 90MB1L20-M0EAY0,title > 65
15455,https://superi.ge/asus-tuf-gaming-b850m-plus-wifi7-w-4ddr5-am5-90mb1md0-m0eay0/,დედა დაფა Asus TUF GAMING B850M-PLUS WIFI7 W 4DDR5 AM5 - 90MB1MD0-M0EAY0 | Superi.ge,დედა დაფა Asus TUF GAMING B850M-PLUS WIFI7 W 4DDR5 AM5 -,title > 65
15456,https://superi.ge/asus-tuf-gaming-x870e-plus-wifi7-4ddr5-am5-90mb1m70-m0eay0/,დედა დაფა Asus TUF GAMING X870E-PLUS WIFI7 4DDR5 AM5 - 90MB1M70-M0EAY0 | Superi.ge,დედა დაფა Asus TUF GAMING X870E-PLUS WIFI7 4DDR5 AM5 -,title > 65
15798,https://superi.ge/asus-prime-z790-p-wifi-4ddr5-lga1700-90mb1cj0-m1eay0/,დედა დაფა Asus PRIME Z790-P WIFI 4DDR5 LGA1700 - 90MB1CJ0-M1EAY0 | Superi.ge,დედა დაფა Asus PRIME Z790-P WIFI 4DDR5 LGA1700 - 90MB1CJ0-M1EAY0,title > 65
15799,https://superi.ge/asus-prime-b760m-a-wifi-4ddr5-lga1700-90mb1el0-m1eay0/,დედა დაფა Asus PRIME B760M-A WIFI 4DDR5 LGA1700 - 90MB1EL0-M1EAY0 | Superi.ge,დედა დაფა Asus PRIME B760M-A WIFI 4DDR5 LGA1700 - 90MB1EL0-M1EAY0,title > 65
15800,https://superi.ge/asus-prime-h610m-a-wifi-2ddr5-lga1700-90mb1g00-m0eay0/,დედა დაფა Asus PRIME H610M-A WIFI 2DDR5 LGA1700 - 90MB1G00-M0EAY0 | Superi.ge,დედა დაფა Asus PRIME H610M-A WIFI 2DDR5 LGA1700 - 90MB1G00-M0EAY0,title > 65
15801,https://superi.ge/asus-prime-h610m-k-argb-2ddr5-lga1700-90mb1g90-m0eay0/,დედა დაფა Asus PRIME H610M-K ARGB 2DDR5 LGA1700 - 90MB1G90-M0EAY0 | Superi.ge,დედა დაფა Asus PRIME H610M-K ARGB 2DDR5 LGA1700 - 90MB1G90-M0EAY0,title > 65
15802,https://superi.ge/asus-h610m-r-si-2ddr5-lga1700-90mb1gl0-m0ecy0/,დედა დაფა Asus H610M-R-SI 2DDR5 LGA1700 - 90MB1GL0-M0ECY0 | Superi.ge,დედა დაფა Asus H610M-R-SI 2DDR5 LGA1700 - 90MB1GL0-M0ECY0,title > 65
15803,https://superi.ge/asus-prime-z890-p-4ddr5-lga1851-90mb1i50-m0eay0/,დედა დაფა Asus PRIME Z890-P 4DDR5 LGA1851 - 90MB1I50-M0EAY0 | Superi.ge,დედა დაფა Asus PRIME Z890-P 4DDR5 LGA1851 - 90MB1I50-M0EAY0,title > 65
15804,https://superi.ge/asus-prime-z890m-plus-wifi-4ddr5-lga1851-90mb1j80-m0eay0/,დედა დაფა Asus PRIME Z890M-PLUS WIFI 4DDR5 LGA1851 - 90MB1J80-M0EAY0 | Superi.ge,დედა დაფა Asus PRIME Z890M-PLUS WIFI 4DDR5 LGA1851 -,title > 65
15805,https://superi.ge/asus-prime-b860m-k-2ddr5-lga1851-90mb1jt0-m0eay0/,დედა დაფა Asus PRIME B860M-K 2DDR5 LGA1851 - 90MB1JT0-M0EAY0 | Superi.ge,დედა დაფა Asus PRIME B860M-K 2DDR5 LGA1851 - 90MB1JT0-M0EAY0,title > 65
8994,https://superi.ge/amd-ryzen-9-9950x3d-4-3ghz-turbo-boost-5-7ghz-128mb-am5/,პროცესორი: AMD Ryzen 9 9950X3D 4.3GHz Turbo Boost 5.7GHz 128MB AM5 | Superi.ge,პროცესორი: AMD Ryzen 9 9950X3D 4.3GHz Turbo Boost 5.7GHz,title > 65
8995,https://superi.ge/intel-core-ultra-9-285k-3-2ghz-turbo-boost-5-7ghz-36mb-fclga1851/,პროცესორი: Intel Core Ultra 9 285K 3.2GHz Turbo Boost 5.7GHz 36MB FCLGA1851 | Superi.ge,პროცესორი: Intel Core Ultra 9 285K 3.2GHz Turbo Boost 5.7GHz,title > 65
8997,https://superi.ge/intel-core-ultra-7-265kf-3-3ghz-turbo-boost-5-5ghz-30mb-fclga1851/,პროცესორი: Intel Core Ultra 7 265KF 3.3GHz Turbo Boost 5.5GHz 30MB FCLGA1851 | Superi.ge,პროცესორი: Intel Core Ultra 7 265KF 3.3GHz Turbo Boost 5.5GHz,title > 65
8998,https://superi.ge/intel-core-i7-14700-2-1ghz-turbo-boost-5-4ghz-33mb-lga1700/,პროცესორი: Intel Core i7-14700 2.1GHz Turbo Boost 5.4GHz 33MB LGA1700 | Superi.ge,პროცესორი: Intel Core i7-14700 2.1GHz Turbo Boost 5.4GHz 33MB,title > 65
8999,https://superi.ge/intel-core-i7-14700kf-2-5ghz-turbo-boost-5-6ghz-33mb-lga1700/,პროცესორი: Intel Core i7-14700KF 2.5GHz Turbo Boost 5.6GHz 33MB LGA1700 | Superi.ge,პროცესორი: Intel Core i7-14700KF 2.5GHz Turbo Boost 5.6GHz,title > 65
9000,https://superi.ge/intel-core-ultra-7-265k-3-3ghz-turbo-boost-5-5ghz-30mb-fclga1851/,პროცესორი: Intel Core Ultra 7 265K 3.3GHz Turbo Boost 5.5GHz 30MB FCLGA1851 | Superi.ge,პროცესორი: Intel Core Ultra 7 265K 3.3GHz Turbo Boost 5.5GHz,title > 65
9001,https://superi.ge/amd-ryzen-7-9700x-3-8ghz-turbo-boost-5-5ghz-32mb-am5/,პროცესორი: AMD Ryzen 7 9700X 3.8GHz Turbo Boost 5.5GHz 32MB AM5 | Superi.ge,პროცესორი: AMD Ryzen 7 9700X 3.8GHz Turbo Boost 5.5GHz 32MB AM5,title > 65
9002,https://superi.ge/intel-core-i5-14600k-2-6ghz-turbo-boost-5-3ghz-24mb-lga1700/,პროცესორი: Intel Core i5-14600K 2.6GHz Turbo Boost 5.3GHz 24MB LGA1700 | Superi.ge,პროცესორი: Intel Core i5-14600K 2.6GHz Turbo Boost 5.3GHz,title > 65
9003,https://superi.ge/intel-core-i5-14400-2-5ghz-turbo-boost-4-7ghz-20mb-fclga1700/,პროცესორი: Intel Core i5-14400 2.5GHz Turbo Boost 4.7GHz 20MB FCLGA1700 | Superi.ge,პროცესორი: Intel Core i5-14400 2.5GHz Turbo Boost 4.7GHz 20MB,title > 65
9004,https://superi.ge/intel-core-i5-14400f-2-5ghz-turbo-boost-4-7ghz-20mb-lga1700/,პროცესორი: Intel Core i5-14400F 2.5GHz Turbo Boost 4.7GHz 20MB LGA1700 | Superi.ge,პროცესორი: Intel Core i5-14400F 2.5GHz Turbo Boost 4.7GHz,title > 65
9005,https://superi.ge/intel-core-i5-12400-2-5ghz-turbo-boost-4-4ghz-18mb-lga1700/,პროცესორი: Intel Core i5-12400 2.5GHz Turbo Boost 4.4GHz 18MB LGA1700 | Superi.ge,პროცესორი: Intel Core i5-12400 2.5GHz Turbo Boost 4.4GHz 18MB,title > 65
9006,https://superi.ge/intel-core-i3-14100-3-5ghz-turbo-boost-4-7ghz-12mb-fclga1700/,პროცესორი: Intel Core i3-14100 3.5GHz Turbo Boost 4.7GHz 12MB FCLGA1700 | Superi.ge,პროცესორი: Intel Core i3-14100 3.5GHz Turbo Boost 4.7GHz 12MB,title > 65
9007,https://superi.ge/intel-core-i5-12400f-2-5ghz-turbo-boost-4-4ghz-18mb-lga1700/,პროცესორი: Intel Core I5-12400F 2.5GHz Turbo Boost 4.4GHz 18MB LGA1700 | Superi.ge,პროცესორი: Intel Core I5-12400F 2.5GHz Turbo Boost 4.4GHz,title > 65
9008,https://superi.ge/intel-core-i3-12100-3-3ghz-turbo-boost-4-3ghz-12mb-lga1700/,პროცესორი: Intel Core I3-12100 3.3GHz Turbo Boost 4.3GHz 12MB LGA1700 | Superi.ge,პროცესორი: Intel Core I3-12100 3.3GHz Turbo Boost 4.3GHz 12MB,title > 65
9009,https://superi.ge/intel-core-i3-12100f-3-3ghz-turbo-boost-4-3ghz-12mb-lga1700/,პროცესორი: Intel Core I3-12100F 3.3GHz Turbo Boost 4.3GHz 12MB LGA1700 | Superi.ge,პროცესორი: Intel Core I3-12100F 3.3GHz Turbo Boost 4.3GHz,title > 65
9010,https://superi.ge/intel-pentium-gold-g7400-3-7ghz-6mb-lga1700/,პროცესორი: Intel Pentium Gold G7400 3.7GHz 6MB LGA1700 | Superi.ge,პროცესორი: Intel Pentium Gold G7400 3.7GHz 6MB LGA1700,title > 65
14640,https://superi.ge/intel-core-i7-12700k-3-6ghz-turbo-boost-5-0ghz-25mb-lga1700/,პროცესორი: Intel Core i7-12700K 3.6GHz Turbo Boost 5.0GHz 25MB LGA1700 | Superi.ge,პროცესორი: Intel Core i7-12700K 3.6GHz Turbo Boost 5.0GHz,title > 65
14641,https://superi.ge/intel-core-i7-12700kf-3-6ghz-turbo-boost-5-0ghz-25mb-lga1700/,პროცესორი: Intel Core i7-12700KF 3.6GHz Turbo Boost 5.0GHz 25MB LGA1700 | Superi.ge,პროცესორი: Intel Core i7-12700KF 3.6GHz Turbo Boost 5.0GHz,title > 65
14642,https://superi.ge/intel-core-i7-14700f-2-1ghz-turbo-boost-5-4ghz-33mb-lga1700/,პროცესორი: Intel Core i7-14700F 2.1GHz Turbo Boost 5.4GHz 33MB LGA1700 | Superi.ge,პროცესორი: Intel Core i7-14700F 2.1GHz Turbo Boost 5.4GHz,title > 65
14643,https://superi.ge/intel-core-i9-13900f-2-0ghz-turbo-boost-5-6ghz-36mb-lga1700/,პროცესორი: Intel Core i9-13900F 2.0GHz Turbo Boost 5.6GHz 36MB LGA1700 | Superi.ge,პროცესორი: Intel Core i9-13900F 2.0GHz Turbo Boost 5.6GHz,title > 65
14644,https://superi.ge/intel-core-ultra-5-225f-3-3ghz-turbo-boost-4-9ghz-22mb-fclga1851/,პროცესორი: Intel Core Ultra 5 225F 3.3GHz Turbo Boost 4.9GHz 22MB FCLGA1851 | Superi.ge,პროცესორი: Intel Core Ultra 5 225F 3.3GHz Turbo Boost 4.9GHz,title > 65
14645,https://superi.ge/intel-core-ultra-5-225-3-3ghz-turbo-boost-4-9ghz-fclga1851/,პროცესორი: Intel Core Ultra 5 225 3.3GHz Turbo Boost 4.9GHz FCLGA1851 | Superi.ge,პროცესორი: Intel Core Ultra 5 225 3.3GHz Turbo Boost 4.9GHz,title > 65
14646,https://superi.ge/intel-core-ultra-5-245kf-4-2ghz-turbo-boost-5-2ghz-24mb-fclga1851/,პროცესორი: Intel Core Ultra 5 245KF 4.2GHz Turbo Boost 5.2GHz 24MB FCLGA1851 | Superi.ge,პროცესორი: Intel Core Ultra 5 245KF 4.2GHz Turbo Boost 5.2GHz,title > 65
14647,https://superi.ge/intel-core-ultra-7-270k-plus-3-2ghz-turbo-boost-5-5ghz-40mb-fclga1851/,პროცესორი: Intel Core Ultra 7 270K Plus 3.2GHz Turbo Boost 5.5GHz 40MB FCLGA1851 | Superi.ge,პროცესორი: Intel Core Ultra 7 270K Plus 3.2GHz Turbo Boost,title > 65
15461,https://superi.ge/amd-ryzen-5-9600x-turbo-boost-5-4ghz-32mb-am5/,პროცესორი: AMD Ryzen 5 9600X Turbo Boost 5.4GHz 32MB AM5 | Superi.ge,პროცესორი: AMD Ryzen 5 9600X Turbo Boost 5.4GHz 32MB AM5,title > 65
15462,https://superi.ge/amd-ryzen-7-8700f-turbo-boost-5ghz-16mb-am5/,პროცესორი: AMD Ryzen 7 8700F Turbo Boost 5GHz 16MB AM5 | Superi.ge,პროცესორი: AMD Ryzen 7 8700F Turbo Boost 5GHz 16MB AM5,title > 65
15769,https://superi.ge/amd-ryzen-7-7800x3d-turbo-boost-5ghz-96mb-am5/,პროცესორი: AMD Ryzen 7 7800X3D Turbo Boost 5GHz 96MB AM5 | Superi.ge,პროცესორი: AMD Ryzen 7 7800X3D Turbo Boost 5GHz 96MB AM5,title > 65
10356,https://superi.ge/inno3d-geforce-rtx-5070-ti-x3-oc-16gb-graphic-card-n507t3-16d7x-176068n/,ვიდეო დაფა INNO3D GeForce RTX 5070 Ti X3 OC 16GB Graphic Card | N507T3-16D7X-176068N | | Superi.ge,ვიდეო დაფა INNO3D GeForce RTX 5070 Ti X3 OC 16GB Graphic Card,title > 65
14416,https://superi.ge/asus-prime-radeon-rx-9070-xt-16gb-gddr6-oc-edition/,ASUS Prime Radeon™ RX 9070 XT 16GB GDDR6 OC Edition გრაფიკული ბარათი | Superi.ge,ASUS Prime Radeon™ RX 9070 XT 16GB GDDR6 OC Edition გრაფიკული,title > 65
14417,https://superi.ge/asus-dual-geforce-rtx-5070-12gb-gddr7-oc/,ASUS Dual GeForce RTX™ 5070 12GB GDDR7 OC გრაფიკული ბარათი | Superi.ge,ASUS Dual GeForce RTX™ 5070 12GB GDDR7 OC გრაფიკული ბარათი,title > 65
14421,https://superi.ge/asus-dual-geforce-rtx-5060-ti-16gb-gddr7/,ASUS Dual GeForce RTX™ 5060 Ti 16GB GDDR7 გრაფიკული ბარათი | Superi.ge,ASUS Dual GeForce RTX™ 5060 Ti 16GB GDDR7 გრაფიკული ბარათი,title > 65
14422,https://superi.ge/asus-prime-radeon-rx-9070-16gb-gddr6-oc-edition/,ASUS Prime Radeon™ RX 9070 16GB GDDR6 OC Edition გრაფიკული ბარათი | Superi.ge,ASUS Prime Radeon™ RX 9070 16GB GDDR6 OC Edition გრაფიკული ბარათი,title > 65
14428,https://superi.ge/asus-dual-geforce-rtx-5060-ti-8gb-gddr7/,ASUS Dual GeForce RTX™ 5060 Ti 8GB GDDR7 გრაფიკული ბარათი | Superi.ge,ASUS Dual GeForce RTX™ 5060 Ti 8GB GDDR7 გრაფიკული ბარათი,title > 65
1943,https://superi.ge/toorx-516gawpp-ultra-compact-walkingpad-wp-p-candy-rose/,სარბენი ბილიკი TOORX 516GAWPP ULTRA COMPACT,სარბენი ბილიკი TOORX 516GAWPP ULTRA COMPACT WALKINGPAD WP-P,title-ს | Superi.ge აკლია
2512,https://superi.ge/fitnes/,სარბენი ბილიკი FITNES,სარბენი ბილიკი FITNES | Superi.ge,title-ს | Superi.ge აკლია
2619,https://superi.ge/sport-g-207/,სარბენი ბილიკი SPORT G-207,სარბენი ბილიკი SPORT G-207 | Superi.ge,title-ს | Superi.ge აკლია
3139,https://superi.ge/sport/,სარბენი ბილიკი SPORT,სარბენი ბილიკი SPORT | Superi.ge,title-ს | Superi.ge აკლია
3140,https://superi.ge/treadmill-fortis-3-ultra/,სარბენი ბილიკი TREADMILL FORTIS 3 ULTRA,სარბენი ბილიკი TREADMILL FORTIS 3 ULTRA | Superi.ge,title-ს | Superi.ge აკლია
9824,https://superi.ge/urevo-foldi-3s-smart-auto-inclined-running-treadmill/,სარბენი ბილიკი UREVO Foldi 3S Smart Auto-inclined Running Treadmill | Superi.ge,სარბენი ბილიკი UREVO Foldi 3S Smart Auto-inclined Running,title > 65
11873,https://superi.ge/xiaomi-kingsmith-walkingpad-r2-2-in-1-foldable-treadmill-trr2f/,Kingsmith WalkingPad R2 TRR2F 2-in-1 დასაკეცი სარბენი ბილიკი,სარბენი ბილიკი Kingsmith WalkingPad R2 2-in-1 Foldable,title-ს | Superi.ge აკლია
11874,https://superi.ge/king-smith-walkingpad-x21-trx21f/,Xiaomi KingSmith WalkingPad X21 TRX21F დასაკეცი სარბენი ბილიკი,სარბენი ბილიკი King Smith WalkingPad X21 TRX21F | Superi.ge,title-ს | Superi.ge აკლია
11875,https://superi.ge/kingsmith-walkingpad-z3-hybrid/,Kingsmith WalkingPad Z3 Hybrid დასაკეცი სარბენი ბილიკი,სარბენი ბილიკი Kingsmith WalkingPad Z3 Hybrid | Superi.ge,title-ს | Superi.ge აკლია
11876,https://superi.ge/kingsmith-r3-hybrid-foldable-treadmill-black/,King Smith WalkingPad R3 Hybrid დასაკეცი სარბენი ბილიკი,სარბენი ბილიკი KingSmith R3 Hybrid Foldable Treadmill Black,title-ს | Superi.ge აკლია
12001,https://superi.ge/propesionaluri-sarbeni-biliki-88475631/,პროფესიონალური კეცვადი სარბენი ბილიკი 20 კმ/სთ მასაჟორით და 15% აღმართით,პროფესიონალური სარბენი ბილიკი | Superi.ge,title > 65
12069,https://superi.ge/xiaomi-urevo-foldi-mini-running-treadmill/,სარბენი ბილიკი Xiaomi UREVO Foldi Mini Running Treadmill | Superi.ge,სარბენი ბილიკი Xiaomi UREVO Foldi Mini Running Treadmill,title > 65
12071,https://superi.ge/xiaomi-urevo-spacewalk-3s-auto-inclined-with-app/,სარბენი ბილიკი Xiaomi UREVO SpaceWalk 3S ( Auto-inclined with app) | Superi.ge,სარბენი ბილიკი Xiaomi UREVO SpaceWalk 3S ( Auto-inclined with,title > 65
12072,https://superi.ge/xiaomi-urevo-foldimix-5l-smart-treadmill/,სარბენი ბილიკი Xiaomi UREVO FoldiMix 5L Smart Treadmill | Superi.ge,სარბენი ბილიკი Xiaomi UREVO FoldiMix 5L Smart Treadmill,title > 65
14115,https://superi.ge/xiaomi-kingsmith-walkingpad-treadmil-g1trg1f-black/,Xiaomi Kingsmith WalkingPad Treadmill G1TRG1F Black სარბენი ბილიკი | Superi.ge,Xiaomi Kingsmith WalkingPad Treadmill G1TRG1F Black სარბენი,title > 65
12167,https://superi.ge/sencor-sdh-1210wh-dehumidifier/,ტენის ამომშრობი Sencor SDH 1210WH Dehumidifier (ნესტის გამწოვი) | Superi.ge,ტენის ამომშრობი Sencor SDH 1210WH Dehumidifier (ნესტის გამწოვი),title > 65
13412,https://superi.ge/delonghi-la-specialista-maestro-cold-brew-ec9885-m-mc-int-dl/,ყავის აპარატი De'Longhi La Specialista Maestro Cold Brew EC9885.M MC INT DL | Superi.ge,ყავის აპარატი De'Longhi La Specialista Maestro Cold Brew,title > 65
13490,https://superi.ge/delonghi-rivelia-mc-int1-dl-exam440-55-b-s11/,ყავის აპარატი DeLonghi Rivelia MC INT1 DL EXAM440.55.B S11 | Superi.ge,ყავის აპარატი DeLonghi Rivelia MC INT1 DL EXAM440.55.B S11,title > 65
13660,https://superi.ge/delonghi-rivelia-arctic-white-coffee-machine-exam440-55-w/,ყავის აპარატი DeLonghi Rivelia Arctic White Coffee Machine EXAM440.55.W | Superi.ge,ყავის აპარატი DeLonghi Rivelia Arctic White Coffee Machine,title > 65
13891,https://superi.ge/automatic-coffee-maker-delonghi-ecam630-75-tsm-primadonna-aromatic/,ყავის აპარატი DeLonghi PrimaDonna Aromatic (ECAM630.75.TSM) | Superi.ge,ყავის აპარატი DeLonghi PrimaDonna Aromatic (ECAM630.75.TSM),title > 65
14083,https://superi.ge/automatic-coffee-maker-delonghi-ecam630-55-ssm-primadonna-aromatic/,ყავის აპარატი DeLonghi PrimaDonna Aromatic (ECAM630.55.SSM) | Superi.ge,ყავის აპარატი DeLonghi PrimaDonna Aromatic (ECAM630.55.SSM),title > 65
14114,https://superi.ge/dreame-ecceluxe-master-fcm60-espresso-machine-gold/,Dreame Ecceluxe Master FCM60 Espresso Machine ყავის აპარატი | Superi.ge,Dreame Ecceluxe Master FCM60 Espresso Machine ყავის აპარატი,title > 65
14254,https://superi.ge/automatic-coffee-maker-delonghi-ecam630-75-tm-primadonna-aromatic/,DeLonghi ECAM630.75.TM PrimaDonna Aromatic ყავის აპარატი | Superi.ge,DeLonghi ECAM630.75.TM PrimaDonna Aromatic ყავის აპარატი,title > 65
13503,https://superi.ge/shark-speedstyle-5-in-1-hair-dryer-with-storage-bag-hd352eu/,თმის ფენი Shark SpeedStyle 5-in-1 Hair Dryer with Storage Bag HD352EU | Superi.ge,თმის ფენი Shark SpeedStyle 5-in-1 Hair Dryer with Storage Bag,title > 65
14248,https://superi.ge/hairdryer-dreame-hairdryer-pocket-ultra-rosy-white-ahd52/,თმის ფენი Hairdryer Dreame Hairdryer Pocket Ultra Rosy White (AHD52) | Superi.ge,თმის ფენი Hairdryer Dreame Hairdryer Pocket Ultra Rosy White,title > 65
14531,https://superi.ge/safewell-30sav-300x380x300-mm-11/,სეიფი ციფრული საკეტით Safewell 30SAV 300x380x300 mm 11კგ | Superi.ge,სეიფი ციფრული საკეტით Safewell 30SAV 300x380x300 mm 11კგ,title > 65
15210,https://superi.ge/logitech-mx-vertical/,"ვერტიკალური მაუსი Logitech MX Vertical, მუქი ნაცრისფერი | Superi.ge","ვერტიკალური მაუსი Logitech MX Vertical, მუქი ნაცრისფერი",title > 65
15225,https://superi.ge/bluetooth-logitech-mx-anywhere-3s/,"Bluetooth მაუსი Logitech MX Anywhere 3S, ღია ნაცრისფერი | Superi.ge","Bluetooth მაუსი Logitech MX Anywhere 3S, ღია ნაცრისფერი",title > 65
15227,https://superi.ge/bluetooth-logitech-pebble-mouse-2-m350s-silent/,"Bluetooth მაუსი Logitech Pebble Mouse 2 M350s Silent, თეთრი | Superi.ge","Bluetooth მაუსი Logitech Pebble Mouse 2 M350s Silent, თეთრი",title > 65
15368,https://superi.ge/genius-scorpion-k12/,"მექანიკური გეიმინგ კლავიატურა Genius Scorpion K12, შავი | Superi.ge","მექანიკური გეიმინგ კლავიატურა Genius Scorpion K12, შავი",title > 65
15377,https://superi.ge/genius-smart-km-200/,"სადენიანი კლავიატურა და მაუსი Genius Smart KM-200, შავი | Superi.ge","სადენიანი კლავიატურა და მაუსი Genius Smart KM-200, შავი",title > 65
15379,https://superi.ge/genius-slimstar-c126/,"სადენიანი კლავიატურა და მაუსი Genius SlimStar C126, შავი | Superi.ge","სადენიანი კლავიატურა და მაუსი Genius SlimStar C126, შავი",title > 65
15383,https://superi.ge/genius-slimstar-8230-ka/,"უსადენო კლავიატურა და მაუსი Genius SlimStar 8230, თეთრი | Superi.ge","უსადენო კლავიატურა და მაუსი Genius SlimStar 8230, თეთრი",title > 65
15384,https://superi.ge/genius-slimstar-8230/,"უსადენო კლავიატურა და მაუსი Genius SlimStar 8230, შავი | Superi.ge","უსადენო კლავიატურა და მაუსი Genius SlimStar 8230, შავი",title > 65
15387,https://superi.ge/genius-luxemate-q8100/,"უსადენო კლავიატურა და მაუსი Genius LuxeMate Q8100, შავი | Superi.ge","უსადენო კლავიატურა და მაუსი Genius LuxeMate Q8100, შავი",title > 65
15388,https://superi.ge/genius-slimstar-8250/,"უსადენო კლავიატურა და მაუსი Genius SlimStar 8250, შავი | Superi.ge","უსადენო კლავიატურა და მაუსი Genius SlimStar 8250, შავი",title > 65
15391,https://superi.ge/acer-predator-aethon-700/,"მექანიკური გეიმინგ კლავიატურა ACER Predator Aethon 700, შავი | Superi.ge","მექანიკური გეიმინგ კლავიატურა ACER Predator Aethon 700, შავი",title > 65
15395,https://superi.ge/logitech-g413-carbon/,"მექანიკური გეიმინგ კლავიატურა Logitech G413 CARBON, შავი | Superi.ge","მექანიკური გეიმინგ კლავიატურა Logitech G413 CARBON, შავი",title > 65
15397,https://superi.ge/logitech-g-pro-tkl/,"მექანიკური გეიმინგ კლავიატურა Logitech G PRO TKL, შავი | Superi.ge","მექანიკური გეიმინგ კლავიატურა Logitech G PRO TKL, შავი",title > 65
15401,https://superi.ge/logitech-k380s-pebble-keys-2/,"უსადენო კლავიატურა Logitech K380s Pebble Keys 2, ღია ვარდისფერი | Superi.ge","უსადენო კლავიატურა Logitech K380s Pebble Keys 2, ღია ვარდისფერი",title > 65
15402,https://superi.ge/logitech-pop-icon/,"უსადენო კლავიატურა და მაუსი Logitech POP Icon, ღია ვარდისფერი | Superi.ge","უსადენო კლავიატურა და მაუსი Logitech POP Icon, ღია ვარდისფერი",title > 65
15403,https://superi.ge/logitech-mk250-compact/,"უსადენო კლავიატურა და მაუსი Logitech MK250 Compact, მუქი ნაცრისფერი | Superi.ge","უსადენო კლავიატურა და მაუსი Logitech MK250 Compact, მუქი",title > 65
15404,https://superi.ge/razer-huntsman-elite/,"მექანიკური გეიმინგ კლავიატურა RAZER Huntsman Elite, შავი | Superi.ge","მექანიკური გეიმინგ კლავიატურა RAZER Huntsman Elite, შავი",title > 65
15406,https://superi.ge/razer-huntsman-mini-mercury/,"მექანიკური გეიმინგ კლავიატურა RAZER Huntsman Mini Mercury, შავი | Superi.ge","მექანიკური გეიმინგ კლავიატურა RAZER Huntsman Mini Mercury, შავი",title > 65
15407,https://superi.ge/razer-huntsman-mini-mercury-ed-rgb/,"გეიმინგ კლავიატურა RAZER Huntsman Mini Mercury Ed. RGB, თეთრი | Superi.ge","გეიმინგ კლავიატურა RAZER Huntsman Mini Mercury Ed. RGB, თეთრი",title > 65
15408,https://superi.ge/razer-huntsman-mini-mercury-ed/,"მექანიკური გეიმინგ კლავიატურა RAZER Huntsman Mini Mercury Ed., თეთრი | Superi.ge",მექანიკური გეიმინგ კლავიატურა RAZER Huntsman Mini Mercury,title > 65
15410,https://superi.ge/razer-blackwidow-v3-mini-hyperspeed/,"მექანიკური გეიმინგ კლავიატურა RAZER BlackWidow V3 Mini HyperSpeed, შავი | Superi.ge",მექანიკური გეიმინგ კლავიატურა RAZER BlackWidow V3 Mini,title > 65
15411,https://superi.ge/razer-huntsman-v2-tkl-rgb/,"მექანიკური გეიმინგ კლავიატურა RAZER Huntsman V2 TKL RGB, შავი | Superi.ge","მექანიკური გეიმინგ კლავიატურა RAZER Huntsman V2 TKL RGB, შავი",title > 65
15412,https://superi.ge/razer-pro-type-ultra/,"მექანიკური გეიმინგ კლავიატურა RAZER PRO TYPE ULTRA, თეთრი | Superi.ge","მექანიკური გეიმინგ კლავიატურა RAZER PRO TYPE ULTRA, თეთრი",title > 65
15413,https://superi.ge/razer-deathstalker-v2-pro-rgb/,"გეიმინგ კლავიატურა RAZER DeathStalker V2 Pro RGB, შავი | Superi.ge","გეიმინგ კლავიატურა RAZER DeathStalker V2 Pro RGB, შავი",title > 65
15414,https://superi.ge/razer-deathstalker-v2-pro-tkl-rgb/,"მექანიკური გეიმინგ კლავიატურა RAZER DeathStalker V2 Pro TKL RGB, შავი | Superi.ge",მექანიკური გეიმინგ კლავიატურა RAZER DeathStalker V2 Pro TKL,title > 65
15416,https://superi.ge/razer-deathstalker-v2/,"მექანიკური გეიმინგ კლავიატურა RAZER DeathStalker V2, შავი | Superi.ge","მექანიკური გეიმინგ კლავიატურა RAZER DeathStalker V2, შავი",title > 65
15417,https://superi.ge/razer-blackwidow-v4-pro/,"მექანიკური გეიმინგ კლავიატურა RAZER BlackWidow V4 Pro, შავი | Superi.ge","მექანიკური გეიმინგ კლავიატურა RAZER BlackWidow V4 Pro, შავი",title > 65
15418,https://superi.ge/razer-blackwidow-v4/,"მექანიკური გეიმინგ კლავიატურა RAZER BlackWidow V4, შავი | Superi.ge","მექანიკური გეიმინგ კლავიატურა RAZER BlackWidow V4, შავი",title > 65
15419,https://superi.ge/razer-blackwidow-v4-x/,"მექანიკური გეიმინგ კლავიატურა RAZER BlackWidow V4 X, შავი | Superi.ge","მექანიკური გეიმინგ კლავიატურა RAZER BlackWidow V4 X, შავი",title > 65
15422,https://superi.ge/razer-huntsman-v3-pro-tkl-rgb/,"გეიმინგ კლავიატურა RAZER Huntsman V3 Pro TKL RGB, შავი | Superi.ge","გეიმინგ კლავიატურა RAZER Huntsman V3 Pro TKL RGB, შავი",title > 65
15423,https://superi.ge/razer-huntsman-v3-pro-mini-rgb/,"მექანიკური გეიმინგ კლავიატურა RAZER Huntsman V3 Pro Mini RGB, შავი | Superi.ge","მექანიკური გეიმინგ კლავიატურა RAZER Huntsman V3 Pro Mini RGB,",title > 65
